max_drawdown_log,drawdown_percentage,win_rate,average_win,average_loss,expected_value_per_trade,total_log_return,compounded_return,equity_multiplier,equity_trough,equity_peak,return_std,annualized_sharpe_stocks,annualized_sharpe_crypto,pearson_ic,spearman_ic,seed,model,lag
-0.38782629591878504,-0.3214698035076273,0.5054773082942097,0.01799006787930656,-0.01651785431928331,0.0009251173084859031,0.5911499601224932,0.8060641233989734,1.8060641233989734,-0.19032927899570495,0.9457423033618397,0.023917777308076125,0.614011151693929,0.7389625354510035,0.09602944157114357,-0.04446370169321782,583418,MLP,1
-0.41112961067119613,-0.337098993011978,0.4507042253521127,0.017933030375432837,-0.013391572686753941,0.0007265582708513687,0.46427073507402383,0.5908536120129291,1.590853612012929,-0.09708253317512572,0.8544657949259999,0.02239153215491649,0.5150944967152026,0.6199163227564036,0.040828252823131676,0.04905491596391305,556138,MLP,1
-0.38782629591878504,-0.3214698035076273,0.5039123630672926,0.018031645929791323,-0.016528547401442203,0.0008867612881621693,0.5666404631356272,0.7623364606854717,1.7623364606854717,-0.20613062306256325,0.9212328063749737,0.023932534644569306,0.58819089802227,0.7078878553469715,0.0859314946581212,0.04288505931796457,148777,MLP,1
-0.38782629591878504,-0.3214698035076273,0.5023474178403756,0.017600055561169343,-0.017050658141109714,0.00035603841355629287,0.2275085462624702,0.25546816926877725,1.2554681692687772,-0.2561965435179445,0.5821008895018167,0.023955431081769032,0.23593541595821432,0.2839483170593579,-0.0013022799502952162,-0.03800278442553626,74217,MLP,1
-0.41112961067119613,-0.337098993011978,0.4647887323943662,0.018005964655439854,-0.014279534285804254,0.0007264018418162484,0.4641707769205823,0.5906946011708238,1.5906946011708238,-0.20567110256706655,0.8543658367725584,0.022852240897959317,0.5046013563203846,0.6072878263364181,0.032250377064271564,0.014253193060434446,657743,MLP,1
-0.33397687491378747,-0.2839296587758813,0.24256651017214398,0.018221112791880226,-0.005638979528818957,0.00014867979779821603,0.09500639079305984,0.09966588284073885,1.0996658828407389,-0.21621168236197263,0.3127782552601275,0.01678896399069256,0.14058155232384467,0.1691899244114223,0.028650324709577152,-0.034701679250003684,39718,MLP,1
-0.431844770340831,-0.3506898389424209,0.26134585289514867,0.01698917971581629,-0.0061666142874100376,-0.0001149435541724841,-0.07344893111621786,-0.070816403051005,0.929183596948995,-0.2877493692376447,0.1440954011031863,0.016465652454391584,-0.1108168874544039,-0.1333681446960347,0.00557079991032933,-0.008341197918966252,744470,MLP,1
-0.42769459892952,-0.3479894908971781,0.38497652582159625,0.018441303193985806,-0.01147167737464918,4.4117961632833894e-05,0.028191377483381075,0.0285925150333024,1.0285925150333024,-0.3236959586520243,0.3834923896702094,0.022280963435408044,0.031432704021965,0.03782926514619828,-0.0032415610977240585,-0.010583666799512685,172776,MLP,1
-0.3356368889508303,-0.2851173595211287,0.20657276995305165,0.018290829552838797,-0.005223321332205895,-0.0003659380507882123,-0.2338344144536677,-0.2085071351761798,0.7914928648238202,-0.2989068092447269,0.04812260580183647,0.016587518821242913,-0.35020828180816027,-0.42147573239825986,-0.018597291464065076,-0.04477518409879298,245023,MLP,1
-0.2750323867367115,-0.24045247643904621,0.2378716744913928,0.018773390530860093,-0.005389443504981681,0.0003582102875816203,0.22889637376465544,0.2572117521384816,1.2572117521384816,-0.16004753817287565,0.3553680809545767,0.017064121127887157,0.3332379080890558,0.4010518844658176,0.04067325575695908,-0.015738277628151352,554567,MLP,1
-0.24044664946450212,-0.21372340739357987,0.20031298904538342,0.01957852897247392,-0.00464824798989425,0.00020469011837355227,0.13079698564069986,0.13973637497344393,1.139736374973444,-0.15579079461349465,0.3097638908056979,0.01611983388863959,0.2015749614257953,0.2425955036284022,0.016443756874798234,-0.01622591542383677,368312,MLP,1
-0.38782629591878504,-0.3214698035076273,0.5023474178403756,0.017600055561169343,-0.017050658141109714,0.00035603841355629287,0.2275085462624702,0.25546816926877725,1.2554681692687772,-0.2561965435179445,0.5821008895018167,0.023955431081769032,0.23593541595821432,0.2839483170593579,,,931208,MLP,1
-0.29534900197177194,-0.25572821018857894,0.27699530516431925,0.018216894390176187,-0.006393112227354941,0.00042374406576401076,0.2707724580232025,0.3109767342062364,1.3109767342062364,-0.15552208404005796,0.33852126117380976,0.017893384804342705,0.37593382017209287,0.45243642261179823,0.03937557598589893,-0.013438921144421388,130952,MLP,1
-0.43835102435150475,-0.35490070245388683,0.38028169014084506,0.01748151594774342,-0.009848680540421305,0.0005444927719793647,0.34793088129481475,0.4161343649835527,1.4161343649835527,-0.3536951695004973,0.5104432405914849,0.020028438954505037,0.4315640780398101,0.5193874483192487,0.03747795066347402,-0.014944505400319443,64113,MLP,1
-0.38782629591878504,-0.3214698035076273,0.49921752738654146,0.01797979170234988,-0.016373592269553684,0.0007762191342604585,0.49600402679243416,0.6421461703871663,1.6421461703871663,-0.24041520356149704,0.8505963700317807,0.023873664780271715,0.5161376297383838,0.621171733544133,0.06010348838455794,0.013241484480270183,15792,MLP,1
-0.5401559306774288,-0.4173426088715616,0.405320813771518,0.017660248285354375,-0.011490421825912658,0.00032495150557116433,0.20764401205997274,0.2307749505138792,1.2307749505138792,-0.42780275031873316,0.314928201465591,0.021472149736552332,0.24023888127990428,0.2891275383757269,-0.0029834098151127896,-0.042465680971934004,286049,MLP,1
-0.3754668076890084,-0.3130314782571876,0.24882629107981222,0.018330326695357134,-0.005943230170548001,9.666895571008426e-05,0.06177146269874356,0.06371921742801767,1.0637192174280177,-0.3006565831037733,0.28083497320585593,0.017155208558344733,0.08945225542645743,0.10765580607027168,0.013181574780440212,-0.02438246905676483,281015,MLP,1
-0.31314058747557283,-0.26885288478415936,0.18153364632237873,0.018850957730905817,-0.004177891937895619,2.6191130918090666e-06,0.001673613265666063,0.0016750145379678116,1.0016750145379678,-0.3050168441277492,0.13376038375827193,0.015539608083398163,0.0026755585569304555,0.0032200352217096498,-0.003167943603831486,-0.015817015467938247,140200,MLP,1
-0.4827892793709907,-0.38294016308823053,0.38810641627543035,0.017397705808515376,-0.010455833068229895,0.00035430408581208894,0.22640031083392387,0.25407758565352045,1.2540775856535205,-0.46112432837435335,0.41339226252421213,0.020464074202023463,0.2748427777280596,0.33077333419762334,0.07920819070438367,0.007541075366633223,342820,MLP,1
-0.23458506993483752,-0.2091010506926092,0.17214397496087636,0.018007510414198888,-0.0038649324383384183,-9.972318359803686e-05,-0.06372311431914568,-0.06173524435661615,0.9382647556433839,-0.1888624633429572,0.11862845916766673,0.014355144676394083,-0.11027798731220442,-0.1327195782745031,0.03473696526320905,-0.06030973589709626,433908,MLP,1
-0.4506958955025766,-0.3628154165847959,0.3270735524256651,0.01877163222198895,-0.008080119025408897,0.0007023786439278017,0.44881995346986514,0.5664625956531786,1.5664625956531786,-0.257230148623421,0.5496234671609272,0.019959702567409757,0.5586213156512717,0.6723008574548024,0.014107430715422356,-0.012830634538684561,715797,MLP,1
-0.21664744298323058,-0.19478619695546373,0.16901408450704225,0.0188473760901144,-0.003869709167774177,-3.0201800243713408e-05,-0.019298950355732813,-0.0191139178362979,0.9808860821637021,-0.14166146086063236,0.1759063700446859,0.014384594804458707,-0.033330011867924496,-0.040112675492269975,0.03093805382332475,-0.03966860199861657,39533,MLP,1
-0.38782629591878504,-0.3214698035076273,0.5023474178403756,0.017600055561169343,-0.017050658141109714,0.00035603841355629287,0.2275085462624702,0.25546816926877725,1.2554681692687772,-0.2561965435179445,0.5821008895018167,0.023955431081769032,0.23593541595821432,0.2839483170593579,0.01623498934412327,0.001768506282899642,249469,MLP,1
-0.48211760487538413,-0.3825255605101122,0.3114241001564945,0.01867925728776809,-0.008621894842268706,-0.00011965810693643272,-0.07646153033238079,-0.07361144853699642,0.9263885514630036,-0.21376757748839736,0.36682551490048354,0.020459238581499718,-0.09284380512367063,-0.11173753676269736,-0.007666202187545301,-0.028549503657262276,214814,MLP,1
-0.31835956720169634,-0.27265878665425525,0.40219092331768386,0.018643098375478888,-0.010400891587007056,0.001280337552834708,0.818135696261379,1.2662708794527924,2.2662708794527924,-0.3027660197712976,1.0371015217697277,0.021890875844704952,0.9284566181038468,1.117397712855036,0.10708576510385678,0.04895217937055678,45994,MLP,1
-0.43348742712987587,-0.35175555714242224,0.3333333333333333,0.018264270494039243,-0.008786752198655006,0.0002302553655764098,0.1471331786033261,0.15850824126586072,1.1585082412658607,-0.32442450896087394,0.2368033285911224,0.019634711159221475,0.18615963242239958,0.2240431523010129,-0.012969012992511448,-0.03461498484112618,481556,MLP,1
-0.41959176372620277,-0.3426848950813821,0.24569640062597808,0.017526829150118578,-0.005892061494354592,-0.0001381243563541414,-0.08826146371029608,-0.0844785302137695,0.9155214697862305,-0.1866643938137713,0.27760773096633784,0.01698406301283274,-0.12910080349011993,-0.15537284105122565,-0.01821325998848448,-0.03843950282980896,655870,MLP,1
-0.45448656743974425,-0.3652262021685613,0.4241001564945227,0.017949197862438895,-0.01243714254212097,0.0004497091787487072,0.2873641652204242,0.33290952439439025,1.3329095243943903,-0.3442972534994624,0.3390548664119706,0.02220800108166295,0.3214567519778988,0.3868732608912667,0.029043917578096497,0.03601529500934552,17708,MLP,1
-0.38782629591878504,-0.3214698035076273,0.49921752738654146,0.01797979170234988,-0.016362630864057336,0.0007817084140082399,0.4995116765512648,0.6479163579880876,1.6479163579880876,-0.24041520356149704,0.8541040197906113,0.02387308149540419,0.5198003604932208,0.6255798306899286,0.09862505004058997,0.034896762407679596,594576,MLP,1
-0.36989339569117874,-0.3091920301816914,0.3114241001564945,0.017189760345438537,-0.007676776250445982,6.726253293589529e-05,0.04298075854603667,0.043917808160917504,1.0439178081609175,-0.2852375408401713,0.20073767872236203,0.018285971113266058,0.058392283439045005,0.07027512399709562,0.014879926425240752,-0.016574363172578918,408144,MLP,1
-0.35132084460929036,-0.29624207930621804,0.41001564945226915,0.017450330322674724,-0.01135712703683564,0.00045438130149255164,0.2903496516537416,0.33689485380961415,1.3368948538096141,-0.13221477024671913,0.6075862095185585,0.021026708144443483,0.34304368973652444,0.4128531445053166,0.05313048873886907,0.04955185887308583,414029,MLP,1
-0.38782629591878504,-0.3214698035076273,0.5023474178403756,0.017600055561169343,-0.017050658141109714,0.00035603841355629287,0.2275085462624702,0.25546816926877725,1.2554681692687772,-0.2561965435179445,0.5821008895018167,0.023955431081769032,0.23593541595821432,0.2839483170593579,0.009860295006534335,0.005426203818192798,250928,MLP,1
-0.3624530229717493,-0.30403299262752337,0.2676056338028169,0.017260246240341226,-0.006280235221754246,1.9330239933273465e-05,0.012352023317362182,0.012428624626183105,1.012428624626183,-0.27779716812074184,0.2058200294704875,0.016585680943638742,0.01850138362860527,0.02226641864374631,-0.0036690260435394578,-0.04590641963223858,723037,MLP,1
-0.35003550810688466,-0.29533693197705746,0.3114241001564945,0.017615696180490973,-0.007666021370426858,0.00020731476827838286,0.1324741369298863,0.1416494891465745,1.1416494891465745,-0.27522528352164954,0.3506159537773783,0.01832608796530097,0.17958114825623403,0.21612594538149232,0.039962860514164894,-0.028006024580248704,62206,MLP,1
-0.38782629591878504,-0.3214698035076273,0.5101721439749609,0.017882064496101788,-0.016748160058399568,0.0009192158489047253,0.5873789274501178,0.7992662221909108,1.7992662221909108,-0.18683614925430447,0.9419712706894643,0.023940412657091875,0.6095174478967699,0.7335543620939671,0.08468969556892152,0.030898983512848695,854657,MLP,1
-0.3869763867405709,-0.3208928693298353,0.23161189358372458,0.017813877596443095,-0.005834532562119776,-0.000357279505050441,-0.22830160372723185,-0.2041158180026471,0.7958841819973529,-0.27984880068288476,0.11396820927438966,0.016991446279137703,-0.33379361710874345,-0.4017206803745376,-0.02073834161026389,-0.04867692517217469,791430,MLP,1
-0.38782629591878504,-0.3214698035076273,0.5023474178403756,0.017600055561169343,-0.017025374446491,0.0003686209094698311,0.2355487611512217,0.2656030920164103,1.2656030920164103,-0.25540531025217206,0.5901411043905682,0.02395312550504649,0.24429695097038265,0.29401142600421676,0.03154799641565029,0.0068083979125126304,774566,MLP,1
-0.40269180486211553,-0.3314818983940184,0.48043818466353677,0.018042303311053567,-0.015077776953236376,0.0008343742848497173,0.533165168018968,0.7043182340111052,1.7043182340111052,-0.2373445194116357,0.9121950669523358,0.023315974563027832,0.5680775260992683,0.6836814084906134,0.08389095475312235,0.049027748131283716,721176,MLP,1
-0.3887055888772011,-0.32206616810345723,0.4647887323943662,0.018171695131919595,-0.01384612742242087,0.0010353957366387818,0.6616178757121816,0.9379251214746889,1.9379251214746889,-0.09708253317512572,1.0282546728285524,0.022806076146726764,0.7207025733120469,0.8673656812445134,0.06929320697464122,0.053989267373354924,630381,MLP,1
-0.3489046598842833,-0.2945396142613588,0.3161189358372457,0.01865375041220567,-0.008206706299956406,0.00028439269199467213,0.1817269301845954,0.19928666017520813,1.1992866601752081,-0.24283397357976355,0.2713970801723917,0.019665209440558034,0.22957263892148222,0.2762907137102957,-0.009633431059494673,-0.0319543130973671,992932,MLP,1
-0.38782629591878504,-0.3214698035076273,0.5023474178403756,0.017600055561169343,-0.017050658141109714,0.00035603841355629287,0.2275085462624702,0.25546816926877725,1.2554681692687772,-0.2561965435179445,0.5821008895018167,0.023955431081769032,0.23593541595821432,0.2839483170593579,0.0013898977255151308,-0.023550196643790103,735474,MLP,1
-0.3099870932055637,-0.2665435772655258,0.37089201877934275,0.017045599437244572,-0.0090196757039156,0.0006477268132283141,0.4138974336528918,0.5127019666124406,1.5127019666124406,-0.1639061556197703,0.5340366055461345,0.01924687495846243,0.5342344881469749,0.6429513060102311,0.05521205540969071,-0.02139268572346306,109195,MLP,1
-0.3400023652939126,-0.2882313607814109,0.25821596244131456,0.01884839067606663,-0.005993528729491329,0.0004210513987043876,0.2690518437721039,0.3087229884240785,1.3087229884240785,-0.16337553499215574,0.3277431626465841,0.01767565605888603,0.3781462888064096,0.4550991290253708,0.008055682170219177,-0.01744298365870697,451955,MLP,1
-0.4018125119036995,-0.3308938166245131,0.49608763693270735,0.017784526655953353,-0.01615719492217988,0.0006808735289441179,0.43507818499529094,0.5450838566030476,1.5450838566030476,-0.20962375280396373,0.8132287909702427,0.023544743505705477,0.459063492818228,0.552482999128085,0.0712676914460702,-0.05553774691395047,818174,MLP,1
-0.42275300636538304,-0.34475954665218,0.3536776212832551,0.018220041647308574,-0.009004272316251578,0.0006243582874488826,0.3989649456798361,0.4902813768912391,1.490281376891239,-0.3001620529412321,0.4997684593708982,0.02028367836118747,0.48863822276519764,0.5880761921288946,-2.1524796635669506e-05,-0.008402182951418017,493384,MLP,1
-0.5984736934260582,-0.45035006951356815,0.3474178403755869,0.018525928028629842,-0.010177356059261965,-0.00020532308975964707,-0.13120145435641462,-0.12295892715188639,0.8770410728481136,-0.5580211848809995,0.04045250854505866,0.021323305468940876,-0.15285636686526383,-0.1839626659987599,0.015096274893769225,-0.008952106053247384,849954,MLP,1
-0.47844729662938335,-0.3802550748408602,0.3646322378716745,0.01840591557503833,-0.009895758197546518,0.0004239444456651713,0.27090050078004424,0.31114460602859584,1.3111446060285958,-0.4036370720441482,0.281373600317238,0.021130654912062934,0.3184903385924466,0.3833031818292463,0.015699383005790296,-0.006373776053755455,399039,MLP,1
-0.33404410374350846,-0.2839777977287389,0.3646322378716745,0.017088900252593613,-0.008994060829083958,0.000516627640447926,0.33012506224622484,0.39114209694057056,1.3911420969405706,-0.25923387915827334,0.4628492096235277,0.019127628729488526,0.4287624806121557,0.5160157252931423,0.06981679891311585,-0.045246110939408654,34582,MLP,1
-0.5772620002826443,-0.43856653126955625,0.3145539906103286,0.018206818806771226,-0.00839953119154237,-3.0397623997718663e-05,-0.019424081734541687,-0.01923664978524442,0.9807633502147556,-0.49790071642382827,0.07936128385881602,0.019653215865245734,-0.024553097293588504,-0.02954965716695913,-0.009898953499349375,-0.039131280630491413,365448,MLP,1
-0.38782629591878504,-0.3214698035076273,0.5023474178403756,0.017600055561169343,-0.017050658141109714,0.00035603841355629287,0.2275085462624702,0.25546816926877725,1.2554681692687772,-0.2561965435179445,0.5821008895018167,0.023955431081769032,0.23593541595821432,0.2839483170593579,-0.013807665118340333,-0.03959981865805724,323938,MLP,1
-0.444771112232047,-0.3590290303419422,0.43103448275862066,0.017658969030017034,-0.013259664515490006,6.733270240095839e-05,0.04295826413181203,0.04389432610543276,1.0438943261054328,-0.2401453436450538,0.2598116222452518,0.02258469341078966,0.04732734221747281,0.05695846517558751,-0.026636740623460536,-0.02604334478757334,583418,MLP,4
-0.45168887739419006,-0.3634478153055407,0.46865203761755486,0.017229813957731623,-0.013686569851474721,0.0008024564164762155,0.5119671937118255,0.6685703696413696,1.6685703696413696,-0.15480586356534332,0.6821496224711154,0.02267084347074486,0.5618935489640302,0.6762389908563088,0.03961975154102203,0.06640778462631085,556138,MLP,4
-0.39909031259776384,-0.32906989482352844,0.5062695924764891,0.01709500837540909,-0.01689681237481954,0.000312212863932574,0.19919180718898133,0.22041602801947846,1.2204160280194785,-0.3729180942191306,0.5148144827999204,0.02370315015601578,0.2090956489691374,0.25164665248788276,0.007865077127350613,0.005814063248473566,148777,MLP,4
-0.47165551414764195,-0.3760315758068674,0.4059561128526646,0.017025825338491306,-0.01204899665949393,-0.0002458949393087011,-0.15688097127895162,-0.1451942007964251,0.8548057992035749,-0.36800843343189626,0.21550023325653456,0.02155843599127093,-0.1810642084584144,-0.21791080861110346,-0.0009613595853738603,0.008824264534474551,74217,MLP,4
-0.5535178912705305,-0.4250762704654346,0.47335423197492166,0.017818182340330613,-0.013189159994107328,0.0014882967221940182,0.9495333087597828,1.584503212809004,2.584503212809004,-0.4761116008176032,1.0296265016568213,0.02248892188830603,1.0505607223560576,1.2643500250699864,0.07345768723211257,0.06874530708453862,657743,MLP,4
-1.1261276261411695,-0.6757134129237841,0.44200626959247646,0.016764153003911833,-0.01466513536072679,-0.0007731928547266478,-0.4932970413155999,-0.3893901342327649,0.6106098657672351,-0.9464986972507177,0.1796289288904518,0.02283660203138672,-0.537472958442911,-0.6468488056147018,-0.04894250747767281,-0.04204286768000705,39718,MLP,4
-0.5993405670760694,-0.45082634009200473,0.45454545454545453,0.017120641488427596,-0.014242536227869295,1.3453643174747044e-05,0.00858342434548831,0.00862036755633877,1.0086203675563388,-0.5912168237282458,0.10280223003974243,0.022867001596601842,0.009339657563186188,0.011240279617228404,0.025914115109425276,0.016173608386860442,744470,MLP,4
-0.3324540478079143,-0.28283837674451506,0.3824451410658307,0.017605838607800788,-0.01007989525845139,0.0005083791355384708,0.3243458884735446,0.3831256316046838,1.3831256316046838,-0.29059460637108714,0.6018937958779134,0.020786759236008645,0.3882408265080941,0.46724790702991253,0.0348961809042008,-0.01670245075769103,172776,MLP,4
-0.548738681798568,-0.4223220131878135,0.384012539184953,0.017495651208565152,-0.011951504627975612,-0.000643427543410585,-0.41050677269595326,-0.33668598448565346,0.6633140155143465,-0.5181222340033855,0.030616447795182467,0.021555249242833155,-0.47385652952808244,-0.5702864215642671,-0.02002173442571335,-0.010763102867709365,245023,MLP,4
-0.6408260956504819,-0.4731429900633739,0.4482758620689655,0.01706479587402908,-0.013750263333902652,6.338389723915816e-05,0.04043892643858271,0.04126771383285144,1.0412677138328514,-0.5193274238245067,0.2979998377068114,0.022479849291678507,0.044759560541083446,0.05386813944968738,0.015599096134540058,0.012228792360060865,554567,MLP,4
-0.5142055050837371,-0.4020245055691114,0.48589341692789967,0.016990190594321664,-0.01575767187186346,0.00015429891891614346,0.09844271026850038,0.10345118616135274,1.1034511861613527,-0.44130816910364956,0.31642620725506276,0.023293276398527896,0.10515564063217028,0.12655483309081314,0.01578679089461926,0.040367424588398496,368312,MLP,4
-0.45383403048799664,-0.3648118536353133,0.4780564263322884,0.017533504521634314,-0.014611241687139459,0.0007557608107853072,0.48217539728102565,0.6195938327452539,1.619593832745254,-0.38714754925058514,0.6196333283751301,0.023074589352653566,0.5199369207642736,0.6257441810015811,0.05935119722965753,0.04160370770151001,931208,MLP,4
-0.4662278449995938,-0.3726356740627744,0.5015673981191222,0.01798451548378921,-0.016393693862517225,0.0008492951513041826,0.5418503065320692,0.7191849401935695,1.7191849401935695,-0.4069001168845716,0.8385360556439991,0.02381834009568924,0.566040391819878,0.6812297170058587,0.019584131467174234,0.012163165856699186,130952,MLP,4
-0.7801943592239695,-0.5416830754736977,0.4498432601880878,0.017157753965438283,-0.014178275644307492,-8.197392330900038e-05,-0.05229936307114258,-0.05095528462786225,0.9490447153721377,-0.05654436116856232,0.7236499980554072,0.022640093986099053,-0.057477486233333104,-0.06917416538959897,-0.029050332923981084,0.0022870649868337515,64113,MLP,4
-0.7060885327573487,-0.5064289864833063,0.4216300940438871,0.017587488597254813,-0.01331298701818142,-0.00028441657844420053,-0.18145777704739885,-0.1659465392402354,0.8340534607597646,-0.5411912077743182,0.16489732498303056,0.02248706116913234,-0.20078093699683308,-0.24163989508022318,-0.007912528668088174,0.0014831296907699524,15792,MLP,4
-0.5545684269727644,-0.4256799312302615,0.42476489028213166,0.017302581659340767,-0.012562404056431192,0.0001231933244061137,0.0785973409711005,0.08176865044836168,1.0817686504483617,-0.5156351787136373,0.3861092148054013,0.021911377744592075,0.08925195942340743,0.10741474979328682,-0.03791746924926241,-0.006316914825420648,286049,MLP,4
-0.3478199816909182,-0.29377400161805944,0.44200626959247646,0.01721032206010764,-0.01266990092399998,0.000537344971796804,0.34282609200636216,0.40892371752257506,1.408923717522575,-0.2208718248311925,0.6330080648203875,0.021925036583573178,0.3890569098590753,0.46823006349485086,0.057126999244688434,0.014989210406925944,281015,MLP,4
-0.5183842534297582,-0.4045180810366914,0.44200626959247646,0.017466826999921938,-0.01361746592631411,0.00012198643293128992,0.07782734421016357,0.08093601269675799,1.080936012696758,-0.482398025049406,0.3787616378376697,0.02268451638279016,0.08536547821797272,0.10273736893851315,0.026716836021571926,0.03163369890215304,140200,MLP,4
-1.0049065416660596,-0.6339211536756171,0.4608150470219436,0.016269777670038288,-0.016085040757087523,-0.0011754535822050948,-0.7499393854468508,-0.5276048141036841,0.4723951858963159,-0.9688204857502569,0.03608605591580272,0.023240495918669953,-0.8028979761270123,-0.9662878638449375,-0.03469229749400812,-0.004145049013580941,342820,MLP,4
-0.6275200039981428,-0.4660857342801884,0.47492163009404387,0.016827937791922133,-0.015155690617209089,3.402632317768203e-05,0.02170879418736149,0.021946144477818175,1.0219461444778182,-0.5060957644036534,0.20426684715675947,0.022772645564853682,0.023719296618834845,0.028546177899559995,0.03439197440319681,-0.002502989458708403,433908,MLP,4
-0.49855507398933696,-0.39259231489507107,0.4373040752351097,0.01720389279071372,-0.012776353759381435,0.0003341302335285144,0.21317508899119275,0.23760132264173905,1.237601322641739,-0.3129672503655456,0.42959445264750684,0.022024619038607432,0.2408283662590733,0.2898369836579751,0.02725186317411031,0.022025027351466744,715797,MLP,4
-0.5118440687092516,-0.40061075590253514,0.4200626959247649,0.016865978915874037,-0.01156420040656608,0.00037825736524262077,0.2413281990247924,0.2729387440130904,1.2729387440130904,-0.4753976975935075,0.5126925759341248,0.02092554137558118,0.28695312643476295,0.34534814112224127,-0.011700058758250734,0.004295133681369425,39533,MLP,4
-0.6736097952198179,-0.49013525545908243,0.47648902821316613,0.017472258685834754,-0.015170808290665541,0.00038325497086437975,0.24451667141147482,0.2770039515052034,1.2770039515052034,-0.12526408891608298,0.6958525143327279,0.023260088979845845,0.2615632319846373,0.3147913984214984,-0.0021640108679538517,-0.0004946177673208053,249469,MLP,4
-0.49670657588285394,-0.3914684845601739,0.44043887147335425,0.01764316852861927,-0.01376233655276997,6.986866332779965e-05,0.04457620720313571,0.045584654756577025,1.045584654756577,-0.2814816512163816,0.33251122192996263,0.022897928937381306,0.04843803335420705,0.05829518216556365,0.03005726176421786,0.008219607123374556,214814,MLP,4
-0.4553462937765289,-0.36577169939769105,0.49843260188087773,0.017292310113406293,-0.016835115715127812,0.00017510593608511225,0.11171758722230152,0.11819702292158252,1.1181970229215825,-0.19043325836719305,0.4494693329670554,0.023750969031078824,0.11703609045159062,0.14085295666175687,0.022781820913652395,0.03930986395296604,45994,MLP,4
-0.731805878387604,-0.5189604936125836,0.4090909090909091,0.017229406330345882,-0.013288179371757141,-0.0008037124936240859,-0.5127685709321668,-0.40116463651971335,0.5988353634802867,-0.5853555672092625,0.1464503111783415,0.02233473533717195,-0.5712420635276263,-0.6874899298751805,-0.016379233636615625,-0.022591229626544973,481556,MLP,4
-0.5315312844468281,-0.4122956622192445,0.45768025078369906,0.01723766453006983,-0.013506077082838287,0.0005647262885867445,0.36029537211834395,0.4337528426371491,1.433752842637149,-0.27681447036047757,0.5463592746000359,0.022562528550040612,0.39732922179548813,0.4781857924514161,0.029346386160155346,0.009841459757696694,655870,MLP,4
-0.40702356045949273,-0.3343714923967144,0.5015673981191222,0.017535507548603845,-0.016972873599373106,0.0003354053463206618,0.21398861095258326,0.23860854814163623,1.2386085481416362,-0.1932056396635744,0.5685809541919298,0.02384426722544585,0.22329873920024512,0.26874007422698915,-0.006298410420291735,0.0031075042929652507,17708,MLP,4
-0.5946868020400871,-0.4482646588067487,0.3730407523510972,0.019420724581529512,-0.010461169405625697,0.0006859948090184101,0.4376646881537454,0.5490853936414664,1.5490853936414664,-0.34134951504529454,0.5112119583609456,0.021626793438731372,0.503534193495426,0.606003495677773,0.013079860012755462,0.023931600195545095,594576,MLP,4
-0.5846243715568562,-0.44268483407245884,0.3981191222570533,0.016953211398041585,-0.01130877562720419,-5.7138159473113515e-05,-0.03645414574384631,-0.03579769433782476,0.9642023056621752,-0.4869380160325818,0.14095512721723935,0.020706592101688112,-0.043804415404160094,-0.05271862209946113,-0.029779015510206557,-0.04664253303540587,408144,MLP,4
-0.6854428148944862,-0.4961329396720152,0.3949843260188088,0.01758178440066995,-0.013027345079559298,-0.0009372187017884955,-0.5979455317410611,-0.4500596888028915,0.5499403111971085,-0.6236580739769124,0.0617847409175738,0.02203938186273548,-0.6750591167542112,-0.8124337727739991,-0.06184208679417327,-0.07953078828772144,414029,MLP,4
-0.5205926915532473,-0.40583171493488335,0.4780564263322884,0.017367238353752507,-0.014318418613024173,0.0008291133225038641,0.5289742997574649,0.6971906067222766,1.6971906067222766,-0.3714570288448158,0.7852691904427047,0.022966842590613306,0.5730768567026973,0.6896981038031916,0.03369626447764125,0.0664936955528519,250928,MLP,4
-0.6010099327686476,-0.45174234697116766,0.40282131661442006,0.018174047867701774,-0.01127884364726628,0.0005854088908948327,0.37349087239090295,0.45279730291709264,1.4527973029170926,-0.05480324663221836,0.5626550236684125,0.021804625225902242,0.42619755887956084,0.5129288415101316,0.0019184590897676403,-0.007938290807922393,723037,MLP,4
-0.3683739402331412,-0.3081415803877604,0.47335423197492166,0.01784616447576321,-0.013425679424553241,0.0013769802273206925,0.8785133850306011,1.407318289577458,2.407318289577458,-0.19150762405297428,1.0083486510393413,0.02277991489674242,0.9595682665868217,1.1548405876002485,0.04637251587590858,0.05970892250572753,62206,MLP,4
-0.5340434511890635,-0.41377022056717183,0.43260188087774293,0.01761118371429631,-0.012719658771947659,0.0004015207362080388,0.25617022970072867,0.29197264133736156,1.2919726413373616,-0.14700792994517542,0.38703552124388807,0.021999990286470827,0.2897248590774137,0.348683921874032,0.028024870729896376,0.0073690041774410065,854657,MLP,4
-0.5159597715210111,-0.40307259432705145,0.4373040752351097,0.016940364414744356,-0.013800747354298563,-0.000357533900438101,-0.2281066284795088,-0.20396062515821323,0.7960393748417868,-0.4643462449876097,0.28785314304150234,0.02256968537126715,-0.25147336445506685,-0.3026482409699659,0.012515289265752814,0.03436769987800309,791430,MLP,4
-0.5644157558581355,-0.43130769513498124,0.48119122257053293,0.01724867147546699,-0.015754409133453745,0.00012638357334667123,0.08063271979517594,0.08397270173078075,1.0839727017307808,-0.5127783349616948,0.3348514719709783,0.023356399496274428,0.08589838641841693,0.10337872405702604,0.050908104892540836,0.04118265695698644,774566,MLP,4
-0.41999138909341127,-0.34294752239179405,0.39184952978056425,0.01673562147211487,-0.010249574893116249,0.0003245616136357569,0.20707030949961336,0.23006905428014268,1.2300690542801427,-0.2970820983773592,0.5810663036299957,0.02034867676294599,0.2531985715243303,0.30472452799922234,0.002339580501733355,0.02333771665640531,721176,MLP,4
-0.4421124228683766,-0.35732262024046235,0.49843260188087773,0.01732022926640959,-0.014958401190898484,0.001130320573088925,0.7211445256307343,1.056785908214613,2.056785908214613,-0.13234598125382036,0.8436515142184362,0.022952029846169272,0.7817732439919504,0.9408642447849531,-0.0017360106424576043,0.052666367975489445,630381,MLP,4
-0.24987951610819437,-0.22110537832640298,0.49843260188087773,0.018124811555889832,-0.015093471147736182,0.0014636039302466913,0.9337793074973888,1.5441059903855128,2.5441059903855128,-0.1784273476805538,1.054999546120598,0.023549288068502306,0.986611231574886,1.18738680100136,0.05334863418368009,0.07859642746109448,992932,MLP,4
-0.4313507174974802,-0.3503689661536038,0.49686520376175547,0.017051185543537763,-0.015618729291987772,0.0006138145996448206,0.39161371457339555,0.4793661434333869,1.479366143433387,-0.4232269741496566,0.50211584495446,0.0231984499881777,0.42002826462677145,0.5055040947275894,0.028459998097060266,0.04818357016630225,735474,MLP,4
-0.37795930373431474,-0.31474161244417664,0.43573667711598746,0.017875813823881388,-0.01263729012078127,0.0006583884005607653,0.4200517995577684,0.5220403945960499,1.52204039459605,-0.38608304708213836,0.5887562394436827,0.022211904570046116,0.47054010208267716,0.5662951005158873,0.0006207199403583288,0.03228713443941843,109195,MLP,4
-0.3874498875811696,-0.32121435101013485,0.5,0.017562155459491236,-0.016463891819495247,0.0005491318199979944,0.35034610115872056,0.4195587745181555,1.4195587745181555,-0.2883885464998457,0.6574291701854236,0.02369502595500696,0.36789144746219843,0.4427574255571845,0.015704653897391053,-0.02101751094218801,451955,MLP,4
-0.593696617288515,-0.4477180683168709,0.4200626959247649,0.017090229596855785,-0.011896145707096612,0.0002799492481686582,0.17860762033160427,0.19555154200360736,1.1955515420036074,-0.20662231777532725,0.3870742995131877,0.021810097658394978,0.20376142334842184,0.24522691095961072,0.08356802553591033,0.056248129862228255,818174,MLP,4
-0.44439442304428667,-0.3587875380270874,0.4200626959247649,0.01748150245904655,-0.01229435630225084,0.00021337120249477308,0.13613082719166414,0.14583178974457356,1.1458317897445736,-0.3722678328631446,0.38394051217255765,0.022068162799662495,0.15348639862832839,0.18472090934298,0.030950002890496552,0.017975352036847178,493384,MLP,4
-0.46790098477504216,-0.3736844646389177,0.46238244514106586,0.017468375278085813,-0.014409721098214165,0.0003301510507019703,0.21063637034785643,0.23446338594548455,1.2344633859454845,-0.25426842859997123,0.34656915734558424,0.02262782323530977,0.23161686375940052,0.27875093868355977,0.06329201288841736,0.035873621509664506,849954,MLP,4
-0.5764129745675746,-0.4380896574068631,0.49686520376175547,0.01754863126912445,-0.016597658378234646,0.00036844478510835235,0.2350677728991286,0.2649944981723156,1.2649944981723156,-0.5613179800002399,0.4600367595721764,0.023729831017072954,0.24647793047172994,0.2966362352403943,-0.0550166681038531,-0.03432303726243282,399039,MLP,4
-0.7983325836812583,-0.5499211924586762,0.4200626959247649,0.01625131475454387,-0.013678366140452822,-0.0011060236955325814,-0.705643117749787,-0.506209093578424,0.493790906421576,-0.8064563270290819,-0.00812374334782362,0.021874776017204497,-0.8026405317857408,-0.9659780295322565,-0.053264667337921796,-0.014581711521829679,34582,MLP,4
-0.5726094709807512,-0.43594835976816015,0.4043887147335423,0.017334918477060927,-0.012765018797879174,-0.000592943849705904,-0.3782981761123665,-0.31497378824234334,0.6850262117576567,-0.5644857276329276,0.04407351243025914,0.02213828822043603,-0.4251770377527905,-0.5117006441439453,-0.025370844590308583,-0.051510005900837694,365448,MLP,4
-0.5080235562927555,-0.3983164018398132,0.5047021943573667,0.017169205281291774,-0.017010894297090077,0.00023987696347254998,0.153041502695487,0.16537334407411697,1.165373344074117,-0.19454430387304456,0.4867001624425029,0.02376137363906806,0.1602570963047868,0.1928694452579465,0.03153538415202351,0.03293899468084054,323938,MLP,4
-0.37392605411150726,-0.3119722132260395,0.4216300940438871,0.017880694706144784,-0.012053350295732996,0.000567743913522681,0.36222061682747153,0.43651582656829824,1.4365158265682982,-0.00812374334782362,0.5757670077055081,0.021749864906140108,0.41437752649052667,0.4987034303279132,0.052965562511195996,0.032859502136269106,583418,MLP,7
-0.40468866148148663,-0.33281550124040604,0.46394984326018807,0.017572503451053822,-0.014293354831219223,0.0004908051241927216,0.3131336692349578,0.36770433880206155,1.3677043388020615,-0.347456117044203,0.576716300976841,0.022985043272869116,0.3389721616951354,0.4079530597489986,0.042159131405806675,0.021406253418326884,556138,MLP,7
-0.4726332300924696,-0.37664134154685236,0.47335423197492166,0.018030685332241354,-0.013677514343823662,0.0013316961611475522,0.849622150812138,1.338762985257774,2.338762985257774,-0.1386502869427204,0.9014410815016163,0.022875398882674123,0.9241378169709823,1.1122000348870615,0.04384395916728622,0.04151575892365458,148777,MLP,7
-0.43548802929581143,-0.35305113997382853,0.42476489028213166,0.01736339620383056,-0.012258210272352141,0.000324008152484085,0.20671720128484594,0.229634783469153,1.229634783469153,-0.07381925574554771,0.47275625216752815,0.021779890268324612,0.23615683559538692,0.28421479563394453,0.05878768416793448,0.021974334770595783,74217,MLP,7
-0.4706450194644276,-0.37540074035747173,0.438871473354232,0.017642915398671122,-0.013810305176181254,-6.3839207601465095e-06,-0.004072941444974276,-0.0040646582684140675,0.9959353417315859,-0.3549678407744068,0.20724823802265746,0.022564212357055663,-0.004491253615314063,-0.005405224562729684,0.06906219235487333,0.03469918574190986,657743,MLP,7
-0.38782629591878504,-0.3214698035076273,0.5031347962382445,0.017600055561169343,-0.01690573623034233,0.00045532829171918664,0.2904994501168403,0.33709513360446763,1.3370951336044676,-0.1932056396635744,0.6450917933561868,0.023842275553025802,0.30316370317126534,0.36485757324457535,0.005916770141549312,-0.017440043561393604,39718,MLP,7
-0.47156050329977006,-0.37597228922144976,0.49843260188087773,0.017627908536726994,-0.016793546881888232,0.0003632287029387924,0.23173991247494996,0.2607917699701192,1.2607917699701192,-0.394762692916629,0.584589631007475,0.023828221781471322,0.24198519532763751,0.29122922765750386,-0.06048229251681186,0.012891607793439262,744470,MLP,7
-0.6045999806083273,-0.453707089304322,0.4890282131661442,0.017412954479409447,-0.01651895247571707,7.470735186831251e-05,0.04766329049198248,0.04881744905658114,1.0488174490565811,-0.2730951550784084,0.38950525620202825,0.023717553507063626,0.05000273087008356,0.060178295917416746,0.015240885750336372,-0.006839349159284388,172776,MLP,7
-0.4488556630676612,-0.36164176928666336,0.46238244514106586,0.017138982623627102,-0.015155996160042947,-0.00022336490427074356,-0.1425068089247361,-0.13281835030243228,0.8671816496975677,-0.38391885423152416,0.16754058546757733,0.022899676221536436,-0.1548409634973833,-0.18635112841523657,0.008839361312996483,0.00712729103798563,245023,MLP,7
-0.6156295255350415,-0.4596993448334029,0.45454545454545453,0.017993116726844664,-0.013515300769300331,0.0008067071834928496,0.5146791830684379,0.6731016563479979,1.673101656347998,0.00812374334782362,1.0669451010962803,0.022862607393498425,0.5601320667331375,0.6741190466632736,0.07567559950754432,0.04098847755951251,554567,MLP,7
-0.4689156958484091,-0.3743196716177899,0.4670846394984326,0.01833537093794107,-0.013679930163973897,0.0012739252096478273,0.812764283755314,1.254130438556524,2.254130438556524,-0.05609580717100471,1.0075229148405924,0.022840507189976458,0.885397841367492,1.0655764670311876,0.06871998664521492,0.0557235898847985,368312,MLP,7
-0.38408048983546905,-0.3189233947706249,0.44043887147335425,0.018569432468548353,-0.012995022929959198,0.0009071901844304921,0.5787873376666539,0.7838738819178694,1.7838738819178694,-0.12618178158118099,0.677626624061304,0.022722246099517427,0.633792876636314,0.7627698451044054,0.03955550933113718,0.03146435748299388,931208,MLP,7
-0.6127540461893659,-0.45814348561052254,0.47648902821316613,0.01759625655713056,-0.015305166866688567,0.0003720004073569129,0.2373362598937092,0.2678673790540991,1.267867379054099,-0.029475119896233082,0.6829757504838199,0.023414240052993078,0.252210764881596,0.3035357025206679,0.07806106676426729,0.05695415308209783,130952,MLP,7
-0.32938933320110664,-0.2806371096374993,0.5094043887147336,0.018188726224510062,-0.01610070218593349,0.0013664831328661278,0.8718162387685879,1.3912499928173125,2.3912499928173125,-0.07980800908990204,1.1775436660409468,0.02378084988578827,0.9121729183839135,1.0978002772085205,0.11852305202667872,0.041168350609610674,64113,MLP,7
-0.30751305480953306,-0.26472673136733194,0.4592476489028213,0.01750995543915243,-0.013692556852786936,0.0006371235571476005,0.40648482946016884,0.5015303621668856,1.5015303621668856,-0.05058303213627369,0.6002451474723784,0.022497770906492392,0.44955666771776487,0.5410415333486012,0.05845649788849109,0.04071906458058871,15792,MLP,7
-0.25202519400045276,-0.2227748435886655,0.48119122257053293,0.018346988843380988,-0.013653468450423126,0.0017448707175986037,1.1132275178279087,2.0441676615270348,3.0441676615270348,-0.00812374334782362,1.3514857575246424,0.023009059299183655,1.20382861255571,1.4488079594783476,0.06235453579332849,0.0665927688162403,286049,MLP,7
-0.676345518688322,-0.4915281981846805,0.4200626959247649,0.017351385493547335,-0.01289102987129563,-0.00018731934186316107,-0.11950974010869686,-0.11264463516074752,0.8873553648392525,-0.2474842181090935,0.42886130057922855,0.02216936709455898,-0.13413113478837643,-0.16142684570580415,0.008430833390712765,-0.004474795953636346,281015,MLP,7
-0.45467920240480453,-0.365348470020018,0.5062695924764891,0.01847572845462515,-0.014922475739184024,0.0019860194874623156,1.267080433000956,2.5504715760923102,3.5504715760923102,0.00812374334782362,1.5886065568229242,0.023415900618267486,1.3463963009786697,1.6203881990550626,0.07096317576793734,0.0767311717416855,140200,MLP,7
-0.7383116524397337,-0.5220798699700877,0.4043887147335423,0.01852533460532163,-0.012325522523348665,0.00015021593934245753,0.09583776930048771,0.10058050156557807,1.100580501565578,-0.2120070001710701,0.5263046522686636,0.022283733760574,0.1070109765432421,0.12878773020542833,0.024868605639044916,0.004189002046471976,342820,MLP,7
-0.4753459172497969,-0.37833002710069963,0.493730407523511,0.01741401112202665,-0.016569769561782983,0.00020905632442396772,0.13337793498249084,0.14268177615084565,1.1426817761508457,-0.19190618692846328,0.49684534813241044,0.02358838556046598,0.14069069110640667,0.16932127295656768,-0.0011840527364412319,-0.029978331187712832,433908,MLP,7
-0.4675404260342475,-0.3734586003819287,0.493730407523511,0.017644786976303468,-0.01682585056304372,0.00019335135685340232,0.12335816567247093,0.13128953747169025,1.1312895374716903,-0.1949965641269955,0.4851289165435446,0.023841134706915474,0.12874209525168814,0.15494113561944733,0.00643497113106167,-0.016469297272368434,715797,MLP,7
-0.4737513111303997,-0.3773379175559187,0.45141065830721006,0.017568331087052986,-0.01414796001488347,0.0001691118305047739,0.10789334786204563,0.11392893614838107,1.113928936148381,-0.33284535578968644,0.3297436972552532,0.02293706802917147,0.11704055113901156,0.14085832509989898,0.02102447443077381,0.017357305028496344,39533,MLP,7
-0.38782629591878504,-0.3214698035076273,0.5031347962382445,0.017600055561169343,-0.01690573623034233,0.00045532829171918664,0.2904994501168403,0.33709513360446763,1.3370951336044676,-0.1932056396635744,0.6450917933561868,0.023842275553025802,0.30316370317126534,0.36485757324457535,-0.004165870092566248,0.03887650003836856,249469,MLP,7
-0.42301552786193497,-0.3449315387797911,0.46551724137931033,0.018168023925694315,-0.014908320419321134,0.0004892881550826074,0.31216584294270433,0.36638127893227823,1.3663812789322782,-0.3779477006446541,0.5632919916188257,0.02325666825315287,0.3339777040391893,0.40194222902962373,0.03901229418710859,0.0036611138901153743,214814,MLP,7
-0.5375499401125126,-0.41582222902036037,0.4843260188087774,0.017109263190446703,-0.016792791986584187,-0.00037314457325731375,-0.23806623773816682,-0.2118495159406476,0.7881504840593524,-0.3047160622099909,0.2525825456596067,0.0236940665073756,-0.24999872696521552,-0.30087351447621186,-0.0070135015712904465,-0.04037422453916718,45994,MLP,7
-0.3881242708048376,-0.32167195834558215,0.47962382445141066,0.018287547976648603,-0.013254876691287089,0.0018736216604187447,1.195370619347159,2.3047823598401096,3.3047823598401096,-0.01720438338816166,1.351473758046268,0.02255060499178379,1.318936755700706,1.5873406311974503,0.10511214718544008,0.06035067827866665,481556,MLP,7
-0.48060242264182307,-0.38158926505973023,0.47335423197492166,0.017697500210054548,-0.013900178673235956,0.001056716346754221,0.6741850292291929,0.9624329985574986,1.9624329985574986,-0.05480324663221836,0.8573511700069503,0.022909469612449898,0.7322234972202971,0.881231115314386,0.05078163775556903,0.06475928108582285,655870,MLP,7
-0.41845011213445105,-0.3419340417206552,0.49686520376175547,0.017588375290353887,-0.016294003217340997,0.0005409716838177467,0.3451399342757213,0.41218751927955033,1.4121875192795503,-0.17059754260299087,0.7309580502933386,0.02368187819164844,0.36262576729603424,0.43642017849623466,0.033671131383928514,0.02336342769498564,17708,MLP,7
-0.39727790319011547,-0.3278527921780541,0.4216300940438871,0.018303113835289805,-0.012567178105296709,0.0004486659887750332,0.28624890083847276,0.3314238065155817,1.3314238065155817,-0.04929617326706648,0.6166098178891843,0.022158966464405207,0.3214207566779216,0.3868299405410384,0.009501788510557139,-0.03238628667061332,594576,MLP,7
-0.6895787784087588,-0.49821261176102927,0.46394984326018807,0.016785905566160404,-0.01388636167750881,0.00034403190262612213,0.2194923538754665,0.24544432509690606,1.245444325096906,-0.4528750588706316,0.2511807628306997,0.022251952615091195,0.24543181620936896,0.29537723653075676,0.08106221078887464,0.05949040268633176,408144,MLP,7
-0.44957142989733256,-0.3620985214501312,0.49216300940438873,0.01756800971193376,-0.015984398073512384,0.0005288559149360331,0.3374100737291883,0.40131358782058757,1.4013135878205876,-0.19541385414959223,0.7633195976977731,0.023524301693221478,0.35687891999177823,0.4295038466949522,-0.04352361634300617,0.019802834110217948,414029,MLP,7
-0.5428361361282441,-0.4189021594955942,0.5,0.017220834016709922,-0.017289310874054584,-3.423842867233094e-05,-0.02184411749294668,-0.021607262522528314,0.9783927374774717,-0.45254341507279605,0.25908358287597366,0.02384660518309709,-0.02279226754158374,-0.02743049823238718,-0.10399137304648587,0.017453509236408312,250928,MLP,7
-0.5656589557474945,-0.43201425405747995,0.493730407523511,0.017749685875836776,-0.016196217986598697,0.0005639069611554932,0.3597726412172051,0.43300357157233793,1.433003571572338,-0.1862208119691786,0.884859871939625,0.02365806192476392,0.37838033898302514,0.45538080845653006,0.033342974475679396,0.06922258495946398,723037,MLP,7
-0.707179990306031,-0.506967404408215,0.47962382445141066,0.017565351329329702,-0.015797476146521564,0.0002041307619588227,0.1302354261297296,0.139096524845856,1.139096524845856,-0.2507945200723043,0.45638547023372666,0.02338520248045775,0.13856948167094013,0.1667683970058125,0.014534188609243345,0.05253630320386209,62206,MLP,7
-0.49932489861384965,-0.39305973235036584,0.47335423197492166,0.01806157888747733,-0.014200569962418913,0.0010708547282843256,0.6832053166453989,0.9802147860880519,1.980214786088052,-0.09679728670926124,0.8223027743097191,0.023165474904730053,0.7338201300780074,0.8831526632560855,0.05323404392173462,0.05483646571166212,854657,MLP,7
-0.840710158328875,-0.5685959505593885,0.3652037617554859,0.016925870743555182,-0.009705473199592009,2.039378904952066e-05,0.013011237413593335,0.013096251877434906,1.013096251877435,-0.5401785871799802,0.3005315711488947,0.020388511438203125,0.015878617017888372,0.019109918539139563,0.04130891353034213,0.06306591082985243,791430,MLP,7
-0.5326220585866395,-0.4129363654179854,0.5047021943573667,0.01695587115112441,-0.01749816761301052,-0.00010913864427784456,-0.06963045504926413,-0.06726155499249709,0.9327384450075029,-0.5175270640193048,0.22730325799966522,0.02383382823350384,-0.07269173252998708,-0.08748451364196383,0.006016450417544551,-0.009139760367158096,774566,MLP,7
-0.7634055930611794,-0.5339235455923148,0.4122257053291536,0.017684805106515832,-0.012624426830826754,-0.0001301823174707983,-0.08305631854636886,-0.07970068415908793,0.9202993158409121,-0.25603064895221905,0.5073749441089603,0.022357819878939027,-0.09243209910199958,-0.11124204848891737,0.042061701943882174,0.004325384372259738,721176,MLP,7
-0.604995675963437,-0.45392321210939857,0.44200626959247646,0.01801167564650662,-0.013365098612058738,0.0005036323298149787,0.32131742642195604,0.3789432244440818,1.3789432244440818,-0.2642494261399406,0.3437031668709096,0.02281555502088771,0.3504151169715396,0.4217246585559193,0.025723351663314107,0.03282440908576268,630381,MLP,7
-0.46595163451274857,-0.3724623655231617,0.45141065830721006,0.01655650787880505,-0.013629346203176412,-3.1299404637764525e-06,-0.0019969020158896456,-0.001994909533543754,0.9980050904664562,-0.2825591578712192,0.3279490463410184,0.02257926122576909,-0.0022005265813054326,-0.002648334150548735,0.01145101636898447,0.023481294486636887,992932,MLP,7
-0.38782629591878504,-0.3214698035076273,0.5031347962382445,0.017600055561169343,-0.01690573623034233,0.00045532829171918664,0.2904994501168403,0.33709513360446763,1.3370951336044676,-0.1932056396635744,0.6450917933561868,0.023842275553025802,0.30316370317126534,0.36485757324457535,-0.06490698473334745,-0.04378904387096094,735474,MLP,7
-1.3007261801139975,-0.7276660422937865,0.3871473354231975,0.01779733767427741,-0.013236462806674044,-0.0012218096424185428,-0.7795145518630306,-0.5413714023279155,0.4586285976720845,-1.0186132308754168,0.28211294923858077,0.022385747586210706,-0.8664274760137441,-1.0427456287938632,-0.04569044704237301,-0.047097166977902206,109195,MLP,7
-0.4922752070106071,-0.3887658732336231,0.4702194357366771,0.017185834898264148,-0.01517876209756715,3.9700439657598674e-05,0.025328880501547246,0.025652382131854168,1.0256523821318542,-0.4475378156039369,0.24503343436481373,0.023034171311656134,0.02736043476956678,0.03292828834229262,-0.01287441919549656,0.0022057616863651636,451955,MLP,7
-0.820506236041183,-0.559791251444916,0.445141065830721,0.01697318179191223,-0.01543019202475948,-0.0010061196674949566,-0.6419043478617823,-0.47371076864011463,0.5262892313598854,-0.7156402810851432,0.10486595495603979,0.022796887701941226,-0.7006068014633363,-0.8431804160808436,-0.027666343593886037,-0.03379831328905771,818174,MLP,7
-0.5516842213401105,-0.4240210829731731,0.47335423197492166,0.01732469595092139,-0.015940367335193037,-0.00019420885179717746,-0.1239052474466007,-0.11653645265606616,0.8834635473439338,-0.4451200083403819,0.28900930996496754,0.02334265830426042,-0.132074500915506,-0.15895168645666344,-0.05957985943922493,0.002449163000221528,493384,MLP,7
-0.5681633996755409,-0.4334349627249394,0.445141065830721,0.017876344314521394,-0.014242528991016409,5.490050549258191e-05,0.03502652250426763,0.03564717639202253,1.0356471763920225,-0.06454362365002453,0.5707672203225229,0.02292994190675122,0.03800788113004527,0.04574249202069715,-0.0300069766158283,-0.019741005371868986,849954,MLP,7
-0.5642469627200626,-0.43121169567444795,0.4827586206896552,0.017632444984068477,-0.015275996086413876,0.000610837533818985,0.38971434657651116,0.476558949515955,1.476558949515955,-0.275240630377084,0.6531591375714925,0.02336913390283976,0.41493815200895917,0.49937814324378854,0.044978140003161575,0.03324569146235636,399039,MLP,7
-0.5967141550208908,-0.4493820880008934,0.445141065830721,0.017420911845464886,-0.012734741918511594,0.00068877793880709,0.43944032495892316,0.5518384501716909,1.5518384501716909,-0.04572260659188032,0.7821732901156793,0.021929686629999636,0.4985940288280139,0.6000580065802134,-0.006443584958991396,0.001468528339173707,34582,MLP,7
-0.8345977270273579,-0.5659509474793485,0.4231974921630094,0.017488442415062175,-0.01344060881886771,-0.0003515119016873512,-0.22426459327652992,-0.20089633106361804,0.799103668936382,-0.7855565000554634,0.0490412269718945,0.022237486373042844,-0.25093116887658184,-0.3019957084902507,-0.05290160304879625,-0.04146675708611693,365448,MLP,7
-0.4454826855198917,-0.359484965927205,0.45297805642633227,0.017901004827571277,-0.013551631691991086,0.0006957224681241533,0.4438709346632095,0.5587292947174207,1.5587292947174207,-0.3754022361808893,0.7385178621971136,0.022782809006379277,0.484762515015905,0.5834117771305949,0.05911939601350479,0.05046574598832259,323938,MLP,7
-0.7595260776906798,-0.5321118829092225,0.4364207221350079,0.017548017023845657,-0.01408128117642228,-0.00027760001523784335,-0.17683120970650634,-0.16207879444638051,0.8379212055536195,-0.2652500524654897,0.4942760252251901,0.02287322738068117,-0.1926603339467704,-0.23186674779664299,-0.006538629168571583,-0.0092319322387814,583418,MLP,10
-0.43347447749692947,-0.35174716256047445,0.4850863422291994,0.017651938929273008,-0.015550090534178508,0.0005557604928332939,0.35401943393480906,0.42478287534835224,1.4247828753483522,-0.10148489399398386,0.7631028306259395,0.02336274636544069,0.37762787718999086,0.4544752205484333,0.03855748729303744,0.06905382785099025,556138,MLP,10
-0.6507813378120773,-0.4783619580339531,0.4850863422291994,0.01727223285669039,-0.0160837367812336,9.678852193517953e-05,0.061654288472709595,0.06359458425403863,1.0635945842540386,-0.20785101974433928,0.4621297544599656,0.02347590339303923,0.06544881903422746,0.07876766590049676,0.008353436152320445,0.02849251922727097,148777,MLP,10
-1.1379051696203533,-0.6795103093573491,0.42543171114599687,0.01749684948535813,-0.013538575607114078,-0.00033512160388021826,-0.21347246167169942,-0.19222559539897943,0.8077744046010206,-0.5665561025289207,0.5713490670914325,0.022311374548545763,-0.23843849357724495,-0.28696077144017273,-0.04438033556641942,-0.0513254032184167,74217,MLP,10
-0.4187405552947894,-0.3421251447236655,0.4897959183673469,0.017383024900971995,-0.015506686711949162,0.0006025597923387527,0.3838305877197854,0.4678967408821071,1.467896740882107,-0.3685646879584965,0.5054749505561631,0.023387134454572585,0.409000092851486,0.4922316879415374,0.02920960545867439,0.07026119025479119,657743,MLP,10
-0.6485996516130399,-0.47722266517905,0.44427001569858715,0.01765601906347271,-0.01506690054708283,-0.0005290885379977128,-0.3370293987045443,-0.2861121477838289,0.7138878522161711,-0.388084628726574,0.2605150228864659,0.02327312823762534,-0.3608891796884271,-0.43433019498696146,-0.010382873745467466,-0.025252275414377114,39718,MLP,10
-0.8523335991922067,-0.5735813203123639,0.48822605965463106,0.017732098259017174,-0.013997863658167183,0.001493530621651239,0.9513790059918392,1.5892778281268316,2.5892778281268316,-0.06853570742532611,1.4708318200810027,0.023008703253410524,1.0304389317802574,1.2401334463634166,0.048385289221228436,0.06625551069911098,744470,MLP,10
-0.6275632861561462,-0.46610884274170195,0.45054945054945056,0.016998542645872725,-0.013549382787922306,0.00021396823169963098,0.13629776359266543,0.14602308674647868,1.1460230867464787,-0.48872913727791456,0.17778856863697,0.022459575761225255,0.15123350562733537,0.18200955219658166,0.07160604850310955,0.0532519280814349,172776,MLP,10
-0.43121093124500476,-0.35027815031863596,0.5007849293563579,0.017496503345848232,-0.015998881924688305,0.0007751022217813257,0.4937401152747043,0.6384327018264053,1.6384327018264053,-0.36850979179143906,0.8213190339338325,0.023485909551811037,0.5239041856044834,0.6305187849758562,0.037205219472513235,0.05233661008228978,245023,MLP,10
-0.4674999474082142,-0.3734332383336122,0.45054945054945056,0.017941718447367534,-0.013660416531331845,0.0005779080195107327,0.3681274084283359,0.44502613575475003,1.44502613575475,-0.1381523472355184,0.5687811146726744,0.022854886943114137,0.4014023532299981,0.4830878068916539,0.030470106951727697,0.0418346041528434,554567,MLP,10
-0.7142045981745468,-0.5104186291167767,0.4945054945054945,0.016537526870669107,-0.015809022287256717,0.00018652399962967858,0.11881578776410606,0.12616244627728945,1.1261624462772895,-0.23674491298334033,0.6444307804395066,0.022885680479538872,0.12938119546144522,0.1557102928409513,0.06684842771326585,0.05968942318831941,368312,MLP,10
-0.43692063150047034,-0.3539772967714687,0.48194662480376765,0.01792404629988406,-0.01603289291498654,0.00033253932828704313,0.21182755211884796,0.2359347323743255,1.2359347323743255,-0.3547516537928459,0.573740653870118,0.023714694339241466,0.22260030457321703,0.26789950802324575,0.034541239390240154,-0.00967660399314773,931208,MLP,10
-0.8198011006752495,-0.5594807352227977,0.49293563579277866,0.017675892678343404,-0.01669304905553647,0.0002486270895785715,0.1583754560615489,0.17160599871292703,1.171605998712927,-0.1916176811701007,0.6281834195051488,0.023810843445150047,0.16575778587616524,0.19948952618185278,-0.0006726664942381883,0.0009132563637303754,130952,MLP,10
-0.8161250620323699,-0.5578583893063347,0.35478806907378335,0.0183519064963242,-0.00967660494415127,0.00026757650882746915,0.17044623612309806,0.18583389519237237,1.1858338951923724,-0.09271914651617408,0.9362442659330554,0.02079661334291115,0.20424697638041395,0.24581127412406945,-0.0096632083423614,0.03571329169102136,64113,MLP,10
-0.5864214450411964,-0.4436854710012277,0.48194662480376765,0.017138884123048585,-0.01475305542803791,0.0006171571970540095,0.3931291345234058,0.48160970393932967,1.4816097039393297,-0.18091340045248216,0.4714232189598988,0.022946014518448014,0.42696158723141087,0.513848349773918,0.012693779237663844,0.028566632750501017,15792,MLP,10
-0.543548188143177,-0.41931578410520376,0.5086342229199372,0.017679061514133346,-0.016042864709378338,0.0011092610306809806,0.7065992765437841,1.0270859650156736,2.0270859650156736,-0.05649765272573859,0.8894942766655731,0.0235058608085876,0.7491311677889773,0.9015794999936113,0.01068358628923915,0.05783735708873975,286049,MLP,10
-0.4505834266456077,-0.3627437491329184,0.5039246467817896,0.017888569030930678,-0.015442956081291344,0.001353620937583488,0.8622565372406825,1.3684992749051834,2.3684992749051834,-0.10870852041989565,0.9355951770357933,0.023355431387970537,0.9200457857029188,1.1072752744936212,0.04473024801200627,0.056344359493236115,281015,MLP,10
-0.299196969717741,-0.2585866409283325,0.4411302982731554,0.01724941440096897,-0.011466840127575758,0.0012007697978890283,0.7648903612553113,1.148758774525327,2.148758774525327,0.0375988632440567,0.867692364319737,0.02126314507935585,0.8964633186280935,1.0788937709757673,0.03959416496062325,0.07759003222380385,140200,MLP,10
-0.38782629591878504,-0.3214698035076273,0.5023547880690737,0.01762966903683605,-0.01690573623034233,0.0004432899635306367,0.2823757067690167,0.3262769176083584,1.3262769176083584,-0.20132938301139802,0.6369680500083632,0.023859071526594552,0.2949406478501867,0.35496112463374097,0.00465100703521421,-0.0011025221936870292,342820,MLP,10
-0.6247163490515959,-0.46458672253413547,0.4552590266875981,0.017950015593092318,-0.013124954315734317,0.0010222062393044967,0.6511453744369646,0.9177360974746047,1.9177360974746047,-0.06611825781874359,1.0086543223824265,0.022600731498247165,0.7179865389829605,0.8640969334234737,0.08080336189900059,0.055359586138238,433908,MLP,10
-0.5103725600929465,-0.399728100206865,0.5007849293563579,0.017270001695607197,-0.01618892298930582,0.0005668022453680453,0.3610530302994448,0.4348395488319843,1.4348395488319843,-0.147448459350926,0.5841549341294012,0.023476828070947656,0.3832590448586081,0.46125233188667386,0.020995114147875246,0.03787832271016852,715797,MLP,10
-0.5503827209759038,-0.42327095816491833,0.4835164835164835,0.017611215655217,-0.014258783387441881,0.0011508864793382395,0.7331146873384569,1.0815539108936356,2.0815539108936356,-0.1016302858479321,0.746246081942445,0.023018510021755315,0.7936984823216963,0.9552162713364175,0.022901754568757992,0.04859969482860678,39533,MLP,10
-0.29422659252304584,-0.25489236350591726,0.45368916797488223,0.01843193686176586,-0.01279147652372955,0.0013742479164716628,0.8753959227924497,1.3998252514147174,2.3998252514147174,-0.019464682321995497,1.164167740926132,0.02226202383263412,0.979942772696907,1.17936130949941,0.057030526892509356,0.04864471497922335,249469,MLP,10
-0.5405590476293582,-0.4175774406075855,0.44583987441130296,0.017978004590602236,-0.0138615131978935,0.0003338134142458855,0.21263914487462898,0.23693821520435487,1.2369382152043549,-0.060339490650221705,0.6931388990433334,0.023005485118918815,0.23034174862907805,0.27721633738666873,0.050517920077492125,0.02961419841686167,214814,MLP,10
-0.32638577782563516,-0.27847321529977076,0.47095761381475665,0.017632744255994717,-0.01446394646844471,0.0006522344064875162,0.4154733169325482,0.5150876876639594,1.5150876876639594,-0.12482712976634502,0.6102191797344858,0.023004172558792887,0.4500879216608517,0.5416808975680762,0.0022849067041171398,-0.010243868966798606,45994,MLP,10
-0.43880356330191717,-0.35519256896744633,0.5149136577708007,0.017389312945868634,-0.016311305601715956,0.0010416031637593137,0.6635012153146818,0.9415783316405149,1.9415783316405149,-0.1709241361822933,1.0794173639169458,0.02360922753612089,0.7003591113455018,0.8428823209778862,-0.005313958519714667,0.044062034357942516,481556,MLP,10
-0.6531020807451569,-0.4795711421879745,0.46467817896389324,0.017192472283912484,-0.015279828138989194,-0.00019065871170678185,-0.12144959935722,-0.11436431116798451,0.8856356888320155,-0.48319515506409516,0.1699069256810617,0.023237254503105775,-0.1302483139038694,-0.15675387004794883,-0.027266295233558814,0.012045222306786877,655870,MLP,10
-0.8532057803568023,-0.5739530725118199,0.4552590266875981,0.0166120899067868,-0.015901224677494486,-0.0010992447254669002,-0.7002188901224145,-0.5035233819309771,0.4964766180690229,-0.7941962990425964,0.059009481314205914,0.02295185737069219,-0.7602857041012999,-0.9150039865235287,-0.046755027994652906,-0.03410214304430506,17708,MLP,10
-0.5884714103885926,-0.44482472838987996,0.4976452119309262,0.017019140133259624,-0.01568971725853885,0.0005876890102211457,0.3743578995108692,0.4540574637964221,1.454057463796422,-0.0615176346818771,0.580415359005201,0.02329696136331138,0.4004502419975274,0.4819419408460016,0.015171767672234281,0.03855989102604194,594576,MLP,10
-0.5370123332268122,-0.4155080865932088,0.3956043956043956,0.017095171904447707,-0.012274758511883593,-0.0006558849405876952,-0.4177987071543612,-0.3415052346298302,0.6584947653701698,-0.5746111964708689,-0.0375988632440567,0.02170688676511919,-0.4796565606789503,-0.5772667601348549,-0.018312098940665125,-0.01749970748303058,408144,MLP,10
-0.3844042537093628,-0.3191438670783423,0.4803767660910518,0.017775377005271997,-0.014439540429125331,0.0010357574279007018,0.6597774815727462,0.9343618553512545,1.9343618553512545,-0.11983080906793475,0.7450643722240784,0.023142875355141316,0.7104622560751213,0.855041457542151,0.020481523608819444,0.03591599406022155,414029,MLP,10
-0.3270555446506478,-0.2789563082056611,0.5007849293563579,0.017836793808951326,-0.01466805767922893,0.0016098820770183249,1.0254948830606736,1.788475088246793,2.788475088246793,0.012270736508071423,1.3418759429096099,0.022968143181133008,1.1126753039652135,1.3391049356082567,0.04235332734194179,0.06858150225289657,250928,MLP,10
-0.3349583238887135,-0.28463210051650245,0.46467817896389324,0.018149822048709775,-0.013833756307165811,0.0010283146399914468,0.6550364256745524,0.9252126432683514,1.9252126432683514,-0.047101894682782586,0.7991626277707837,0.022798994124379798,0.7159960107279408,0.8617013322977317,0.05595347601991857,0.04147299850191316,723037,MLP,10
-0.8440343330112228,-0.5700276320803126,0.45368916797488223,0.017180441652539336,-0.014453881417262766,-0.00010173170427562727,-0.06480309562357434,-0.06274800577118156,0.9372519942288184,-0.2639293518750492,0.5801049811361736,0.023052823735967183,-0.07005392303697763,-0.08430990942571559,-0.006481159089323537,-0.002495594097668493,62206,MLP,10
-0.47162635857239366,-0.37601338338331936,0.46938775510204084,0.018624177906865855,-0.014549437211422822,0.0010218515175698236,0.650919416691977,0.9173028191036832,1.9173028191036832,-0.2173035000450909,0.8319369835171528,0.023121117801953715,0.70158329250723,0.8443556232340851,0.07885948399098225,0.041900659827530475,854657,MLP,10
-0.5898611381999217,-0.4455957350362193,0.49921507064364207,0.016988983003399922,-0.017140865467780396,-0.00010273075218331443,-0.06543948914077191,-0.06334427711255719,0.9366557228874428,-0.3682224199492339,0.25636392421984056,0.02377702540832008,-0.06858722256667493,-0.08254473513646696,-0.013913773587240998,0.03218265135099114,791430,MLP,10
-0.48436475263224565,-0.38391155895684437,0.4976452119309262,0.017502012807735723,-0.014964824290098022,0.0011921417381803101,0.7593942872208572,1.1369814314394526,2.1369814314394526,-0.10500414489251853,1.1165836072523234,0.02296863100706764,0.8239351920786648,0.9916061571618846,0.05334841625295563,0.05082704164569758,774566,MLP,10
-0.71315105497888,-0.5099025621930937,0.45368916797488223,0.017254296915251585,-0.014414906580242685,-4.69319959446584e-05,-0.02989568141674681,-0.02945322566775188,0.9705467743322481,-0.7451130520184961,0.28011722214250767,0.02262909238221602,-0.03292320903662286,-0.03962308820901302,0.03250436227746143,0.020247933048143717,721176,MLP,10
-0.41881450958317146,-0.34217379559143957,0.49607535321821034,0.017496811560652567,-0.016659135842418665,0.00028478783006250993,0.18140984774981916,0.19890644772353583,1.1989064477235358,-0.21433914074623317,0.5486116104020766,0.023706432369769905,0.19070210894928652,0.22951002364736314,0.005026976273832269,-0.007221621474128149,630381,MLP,10
-0.42985563445836306,-0.3493969873997945,0.47095761381475665,0.017432169215796118,-0.014471191867322986,0.0005539389410533571,0.35285910545098886,0.42313061796085916,1.4231306179608592,-0.051124638122928445,0.7562605999464722,0.022883552101072263,0.38427198882457864,0.4624714101384261,-0.009764749381680711,0.009601421907398301,992932,MLP,10
-0.8488379072841781,-0.5720880835571217,0.45682888540031397,0.017605979099675304,-0.014010894298866795,0.0004326067356320278,0.27557049059760175,0.31728195751855615,1.3172819575185561,-0.031111279502511024,0.9031126406916883,0.022871978163304406,0.3002547037606431,0.3613565919119587,-0.0391152376560435,-0.00903828698006913,735474,MLP,10
-0.45138833473902196,-0.3632564754703488,0.48194662480376765,0.017725461343761354,-0.01537564783428741,0.0005773200113342071,0.3677528472198901,0.44448498637221623,1.4444849863722162,-0.26208175503597886,0.4761682971347909,0.02336816993040311,0.39218608426088775,0.4719960254703825,0.003930118528960431,0.03339892790894597,109195,MLP,10
-0.4360081493487087,-0.35338754355641877,0.5196232339089482,0.01764780629815406,-0.01618980034143331,0.0013930062483679742,0.8873449802104005,1.4286729090575285,2.4286729090575285,-0.33414791110953956,1.1428607387697411,0.023694930171388157,0.9332497917358881,1.1231662982141433,0.05845333368717438,0.05437668119453633,451955,MLP,10
-0.38782629591878504,-0.3214698035076273,0.5023547880690737,0.01762966903683605,-0.01690573623034233,0.0004432899635306367,0.2823757067690167,0.3262769176083584,1.3262769176083584,-0.20132938301139802,0.6369680500083632,0.023859071526594552,0.2949406478501867,0.35496112463374097,0.0018636035074078294,-0.023353782456049924,818174,MLP,10
-0.619409839680884,-0.46173799524581693,0.45054945054945056,0.01742594326559928,-0.01413648080702842,8.395201690274134e-05,0.05347743476704636,0.05493318668590064,1.0549331866859006,-0.3717070296606835,0.24770281002020056,0.022732868895850536,0.058624230792310016,0.07055427267996076,0.029328167769446332,0.022804071255201765,493384,MLP,10
-0.9794624275164097,-0.624487089989869,0.4552590266875981,0.0162013443730067,-0.015064384848332868,-0.0008303793943478209,-0.5289516741995612,-0.41077765699801316,0.5892223430019868,-0.955277103368644,0.02418532414776564,0.022778201993138066,-0.578705212625283,-0.6964718312045595,-0.0554924878327609,-0.0002858002705283409,849954,MLP,10
-0.713325628079474,-0.5099881125547916,0.46938775510204084,0.01769333677012555,-0.013635623037464685,0.0010698070763021615,0.681467107604476,0.9767757485928217,1.9767757485928217,-0.13259527878835797,0.8457587772227271,0.022460813640565458,0.7561017655034592,0.9099686156415796,0.04316547943423502,0.028881240518009735,399039,MLP,10
-0.7260170510671742,-0.5161677634583102,0.4631083202511774,0.016934196966006204,-0.014583696249911548,1.2502335168100911e-05,0.007963987502080272,0.00799578440454174,1.0079957844045417,-0.14583550772113085,0.5801815433460433,0.022739196630387724,0.008728031214128584,0.010504187192194496,-0.008152338664596512,-0.02141635141772478,34582,MLP,10
-0.9641004610202799,-0.6186739368354905,0.45368916797488223,0.01714935088098157,-0.015343187959147719,-0.0006016750473779161,-0.3832670051797322,-0.31836912398806716,0.6816308760119328,-0.4113340973872255,0.5527663636330544,0.02317566679644392,-0.4121260180559457,-0.4959937395074496,0.01018048602439878,0.005047513133766503,365448,MLP,10
-1.4382234662643896,-0.7626509570596287,0.3877551020408163,0.017164649411187925,-0.013852502654775051,-0.001825443690422061,-1.1628076307988522,-0.6873927381564122,0.3126072618435877,-1.2993200607470499,0.1389034055173397,0.022381174371109924,-1.2947497634734457,-1.5582315815460208,-0.08454855871432959,-0.13657360707004462,323938,MLP,10
-0.9446109699420049,-0.6111691916461877,0.4716981132075472,0.017419342771172523,-0.01576225860262747,-0.0001105598414010596,-0.07031605913107342,-0.0679008251095129,0.9320991748904871,-0.47878387467608263,0.46582709526592225,0.023162664576774256,-0.07577207130942709,-0.09119170193687237,-0.014346710287986245,0.0029148814643003215,583418,MLP,13
-0.6816639693242905,-0.4942253017987005,0.46226415094339623,0.016934000286574102,-0.016088525494705054,-0.000823395652415633,-0.5236796349363431,-0.4076630507216993,0.5923369492783007,-0.5279246330337628,0.15373933629052772,0.02341923834077125,-0.558130908069097,-0.6717106518382946,-0.0070154996800554145,-0.01600096902588965,556138,MLP,13
-0.4579420732334256,-0.36741588130135483,0.4528301886792453,0.017288729200345188,-0.012287817628632559,0.0011053356524139673,0.7029934749352833,1.019789857246229,2.019789857246229,-0.05160292732580274,0.855465503913365,0.02183552182938634,0.8035832459762771,0.96711258623619,0.03743878961316194,0.06028055997242079,148777,MLP,13
-0.38782629591878504,-0.3214698035076273,0.5015723270440252,0.01756706968195448,-0.01690573623034233,0.0003848692508254103,0.24477684352495999,0.2773362355458415,1.2773362355458415,-0.23892824625545472,0.5993691867643065,0.023832210710723903,0.25635934592544884,0.3085285205798058,0.017540185541654235,-0.04054111615983539,74217,MLP,13
-0.42229494453385996,-0.3444593372580482,0.449685534591195,0.017893177173493213,-0.014309008994423493,0.00017184830750131483,0.10929552357083594,0.11549195580197513,1.1154919558019751,-0.2221694565469079,0.20012548798695207,0.02303809998200801,0.11841286006161493,0.14250989914390677,0.0647200512002708,0.02883687259215637,657743,MLP,13
-0.8385437589349749,-0.5676603440053409,0.46540880503144655,0.017347958070073416,-0.015355784963519588,-0.0001351749981995734,-0.08597129885492905,-0.08237943239676215,0.9176205676032378,-0.25137844014716393,0.587165318787811,0.023074209933800424,-0.09299718510035336,-0.11192212959320898,-0.02480963047234872,-0.035546659231364006,39718,MLP,13
-0.7654990424962307,-0.5348982324976433,0.4716981132075472,0.016578444634548457,-0.016089527278327728,-0.0006801065647068869,-0.43254777515358,-0.35114614669854405,0.648853853301456,-0.48230383897134743,0.28319520352488325,0.023082362027388465,-0.46773189843443347,-0.562915426902071,-0.009641126602097943,-0.01613585531488565,744470,MLP,13
-0.4166018923133379,-0.3407166665310236,0.4339622641509434,0.01767606012499132,-0.012362282048590916,0.0006732249323976019,0.42817105700487446,0.5344485366903151,1.5344485366903151,-0.14319518026422884,0.4795513485569245,0.02184609514492464,0.48920021698600086,0.5887525522783281,0.03451966078553395,0.025568584668753894,172776,MLP,13
-0.5541212101470592,-0.42542302819076827,0.470125786163522,0.017306545765318652,-0.016531200914391572,-0.0006232036545906969,-0.39635752431968285,-0.3272338773157637,0.6727661226842363,-0.48997436594254395,0.06414684420451522,0.02362063242520628,-0.4188309245523974,-0.5040630957250215,-0.05512580407798202,-0.05116148707074139,245023,MLP,13
-0.5799479938850709,-0.44007251453862395,0.46855345911949686,0.017275159315828424,-0.015762465279466915,-0.0002825719942499156,-0.17971578834294633,-0.1644923613196546,0.8355076386803454,-0.49905218489402614,0.08089580899104476,0.023315910174974714,-0.1923875719145485,-0.23153847864004964,-0.01364532908832924,0.05265427702764083,554567,MLP,13
-0.4953628270923218,-0.39065022142537764,0.49528301886792453,0.017284490234842884,-0.016632015404733087,0.00016625389788708748,0.10573747905618802,0.11153003828665797,1.111530038286658,-0.055877582635730505,0.5774384002197621,0.023651577112602254,0.1115865888038358,0.1342944804134677,-0.039321134060888864,0.023311182013559955,368312,MLP,13
-0.6171457379823551,-0.4605179346771816,0.470125786163522,0.017860169432500343,-0.015198566583999323,0.0003431976753299204,0.21827372150983138,0.2439275107399943,1.2439275107399943,-0.009845630265772343,0.8311744613947667,0.02337798618079607,0.23304377693687306,0.28046822895847506,0.00684751884263049,0.010806836538435251,931208,MLP,13
-0.6352627416108589,-0.47020372949632616,0.4638364779874214,0.016655209779041873,-0.01573074660267903,-0.0007089586583273527,-0.4508977066961961,-0.362943994591454,0.637056005408546,-0.5631332578104775,0.07212948380038142,0.023169980403301527,-0.48573065676643673,-0.5845769359077201,0.03892043468162052,0.03045772415490647,130952,MLP,13
-1.7136876351942192,-0.8197999461898068,0.36163522012578614,0.015884590446227736,-0.012844997648781949,-0.002455366733919955,-1.5616132427730918,-0.790202655999399,0.209797344000601,-1.568547567809219,0.1451400673850003,0.02117251105098028,-1.8409596499265475,-2.2155952816486355,-0.05481228830167143,-0.09403929537836388,64113,MLP,13
-1.2057557926891604,-0.7005344199351258,0.4449685534591195,0.01676586730023739,-0.01621267138819248,-0.0015382587328062322,-0.9783325540647638,-0.6240625681392765,0.3759374318607235,-1.1096536090608424,0.09610218362831802,0.02336609340886714,-1.0450655968534786,-1.2577366405039165,-0.05749459129852706,-0.03702546145051416,15792,MLP,13
-0.8609146116050397,-0.5772247696969135,0.4591194968553459,0.01641754359436836,-0.015444783139289854,-0.0008161677206920577,-0.5190826703601488,-0.40493383049050835,0.5950661695094916,-0.8500729229981516,0.010841688606888056,0.022808356350041095,-0.56804886347693,-0.6836469130192895,-0.005860094540743282,-0.006579422544336875,286049,MLP,13
-0.548289229400325,-0.4220623160748552,0.4339622641509434,0.01750109709819694,-0.014464951643493705,-0.0005928927555902165,-0.37707979255537794,-0.31413865491678583,0.6858613450832142,-0.4931885281166615,0.05510070128366351,0.02291245786204358,-0.41077569107645384,-0.49436862073607174,0.024449998568098166,-0.023242586716776953,281015,MLP,13
-0.3066089243529859,-0.2640616477954256,0.46540880503144655,0.018152495881567293,-0.013546346830213118,0.001206573677156382,0.7673808586714586,1.1541169221580967,2.1541169221580967,-0.10361167992414266,0.8642131548131147,0.022513350136350176,0.850773572719831,1.0239061532633909,0.03317691170925531,0.018173221305881004,140200,MLP,13
-0.6315429038077127,-0.46822930330545776,0.4937106918238994,0.017222214921212013,-0.016844616739058297,-2.5457711817923612e-05,-0.016191104716199334,-0.01606073334739966,0.9839392666526003,-0.2817852885364118,0.4396231273185549,0.023612001954931666,-0.017115391032290178,-0.020598376295877255,-0.035385665042881015,-0.022462545321789977,342820,MLP,13
-0.5969802079198416,-0.4495285620068141,0.47327044025157233,0.018242157830982583,-0.014876231484307556,0.0007977232073627782,0.5073519598827261,0.6608872705124156,1.6608872705124156,-0.390920007828754,0.5506619064562983,0.023158018765502712,0.5468284423944082,0.6581081322932109,0.04451181968924565,0.0627924293835083,433908,MLP,13
-0.42207889776909724,-0.34431769451851557,0.49528301886792453,0.017236303167489482,-0.016320676815349624,0.00029952553464144237,0.1904982400319568,0.20985224433431493,1.209852244334315,-0.13877016509832174,0.53175999128689,0.023508115382976993,0.2022629367938459,0.24342348211201764,0.04103650079609058,0.017108611735849627,715797,MLP,13
-0.38782629591878504,-0.3214698035076273,0.5015723270440252,0.01756706968195448,-0.01690573623034233,0.0003848692508254103,0.24477684352495999,0.2773362355458415,1.2773362355458415,-0.23892824625545472,0.5993691867643065,0.023832210710723903,0.25635934592544884,0.3085285205798058,0.09149900502096092,0.014418421025897103,39533,MLP,13
-0.40618676180019975,-0.33381426224175736,0.48427672955974843,0.017441200957447025,-0.013524527053743619,0.0014714544359524795,0.9358450212657772,1.549366816968306,2.549366816968306,-0.35383597673899203,1.0514630477609899,0.0224832307602748,1.038934985261566,1.2503584483109458,-0.003670459462101028,0.06453385512946569,249469,MLP,13
-1.184288672371622,-0.6940362574264004,0.4229559748427673,0.01626295444971879,-0.01424115635475075,-0.0013392604327345436,-0.8517696352191706,-0.5733407677144666,0.4266592322855333,-1.1206480687524163,0.06364060361920565,0.021735595015050558,-0.9781236842085432,-1.1771720361647766,-0.0374878797497307,-0.058756675689032166,214814,MLP,13
-0.7803521870373515,-0.541755404923782,0.45754716981132076,0.016853806588000057,-0.014582166840636342,-0.00019872616809987666,-0.12638984291152155,-0.11872877753119104,0.881271222468809,-0.5528708754773106,0.22748131156004092,0.02267465062633731,-0.1391280584978137,-0.16744064432101505,-0.007568148123675348,-0.0047068242654688865,45994,MLP,13
-0.37251782353268936,-0.3110026289187259,0.49528301886792453,0.01802861739268424,-0.014989148568164527,0.001363990233199248,0.8674977883147221,1.380945763366337,2.380945763366337,-0.03284600796177983,1.2289037135869876,0.023412608513382706,0.9248296136767724,1.1130326123513585,0.06714043487824771,0.106888538996964,481556,MLP,13
-0.8725854687800165,-0.5821302378372992,0.4559748427672956,0.017663334815370035,-0.01454859896211876,0.000139232477302232,0.0885518555642193,0.09259090805951486,1.0925909080595149,-0.15076861568195454,0.721816853098062,0.02311019353231833,0.09563948709905863,0.1151021405408991,-0.009789316850371117,0.0035519339794819614,655870,MLP,13
-0.5077410074300133,-0.39814637280379817,0.5,0.01737982392449843,-0.016870547485016932,0.0002546382197407479,0.16194990775511542,0.17580134131707048,1.1758013413170705,-0.19617429546451604,0.3300340997575404,0.02379645035416628,0.1698680417539545,0.2044362198964933,-0.01842124134922601,-0.0215785750749388,17708,MLP,13
-0.612520713446429,-0.4580170379921308,0.48427672955974843,0.017198949024313823,-0.016962433592808093,-0.000418870941749052,-0.26640191895239695,-0.23386885701362947,0.7661311429863705,-0.4807845847626595,0.1317361286837695,0.023741166117276745,-0.280077651912711,-0.3370735062540835,-0.06549698348504453,-0.006901164181244026,594576,MLP,13
-0.4557108869194053,-0.3660028925388309,0.4921383647798742,0.016440272016511947,-0.0164698740225971,-0.0002735285662431187,-0.17396416813062388,-0.1596729923934499,0.8403270076065501,-0.3474767981097102,0.15701403022467275,0.023095689890477646,-0.18800613435229555,-0.22626541771763722,-0.08325063805307288,-0.010875155550595993,408144,MLP,13
-0.774387527260842,-0.5390139640664422,0.470125786163522,0.0171258586062967,-0.015711361955146736,-0.00027373782327317145,-0.17409725560173683,-0.15978482194807875,0.8402151780519213,-0.6291607807524997,0.14522674650834233,0.02330038164164109,-0.18649708385513403,-0.2244492751631744,-0.025844275069439742,-0.04032949548540264,414029,MLP,13
-0.38782629591878504,-0.3214698035076273,0.5015723270440252,0.01756706968195448,-0.01690573623034233,0.0003848692508254103,0.24477684352495999,0.2773362355458415,1.2773362355458415,-0.23892824625545472,0.5993691867643065,0.023832210710723903,0.25635934592544884,0.3085285205798058,0.07127023309444008,0.024810569687502625,250928,MLP,13
-0.5561491347853007,-0.426587046319029,0.4386792452830189,0.01793141714037491,-0.01526019308242184,-0.0006997225601572277,-0.44502354825999646,-0.35919081408667153,0.6408091859133285,-0.5505122685808601,0.005636866204440594,0.0234039577097369,-0.4746099537209261,-0.5711931677207139,0.004379817128941252,-0.017895958675933528,723037,MLP,13
-0.37219885271042585,-0.3107828238068897,0.49056603773584906,0.017006359707565002,-0.016067721650915138,0.00015729939286757144,0.10004241386377544,0.10521779363849526,1.1052177936384953,-0.18351046479256183,0.2677533746773406,0.02339020619312208,0.10675623929251674,0.128481153876724,0.014561114653047236,0.04226985564078468,62206,MLP,13
-0.38782629591878504,-0.3214698035076273,0.5015723270440252,0.01756706968195448,-0.01690573623034233,0.0003848692508254103,0.24477684352495999,0.2773362355458415,1.2773362355458415,-0.23892824625545472,0.5993691867643065,0.023832210710723903,0.25635934592544884,0.3085285205798058,0.020216897460453288,-0.026419179218841217,854657,MLP,13
-0.37959547055470466,-0.31586189274863774,0.4481132075471698,0.018590130584580995,-0.012971979271848491,0.0011714190128722692,0.745022492186763,1.1064888139877147,2.1064888139877147,-0.28954486682596325,0.8726306651024061,0.022579229653131038,0.8235754992685556,0.9911732667979091,0.02891729537558732,0.037530155207127755,791430,MLP,13
-1.0285820698481984,-0.6424864694415003,0.44339622641509435,0.01720185380282659,-0.01498342702137252,-0.000712594957812538,-0.4532103931687743,-0.364415603057031,0.635584396942969,-0.6072224905601615,0.4213595792880369,0.02298406559125968,-0.4921711617306282,-0.59232808483196,0.035333970327248075,-0.037454227345380495,774566,MLP,13
-0.8541405785581446,-0.574351154321255,0.4559748427672956,0.016278872409923772,-0.014662588420186709,-0.0005540606831866473,-0.3523825945067074,-0.29698889766900294,0.7030111023309971,-0.6168113682269905,0.23732921033115417,0.022595990844510392,-0.3892478419834069,-0.4684598503420537,-0.0221029224754561,0.013920058964083357,721176,MLP,13
-0.6222004919582105,-0.46323800336117826,0.4921383647798742,0.0167150593219217,-0.017371912717192715,-0.0005964060375656527,-0.3793142398917553,-0.31566946507817417,0.6843305349218258,-0.402976145820503,0.21922434613770747,0.023750364345539534,-0.3986318776905443,-0.4797535390637948,-0.024500843618579047,-0.036084917612559414,630381,MLP,13
-0.50571601401316,-0.3969263883574692,0.45440251572327045,0.017598900503962733,-0.013904199754944118,0.00041088825578556795,0.2613249306796206,0.2986495679721488,1.2986495679721488,-0.06356183695606887,0.4468956892469578,0.022401847331645876,0.2911656682643339,0.35041793599890636,0.004411904642308228,0.012815000861778034,992932,MLP,13
-0.6467492518640938,-0.47625442258828943,0.4811320754716981,0.017317432858796677,-0.014735693776757134,0.0006860935667640398,0.4363555084619293,0.5470586894526774,1.5470586894526774,-0.38155649048530904,0.4569184019110253,0.022915959432690397,0.4752756590735053,0.5719943442365606,-0.0015889724357813608,0.023408183258494357,735474,MLP,13
-0.46086337176166126,-0.36926115175107765,0.4559748427672956,0.018097844384082518,-0.013777939015514513,0.0007566163082011156,0.48120797201590904,0.6180277544062478,1.6180277544062478,-0.06212165532633662,0.8064369422263553,0.022584604883807032,0.5318185373695614,0.6400437087995339,0.035768646435759284,0.0076552346485684155,109195,MLP,13
-0.3511567037785426,-0.2961265544155537,0.5031446540880503,0.01809954593261409,-0.015350787283595412,0.001479569051604338,0.9410059168203588,1.5625578423146362,2.5625578423146362,-0.020507706562057137,1.2605896114164352,0.023366433932918165,1.0051782234287792,1.2097321791564628,0.04870988545534769,0.015626789345322085,451955,MLP,13
-0.6535188051311707,-0.4797879724018532,0.4716981132075472,0.017683306114304288,-0.015327120703697497,0.0002438353425297593,0.15507927784892672,0.1677505341860126,1.1677505341860126,-0.2338736082892865,0.786477326271779,0.023278874620479298,0.16627805794729902,0.2001156737163865,0.010751307257321567,0.004787467738817166,818174,MLP,13
-0.6038666322674544,-0.45330631937061083,0.4591194968553459,0.017111052073955326,-0.015666864581558106,-0.0006178839787123157,-0.3929742104610341,-0.324953843509195,0.675046156490805,-0.5105539511368988,0.09331268113055557,0.0231394204391959,-0.42389151907921946,-0.5101535221808166,-0.025334481935740682,-0.040963486344517026,493384,MLP,13
-0.4418874145485461,-0.35717799621285495,0.4308176100628931,0.017717374166975948,-0.012384829095910732,0.000583730171433529,0.3712523890317243,0.44954887745985395,1.449548877459854,-0.13841012259945273,0.7057970910864242,0.02194613433472407,0.4222351443282466,0.508160074859446,0.08129274753084313,0.052199987868087966,849954,MLP,13
-0.5109652844257653,-0.4000837905446072,0.46855345911949686,0.016582923030330144,-0.013927032589379332,0.00036851265381787537,0.23437404782816884,0.2641172440960622,1.2641172440960622,-0.1728520654141903,0.4113683411778766,0.02225126245453601,0.26290449963672397,0.3164056142906564,-0.0030525874396193694,0.04284935600967447,399039,MLP,13
-0.4210543703738949,-0.3436455857958912,0.4528301886792453,0.016951659945182957,-0.01463270578935784,-0.0003303514944714408,-0.21010355048383644,-0.18949968607499634,0.8105003139250037,-0.38626991685850953,0.034784453515385394,0.022834399213614152,-0.22966084408882237,-0.27639686864562174,0.014810949368194944,0.004095294282713708,34582,MLP,13
-0.7139964603738918,-0.5103167181216022,0.4748427672955975,0.016595990167331442,-0.0168221967217064,-0.0009538123813142164,-0.6066246745158423,-0.4548120462550528,0.5451879537449472,-0.6294432403792598,0.08455321999463195,0.023418720803974953,-0.6465469346925375,-0.7781193563510909,-0.03215069425431551,-0.023966573391579676,365448,MLP,13
-0.8178787162978551,-0.5586330733653415,0.4669811320754717,0.01675294252511926,-0.015345899571214466,-0.0003563459507567347,-0.22663602468128374,-0.202789105420481,0.797210894579519,-0.6193745126565773,0.19850420364127785,0.02279339884092115,-0.24817784473140575,-0.2986820823686001,-0.07219729282184444,-0.020856737624859806,323938,MLP,13
-0.7690563017131353,-0.5365497808125869,0.4755905511811024,0.017631480516557465,-0.016027181192096743,-1.9439718059621747e-05,-0.012344220967861474,-0.012268343608745846,0.9877316563912542,-0.038857230998473824,0.7301990707146615,0.023639548993699456,-0.013054223553083442,-0.015710760478075746,0.05998996208548268,0.02422879414085634,583418,MLP,16
-0.7761713610416336,-0.5398355535224385,0.4881889763779528,0.017785537495101086,-0.016519490983370744,0.00022784575415093697,0.14468205388584465,0.1556720704045178,1.1556720704045178,-0.038686315761879086,0.8812417307399301,0.02380695732293516,0.1519278237671961,0.1828451642072522,0.02033244000320639,-0.03770131618229401,556138,MLP,16
-0.7270410777055076,-0.5166629669629494,0.4582677165354331,0.017423654059596495,-0.01448925983000071,0.0001353983461769067,0.08597794982233609,0.08978229814690586,1.0897822981469059,-0.43415883645684517,0.2989129066791065,0.022987952546492055,0.09350037186365966,0.11252771495658942,0.0030598041237727552,0.043053811826908525,148777,MLP,16
-1.1618701457955467,-0.6870995361217284,0.44881889763779526,0.016761819331498517,-0.014463241968416177,-0.00044884437711588225,-0.2850161794685846,-0.2479979127731915,0.7520020872268085,-0.2850161794685846,0.8768539663269621,0.02201859194809877,-0.3235985122075495,-0.38945086972665105,-0.06157730057307311,-0.033729567782701586,74217,MLP,16
-0.38782629591878504,-0.3214698035076273,0.5023622047244094,0.01756706968195448,-0.01692807833782515,0.00040098027368619046,0.25462247379073233,0.28997452973957616,1.2899745297395762,-0.22908261598968238,0.6092148170300788,0.023847531991082214,0.2669192145869849,0.3212373244812178,0.026749600170504408,0.01362320985511359,657743,MLP,16
-0.7561644613197132,-0.5305363759136381,0.44251968503937006,0.017658952725307302,-0.014041024746263047,-1.3160699788610647e-05,-0.008357044365766342,-0.008322221343866176,0.9916777786561338,-0.1774290322791785,0.6916700766942085,0.022986515882501952,-0.009088790723630313,-0.01093836132908761,0.03678045954046174,0.0018854017496676156,39718,MLP,16
-0.36833855932127335,-0.3081171013729487,0.4818897637795276,0.018478150318449574,-0.013445300403406074,0.0019382837239763336,1.2308101647249714,2.424002418870163,3.424002418870163,0.015482496470212936,1.384908903761243,0.022867325803940398,1.3455574336659524,1.6193786220879303,0.07502545301246384,0.07568852073488326,744470,MLP,16
-0.7685979101952398,-0.5363372904649788,0.44881889763779526,0.017187645174782485,-0.015203792951771383,-0.0006659033989086247,-0.42284865830697527,-0.3448222186763543,0.6551777813236457,-0.4603848266906425,0.3082130835045973,0.02300363062083327,-0.4595313200106606,-0.5530460292413316,-0.050009361463964286,-0.034865097491553344,172776,MLP,16
-0.7228332429294824,-0.5146248796265855,0.47874015748031495,0.016897446429873907,-0.016313786861249374,-0.0004142358053415354,-0.2630397363918746,-0.23128864911121538,0.7687113508887846,-0.5708192156362202,0.1520140272932622,0.023487683211295334,-0.2799675681623318,-0.3369410204399941,0.005328088499745627,0.007581217517545075,245023,MLP,16
-0.7248305257817265,-0.5155933435612636,0.47874015748031495,0.01678812831733012,-0.01594029033239362,-0.0002718820339431983,-0.1726450915539317,-0.1585638053304459,0.8414361946695541,-0.41176687719234906,0.3130636485893774,0.023278993496481246,-0.18540292505400346,-0.2231324548421772,-0.05319747759603043,0.0010751684311935971,554567,MLP,16
-1.171235669637099,-0.6900163328913091,0.4456692913385827,0.016749598588197738,-0.01583351454992639,-0.0013122216080537468,-0.8332607211141294,-0.5653702332067954,0.4346297667932047,-0.8945499021447176,0.2766857674923813,0.023217199162971193,-0.8972172781597102,-1.0798011614125271,-0.021854018530849634,-0.03141812538390364,368312,MLP,16
-0.5121264312474523,-0.4007799770788839,0.48346456692913387,0.016885285684330523,-0.01614276874750253,-0.00017487471510450187,-0.11104544409135997,-0.1051019198251526,0.8948980801748474,-0.2995598683755816,0.2125665628718707,0.023207784324605272,-0.1196171940298274,-0.14395931529901218,-0.011750429620592688,-0.07438479877406244,931208,MLP,16
-0.4606485620934109,-0.3691256483951382,0.49921259842519683,0.017437989107303146,-0.01635770893686789,0.0005135292993560751,0.32609110509110906,0.3855415930159334,1.3855415930159334,-0.21277530421502888,0.7676019135160459,0.02356215295737514,0.34597962745576905,0.4163865460973788,0.022793721522554496,-0.0021200560269359924,130952,MLP,16
-0.5482678423286416,-0.4220499555480033,0.45511811023622045,0.017073918739005198,-0.014789219461323817,-0.0002877282173945495,-0.18270741804553836,-0.16698815568058767,0.8330118443194123,-0.355542529550803,0.25918964256379695,0.02310123878564196,-0.19771856794321752,-0.23795433335369204,-0.03255447467045346,-0.016227374574253293,64113,MLP,16
-1.589779507185085,-0.7960294191761237,0.4346456692913386,0.01573990328446651,-0.016377652002697776,-0.0024178956889066867,-1.535363762455745,-0.7846226692684253,0.2153773307315747,-1.535363762455745,0.054415744729340076,0.022946637498385547,-1.6727027712166642,-2.0130980967758343,-0.08132802222707054,-0.07474729319812383,15792,MLP,16
-0.6940540308642085,-0.5004532196198967,0.47401574803149604,0.017550836430417383,-0.016019760220810052,-0.000106768737314843,-0.06779814819492458,-0.06555092522567862,0.9344490747743214,-0.35853286144811136,0.3355211694160971,0.023545188538088468,-0.0719850324259218,-0.0866339999350664,-0.03548060016773279,-0.001289797221046514,286049,MLP,16
-0.38782629591878504,-0.3214698035076273,0.5023622047244094,0.01756706968195448,-0.01692807833782515,0.00040098027368619046,0.25462247379073233,0.28997452973957616,1.2899745297395762,-0.22908261598968238,0.6092148170300788,0.023847531991082214,0.2669192145869849,0.3212373244812178,0.04547814033978907,0.046069280762640545,281015,MLP,16
-0.6824291682023613,-0.49461217199512353,0.4519685039370079,0.01718972767396352,-0.014844814111199213,-0.0003662101862516474,-0.232543468269796,-0.2074847006708065,0.7925152993291935,-0.2868880184232694,0.39554114977909194,0.023016109252567585,-0.25257989604626613,-0.3039799519461158,-0.00518530866994533,-0.003919492399824455,140200,MLP,16
-0.6952048026760167,-0.5010277533314342,0.49291338582677163,0.017462130115123996,-0.01628178579632042,0.00035104204664351997,0.22291169961863488,0.2497102189749405,1.2497102189749405,-0.10171768115833402,0.8437702142164198,0.02359398840627324,0.23618811855454147,0.28425244468111494,-0.02363454663386982,-0.02750901370595862,342820,MLP,16
-0.43163549480959773,-0.3505539399938641,0.48346456692913387,0.017267225057888292,-0.016546812103370473,-0.00019892327107686424,-0.12631627713381022,-0.1186639437435908,0.8813360562564092,-0.3575246820128086,0.12399604739584902,0.02359396860057069,-0.1338396725441451,-0.16107607084057374,-0.01930523568920602,-0.03630437314462234,433908,MLP,16
-0.32928534169332124,-0.2805622981160716,0.494488188976378,0.018033496885019668,-0.016432300290363282,0.0006106293365189964,0.3877496286895621,0.47366077571593235,1.4736607757159323,-0.16164849494998634,0.7048115031229827,0.02383751934144873,0.40664634885740153,0.4893989566061654,0.028875564411374195,0.028231378399291834,715797,MLP,16
-0.6910453679774946,-0.49894798853058486,0.44724409448818897,0.017119533459035538,-0.015487757062239838,-0.0009043389393387233,-0.5742552264800906,-0.4368758874057763,0.5631241125942237,-0.5796268421490822,0.11141852582841238,0.02303494889924005,-0.6232241134638137,-0.7500503366573908,0.003084311207446284,-0.014562547812468424,39533,MLP,16
-0.9541079031441768,-0.6148444125734063,0.3937007874015748,0.01701445094776136,-0.013044297239836154,-0.0012101444100733544,-0.7684417003965791,-0.5362648561491482,0.4637351438508518,-0.8169372399479471,0.13717066319622973,0.02222080418585285,-0.8645252798458548,-1.0404563353514382,0.002542018521855841,-0.028453433038109873,249469,MLP,16
-0.6300509656975919,-0.46743534221408034,0.44724409448818897,0.01739416640366087,-0.01434178926701291,-0.00014807051036510796,-0.09402477408184495,-0.08973978889954382,0.9102602111004562,-0.11533683352172375,0.5316106736809161,0.022923684373498013,-0.10253790111891363,-0.12340438309893634,-0.002826785131746558,0.011114589074668698,214814,MLP,16
-0.8978601324524789,-0.5925594035264272,0.45354330708661417,0.016782537854699815,-0.014540430680950856,-0.000334107943521891,-0.21215854413640045,-0.1911635488762249,0.8088364511237751,-0.33529907441879914,0.5625610580336797,0.02267577496697893,-0.23389715171297817,-0.28149526566049726,0.004535161803562554,0.024631697795573202,45994,MLP,16
-0.6623671685520094,-0.4843706927904632,0.49291338582677163,0.017053067427393882,-0.017089146142425533,-0.00025999205210509857,-0.1650949530867365,-0.15218680221429037,0.8478131977857096,-0.41543400438422395,0.24693316416778543,0.023755554163208223,-0.17373814342469698,-0.20909388797821343,-0.04843631810408378,-0.03174848665696174,481556,MLP,16
-0.5901727042728453,-0.4457684416897022,0.48346456692913387,0.016986219865116003,-0.01674737482473419,-0.00043837707704283586,-0.27836944392220175,-0.2429829055187679,0.7570170944812321,-0.4856419852203544,0.1045307190524909,0.02364704503305576,-0.2942871021826445,-0.3541745823011015,-0.028896938495878603,-0.027107653356627497,655870,MLP,16
-0.5664884960842755,-0.43248522577243076,0.462992125984252,0.01714052846715635,-0.015019828840315282,-0.00012983663811581662,-0.08244626520354359,-0.07913908119859514,0.9208609188014049,-0.492496021613988,0.08702611737862753,0.022725922650812077,-0.0906934677541549,-0.10914960533788755,0.004888777247730568,0.0058819081240281115,17708,MLP,16
-0.6700465783651453,-0.48831525620736305,0.48976377952755906,0.0171458973456883,-0.01633121247459151,6.466335864789563e-05,0.04106123274141282,0.041915902959274165,1.0419159029592742,-0.09325403621369333,0.6668968379726721,0.023612802078820678,0.043472138211151506,0.052318726435773635,-0.009275487203498049,0.008779060334644454,594576,MLP,16
-0.770831397472648,-0.5373717196055536,0.5007874015748032,0.017608741064720775,-0.016409174198091164,0.0006265691933642643,0.39787143778630707,0.48865263312640983,1.4886526331264098,0.015482496470212936,1.0126759805516485,0.023745173084291752,0.41888418979253716,0.5041272004514528,0.039504964070748855,0.03242068604984773,408144,MLP,16
-0.4923977459257003,-0.3888407686114921,0.49763779527559054,0.016873425012236803,-0.016606254830514793,5.44992329647425e-05,0.034607012932610814,0.035212803606807785,1.0352128036068078,-0.10232001886652142,0.48240992668615945,0.02296615803271807,0.037670580389562044,0.04533655051668806,-0.07705293859828329,-0.011548360757742054,414029,MLP,16
-0.5383246014262113,-0.4162745937025296,0.48346456692913387,0.01710686625360263,-0.015833525025244877,9.198697885935171e-05,0.058411731575688464,0.06015140367055549,1.0601514036705555,-0.4587207869062695,0.48590301270269265,0.022999256510403153,0.06349109671643063,0.07641154672631392,-0.016732388430378765,-0.009315712238886997,250928,MLP,16
-0.38782629591878504,-0.3214698035076273,0.5023622047244094,0.01756706968195448,-0.01692807833782515,0.00040098027368619046,0.25462247379073233,0.28997452973957616,1.2899745297395762,-0.22908261598968238,0.6092148170300788,0.023847531991082214,0.2669192145869849,0.3212373244812178,-0.01752828890495971,0.039889864214447956,723037,MLP,16
-0.818257096601883,-0.5588000463255975,0.47086614173228347,0.01694906400161835,-0.016081938328305852,-0.0005287577036643763,-0.3357611418268789,-0.28520618022701705,0.714793819772983,-0.41189720520014816,0.4063598914017348,0.023297515148609962,-0.3602859907029169,-0.43360425693052873,0.024284161744472708,-0.010109062255285087,62206,MLP,16
-0.7548998767451849,-0.5299423239209892,0.48346456692913387,0.016576222539901896,-0.015754058275766376,-0.00012351306252202966,-0.0784307947014895,-0.07543395741347192,0.9245660425865281,-0.48741728852655797,0.2674825882186269,0.02300250418257462,-0.08523894037993035,-0.10258508062685576,-0.03676518205457089,0.02239124944181333,854657,MLP,16
-0.38782629591878504,-0.3214698035076273,0.5023622047244094,0.01756706968195448,-0.01692807833782515,0.00040098027368619046,0.25462247379073233,0.28997452973957616,1.2899745297395762,-0.22908261598968238,0.6092148170300788,0.023847531991082214,0.2669192145869849,0.3212373244812178,0.06162358337872819,0.10670036302279785,791430,MLP,16
-0.7148617718812602,-0.5107402634246372,0.48346456692913387,0.01791137873043146,-0.0157053488197706,0.0005471478068625225,0.34743885735770164,0.4154377643639553,1.4154377643639553,-0.1879355282853794,1.0128086586428253,0.023539160528482306,0.368989461353396,0.44407888547979557,0.0027485099443948662,1.4743611877726731e-06,774566,MLP,16
-1.0877005776492297,-0.6630095130452835,0.4409448818897638,0.017339241054911067,-0.014963144332099367,-0.000719572822866419,-0.45692874252017646,-0.3667745394943681,0.6332254605056319,-0.6422225132318999,0.44547806441732973,0.02298515460667766,-0.49696704818827203,-0.5980999350771852,-0.006651142970384809,-0.008323733989509934,721176,MLP,16
-0.47737672572839074,-0.3795912386795114,0.5070866141732283,0.017335581499797366,-0.017160098212017486,0.0003321992166508327,0.21094650257327885,0.23484629219528497,1.234846292195285,-0.1802399379103008,0.5932764260523982,0.023848590953488652,0.2211241363574144,0.2661229393005242,-0.006829520758917962,0.01886889345223962,630381,MLP,16
-0.38782629591878504,-0.3214698035076273,0.5023622047244094,0.01756706968195448,-0.01692807833782515,0.00040098027368619046,0.25462247379073233,0.28997452973957616,1.2899745297395762,-0.22908261598968238,0.6092148170300788,0.023847531991082214,0.2669192145869849,0.3212373244812178,0.06764009179937933,0.042806097013159364,992932,MLP,16
-0.5775323772431875,-0.43871830942479595,0.4409448818897638,0.018406783936994284,-0.013720946460061511,0.00044561182525443017,0.28296350903656275,0.3270567353547895,1.3270567353547895,-0.00995584111660719,0.8545016204679996,0.02292506891741776,0.3085647616082959,0.37135774807973304,0.021612489276642326,0.03449417395198194,735474,MLP,16
-0.6385091081247083,-0.47192085365282155,0.47716535433070867,0.01705450415444136,-0.016092455170433298,-0.00027587457919389484,-0.1751803577881219,-0.16069436818978267,0.8393056318102173,-0.5609543718946952,0.07755473623001308,0.023391132955578837,-0.18722364521062443,-0.22532369188986204,0.0077979387120363725,0.009303709645427434,109195,MLP,16
-0.6980864850902435,-0.5024635631123568,0.44724409448818897,0.017473087431323916,-0.01531424777983875,-0.0006503057326415883,-0.41294414022740966,-0.33830075583518493,0.6616992441648151,-0.6758565332838771,0.022229951806366444,0.0232234665699015,-0.44451948796288576,-0.5349792865752016,-0.004126899003760134,0.002485276791578662,451955,MLP,16
-1.2529282601244631,-0.7143329365626248,0.46614173228346456,0.016182845821792913,-0.016674568911640996,-0.0013583566894418836,-0.8625564977955946,-0.5779183489643341,0.42208165103566586,-1.1417898003637674,0.1111384597606957,0.023361503260762407,-0.9230246748770911,-1.1108603681696905,-0.06633347242819161,-0.05630652010772582,818174,MLP,16
-0.7603524053320143,-0.53249835209635,0.4692913385826772,0.016786927539654446,-0.015506288536375595,-0.0003513619369158276,-0.22311482994155085,-0.19997702257190286,0.8000229774280971,-0.6290273201502714,0.1313250851817429,0.023157487293337765,-0.24085937135002253,-0.2898742982907086,-0.005228427618837821,0.015847690081386825,493384,MLP,16
-0.693385822678465,-0.5001193068228772,0.44724409448818897,0.017655611378711297,-0.015318028926591079,-0.0005707630262668656,-0.3624345216794609,-0.3040201162193822,0.6959798837806178,-0.7021208638125245,-0.00873504113405943,0.023332574153569527,-0.38832329817884187,-0.4673471617010216,-0.04139180643150748,-0.040627449009879385,849954,MLP,16
-0.38782629591878504,-0.3214698035076273,0.5023622047244094,0.01756706968195448,-0.01692807833782515,0.00040098027368619046,0.25462247379073233,0.28997452973957616,1.2899745297395762,-0.22908261598968238,0.6092148170300788,0.023847531991082214,0.2669192145869849,0.3212373244812178,0.019553200889750707,-0.019247995329266156,399039,MLP,16
-0.8445984536701872,-0.5702701199731943,0.494488188976378,0.01698284432782463,-0.01638221324913012,0.00011641364719081233,0.07392266596616537,0.07672353490215733,1.0767235349021573,-0.3350493166963133,0.91190166152046,0.023498882087010595,0.07864243716967852,0.09464618778442048,-0.005777312541438033,-0.02800929582777631,34582,MLP,16
-1.214387300718954,-0.7031081359896112,0.47401574803149604,0.016428340698182737,-0.015295439075421444,-0.00025786787565001447,-0.16374610103775922,-0.15104245604196953,0.8489575439580305,-0.30811998717945244,0.9062673135395016,0.0227248756387825,-0.180134126389178,-0.2167914546675076,-0.005762024764008522,-0.003935682698393567,365448,MLP,16
-0.8531166203028988,-0.5739150844513161,0.44251968503937006,0.017313500455681325,-0.015529137526061538,-0.0009956237105186345,-0.6322210561793327,-0.4685898026140327,0.5314101973859673,-0.7185253791085415,0.13459124119435728,0.023227078254311695,-0.6804573632353478,-0.8189305634197147,-0.03942593537742128,-0.042775535101431325,323938,MLP,16
-1.0616087755679473,-0.6541011112119731,0.4519685039370079,0.017225628769335918,-0.016568749598582667,-0.0012947549661533227,-0.8221694035073597,-0.5605227838147944,0.4394772161852057,-0.9222425311363622,0.13936624443158507,0.02362349574460986,-0.8700489596225378,-1.0471040849917115,-0.023714264444122106,-0.061334729893876054,583418,MLP,19
-0.6265345404426625,-0.4655593218920604,0.48503937007874015,0.01724824378266907,-0.016488439117186535,-0.00012481969489437118,-0.07926050625792413,-0.07620076238622886,0.9237992376137711,-0.3463329406822595,0.5076623499971902,0.02363620037208774,-0.08383120794747988,-0.10089087438214776,0.0017768528046956489,0.024266945997197836,556138,MLP,19
-1.2516051639649959,-0.7139547214157751,0.4440944881889764,0.01675661201923194,-0.015665317107508826,-0.0012669170858696198,-0.8044923495272087,-0.5526850514243049,0.4473149485756951,-0.9682076836415945,0.2833974803234014,0.023312294187380206,-0.8627072515490668,-1.038268337957564,-0.020784124362988467,-0.049323521516162594,148777,MLP,19
-0.5911082411857933,-0.4462867033065857,0.4377952755905512,0.01733926982683279,-0.01363604087096408,-7.519618751914998e-05,-0.0477495790746616,-0.046627498389254396,0.9533725016107456,-0.43567099731626513,0.15543724386952817,0.022722687853850117,-0.05253350651000731,-0.06322408487153645,0.02106298121013963,0.001313288119907927,74217,MLP,19
-0.5049884974469023,-0.39648748267810874,0.46141732283464565,0.0176278989102054,-0.015013802418156717,4.764402154422767e-05,0.030253953680585255,0.030716254906183238,1.0307162549061832,-0.0819490640424192,0.5037656741096725,0.022935964666348063,0.032975521448193976,0.039686046206084416,0.027816836498591253,0.0024425129740532534,657743,MLP,19
-0.38841402335492603,-0.32186847715316025,0.46141732283464565,0.017216446483319024,-0.014369829863537967,0.00020462520674407667,0.12993700628248916,0.13875664655065623,1.1387566465506562,-0.3272710846777045,0.22773806794975826,0.022438626577389785,0.1447648519358661,0.17422452627381896,-0.032657329569837114,0.0032149219995618026,39718,MLP,19
-0.5749912019273324,-0.43729018045293966,0.4881889763779528,0.017406480481065134,-0.016500452354560435,5.253847857960778e-05,0.033361933898049756,0.033924683920541376,1.0339246839205414,-0.16000994940804958,0.5892153821569082,0.023705586215456112,0.035182529717667645,0.04234218106955113,0.01501202430527182,-0.03480793758441387,744470,MLP,19
-1.2603128589089465,-0.7164347033087993,0.48661417322834644,0.015154042434211567,-0.01804985039341583,-0.0018923655371373017,-1.2016521160821867,-0.6993029850625095,0.30069701493749046,-1.2058971141796064,0.054415744729340076,0.023256960618388844,-1.291672291073771,-1.554527842939694,-0.037648404408799595,-0.03367422926565385,172776,MLP,19
-0.44066788151394576,-0.35639357532749716,0.494488188976378,0.01778243780237717,-0.013991021949782818,0.0017205786205766087,1.0925674240661465,1.9819201065020438,2.9819201065020438,-0.11407490260899067,1.19676777730092,0.022861542653628806,1.194728599941884,1.437856092602319,0.0604324686873587,0.05722639925248736,245023,MLP,19
-0.8401593024063914,-0.5683582436186435,0.4393700787401575,0.016014047556877634,-0.013548730926798813,-0.0005597306166480577,-0.3554289415715175,-0.29912725473452917,0.7008727452654708,-0.37598021950725524,0.4641790828991361,0.022060234813150115,-0.4027812102770966,-0.4847472616047115,-0.03943545724069175,0.0019475167374395353,554567,MLP,19
-0.7659624412808625,-0.5351137101615344,0.4409448818897638,0.01664818865938287,-0.01488672699201807,-0.0009815673347074207,-0.6232952575392119,-0.4638253103798754,0.5361746896201246,-0.6324414057908143,0.13352103549004823,0.02253643289758985,-0.6914092592651788,-0.8321111723319026,-0.009222514962517836,-0.03673469100829719,368312,MLP,19
-0.8144389463159314,-0.5571122585330109,0.44251968503937006,0.017026206258747782,-0.015330131027116356,-0.0010118148423481337,-0.6425024248910631,-0.47402543603309943,0.5259745639669006,-0.663467775857498,0.15097117045843333,0.023115732960829815,-0.6948541368513249,-0.8362570831485937,-0.014760081019866625,-0.04138452674222401,931208,MLP,19
-0.5235611213756783,-0.407592846600739,0.49921259842519683,0.01720968051064716,-0.017110454008667696,2.25895230217682e-05,0.014344347118822043,0.014447720951262344,1.0144477209512623,-0.19564684474789829,0.5142435625657527,0.02381394579815649,0.015058300877411166,0.018122667911254244,-0.05635553026477852,-0.008577742748023918,130952,MLP,19
-0.41362952574854717,-0.33875411953427814,0.5307086614173229,0.017515824635684813,-0.016538401179658706,0.0015344714184054942,0.9743893506874883,1.6495487717475616,2.6495487717475616,-0.04536960180848837,1.3368023064449517,0.023716808946083447,1.0270765623487248,1.236086834126174,0.05618536534602126,0.07635976451599079,64113,MLP,19
-0.32267780252732337,-0.27579284550358574,0.5023622047244094,0.016814999054381972,-0.016777811060762097,9.794709157011881e-05,0.06219640314702701,0.06417133080294612,1.0641713308029461,-0.20908085064911575,0.31668236608857114,0.023489150367561773,0.066194896421919,0.07966557017557421,-0.0426787537942247,0.01318257945115798,15792,MLP,19
-0.5948970786048449,-0.4483806636219758,0.47401574803149604,0.01642711618988685,-0.01506704144001473,-0.0001383147524550831,-0.08782986780897772,-0.08408330961818122,0.9159166903818188,-0.47214325804634427,0.12275382055850059,0.022408384690799168,-0.09798468993560269,-0.11792459259158002,-0.01971206183371642,0.02255401403862831,286049,MLP,19
-0.7790052211057628,-0.5411377491786418,0.4440944881889764,0.01719975303178784,-0.01440088790840164,-0.00036721744362457846,-0.2331830767016072,-0.20799143806456644,0.7920085619354336,-0.4212299688388157,0.39175460770456993,0.02282790542180808,-0.2553627277570602,-0.3073290904284848,-0.018553465497040487,-0.008127357692861206,281015,MLP,19
-1.5534377019430394,-0.7884804187297014,0.42362204724409447,0.016222670104649013,-0.015326854740283,-0.0019617804358944783,-1.2457305767929938,-0.7122693779900305,0.28773062200996946,-1.4427786589876632,0.11065904295537621,0.022811201437468162,-1.3652195850841864,-1.6430420249827404,-0.0959281525600996,-0.08062774001154542,140200,MLP,19
-0.7474337550556811,-0.5264196822380895,0.47244094488188976,0.016541034404435776,-0.015908735497154637,-0.000578135543647355,-0.3671160702160705,-0.30727076485411686,0.6927292351458831,-0.6456843116993696,0.10174944335631153,0.02319397033699946,-0.3956897892909636,-0.47621273512680234,-0.01254261300763471,0.03148454027189082,342820,MLP,19
-0.7519675442563312,-0.5285619356361944,0.4692913385826772,0.017515577271425116,-0.015119639632622812,0.0001957849932138541,0.12432347069079697,0.13238210418461782,1.1323821041846178,0.00941919642900757,0.7613867406853387,0.023153424167498708,0.13423459063375845,0.16155135483499472,0.0034215270134857513,-0.009886854628060916,433908,MLP,19
-0.39416830832487904,-0.32575943361022575,0.5086614173228347,0.017104134128335783,-0.017301706104157908,0.00019921735268533906,0.12650301895519078,0.13485287724088435,1.1348528772408844,-0.24292288994365663,0.468519379677673,0.023833540967129908,0.13269020481202756,0.15969268621082985,-0.07269258275205966,0.012438137568388135,715797,MLP,19
-0.4710832030978054,-0.37567436957616607,0.46614173228346456,0.01758239453064365,-0.014568968231649914,0.00041812370163968327,0.26550855054119893,0.3040940048841321,1.304094004884132,-0.2631331155444059,0.49537152014636376,0.022796512690788813,0.29116330558244513,0.3504150925108131,0.08726955575635785,0.08117989436897403,39533,MLP,19
-0.8688979268717958,-0.5805864809924441,0.4755905511811024,0.01620726277452672,-0.01638940342783209,-0.000886736981985852,-0.5630779835610156,-0.430546405221205,0.569453594778795,-0.8589420857551886,0.00995584111660719,0.023231818235341536,-0.6059152604137191,-0.7292191287870451,0.007225696705237611,0.018657592224689205,249469,MLP,19
-0.9550022807052301,-0.6151887330890913,0.4692913385826772,0.016318406724631192,-0.01630828471404321,-0.000996861015263726,-0.6330067446924659,-0.4690071615233604,0.5309928384766396,-0.8193710520808963,0.13563122862433374,0.02329381088715773,-0.6793511849631914,-0.8175992776630987,-0.045931019405410764,-0.037247727319800805,214814,MLP,19
-0.44125852363868034,-0.35677360415209425,0.47716535433070867,0.017734053441978273,-0.01611205173549572,3.81370342280897e-05,0.02421701673483767,0.024512630152804027,1.024512630152804,-0.09239002084359527,0.4038012213695765,0.023658422869134867,0.025589476238685526,0.03079693942045587,0.026864271462888053,0.007624151439170689,45994,MLP,19
-0.4284925113333884,-0.34850953066916057,0.49921259842519683,0.017438245339492217,-0.01648748094197822,0.0004486690284566282,0.28490483306995884,0.3296354847730387,1.3296354847730387,-0.40626255952702195,0.4852439179103385,0.023680032286540892,0.30077661784639487,0.361984715611391,0.0015978463623828958,0.02893241936444931,481556,MLP,19
-0.6595756384176639,-0.4829292871135742,0.4818897637795276,0.017766021998230904,-0.014476410613154349,0.001060887621623428,0.6736636397308757,0.9614100732953177,1.9614100732953177,-0.5879605548088875,0.8341760644161695,0.023140215455668335,0.7277835820966377,0.8758876766359268,0.09233321215126492,0.06649978310324998,655870,MLP,19
-1.2991924490725069,-0.7272480347755883,0.38740157480314963,0.016677405568889372,-0.013536505768921056,-0.0018315889356905583,-1.163058974163505,-0.6874713000440007,0.31252869995599925,-1.2240374023040204,0.0751550467684865,0.021989710984303867,-1.3222353394440765,-1.5913104773471072,-0.05964263865108696,-0.07965635025820195,17708,MLP,19
-0.7546840886170685,-0.5298408801101699,0.4204724409448819,0.01841627495963117,-0.013954093522443145,-0.0003432456725000867,-0.21796100203755486,-0.19584319846818365,0.8041568015318163,-0.2637128397309425,0.490971248886126,0.02320106845983203,-0.23485367226253848,-0.2826464383200883,-0.046031046915360904,-0.023276905823454885,594576,MLP,19
-0.3395151952281594,-0.28788452392923536,0.46771653543307085,0.01739772499475826,-0.013601621639631608,0.0008972853688940458,0.5697762092477205,0.7678713738962022,1.7678713738962022,-0.17443658254524053,0.800360785860903,0.02258498275015914,0.6306829544424873,0.7590270531647713,0.05345144347664245,0.06015840963770315,408144,MLP,19
-0.48428371379668533,-0.3838616298439088,0.3763779527559055,0.0166469104121031,-0.01084455495697282,-0.0004973735031001516,-0.31583217446859635,-0.27081818477502384,0.7291818152249762,-0.4497145788609487,0.034569134935736656,0.02057494049606596,-0.3837464117578255,-0.46183887804067614,-0.05437168878665788,0.003853056491023618,414029,MLP,19
-0.6257311933804885,-0.46512980804215087,0.4818897637795276,0.017239707817876194,-0.014819058035420512,0.000629733068687824,0.399880498616767,0.49164643317799817,1.4916464331779982,-0.1645239435365511,0.46120724984393746,0.022756414780073474,0.43929163047963016,0.5286875591201784,0.03966340041476369,0.05152035353862205,250928,MLP,19
-0.5313812573149335,-0.4122074840086487,0.5275590551181102,0.017380986984600028,-0.017076004292697084,0.0011020934677667456,0.6998293520318839,1.0134090939819642,2.013409093981964,-0.10171768115833402,0.9455004952342279,0.023823788967465866,0.7343580589741302,0.8838000607827828,0.030156079233529216,0.08130904944178233,723037,MLP,19
-0.4796158891476807,-0.3809788811239806,0.4566929133858268,0.017121386414667008,-0.014549878489903505,-8.583625002090735e-05,-0.0545060187632771,-0.053047190644121,0.946952809355879,-0.2501945502099261,0.22942133893775463,0.022761586308070222,-0.05986437885899819,-0.07204679110925366,-0.0006590853464023191,-0.02097191677894564,62206,MLP,19
-0.40420347452163696,-0.33249171347934614,0.47401574803149604,0.01798911871461266,-0.013963098024123065,0.0011827558945532394,0.7510499930413062,1.119224019287902,2.119224019287902,-0.04047045996412635,0.7657680906759197,0.023141425017062355,0.811344493187355,0.9764532487006058,0.02636465414676889,0.051558143134246844,854657,MLP,19
-0.6336425360314024,-0.46934465487205845,0.4692913385826772,0.0182515403995917,-0.013899778687269802,0.00118855688420221,0.7547336214684037,1.1270448488002183,2.1270448488002183,-0.1363771993201226,0.8993444974494196,0.022970942391820123,0.8213749042632139,0.9885248502990199,0.02927862142053155,0.031212388279379676,791430,MLP,19
-0.7973862660837767,-0.5494950733726511,0.48031496062992124,0.017130971782237003,-0.014565067361752771,0.0006590144318171206,0.4184741642038716,0.5196410629923061,1.519641062992306,-0.12714459822927893,0.7648741563225485,0.022988039813627497,0.4550857692417132,0.5476958080627183,-0.02288626682486901,0.016096496449294728,774566,MLP,19
-0.35842823760140163,-0.30122623027885675,0.48976377952755906,0.01715291319573126,-0.015261100162840676,0.0006141095293103046,0.3899595511120424,0.47692105286023234,1.4769210528602323,-0.18728266038488073,0.5319952851659764,0.023042540556461065,0.4230734249972483,0.5091689458007572,0.013124384923637522,0.024831861065605854,721176,MLP,19
-0.6652717850902263,-0.4858662251782613,0.49133858267716535,0.017099742732095063,-0.015318016028680912,0.0006100796144090162,0.3874005551497248,0.4731464495064919,1.4731464495064919,-0.39720407638560573,0.4357029530674481,0.023313702955036483,0.41540864000613037,0.4999443756360337,-0.015546466639232709,0.0429220900770485,630381,MLP,19
-0.7436002982449281,-0.5246007483688067,0.4393700787401575,0.017045445579102196,-0.014918866619277498,-0.0008747042518004343,-0.5554371998932766,-0.42617866827772544,0.5738213317222746,-0.7281178017747152,0.015482496470212936,0.02283957921787359,-0.6079577646116281,-0.7316772829697373,-0.048153302814561885,-0.05478723112441773,992932,MLP,19
-0.5644556979550543,-0.4313304094445075,0.494488188976378,0.01727316284526241,-0.01695248702132044,-2.8307402254275013e-05,-0.017975200431465055,-0.017814610169838763,0.9821853898301612,-0.5100399532257143,0.23943651109766506,0.023791771612087745,-0.018887457692901625,-0.022731058852050734,-0.10522255860595998,0.0024920707754985077,735474,MLP,19
-0.9031701420644822,-0.5947171830249867,0.46771653543307085,0.017452746511682764,-0.016074921268415983,-0.00039347665315720044,-0.24985767475482135,-0.22108836602794546,0.7789116339720545,-0.3569069513123395,0.5462631907521427,0.0234826765486158,-0.26599387905600613,-0.3201236829972992,-0.0056860175941801545,-0.020910616803398903,109195,MLP,19
-0.9591563536014291,-0.6167839515223232,0.431496062992126,0.017018476066986143,-0.015049793962172363,-0.001212461697622077,-0.7699131779900199,-0.5369467302183731,0.46305326978162686,-0.7699131779900199,0.18924317561140924,0.02308625751480363,-0.8337095236962219,-1.003369567084526,0.032202713051838285,-0.00789370913749718,451955,MLP,19
-0.6711636469408404,-0.4888865240232494,0.47874015748031495,0.01753982993916811,-0.014623867703341762,0.0007741859711826492,0.4916080917009822,0.6349432458051865,1.6349432458051865,-0.00995584111660719,0.804651610998917,0.023160664298316955,0.5306333674755143,0.6386173566112565,0.02366982464449804,0.03612892550209196,818174,MLP,19
-1.0268304281016754,-0.6418596850258138,0.49763779527559054,0.0163547534639062,-0.01711418850726913,-0.00045877801452675823,-0.29132403922449157,-0.25272650714164446,0.7472734928583555,-0.3802483618801489,0.6465820662215265,0.023489063130215915,-0.3100538816791769,-0.37314990436245443,-0.02610692879942644,-0.01793984095948085,493384,MLP,19
-0.7573867503997462,-0.5311098456305487,0.48661417322834644,0.01803414424000972,-0.015790467086013348,0.0006690681891695291,0.4248583001226507,0.5293736922440047,1.5293736922440047,-0.11521259183064103,1.182245050522397,0.023692586909159864,0.44828909028988695,0.5395160036780065,0.04048536476276899,0.006250145656649963,849954,MLP,19
-0.8708494484635594,-0.5814041773950602,0.4377952755905512,0.017008228115373118,-0.013863621429340363,-0.00034807154992249224,-0.2210254342007829,-0.1983037104735097,0.8016962895264903,-0.4460060096989764,0.42484343876458297,0.022280845120885184,-0.24799169543757368,-0.29845805165879447,0.012756735820303457,-0.004268613244199597,399039,MLP,19
-0.46546886079158867,-0.37215933370218324,0.4456692913385827,0.018301835262888998,-0.015169061443683322,-0.00025211062799833546,-0.16009024877894262,-0.14793311250004249,0.8520668874999575,-0.3346413675808435,0.2124090142260684,0.023299352521426397,-0.1717701014944113,-0.20672534914847776,-0.038642503735070825,-0.0413709241713269,34582,MLP,19
-0.38782629591878504,-0.3214698035076273,0.5023622047244094,0.01756706968195448,-0.01692807833782515,0.00040098027368619046,0.25462247379073233,0.28997452973957616,1.2899745297395762,-0.22908261598968238,0.6092148170300788,0.023847531991082214,0.2669192145869849,0.3212373244812178,0.0222821148251179,0.009126318194969356,365448,MLP,19
-0.8448629007725685,-0.5703837457701055,0.4566929133858268,0.01548551818908389,-0.014844222023685174,-0.000992844603680403,-0.6304563233370573,-0.4676511776184027,0.5323488223815973,-0.666721779774889,0.17814112099767954,0.021717232725840353,-0.7257333229418211,-0.8734201893611515,-0.01913929183692103,-0.013240823830886591,323938,MLP,19
-0.5411860682652332,-0.4179425171039143,0.47003154574132494,0.017343572086295982,-0.015273291717919944,5.766319320993883e-05,0.03655846449510136,0.037234943662382,1.037234943662382,-0.28106914174531994,0.36428369637906144,0.02317247275847577,0.039502681640973474,0.047541484714073476,-0.02245111301264673,-0.04787779451952109,583418,MLP,22
-0.2975006092747208,-0.2573278692707106,0.5283911671924291,0.017315765315836857,-0.015969073588772108,0.0016183412898461954,1.0260283777624863,1.7899631218262315,2.7899631218262315,0.006747455336153507,1.1627742866421613,0.023459106896685594,1.0951129405439064,1.3179686279589287,0.10654420839387987,0.09143511338319055,556138,MLP,22
-0.46380801957275253,-0.37111572364932877,0.47634069400630913,0.017392346170618713,-0.015427908344501856,0.00020571446869437592,0.1304229731522355,0.13931017904191556,1.1393101790419156,-0.20900233910469979,0.37975248875773104,0.023240988525768703,0.14051106078804768,0.1691050878349584,-0.010173412672289557,-0.0015015439150240562,148777,MLP,22
-0.573962802242022,-0.43671119218694954,0.4810725552050473,0.017255385579125284,-0.01640367866555795,-0.00021122662355733957,-0.13391767933535448,-0.1253379355977604,0.8746620644022396,-0.43423186481049925,0.19943581484585593,0.02350323653466473,-0.14266625331817515,-0.17169886244646893,0.03548228750804913,0.036918788203863295,74217,MLP,22
-0.4161495895241387,-0.3404184033928832,0.49369085173501576,0.017352988710993084,-0.016853113682922742,3.412614246472469e-05,0.021635974322634866,0.021871729207307178,1.0218717292073072,-0.35990738711734593,0.4303336967150244,0.023771207159641303,0.022789575361805422,0.027427258193522434,-0.008791482787024981,-0.01674484690507102,657743,MLP,22
-0.7714734523360676,-0.5376686570076841,0.4668769716088328,0.01725471434564792,-0.015822042779070577,-0.00037926658204112153,-0.24045501301407057,-0.21372998342933713,0.7862700165706629,-0.2471427118707652,0.5243307404653024,0.02325739472946282,-0.2588712282740175,-0.3115515714542598,-0.03855644425609144,-0.02589599205865119,39718,MLP,22
-0.4106617112083768,-0.336788749411159,0.47791798107255523,0.017776723990344648,-0.015654980350980216,0.00032263229164034186,0.20454887289997714,0.22697142003192128,1.2269714200319213,-0.09100217884406447,0.6046329192522535,0.02355237488323959,0.21745700282819105,0.2617095434149343,0.04084846956562079,0.02069535064602107,744470,MLP,22
-0.7460917210810294,-0.5257836946989383,0.46845425867507884,0.01782492508428802,-0.015246011561713724,0.00024620954847951945,0.15609685373601678,0.16893941375674215,1.1689394137567422,-0.2271226479770121,0.7222102793548402,0.023209396540498337,0.1683996999791851,0.20266907029701325,0.0021480381894754355,-0.0046263286145260445,172776,MLP,22
-0.48371776671046973,-0.3835128294366362,0.4968454258675079,0.017188920783034214,-0.016831538509753823,7.137107577966616e-05,0.045249262044308125,0.04628862744985618,1.0462886274498562,-0.1958538423623395,0.4438786246555537,0.023557487579914486,0.04809429274040457,0.05788149027281512,-0.01852271042770543,0.027052920017942985,245023,MLP,22
-0.521485527518962,-0.406361972997517,0.44952681388012616,0.017574207963269528,-0.013833379675886466,0.0002851731272041618,0.1807997626474389,0.19817523583405228,1.1981752358340523,-0.028666305355727673,0.5117311385092762,0.02267739652125764,0.19962534265523993,0.2402491370748341,0.0060834380433008985,0.004437527313140408,554567,MLP,22
-0.54125270798977,-0.41798130396185196,0.48264984227129337,0.0173671325271178,-0.015135118704991816,0.0005520877256478419,0.3500236180607317,0.41910106461259233,1.4191010646125923,-0.024987963493913412,0.6716913461223157,0.02299032843378294,0.3812090361812453,0.4587851460615609,0.007902346943140959,0.016525119683036063,368312,MLP,22
-0.646953856026812,-0.4763615721516359,0.4589905362776025,0.016900526561547634,-0.015623059023789632,-0.0006950410343051763,-0.4406560157494823,-0.3563859383999459,0.6436140616000541,-0.5376325339111645,0.10932132211564749,0.023294920814320264,-0.47364120507149304,-0.5700272785406479,-0.0012394241372503498,-0.001458503224050583,931208,MLP,22
-0.5140868414891884,-0.40195354343726264,0.5047318611987381,0.0172189869932879,-0.016159232399627254,0.0006878183980586258,0.4360768643691699,0.546627670740907,1.546627670740907,-0.031200462486594915,0.6905450165813818,0.023293640978269782,0.4687450356435761,0.5641347377220168,0.037462546857577814,0.036207195766148385,130952,MLP,22
-0.4837899150479643,-0.3835573063565919,0.47003154574132494,0.017860800253890294,-0.014178407353055957,0.000881030922764205,0.5585736050325067,0.7481771299668802,1.7481771299668802,-0.21839973592250317,0.8993147561359365,0.023215575086786042,0.6024374697446816,0.7250336070689625,0.009996800932172535,0.017352533006597694,64113,MLP,22
-0.6742186071132892,-0.4904455727076198,0.46529968454258674,0.017263172880447493,-0.01519471993345025,-9.20726462265379e-05,-0.05837405770762416,-0.05670296609021197,0.943297033909788,-0.2861214284785092,0.5604270351486775,0.023148028498314887,-0.06314178967373807,-0.07599115563535917,0.01371359293771319,0.012877511352528305,15792,MLP,22
-0.39510252330001094,-0.32638902511149415,0.501577287066246,0.016084287920060683,-0.015706042419850158,0.00023926522698209177,0.15169415390664653,0.16380423701505276,1.1638042370150528,-0.2390314307394874,0.40700132953679713,0.02253709542801512,0.16853182079349843,0.20282807772165282,0.028633256396096672,0.025167692989396855,286049,MLP,22
-0.6988769701201818,-0.5028567028115702,0.4889589905362776,0.016403200591441652,-0.01579588497188412,-5.1852598649121395e-05,-0.032874547543542576,-0.03234005270791673,0.9676599472920833,-0.3499413411682326,0.3489356289519492,0.023150084003852378,-0.035556436210388565,-0.042792177603197756,-0.02308481468218659,0.012315336609611826,281015,MLP,22
-0.5187035114795435,-0.4047081630885948,0.5063091482649842,0.016758490643631354,-0.017423552767662893,-0.00011687148213378878,-0.07409651967282116,-0.07141793692112508,0.9285820630788749,-0.47494798369189084,0.3469860020904889,0.023755647870532904,-0.07809836518037183,-0.09399139704393186,-0.008804667571162916,-0.0008909432074779356,140200,MLP,22
-0.6325502282197704,-0.46876469920590247,0.48738170347003157,0.016947319226879483,-0.016628312502277996,-0.00026416391503878214,-0.1674799221345893,-0.15420640115159023,0.8457935988484098,-0.22690278024856525,0.4056474479712051,0.023625067571434823,-0.1775009588700277,-0.2136224370676636,0.004795830518414044,-0.013644814568040634,342820,MLP,22
-0.38782629591878504,-0.3214698035076273,0.501577287066246,0.01757362494362662,-0.01692807833782515,0.0003771923932500299,0.2391399773205194,0.2701563172188428,1.2701563172188428,-0.24456511245989532,0.5937323205598659,0.023858820570661007,0.25096561651300664,0.3020371662271054,0.005989552210565931,-0.02132518203291121,433908,MLP,22
-0.8971920899493853,-0.5922871249537935,0.4668769716088328,0.01727557093338849,-0.016100014882149426,-0.0005177224509203687,-0.3282360338835133,-0.2798069903109276,0.7201930096890724,-0.37781130167968513,0.5193807882697001,0.02353921434025419,-0.349144580653497,-0.42019556786046014,-0.07883734693722574,-0.03143821901497737,715797,MLP,22
-0.34066063311001926,-0.28869974099240014,0.5047318611987381,0.017364283865163088,-0.01638469400280605,0.0006494904100490355,0.41177691997108923,0.5094976599844732,1.5094976599844732,-0.34066063311001926,0.598853613168103,0.023648414480419964,0.4359844348974548,0.5247073486209155,0.06903910786172868,0.06590461599673604,39533,MLP,22
-0.44242553174262866,-0.3575238167314989,0.49842271293375395,0.017721608346889725,-0.01651341955181101,0.0005500959308221646,0.3487608201412513,0.4173101577553844,1.4173101577553844,-0.009975423105061054,0.7071910016256879,0.02381340838463891,0.3667052628525542,0.4413298521584971,0.042779540843031004,0.0004127323188189672,249469,MLP,22
-0.3635918075196969,-0.30482509799712076,0.4952681388012618,0.0170381629227942,-0.01577099108299649,0.00047833755709542937,0.3032660111985024,0.3542746687587113,1.3542746687587113,-0.23112026328271895,0.6167660443115892,0.023357369779513918,0.32509539321332004,0.3912523662959577,0.07566751850565136,0.03500998371789019,214814,MLP,22
-0.4707963180007937,-0.3754952341627035,0.49842271293375395,0.017652704177226617,-0.01666575826903058,0.00043934288714808645,0.2785433904518868,0.32120393178790496,1.321203931787905,-0.18480981124048412,0.7256778025239328,0.02381704630613476,0.2928302707408882,0.35242128538954703,0.008471290085479567,-0.01639857270250015,45994,MLP,22
-0.38374486059183255,-0.3186947671798467,0.4794952681388013,0.017102525105506652,-0.015128244535585646,0.00032625699578984167,0.20684693533075915,0.22979431931299943,1.2297943193129994,-0.18166267761444033,0.5801186963853979,0.02326097445312014,0.2226548701374415,0.26796517768995526,-0.043368291189622835,0.03716392153418566,481556,MLP,22
-0.40398207032922073,-0.33234390798446356,0.47003154574132494,0.017387424245931933,-0.014209348694072062,0.000642131331355684,0.4071112640795036,0.50247126744478,1.50247126744478,-0.20027713826857507,0.7914684033403319,0.022915706913481316,0.4448267255880665,0.5353490471143435,0.0654658845373568,0.03816995290579161,655870,MLP,22
-0.2726035655068699,-0.23860542912288496,0.5094637223974764,0.01729737383153834,-0.01610323507930665,0.0009131634667547579,0.5789456379225157,0.7841562919620035,1.7841562919620035,-0.13455504109151661,0.8473042053319659,0.023417335956426012,0.6190294516536683,0.7450020603874354,0.03721442375114254,0.0761683866195452,17708,MLP,22
-0.4496340663790761,-0.3621384761031241,0.46529968454258674,0.01774601628633302,-0.01603609712098893,-0.000317290409380137,-0.20116211954700702,-0.1822201572911234,0.8177798427088766,-0.27642969048065424,0.2379988472948753,0.023664723723131803,-0.21284123823135562,-0.25615446986274787,-0.013094363969078654,-0.0624093830071671,594576,MLP,22
-0.44215563742181985,-0.35735039265634616,0.5173501577287066,0.01716528518222287,-0.016109046641562885,0.0011054341757899986,0.700845267450859,1.015455586680976,2.015455586680976,-0.12514400510735868,0.7289559340297274,0.02355120040081319,0.7451095154685216,0.8967394406767281,0.04983216385270882,0.047897051094344584,408144,MLP,22
-0.7130644437020237,-0.509860112389932,0.4842271293375394,0.017048106665776067,-0.016189279858552404,-9.483559519461032e-05,-0.06012576735338371,-0.05835390220081704,0.941646097799183,-0.18627340867715247,0.5509138783290837,0.02357355727233281,-0.06386258910942069,-0.07685863789048472,-0.01490718850116501,0.025620126364188662,414029,MLP,22
-0.43486307133571245,-0.3526466977674537,0.4810725552050473,0.017527218178805863,-0.013668394287262655,0.0013389587129753544,0.8488998240263754,1.337074244092887,2.337074244092887,-0.0379262522328645,0.8593729235635692,0.0226500985719079,0.9384202260495943,1.1293889168739162,0.05234527634852245,0.061542878310135635,250928,MLP,22
-0.5454445894283708,-0.420415950889952,0.4889589905362776,0.018574780370375178,-0.01565904144102621,0.001079893514075416,0.6846524879238132,0.983082570638786,1.983082570638786,-0.03173541883006692,0.9152722105845896,0.023733818465903125,0.7222933009569877,0.8692801222615448,0.015600951886805596,0.01931747144653925,723037,MLP,22
-0.42182524304371327,-0.34415135650806017,0.5,0.01739197049254664,-0.015790897050017415,0.0008005367212646115,0.5075402812817629,0.6612000805803311,1.661200080580331,-0.2680397175154212,0.8892449590221077,0.02347259778236986,0.5414026430680021,0.6515781817930806,-0.00938409830793636,0.012358344658239317,62206,MLP,22
-0.6899943347380031,-0.49842108936605267,0.47318611987381703,0.016524327388518334,-0.0164303733258721,-0.0008366663632267853,-0.5304464742857817,-0.4116577686477718,0.5883422313522282,-0.6135817936647072,0.07641254107329587,0.02334728447558041,-0.5688741565845542,-0.6846401534280634,-0.03349181634901635,-0.057278937000275636,854657,MLP,22
-0.6007550363920018,-0.45160258026968614,0.47634069400630913,0.016822622304067975,-0.016723831152063783,-0.0007442902313196352,-0.4718800066566473,-0.37617163632209827,0.6238283636779017,-0.5523659759692237,0.04838906042277813,0.02362451316794789,-0.5001263326767325,-0.601902134547607,-0.024080734350233605,-0.016785808279943963,791430,MLP,22
-1.016489651558004,-0.6381370216146334,0.44952681388012616,0.01571399876150903,-0.015633369771716192,-0.001541887071449334,-0.9775564032988768,-0.6237706707500746,0.37622932924992536,-0.9775564032988768,0.03893324825912714,0.02252638192934092,-1.086579217274234,-1.3076982904140861,-0.05218016351190128,-0.03627498328843958,774566,MLP,22
-0.6263268786387926,-0.46544832745252906,0.46529968454258674,0.017278445115239186,-0.014682811044536361,0.0001887513641920073,0.11966836489773414,0.1271229960409339,1.127122996040934,0.0035194875672459602,0.7143220919733722,0.022791855120221558,0.13146516594864496,0.15821835171052998,0.022287787873063715,0.0008629278617232019,721176,MLP,22
-0.6254316303511587,-0.4649695567056602,0.4668769716088328,0.016871796866129246,-0.016109410038590267,-0.0007112440389104944,-0.4509287206692534,-0.36296375192286345,0.6370362480771365,-0.5864983820920315,0.049732641064110794,0.023057424186612517,-0.48967521260078173,-0.5893242095892063,0.004795305520369316,-6.433889062067947e-05,630381,MLP,22
-0.42125540945562534,-0.3437775254216575,0.5031545741324921,0.01762968813147444,-0.015459028872433082,0.0011897104402585571,0.7542764191239257,1.1260725811869894,2.1260725811869894,-0.2284989687614143,1.0456757096180809,0.023369746552331584,0.8081417442981899,0.9725987398158387,0.0035935920058371264,0.017879381546829286,992932,MLP,22
-0.6934178179944865,-0.5001353004077671,0.48264984227129337,0.017472445036266698,-0.016070133803024387,0.00011918658313187815,0.07556429370561091,0.07849256577255459,1.0784925657725546,-0.07434700895100832,0.6246326917516853,0.0235642153961777,0.08029244002759177,0.09663196653130676,0.004036221316321522,-0.00901756800085069,735474,MLP,22
-0.40388110841740854,-0.3322764967460542,0.5031545741324921,0.017392753425532457,-0.016627546561692956,0.0004899229902390733,0.31061117581157305,0.3642586612788068,1.3642586612788068,-0.09596045193211467,0.7102472861315619,0.023781214914192956,0.3270348630436322,0.3935865185980525,0.04529699600042289,0.03109799632585298,109195,MLP,22
-0.38782629591878504,-0.3214698035076273,0.501577287066246,0.01757362494362662,-0.01692807833782515,0.0003771923932500299,0.2391399773205194,0.2701563172188428,1.2701563172188428,-0.24456511245989532,0.5937323205598659,0.023858820570661007,0.25096561651300664,0.3020371662271054,0.007757842525286837,0.008688077879348043,451955,MLP,22
-0.9318489022734866,-0.6061751069169286,0.47318611987381703,0.016611826982849985,-0.016500538061962854,-0.000832226526562457,-0.5276316178405978,-0.4099993366969804,0.5900006633030196,-0.7337885913057107,0.19806031096777588,0.023443370045238023,-0.5635361518859637,-0.6782158637788648,-0.03967310695375971,-0.0286311513067363,818174,MLP,22
-0.5159653374321351,-0.4030759167626927,0.5110410094637224,0.016938392948405736,-0.017146879435747376,0.00027209257129617165,0.17250669020177156,0.1882797704198207,1.1882797704198207,-0.20215093018487096,0.5703684196396352,0.023743480978316772,0.18191669820323447,0.2189367801778092,0.006420433488273614,0.016567333147599617,493384,MLP,22
-0.7911241989131668,-0.5466651298608964,0.444794952681388,0.016985935373590923,-0.015112916729378867,-0.0008355093271115461,-0.5297129133887211,-0.4112260254571618,0.5887739745428382,-0.6963893993870443,0.09473479952612252,0.022998719803158003,-0.5766972900748671,-0.6940552960410677,-0.06287597004156621,-0.0433651249775308,849954,MLP,22
-0.5530994893924799,-0.4248356709671305,0.4794952681388013,0.017231270360800983,-0.014811480090446078,0.0005528671290793274,0.3505177598362934,0.4198024750161804,1.4198024750161804,-0.26071669353223115,0.5602002803152573,0.023145827199911234,0.3791825417961532,0.4563462596915762,0.0024718777279772786,0.03242236677615525,399039,MLP,22
-1.1632957262663695,-0.6875452831127518,0.4384858044164038,0.0163129775184002,-0.015007700085763563,-0.0012740275716349734,-0.807733480416573,-0.5541325107517181,0.44586748924828185,-1.0157649728116667,0.1475307534547028,0.022795624572582357,-0.8872123965508398,-1.0677602845323897,-0.03957106165817148,-0.035950860896684186,34582,MLP,22
-0.7932459778421617,-0.5476259865129602,0.49369085173501576,0.017343008984516056,-0.01683437368038792,3.8687477522088634e-05,0.024527860749003594,0.02483114327270819,1.0248311432727082,-0.2339156202506274,0.7363713618597103,0.02378997134816826,0.025815275574191648,0.03106868896280283,-0.035904735162999975,-0.01734794641878698,365448,MLP,22
-0.30525699898134917,-0.2630660412238669,0.4810725552050473,0.01775438739725777,-0.012721216356590808,0.0019397602126896597,1.2298079748452437,2.420572637231101,3.420572637231101,-0.1199528279248625,1.2597327603598387,0.022363139015612283,1.37694170455008,1.6571495979437185,0.10511401366694582,0.10561093497526641,323938,MLP,22
-0.6208075849899615,-0.46248982288383633,0.5086887835703001,0.017187588086322106,-0.016070963030250213,0.000847288880549607,0.5363338613879023,0.7097272611461474,1.7097272611461474,-0.097713986877352,1.1160860146428604,0.02353058607844596,0.571608966922754,0.6879314981795691,-0.003837056216224736,-0.007854417901800317,583418,MLP,25
-0.4671827035053866,-0.37323443231542786,0.4834123222748815,0.01658896788080859,-0.014928566793563292,0.000307397835753921,0.19458283003223187,0.21480410098072555,1.2148041009807256,-0.23549196374187886,0.3122293720171001,0.022164186529970313,0.2201655068724357,0.2649692285367642,0.009887095068522284,0.024990451829903264,556138,MLP,25
-0.3135452893329784,-0.2691487215128494,0.5150078988941548,0.01865864267843801,-0.014978039398443999,0.002345117563741679,1.484459417848484,3.412579406251245,4.412579406251245,-0.003227967768907547,1.7077989896115469,0.0236093937771628,1.5768124994903876,1.897694136889358,0.01953303699913542,0.06150549674562166,148777,MLP,25
-0.8166820354854281,-0.5581045818782555,0.47235387045813587,0.01793026757958581,-0.014408810156638282,0.000866678379113698,0.5486074139789707,0.7308409938091016,1.7308409938091016,-0.2311096745543182,1.3032598731278995,0.023273604112660582,0.5911457752855801,0.7114440506838449,0.03327641000448707,0.050644671721639174,74217,MLP,25
-0.6514590666065487,-0.4787153673839116,0.49921011058451814,0.016860116889543125,-0.01734489052907308,-0.0002694049930814218,-0.1705333606205386,-0.156785041014891,0.843214958985109,-0.6192732736835751,0.1339247058804176,0.023803388671443857,-0.17966650635107656,-0.21622867386453712,-0.02649300065821278,0.004833948113533061,657743,MLP,25
-0.562769367126748,-0.43037063536196507,0.48183254344391785,0.01791096575320584,-0.015032475169175264,0.0008407467602500711,0.5321926992382942,0.702661643358095,1.702661643358095,-0.5245647689425823,0.7151691613635194,0.02342562433211479,0.5697368347588763,0.6856783867715729,0.05540351871822771,0.04622455656489246,39718,MLP,25
-0.38782629591878504,-0.3214698035076273,0.5007898894154819,0.01760777689822433,-0.01692807833782515,0.0003671287867051589,0.23239252198436589,0.26161484321209527,1.2616148432120953,-0.2513125677960488,0.5869848652237124,0.023876342052007355,0.24409052273727094,0.2937629895872102,0.05107553873640979,0.028834628832329505,744470,MLP,25
-0.6217394525629061,-0.4629904778797108,0.4676145339652449,0.01774640134906779,-0.01516008859264997,0.0002274643658783989,0.14398494360102632,0.15486672025990988,1.1548667202599099,-0.09709126962297887,0.5918428511122329,0.023454146265083454,0.15395507577417464,0.18528496237531827,-0.006749745678913613,0.01930345234503292,172776,MLP,25
-0.5183386727876496,-0.40449093796986635,0.4849921011058452,0.017813817665803002,-0.016460122537273213,0.00016246773499281782,0.10284207625045383,0.10831636577845694,1.108316365778457,-0.2608339414564398,0.5744247031161649,0.023780723484886936,0.10845319061956686,0.13052343511496284,0.01490800064996261,0.027673902572797497,245023,MLP,25
-0.4732822213554755,-0.3770457646221914,0.5039494470774092,0.01671990849022322,-0.017028524645709718,-2.1020427127397753e-05,-0.013305930371643626,-0.013217797808416587,0.9867822021915834,-0.3367812187043455,0.3783278473038081,0.02365258634691034,-0.014107925911125167,-0.016978891462278704,0.028165487332939085,0.010816992517764482,554567,MLP,25
-0.5308692603139207,-0.41190645894785505,0.4976303317535545,0.017396730180345394,-0.015954843311123595,0.0006419112699391702,0.4063298338714958,0.5012976496196662,1.5012976496196662,-0.13982205116190016,0.6412817827640538,0.023621947666556137,0.4313795648018971,0.5191653866030465,0.04660975443446204,0.05041090220648483,368312,MLP,25
-0.36358380428100645,-0.30481953432418474,0.46129541864139023,0.01869922040504992,-0.014608833660243622,0.0007560190839360232,0.4785600801315013,0.613749059107833,1.613749059107833,-0.3603558365120989,0.5041815721688181,0.02349554107140597,0.5107961063168375,0.6147432091112015,0.027795918671135587,0.024177364989491783,931208,MLP,25
-0.6467938794557995,-0.47627779557053196,0.48973143759873616,0.017897778919154183,-0.015874524504876097,0.0006648342019949707,0.420840049862818,0.523240616376835,1.523240616376835,-0.08780199691136659,0.9677494250699965,0.023624320359314367,0.4467394451519767,0.53765100546584,0.016540347664933723,0.021167155395467388,130952,MLP,25
-0.45842665547388606,-0.36772234607118415,0.49921011058451814,0.018030383798483127,-0.014828208137994417,0.001575133176266094,0.9970593005764385,1.7102999206010399,2.71029992060104,-0.13159714062749117,1.4181363479929132,0.023220606203702768,1.0768221887875127,1.2959557048126287,-0.01263206637313472,0.03403860682921487,64113,MLP,25
-0.3575250059366226,-0.3005947905582814,0.4707740916271722,0.01806760144850861,-0.014531639385986908,0.0008152386056081394,0.5160460373499518,0.6753901061427945,1.6753901061427945,-0.29045130678969144,0.7864735589300835,0.022734675747797264,0.5692410923856308,0.6850817607330175,0.00983327433673152,0.014792163939604494,15792,MLP,25
-0.5781923209433444,-0.43908860154109053,0.47709320695102686,0.017182776248406324,-0.01589769620102666,-0.00011522751267158647,-0.07293901552111492,-0.07034247702333962,0.9296575229766604,-0.15208066545892507,0.42766766418571933,0.023348643691125985,-0.07834202622332954,-0.09428464315452437,0.007448746075658899,-0.03383441778499631,286049,MLP,25
-0.43192168112727813,-0.3507397759771831,0.5023696682464455,0.01814938307035056,-0.015860532557382526,0.0012250174736113464,0.7754360607959825,1.1715388437121552,2.171538843712155,-0.027595046269198065,0.8537673828850529,0.023757138902585056,0.8185560391360721,0.9851323455933636,0.01546542720262624,0.034226272917080025,281015,MLP,25
-0.3441100142663345,-0.2911490599564166,0.49921011058451814,0.017101692739259627,-0.015026835026867897,0.0010120508721783855,0.6406282020889194,0.8976726268448809,1.897672626844881,-0.15877901669591665,0.8151131923059438,0.022813743386787603,0.7042162813527806,0.8475244258002187,0.05935092703885035,0.09430353532326866,140200,MLP,25
-0.6041321069351397,-0.4534514334308959,0.4834123222748815,0.017550419130993106,-0.01670387738945868,-0.00014492836061468818,-0.09173965226909786,-0.08765735503452599,0.912342644965474,-0.3304819486238557,0.48873054873729416,0.02372947644204752,-0.09695394697220734,-0.11668409324311119,-0.009668739353755203,-0.022174961899002563,342820,MLP,25
-0.4679896037268918,-0.3737399656059335,0.49921011058451814,0.017609224640590917,-0.01685516937633406,0.00034980457208346263,0.22142629412883252,0.2478552705713517,1.2478552705713517,-0.12130428617820144,0.6617729648150998,0.023863734874388923,0.2326951527271965,0.28004865965718234,0.00640940361306047,0.015504766341256837,433908,MLP,25
-0.5342258663476969,-0.41387714801249265,0.4976303317535545,0.017820150575264253,-0.016595833505590643,0.0005306040701902274,0.3358723764304159,0.39916044756510094,1.399160447565101,-0.21813711424874782,0.846436336849365,0.023852771414340335,0.35312787515785443,0.4249894635385231,-0.022716106871061292,-0.02338407039640857,715797,MLP,25
-0.5141841967997607,-0.40201176360171087,0.4928909952606635,0.01656815558002423,-0.015486898682985011,0.0003127489158441868,0.19797006372937176,0.21892590317973526,1.2189259031797353,-0.40897729751122824,0.4080152498627285,0.02275093895478075,0.21822110879205972,0.2626291450847996,-0.0007902214121242728,0.025110687024729968,39533,MLP,25
-0.43124512865324505,-0.3503003687420637,0.46919431279620855,0.019814590224408252,-0.013482093127327928,0.0021405213362828872,1.3549500058670674,2.8765671461752986,3.8765671461752986,-0.02396726980805397,1.6071203407282155,0.02340557181856208,1.451779219683282,1.7472165613484005,0.07180328470909474,0.06593175127211504,249469,MLP,25
-0.30800172686576843,-0.2650859510899408,0.5086887835703001,0.0176436013826104,-0.016050723055659518,0.0010892018560670416,0.689464774890439,0.9926487321432034,1.9926487321432034,-0.22822553611877083,0.7146559720622463,0.023677577752743335,0.7302496738804647,0.8788556185571837,0.013492398668300846,0.047380806612621805,214814,MLP,25
-0.9158976524740865,-0.5998427373336401,0.47709320695102686,0.016558133783568914,-0.015724072832306615,-0.000322451350482901,-0.2041117048556771,-0.18462871483172094,0.8153712851682791,-0.5264989447223343,0.3893987077517522,0.022726995742925242,-0.22522803091392019,-0.27106197716381497,-0.06983925586970245,-0.03392164724248072,45994,MLP,25
-0.48208402725867927,-0.3825048268419663,0.49921011058451814,0.017317893003679804,-0.01644525151538861,0.00040965159365660003,0.2593094587846281,0.29603481213503025,1.2960348121350302,-0.3187143740342435,0.4722104986776685,0.023631082182336952,0.2751891511274321,0.33119019464829585,0.05428951611588329,0.04759977247587122,481556,MLP,25
-0.44263970374595374,-0.35766140240873223,0.5134281200631912,0.01712878612960384,-0.01685737726425091,0.0005920747152163789,0.37478329473196936,0.45467614447529847,1.4546761444752985,-0.003227967768907547,0.6508760376800637,0.02369591279774831,0.39664624040499913,0.47736382422072643,0.05127651077546986,0.033446239683101675,655870,MLP,25
-0.7085673737201432,-0.5076509553706783,0.4928909952606635,0.016889304539220645,-0.016610494081426078,-9.874499826371258e-05,-0.0625055839009292,-0.06059218276135314,0.9394078172386469,-0.2223175967919815,0.48624977692816174,0.023604578421338816,-0.0664078054572102,-0.0799218062392111,-0.11367848089294441,-0.05014729501823131,17708,MLP,25
-0.47212740715258406,-0.3763259526788929,0.46445497630331756,0.017674446712429133,-0.015447217627796519,-6.369580153057532e-05,-0.04031944236885465,-0.03951742868618602,0.960482571313814,-0.21857036411711306,0.42133486524653563,0.02336548147016727,-0.043274926893502576,-0.052081382578243615,-0.028172972656420946,-0.006577832917841972,594576,MLP,25
-0.6232741100411658,-0.4638139715067804,0.4391785150078989,0.016764873722566583,-0.014048440928396098,-0.0005158951575151751,-0.32656163470710453,-0.278600089593839,0.721399910406161,-0.6232741100411658,0.0,0.02257871446363514,-0.3627124896501914,-0.4365245488656188,-0.019711652085262165,-0.02723546819602943,408144,MLP,25
-0.6851918772154022,-0.4960064845758191,0.47393364928909953,0.017746924837313903,-0.01579018475751183,0.00010417997937240374,0.0659459269427316,0.06816895644320398,1.068168956443204,-0.19610329827810347,0.5838251589539141,0.023610509817496943,0.07004532790061721,0.08429956517750459,-0.055703069210086685,-0.049286820648042566,414029,MLP,25
-0.5078822035284247,-0.3982313461886767,0.4660347551342812,0.0168347040900637,-0.014887367936929092,-0.0001037798674774753,-0.06569265611324226,-0.06358137739192127,0.9364186226080787,-0.10633747686370043,0.4015447266647243,0.022831333293548032,-0.07215760470324337,-0.0868416907029723,0.020267299088467482,0.05697824660614883,250928,MLP,25
-0.6533220931887627,-0.4796856304178252,0.48973143759873616,0.017205251594949064,-0.015560375796123915,0.0004859820099307813,0.30762661228618526,0.36019301474726784,1.3601930147472678,-0.07769566500610381,0.6038305088677589,0.02319155556299323,0.3326523405734545,0.40034715385170294,-0.005660781891480382,0.027356318543555736,723037,MLP,25
-1.0227978540024196,-0.6404125417726272,0.4628751974723539,0.017257956744821997,-0.01580314620522425,-0.0004999816485677707,-0.31648838354340114,-0.271296523537074,0.728703476462926,-0.5830748227326694,0.4397230312697502,0.023459723814427035,-0.33832293491697,-0.4071717152005287,-0.0458647524543137,-0.007388443332930596,62206,MLP,25
-0.6015790923556779,-0.4520543042853824,0.4802527646129542,0.01702417416216026,-0.014778944918135275,0.000494590943491649,0.3130760672302131,0.3676255585592203,1.3676255585592203,-0.26571959495595365,0.484205856171684,0.02238981595584911,0.35066781426808136,0.4220287797993836,0.033297649155103345,0.048607247807281324,854657,MLP,25
-0.5121536389342509,-0.4007962802478042,0.5197472353870458,0.017500621879209137,-0.016766557841648183,0.0010437140827784502,0.6606710143987584,0.9360910435945768,1.9360910435945768,-0.1940498359635967,1.0881136399420939,0.023817648947771403,0.6956374012253742,0.8371997419686805,0.09558371099150634,0.08152771614110726,791430,MLP,25
-0.5282365464954637,-0.4103561370743355,0.5071090047393365,0.016990850232858665,-0.0169290757393915,0.00027202416122825215,0.1721912940574839,0.18790505065758545,1.1879050506575854,-0.13607147289440036,0.5745648600295681,0.023702741710800966,0.18218355243256962,0.21925793929252774,0.04782666611114843,0.07345651585839987,774566,MLP,25
-0.34806274020229466,-0.29394542318225825,0.4802527646129542,0.018295525979397098,-0.015097899652233664,0.0009393853272540945,0.5946309121518425,0.8123619007456782,1.8123619007456782,-0.03146505216136575,0.8256033061206836,0.023354860580594154,0.6385086186065679,0.7684452414441264,0.06768937014773076,0.02720186632661129,721176,MLP,25
-0.37962089010397904,-0.3158792830099383,0.5055292259083728,0.01692781683256044,-0.015879006922988104,0.0007058012946667674,0.446772219524064,0.5632581790373059,1.563258179037306,-0.17895082524046302,0.7055150361538836,0.023230863745392946,0.48230011277631013,0.5804482755765087,0.04183194255476687,0.028747147102014828,630381,MLP,25
-0.4850309142475453,-0.38432183675706355,0.49447077409162715,0.017170960660798835,-0.01667507556897476,6.080016549464898e-05,0.03848650475811155,0.03923670351265662,1.0392367035126566,-0.45284512132457166,0.4638484840197634,0.023693794776602446,0.04073525218406867,0.04902488359231058,-0.0038845851655156167,-0.006478837267913902,992932,MLP,25
-0.35133855647291057,-0.29625454406014373,0.49921011058451814,0.01734160348548323,-0.015874068752161036,0.0007075306587324658,0.4478669069776515,0.5649703951523808,1.5649703951523808,-0.15841956017538905,0.6612044641351531,0.023371852033418027,0.48056529673811665,0.5783604241513548,0.03653474347841995,-0.024686383478077795,735474,MLP,25
-1.075655093849491,-0.6589257535417219,0.43285939968404424,0.017567598173162925,-0.014842392664277188,-0.0008134234866174874,-0.5148970670288691,-0.4024378997048792,0.5975621002951208,-0.5921248271060904,0.4835302667434007,0.023257774291667813,-0.5551991938299835,-0.668182333205357,0.04810442451364323,-0.038985918010553185,109195,MLP,25
-0.39624755806289613,-0.3271598916756717,0.5102685624012638,0.017543122218157018,-0.01507773014886733,0.001567665292758049,0.9923321303158446,1.6975181061277196,2.6975181061277196,-0.10010605148454488,1.1132108593828889,0.023342924560784267,1.066100991628029,1.2830527420338822,0.04816415051072811,0.0738261520028595,451955,MLP,25
-0.3802829415508313,-0.31633205622432436,0.4660347551342812,0.017543740601073388,-0.015212401637735417,5.309908967152978e-05,0.03361172376207833,0.034182980085292414,1.0341829800852924,-0.3677886931127432,0.33510812491840625,0.023037217727484648,0.03658957113050443,0.04403555567202533,0.005199867679327906,0.004511193883951036,818174,MLP,25
-0.7624816077586729,-0.5334926987811901,0.48657187993680884,0.017707593640895906,-0.015528983016120037,0.0006430005705480666,0.4070193611569266,0.5023331922890661,1.5023331922890661,-0.11285596946254373,0.9585779090175492,0.023219134950474247,0.4396080059411722,0.5290683170470836,0.003228669810871036,0.022913169494309174,493384,MLP,25
-1.076295270349874,-0.6591440313835631,0.4676145339652449,0.016391161218095748,-0.017334498998375927,-0.001563890113580325,-0.9899424418963463,-0.6284019211127405,0.37159807888725943,-1.0302089529559453,0.046086317393928766,0.02342657830383465,-1.0597358943424042,-1.2753923462648455,-0.10214535750953097,-0.06924396592402529,849954,MLP,25
-0.6234647295132163,-0.46391616926370194,0.47709320695102686,0.016568717780603568,-0.016294488186758826,-0.0006156758610977794,-0.3897228200748941,-0.32275543291696285,0.6772445670830372,-0.424382291666916,0.1990824378463003,0.023188358955374876,-0.42148525123966113,-0.5072575783876319,-0.021257878024580033,-0.007741267908931263,399039,MLP,25
-0.7261827664005978,-0.5162479352356799,0.46129541864139023,0.017490494547255615,-0.014539865808491415,0.0002355926810474994,0.14913016710306692,0.1608240804830423,1.1608240804830423,-0.06759955361485481,0.8374870636707783,0.022829681404163724,0.16381822428191078,0.19715526344183645,0.032073543017759686,0.011275460220498176,34582,MLP,25
-0.3050441275918274,-0.2629091523700947,0.49447077409162715,0.0175845877878624,-0.01499004765807399,0.0011171575466307334,0.7071607270172535,1.02822439294604,2.02822439294604,-0.016739854123443365,0.9283375789364072,0.023222993461524823,0.7636537594244903,0.919057441732441,-0.003896082993339439,0.04773603750807161,365448,MLP,25
-0.3417723893071525,-0.2894900940420174,0.49921011058451814,0.01744207128524666,-0.016501117885890485,0.0004436653338241066,0.28084015631065995,0.32424191530384117,1.3242419153038412,-0.2615914953075844,0.5903209236876137,0.023521295022989004,0.29942946699791195,0.360363419314274,0.026576800998566588,-0.0018357063565701537,323938,MLP,25
-0.7724245135359524,-0.5381081533823924,0.4541139240506329,0.017247650466964755,-0.014956933376558575,-0.00033238343495858164,-0.21006633089382376,-0.18946951902420783,0.8105304809757922,-0.2143113289912435,0.5581131845447089,0.02308440700814098,-0.22857088991049787,-0.2750851085889549,-0.02241129192959405,-0.01697990833196355,583418,MLP,28
-0.6044837594618002,-0.45364359482627226,0.47310126582278483,0.016638699984779248,-0.016144006947682896,-0.0006344668008376707,-0.4009830181294092,-0.330338566954829,0.669661433045171,-0.619158218114535,-0.014674458652734756,0.023287336587727695,-0.43250322693266496,-0.5205177141867585,-0.00972913212720929,-0.015036568658338864,556138,MLP,28
-0.5503445685899351,-0.4232489541561648,0.5063291139240507,0.01709149007123756,-0.01710180090588974,0.0002112578167063634,0.13351494015842036,0.14283834019341568,1.1428383401934157,-0.169752596588296,0.6240833255014877,0.02376639859779626,0.14110736464093418,0.16982273963299588,-0.029027224410141005,-0.015028473877756547,148777,MLP,28
-0.5530396796239074,-0.42480126949295804,0.4920886075949367,0.01758388256974379,-0.015355753340199925,0.0008534662294084529,0.5393906569861429,0.7149615439026953,1.7149615439026953,-0.06392121175304055,1.0115213685003255,0.023264053850926218,0.5823729801889708,0.7008859901507454,0.012673041684486765,0.03704557101387969,74217,MLP,28
-0.5831819222403283,-0.44188035512170687,0.49841772151898733,0.0167914812374557,-0.016345066966784633,0.00017077588817692585,0.10793036132781708,0.11397016728197995,1.11397016728198,-0.1706905632145208,0.6119925104812864,0.02333718102308003,0.11616583757793274,0.13980560716618565,-0.022447144667984743,-0.00642879955904542,657743,MLP,28
-0.3546059758227784,-0.29855022306486834,0.49841772151898733,0.01774801405387864,-0.014868559424349002,0.0013881188124258512,0.8772910894531378,1.4043776326206712,2.404377632620671,-0.048925647046417,1.1620687754239043,0.023117977660133893,0.9531847175946742,1.1471579851989744,0.029338920560780187,0.03008173261172977,39718,MLP,28
-0.73841176667338,-0.5221277141826666,0.439873417721519,0.017864389167286176,-0.014291981210471982,-0.00014724867088848972,-0.09306116000152542,-0.08886222659558174,0.9111377734044183,-0.22559537106280914,0.5128163956105709,0.022743943064146854,-0.1027746234565296,-0.1236892784763574,0.048219842252797726,-0.007305145560875023,744470,MLP,28
-0.38782629591878504,-0.3214698035076273,0.5,0.017561643936120693,-0.01692807833782515,0.0003167827991477721,0.20020672906139225,0.22165528370723142,1.2216552837072314,-0.28349836071902246,0.5547990723007388,0.023861603982518156,0.21074740158674274,0.25363453707088446,-0.0018923335881938772,-0.021996630243663322,172776,MLP,28
-0.4413399398836191,-0.35682597109810077,0.4762658227848101,0.016947867410375954,-0.015489024269275259,-4.044136488441305e-05,-0.02555894260694913,-0.025235077913241755,0.9747649220867582,-0.2621945114751725,0.1791454284084466,0.02328993525326745,-0.027564987107252553,-0.033174467118804576,0.03851248138803552,0.028266610214819844,245023,MLP,28
-0.3737968652276322,-0.31188332194243196,0.5158227848101266,0.017535037664438168,-0.016600458978703745,0.0010074079606384422,0.6366818311234965,0.890198464297574,1.890198464297574,-0.04469066282217682,0.7496078257117915,0.02376326865488309,0.6729758362821094,0.8099265443377194,0.07009598594360344,0.06519582881019588,554567,MLP,28
-0.7246183641436801,-0.51549056014859,0.4541139240506329,0.017828590139367505,-0.014163355784720794,0.00036463231688259323,0.23044762426980014,0.25916351594996945,1.2591635159499694,-0.10412556654773653,0.926908580617237,0.02276765413609243,0.2542360555941442,0.30597314027052175,0.008165538951345318,0.001300447685206467,368312,MLP,28
-0.4869352025543776,-0.3854931498712033,0.46044303797468356,0.01798529716670038,-0.01491930083327595,0.00023139223316884922,0.1462398913627112,0.15747382272102017,1.1574738227210202,-0.5016096612071124,0.17516322757546732,0.023091412738160184,0.1590737590337898,0.19144529863185153,0.025405521401969187,0.001583973088942566,931208,MLP,28
-0.4250632658950053,-0.34627157489238325,0.47151898734177217,0.01814715094134966,-0.013589661375737411,0.001374848229471367,0.868904081025903,1.3842964254927335,2.3842964254927335,-0.11448777263103693,1.0259192700596032,0.023012611051254853,0.9483947295342701,1.141393233675926,0.05800328880341051,0.05027113190074066,130952,MLP,28
-0.7097652951051714,-0.5082403976968658,0.44936708860759494,0.017394404846412033,-0.014665034287295332,-0.00025857746138885883,-0.1634209555977577,-0.1507663764872248,0.8492336235127752,-0.26148913437464216,0.4482761607305292,0.022955184292022857,-0.17881755566277088,-0.21520696155300573,-0.04021375830408511,-0.020417817060469683,64113,MLP,28
-0.8817853124892281,-0.5859569447969419,0.4509493670886076,0.017368242956236873,-0.014838571830372143,-0.0003149290864107989,-0.1990351826116239,-0.18047894006545784,0.8195210599345422,-0.33447369504028757,0.5473116174489405,0.023049402959919495,-0.2168969091423239,-0.26103547055965043,-0.02240749484984072,-0.018551179312086333,15792,MLP,28
-0.6128991096684331,-0.4582220835006756,0.4651898734177215,0.016901115569422462,-0.015700542429867334,-0.000534581271969866,-0.3378553638849553,-0.2867015508457661,0.7132984491542339,-0.6275735683211678,-0.014674458652734756,0.02284753803696599,-0.37142796713496634,-0.44701362764219743,-0.029985021120764944,-0.025253044395432685,286049,MLP,28
-0.3698615604916995,-0.3091700378221066,0.4873417721518987,0.016845065073439046,-0.015456918820555186,0.0002851872543660518,0.18023834475934564,0.197502747614706,1.197502747614706,-0.2593090462632972,0.1907114442965394,0.02279773930860569,0.1985814142158571,0.23899276900355795,0.0438733719838752,0.03758836994904495,281015,MLP,28
-0.3705482919176575,-0.30964428960668733,0.49683544303797467,0.017364165942259657,-0.01675333293082671,0.00019744973713075632,0.12478823386663862,0.1329085160065644,1.1329085160065644,-0.3128030219249922,0.4296944434481702,0.02376607961367477,0.13188617795822036,0.15872503974248653,0.00747905148184654,0.004346370355731221,140200,MLP,28
-0.4894173835928086,-0.38701657563113123,0.4762658227848101,0.01721531565008535,-0.015806681667966935,-7.943294528697277e-05,-0.05020162142136542,-0.04896234439489011,0.9510376556051099,-0.3308210366503772,0.37433796659206564,0.02332091674012411,-0.05406986907332315,-0.06507309750270411,0.013108290903986387,-0.0018743289266370507,342820,MLP,28
-0.8668231538576947,-0.579715389795685,0.49050632911392406,0.01744485852940993,-0.01611838410288961,0.0003445988338395944,0.21778646298662352,0.24332154410132745,1.2433215441013274,-0.08569834334775805,1.0029542490137828,0.02361712652414971,0.23162584546180578,0.2787617481640777,0.05553916840945148,0.06304431023152758,433908,MLP,28
-0.5095186507678591,-0.3992153035242684,0.5031645569620253,0.018128811284418445,-0.01578956747903393,0.0012769585443487518,0.8070378000284109,1.241259086250332,2.241259086250332,0.03541376069188118,1.298859150005228,0.02365246985220247,0.8570389724195101,1.031446562969169,0.02880241630375412,0.044353405111706636,715797,MLP,28
-0.5403687499638181,-0.4174665964078135,0.4920886075949367,0.017140805840037816,-0.016236174891520728,0.00018825708239494747,0.11897847607360745,0.12634567464605095,1.126345674646051,-0.1254663615818572,0.5932478028498736,0.023572200656553098,0.1267802094053089,0.15258000563783988,-0.011652215251710285,0.012681271607301321,39533,MLP,28
-0.7253739578536624,-0.5158565141600832,0.4430379746835443,0.016362215833578376,-0.014898896009924556,-0.001049036332423258,-0.6629909620914987,-0.4846922387215079,0.5153077612784921,-0.7325506341530854,-0.007176676299422979,0.022797893220811813,-0.7304594047303091,-0.8791080296740434,-0.02192599194799514,-0.029958714003487905,249469,MLP,28
-0.4574779183603823,-0.3671221961476261,0.4920886075949367,0.017118159836956453,-0.014991466112122428,0.0008093150115540465,0.5114870873021573,0.6677694705856916,1.6677694705856916,-0.10847806156562001,0.9525583054437448,0.02309483535318312,0.5562922324765347,0.6694978054201093,-0.0023443131288420557,0.0036127271889948606,214814,MLP,28
-0.35662605590187013,-0.29996577753766873,0.495253164556962,0.018354962101471094,-0.014117144707355275,0.001964768949547658,1.2417339761141193,2.46161061392428,3.46161061392428,-0.1053998158313334,1.3407203391816438,0.023195618949647306,1.3446392705852988,1.6182736126493142,0.061984286140586084,0.05931367511576165,45994,MLP,28
-0.4621404957397317,-0.3700661692950544,0.4825949367088608,0.017831295135263527,-0.014483360549590908,0.0011115286654100462,0.7024861165391485,1.018765359819389,2.018765359819389,-0.06154382089152932,1.0073116878429573,0.022717002319383093,0.7767297064415758,0.9347943464034902,0.07381551979749464,0.0646002418691542,481556,MLP,28
-0.5065085611713585,-0.39740416327997363,0.4810126582278481,0.017447785020199023,-0.016215833095701584,-2.3206660205089824e-05,-0.014666609249616158,-0.014559578434799603,0.9854404215652004,-0.4232075005402294,0.48759695382432255,0.023573454442277535,-0.015627506392002895,-0.018807706854105672,-0.03290164374999349,-0.01820066753731782,655870,MLP,28
-0.2799739760812372,-0.24419658983365733,0.495253164556962,0.017644762275758636,-0.014949314616382008,0.0011930051102635947,0.7539792296865926,1.125440828752582,2.125440828752582,-0.11333585477950692,0.7539792296865926,0.023222421281112102,0.8155208614238451,0.9814795086512591,0.003669368977007602,0.04244724280597547,17708,MLP,28
-1.2240310178549407,-0.705957515756896,0.4588607594936709,0.01585665995522065,-0.01695808221867662,-0.0019006847021731266,-1.2012327317734162,-0.6991768510052772,0.30082314899472284,-1.245932892192286,-0.02190187433734536,0.023211458528329253,-1.29989393899331,-1.564422597742513,-0.04291175489431313,-0.04761117082511143,594576,MLP,28
-0.32136776647530496,-0.27484348631045485,0.49050632911392406,0.017918591315696352,-0.01501376036686672,0.0011397665660360526,0.7203324697347853,1.0551163610656915,2.0551163610656915,-0.2624947251188132,0.983550660605033,0.023382556410679184,0.7737919242278132,0.9312587249619321,-0.04071957905895751,-0.008324341206792488,408144,MLP,28
-0.6494758416665718,-0.4776805168681927,0.5158227848101266,0.017101757758849822,-0.016095975110402873,0.0010281719075977249,0.6498046456017619,0.9151666562372822,1.9151666562372822,-0.0765055282972753,0.8696979771866609,0.023412676029964843,0.6971318876265713,0.8389983566309368,0.037826506637778604,0.017412555759207242,414029,MLP,28
-0.9091825219038583,-0.5971465866958734,0.47151898734177217,0.017604059903789566,-0.015531847704959639,9.236189536830988e-05,0.05837271787277132,0.06011004404544673,1.0601100440454467,-0.1561334258876741,0.9063959046125092,0.02350124200130211,0.06238817652690281,0.07508418207274839,-0.04926096930546289,-0.02055471207793104,250928,MLP,28
-0.38782629591878504,-0.3214698035076273,0.5,0.017561643936120693,-0.01692807833782515,0.0003167827991477721,0.20020672906139225,0.22165528370723142,1.2216552837072314,-0.28349836071902246,0.5547990723007388,0.023861603982518156,0.21074740158674274,0.25363453707088446,0.02993613445687077,0.04133221682745751,723037,MLP,28
-0.9471391965380462,-0.6121510023942331,0.40031645569620256,0.01704743650543785,-0.011732397615718712,-0.00021135642481268264,-0.13357726048161567,-0.12504013345453158,0.8749598665454684,-0.189509099613133,0.7576300969249132,0.021451921435152222,-0.15640460172497692,-0.18823296731344388,0.010749824383423597,-0.011092730158387312,62206,MLP,28
-0.4571082109669078,-0.3668881732870506,0.46835443037974683,0.017304637539456127,-0.015909787908580733,-0.0003536645974748613,-0.22351602560411266,-0.20029792394397317,0.7997020760560268,-0.47178266961964255,-0.014674458652734756,0.02340375777115499,-0.23988675192994033,-0.28870375063744524,-0.0014598762780035958,-0.028876484764017486,854657,MLP,28
-0.38782629591878504,-0.3214698035076273,0.5,0.017561643936120693,-0.01692807833782515,0.0003167827991477721,0.20020672906139225,0.22165528370723142,1.2216552837072314,-0.28349836071902246,0.5547990723007388,0.023861603982518156,0.21074740158674274,0.25363453707088446,0.004273998366612967,-0.03727318620477252,791430,MLP,28
-0.5381640650011832,-0.4161808769903328,0.46835443037974683,0.017753138129813346,-0.014974199133949437,0.00035379426806604435,0.22359797741773946,0.2505681617133917,1.2505681617133917,-0.26251342467548966,0.3858015840905864,0.02334701200563526,0.2405579733347307,0.28951156572315584,0.014390955159697771,0.006935590361355299,774566,MLP,28
-1.009170833393,-0.6354788969749505,0.4541139240506329,0.016707261610998878,-0.015062929014522419,-0.0006356430817303126,-0.40172642765355704,-0.3308362146411754,0.6691637853588246,-0.6988351794916525,0.31033565390134754,0.023066956408121675,-0.4374448419900721,-0.5264649488289473,-0.04827087612120332,-0.04630759582999132,721176,MLP,28
-0.41504149889806286,-0.3396871221204154,0.48575949367088606,0.01746506031102263,-0.015742690890983794,0.0003882895188516023,0.24539897591421322,0.27813115503688324,1.2781311550368832,-0.03541376069188118,0.520022332735607,0.0233416558823935,0.26407316826630967,0.3178121072040802,0.038019984711374764,0.06238418222082822,630381,MLP,28
-0.5468202143383678,-0.4212126930105482,0.49050632911392406,0.017038456018124107,-0.01699181344041711,-0.00029975088955037574,-0.18944256219583622,-0.17257975926564084,0.8274202407343592,-0.32772971805570705,0.21909049628266075,0.02375776053337358,-0.20028814784288151,-0.2410468232416382,-0.027095149081284853,-0.019349877519985043,992932,MLP,28
-0.7656817226306885,-0.5349831895908443,0.48575949367088606,0.016671082811659136,-0.01591325420616508,-8.510315478527965e-05,-0.053785193824296584,-0.052364357371039505,0.9476356426289605,-0.6116772860623314,0.15400443656835705,0.02328892690798452,-0.05800914337663808,-0.06981401486061171,0.03262625503656357,0.04240018173335412,735474,MLP,28
-1.123391556986462,-0.6748249274710509,0.46360759493670883,0.01729691202260656,-0.016719386339321164,-0.0009491720670983424,-0.599876746406153,-0.45112071673068677,0.5488792832693132,-0.7034489115048927,0.41994264548156934,0.02370101799671816,-0.6357380703138723,-0.7651108860577271,0.008414644810054007,-0.02187035044531724,109195,MLP,28
-0.6130506132612936,-0.4583041585840657,0.4873417721518987,0.016902733078147214,-0.014746967680714729,0.0006772535751863431,0.4280242595177697,0.5342233000335295,1.5342233000335295,-0.1407118318038556,0.8451847266169352,0.022779721209399934,0.47195780440009594,0.568001305519012,0.0111315847081383,0.032253063796379045,451955,MLP,28
-0.49409931918489747,-0.38987981655793325,0.49050632911392406,0.016780035354719485,-0.016495189422215086,-0.00017348106644021755,-0.10964003399021749,-0.10384333681830682,0.8961566631816932,-0.2767236600029719,0.2600317558481038,0.023122650822668903,-0.11910081482416579,-0.14333785282879943,-0.009577801693997244,-0.003949587289288547,818174,MLP,28
-0.645327456677478,-0.4755092340200877,0.4920886075949367,0.016368491568945504,-0.015981410748100302,-6.239236107301489e-05,-0.03943197219814465,-0.038664650703117975,0.961335349296882,-0.14219971181410074,0.5226532046817738,0.023217286867328542,-0.0426599383604046,-0.05134124376409076,-0.02123154422923342,-0.008406608668602869,493384,MLP,28
-0.7659916636221169,-0.5351272950288487,0.4462025316455696,0.017136720162298,-0.015625975548661828,-0.001007177778898109,-0.6365363562636048,-0.4708780562820205,0.5291219437179795,-0.655623143653429,0.1103685199686879,0.023213617127597227,-0.6887531351140055,-0.8289145264211422,-0.10184682778155,-0.07394281593052456,849954,MLP,28
-0.5100827915593982,-0.39955413509514126,0.49050632911392406,0.017535337063893694,-0.014722525289702987,0.0011001603584219668,0.6953013465226832,1.0043129756903522,2.004312975690352,-0.22082415985460102,0.7020100566569454,0.02296626471253105,0.7604416513813027,0.9151916691040644,0.038427468617948976,0.04753717437115684,399039,MLP,28
-0.6064491373290366,-0.4547163370953594,0.4462025316455696,0.017281146807518064,-0.014192087640097141,-0.00014865075049668667,-0.09394727431390493,-0.08966924121073905,0.910330758789261,-0.23794727757376677,0.36850185975526983,0.022663882103273608,-0.10411973982882736,-0.12530812628100654,0.011335459380981504,-0.015214241895837383,34582,MLP,28
-0.8626115295010095,-0.577941576198292,0.4762658227848101,0.016833095231212975,-0.016799635621584753,-0.000781515389476975,-0.49391772614944784,-0.3897690129215531,0.6102309870784469,-0.6080159103967162,0.2545956191042933,0.02327928354715046,-0.5329275779826894,-0.6413784393840423,-0.019211914348270426,-0.043996053120833656,365448,MLP,28
-0.5130160721892025,-0.40131283068505463,0.5015822784810127,0.017627458155488638,-0.015984002314017122,0.0008749106113520658,0.5529435063745041,0.7383623751979991,1.738362375197999,-0.03378385445103049,0.7846662463362009,0.023565129968777982,0.5893782635909872,0.7093168500301233,0.030998199590027635,0.02905896226043153,323938,MLP,28
-0.421691447525518,-0.3440636010284326,0.5,0.018340313505724466,-0.015228575961223617,0.0015558687722504244,0.9833090640622686,1.6732877022003367,2.6732877022003367,-0.168257265817374,1.086983452876666,0.023567499154501265,1.0479962639327722,1.261263698879816,0.011691054401567418,0.0084703723192027,583418,MLP,31
-0.6794193734203873,-0.49308876692923875,0.4936708860759494,0.016567761501776728,-0.01598498391512635,8.535875904099217e-05,0.0539467357139074,0.055428384018487264,1.0554283840184873,-0.261286401482721,0.4181329719376663,0.02276262226099547,0.0595286551929123,0.07164274761457556,0.02137387773570935,0.019887145324087974,556138,MLP,31
-0.36872439994476736,-0.3083840064072262,0.4936708860759494,0.017464824632789273,-0.015198870108696383,0.0009262450168471678,0.58538685064741,0.7956855133953844,1.7956855133953844,-0.21911006438131153,0.7067125327102985,0.023045975254619103,0.6380152561864602,0.7678514796796155,0.05305481858249831,0.05601236428164346,148777,MLP,31
-0.8273238891797519,-0.5627822346728679,0.4129746835443038,0.01677157639925897,-0.014001381980639872,-0.0012929292319791156,-0.8171312746108015,-0.5583030540053388,0.44169694599466125,-0.8419983478324866,-0.014674458652734756,0.022324482132395893,-0.9193769934734942,-1.106470382920916,-0.0492546644413633,-0.07003627503620602,74217,MLP,31
-0.33503646414828836,-0.284687997365934,0.504746835443038,0.01845494597573149,-0.01546947723142865,0.0016537680266157885,1.0451813928211777,1.8439143425132118,2.843914342513212,-0.14727159799076617,1.2595663904303365,0.02368738299200497,1.1083011389039237,1.3338406271421082,0.03413519808807273,0.031785149752665796,657743,MLP,31
-0.41999835724527657,-0.3429521008172899,0.48575949367088606,0.017052698096111877,-0.015034633264177292,0.0005520925706467171,0.3489225046487263,0.41753933337675475,1.4175393333767548,-0.37538261682311713,0.6563995173873991,0.023068077850416792,0.3799275307000527,0.4572428539762072,0.019121938726706297,0.015185553984382393,39718,MLP,31
-0.681557972508017,-0.4941716884495674,0.4936708860759494,0.01768370867233525,-0.015657195495924724,0.0008022382073934898,0.5070145470726857,0.6603269604045314,1.6603269604045314,-0.06384383630938828,0.9338477403016441,0.023501664620820633,0.5418823278884792,0.6521554825638877,0.010612542709530017,0.03404972882125654,744470,MLP,31
-0.5556084045638272,-0.426276900760608,0.43354430379746833,0.01749274178006209,-0.012673287768253766,0.00040502251060469015,0.25597422670216474,0.2917194356409454,1.2917194356409454,0.0,0.7919371449188475,0.022054518403008427,0.29152906053850364,0.3508552786685679,0.069510409035087,0.05150538999888839,172776,MLP,31
-0.6281519946060143,-0.466423056478074,0.4889240506329114,0.018258598000643788,-0.014815722030625384,0.0013551084909919795,0.8564285663069313,1.3547358752773304,2.3547358752773304,-0.15116298832981556,0.9622141038798873,0.023385410968985082,0.9198760897805309,1.1070710454194137,0.05886025199485971,0.08813754672614302,245023,MLP,31
-1.1006239467205887,-0.6673365453415074,0.4778481012658228,0.01655670827956735,-0.01619238004539952,-0.0005432903711273772,-0.34335951455250324,-0.2906168678487324,0.7093831321512676,-0.6656160407637799,0.4350079059568088,0.023091305357690398,-0.37349414147874666,-0.4495002688498555,5.870577953475823e-05,-0.00047883393021433456,554567,MLP,31
-0.38782629591878504,-0.3214698035076273,0.5,0.017561643936120693,-0.01692807833782515,0.0003167827991477721,0.20020672906139225,0.22165528370723142,1.2216552837072314,-0.28349836071902246,0.5547990723007388,0.023861603982518156,0.21074740158674274,0.25363453707088446,0.03915339559607248,0.03928128744236693,368312,MLP,31
-0.47623358245255076,-0.37888161705341694,0.48417721518987344,0.017331353746479126,-0.016572666255682846,-0.00015711226729429525,-0.0992949529299949,-0.0945244040473241,0.9054755959526759,-0.19048334093713493,0.3047853956286417,0.023616056434892264,-0.10560950046614548,-0.12710105348555423,-0.023063132458924555,-0.014366897052149542,931208,MLP,31
-0.7719131574885978,-0.5378719017942095,0.4699367088607595,0.016999630928339164,-0.014963117924376839,5.735107761153761e-05,0.036245881050490425,0.03691077185883018,1.0369107718588302,-0.10622046146272623,0.6656926960258716,0.02300629768249909,0.03957264855277926,0.04762568990546624,0.03291398832941641,0.04011687099035088,130952,MLP,31
-1.0138551962227211,-0.6371824529283876,0.46360759493670883,0.01729091486446905,-0.0164716405347476,-0.0008190634271993749,-0.5176480859900039,-0.40407954523890544,0.5959204547610946,-0.6558492402309639,0.3580059559917572,0.023720085212924284,-0.5481527027172034,-0.6597018798383983,-0.03679005250599387,-0.017789756141401585,64113,MLP,31
-0.4910747283138335,-0.38803165906964365,0.47468354430379744,0.017316298167479545,-0.015788131233136254,-7.400335309711015e-05,-0.04677011915737239,-0.04569325078332809,0.9543067492166719,-0.2443516696239385,0.24672305868989497,0.02350294333647708,-0.0499838166675859,-0.06015553267118718,-0.02108172690155568,-0.019933519582762016,15792,MLP,31
-0.33015966886887327,-0.2811910471437109,0.47943037974683544,0.01814368193418007,-0.015359614330136372,0.0007028837206355925,0.4442225114416942,0.5592774040870045,1.5592774040870045,-0.19470242207353294,0.5889821729560936,0.023606496957841627,0.4726636557856165,0.5688507977929828,0.009778105323343928,0.03210390707683376,286049,MLP,31
-0.32420990749960765,-0.27690155733761923,0.5379746835443038,0.018333035089145758,-0.014788612856130522,0.0030299952156953233,1.914956976319445,5.786646804193912,6.786646804193912,0.028091695625334978,2.166456933171503,0.023354972331640366,2.059505025467683,2.4786146818263575,0.07466305764179079,0.13925118973058645,281015,MLP,31
-0.6493377324859466,-0.4776083747707244,0.4525316455696203,0.017528395751170437,-0.015513365181578524,-0.0005609227341636467,-0.35450316799142456,-0.29847810482740167,0.7015218951725983,-0.47536224454779585,0.17397548793815076,0.023381696009774917,-0.38082662404788215,-0.45832491298781675,-0.00031488357284186917,-0.01719158112991695,140200,MLP,31
-0.3470241231843829,-0.29321172193185363,0.47310126582278483,0.01836595610501015,-0.015230040918744329,0.0006642677997724267,0.41981724945617316,0.5216834417301672,1.5216834417301672,-0.241391300694886,0.608284402251229,0.023453445882573108,0.44961087874556865,0.5411067763306623,0.0222977203565366,0.017335056991738828,342820,MLP,31
-0.8612372298412083,-0.5773611426966185,0.49841772151898733,0.016834021618654202,-0.016394460247671185,0.00016720397367770215,0.10567291136430867,0.11145827167455846,1.1114582716745585,-0.03541376069188118,0.9507411769645842,0.023521017657051786,0.11284719199392992,0.13581161658759036,0.013754868752716481,0.02396876429020222,433908,MLP,31
-0.42219044046942145,-0.34439082701464996,0.48575949367088606,0.018092209805854804,-0.01609995740200527,0.0005092124283951113,0.3218222547457117,0.37963952978317295,1.379639529783173,-0.296584636265834,0.6929399248638219,0.023773523220145143,0.3400209815502116,0.4092153146399729,-0.017689804482909386,0.0018241988021685013,715797,MLP,31
-0.5895186584093608,-0.445405830262251,0.5031645569620253,0.016561582858110272,-0.01653825842451949,0.00011640854996827245,0.0735702035799477,0.07634409722843105,1.076344097228431,-0.098720127460183,0.4907985309491778,0.023560770057252236,0.07843242974213815,0.09439344380625227,0.029686408632619128,0.04061087870220889,39533,MLP,31
-0.6690835087156302,-0.4878222307896952,0.4699367088607595,0.016795926606964377,-0.016137832450911094,-0.0006610501088398675,-0.4177836687867966,-0.3414953318690487,0.6585046681309513,-0.6100582113085693,0.05902529740706086,0.02322991283222321,-0.4517384644809496,-0.5436673261595524,-0.012498405966680714,0.01723328359409837,249469,MLP,31
-0.565774831789895,-0.4320800661847616,0.48575949367088606,0.01788239614996894,-0.014953774190132838,0.000996707288365966,0.6299190062472917,0.8774585106957888,1.8774585106957888,-0.335570641733284,1.067631870488185,0.023388467469099904,0.6764974109806536,0.8141647601434701,0.051716445475496135,0.046533676716692916,214814,MLP,31
-0.6663603037013672,-0.48642556487970456,0.4920886075949367,0.01702691519838604,-0.01705581394408935,-0.00028409121733326617,-0.17954564935462258,-0.1643501968017521,0.8356498031982479,-0.3437010946818191,0.44640419338793436,0.023659653392890986,-0.19061176380900022,-0.2294012932541977,0.056435888360776315,-0.04638301857377665,45994,MLP,31
-0.757594522281579,-0.5312072577001999,0.48575949367088606,0.017168525734137824,-0.015891777065726972,0.000167578882941527,0.10590985401904618,0.11172165475018936,1.1117216547501894,-0.06154382089152932,0.7215100704434008,0.02342035898655996,0.11358631594939739,0.13670115240569072,-0.014516363731111865,0.01339070102163871,481556,MLP,31
-0.8420650385378394,-0.5691800555825213,0.46044303797468356,0.017029813748148128,-0.015052417975530688,-0.0002803777356722454,-0.17719872894485889,-0.1623866900274047,0.8376133099725953,-0.49376869905427156,0.34829633948356786,0.02302925562870892,-0.19326975401412547,-0.23260018496123688,0.023488027549320348,0.0093807361715945,655870,MLP,31
-1.0671067261464486,-0.655997627952794,0.47943037974683544,0.01689008819249937,-0.015376987739750181,9.282872776819606e-05,0.05866775594950013,0.06042286301844779,1.0604228630184478,-0.21393302612887055,1.0223615420745773,0.023151354147573792,0.06365115231660896,0.07660417367094613,-0.05436073228023578,-0.009636409032614446,17708,MLP,31
-0.68553077928118,-0.49617726007961493,0.47468354430379744,0.017040689472020556,-0.016323559843884314,-0.0004860997255750413,-0.30721502656342636,-0.2645075665076351,0.7354924334923649,-0.554079267758425,0.13145151152275503,0.023601395530994315,-0.3269549848167272,-0.39349038513709134,0.011277140212727218,-0.02510590931158955,594576,MLP,31
-0.40894745610421523,-0.33565086110293607,0.49050632911392406,0.01777474591584201,-0.01469592785763085,0.0012311431388510909,0.7780824637538899,1.177293221374025,2.177293221374025,-0.19710565614514053,1.0222516106787225,0.023007000505253967,0.8494715092424847,1.0223391196258365,0.04389714687847352,0.06700925300350154,408144,MLP,31
-0.6588389910175465,-0.4825482479887401,0.45569620253164556,0.0173900384450197,-0.013630905296892261,0.0005052209652448344,0.31929965003473626,0.37616363060895996,1.37616363060896,-0.2580878374301392,0.7777711029975762,0.022479252727295042,0.35677939495313926,0.4293840682924092,-0.030766622707885,0.003749627487799002,414029,MLP,31
-0.5092887355112907,-0.39907715807637134,0.49841772151898733,0.016636665318242556,-0.017114576244322492,-0.00029235932627187655,-0.18477109420382476,-0.16870544978436863,0.8312945502156314,-0.46905020746453374,0.04023852804675698,0.023631550965201337,-0.1963925445075046,-0.23635846390177967,-0.02520199351746655,-0.02913343057913618,250928,MLP,31
-0.4135209058313194,-0.3386822911605494,0.4873417721518987,0.016676643576055857,-0.015774547600734497,4.027341580257332e-05,0.025452798787227948,0.02577948709190414,1.0257794870919041,-0.38644639373706013,0.4309924540339125,0.02316631874656348,0.027596989532878813,0.03321298204400768,0.001967823035758905,0.0013797656362785806,723037,MLP,31
-1.0556137725616281,-0.6520212180803047,0.4572784810126582,0.01692161428702886,-0.015332571748180106,-0.0005834265517000569,-0.36872558067443606,-0.3083848230182671,0.6916151769817329,-0.671132584584484,0.38448118797714415,0.02244822490091167,-0.4125764698680375,-0.4965358583472191,-0.06836040689101584,-0.06833705120676895,62206,MLP,31
-0.6033032706800441,-0.4529982463807679,0.4620253164556962,0.018049322397897187,-0.015014994448649625,0.0002615570057675747,0.16530402764510654,0.17975174133676108,1.179751741336761,-0.2624384658411145,0.6762939040545461,0.02344834336402816,0.17707386321951468,0.2131084273727053,0.005959398469516012,-0.01809229242040614,854657,MLP,31
-0.6194150804367382,-0.46174081613817763,0.49841772151898733,0.01659536471059486,-0.017040587906025285,-0.0002758330417288544,-0.17432648237263493,-0.15997739968737323,0.8400226003126268,-0.48860291199707717,0.3482743650984048,0.023653831154902293,-0.18511647276330573,-0.22278770945695775,-0.03541547953257544,-0.012678046930404857,791430,MLP,31
-0.43775583477690816,-0.35451663179131887,0.46677215189873417,0.018221941310369756,-0.015056964297783785,0.0004767020857688979,0.3012757182059431,0.35158194591806313,1.3515819459180631,-0.10012733650910377,0.592752358652433,0.023349951007897763,0.3240868046319309,0.3900385297503607,-0.000345677166089638,0.015764522479052565,774566,MLP,31
-0.5698849691543728,-0.4344095046893388,0.5158227848101266,0.0173514843964918,-0.016268248026166224,0.0010735759766605409,0.678500017249462,0.9709191691319556,1.9709191691319556,-0.11784720048308372,1.1348066245336668,0.023594751963079766,0.7223000399974508,0.8692882326979976,0.03412976610735597,0.09794578450095168,721176,MLP,31
-0.7278029420303938,-0.517031063967524,0.4889240506329114,0.017171504466019647,-0.016009519391761158,0.00021348119693230527,0.13492011646121682,0.14444535835447758,1.1444453583544776,-0.16658026847107976,0.8530091152297246,0.023488546254032554,0.1442792118071545,0.17364005828844206,-0.018068779260037096,0.009153651652525189,630381,MLP,31
-0.6406149223621469,-0.47303172018790407,0.47943037974683544,0.01708288611005646,-0.01680483756506122,-0.0005580333347437235,-0.35267706755803374,-0.29719588501582905,0.702804114984171,-0.39603250286563707,0.24458241949650983,0.023708914693733787,-0.37363602157786646,-0.4496710215755778,-0.040080731466595874,-0.026715380864808007,992932,MLP,31
-0.6233783910902275,-0.46386988263303774,0.5,0.01759741429588205,-0.015569978159707221,0.0010137180680874144,0.6406698190312454,0.8977516038205249,1.8977516038205249,-0.15326170111075044,0.9758499918771122,0.023388690330812183,0.6880366202015568,0.8280522005905268,0.00704045549938162,0.06205011005805125,735474,MLP,31
-0.502512809853215,-0.39499152322627695,0.49683544303797467,0.01689143599919502,-0.017260030077820416,-0.0002923712990500881,-0.18477866099965468,-0.1687117399967062,0.8312882600032938,-0.20386544838947884,0.29864736146373616,0.023785237933412234,-0.19513155595373666,-0.2348408639424038,-0.0440484215586799,-0.013097416365806682,109195,MLP,31
-0.42022332627675496,-0.34309989962110365,0.49841772151898733,0.017945380072521243,-0.015482115108113165,0.0011787408759055653,0.7449642335723183,1.1063660964427804,2.1063660964427804,-0.052139175882985,1.0563735680498212,0.023492239229520984,0.7965154417243258,0.9586064825022683,0.08853900778534324,0.07948595435381305,451955,MLP,31
-0.6433596586030035,-0.4744761259600564,0.4810126582278481,0.01707949686183503,-0.015618513412036697,0.00010964342855982953,0.06929464684981212,0.07175195096602804,1.071751950966028,-0.050217601004987955,0.7076153125144629,0.022852640959740003,0.07616342777349253,0.09166269951428296,0.0517762834314878,0.02460538144184536,818174,MLP,31
-0.4057433143607341,-0.33351877837119914,0.49683544303797467,0.018068351123109755,-0.015606101253333062,0.0011245602121780843,0.71072205409655,1.0354604407180386,2.0354604407180386,-0.168257265817374,1.0755706327072403,0.023649752396425295,0.7548425723537716,0.9084531764513488,0.05909028731362403,0.07560828659927209,493384,MLP,31
-0.6695270455093123,-0.4880493501036366,0.4936708860759494,0.01758155055004187,-0.01534954770812078,0.0009075767484405277,0.5735885050144134,0.7746238855585872,1.7746238855585872,-0.15039519575475424,0.7185553003018867,0.023359213182964265,0.6167730958924922,0.7422865358085116,0.017923365979924808,0.05326677151287639,849954,MLP,31
-0.38782629591878504,-0.3214698035076273,0.5063291139240507,0.01751446105976697,-0.01668294338745769,0.0006321981048079614,0.39954920223863155,0.4911523379677236,1.4911523379677236,-0.2904112969426933,0.7541415454779781,0.023746095323916395,0.422630906302371,0.5086363744690333,0.1232291101055022,0.10003196359939595,399039,MLP,31
-0.6860035074059851,-0.4964153749724539,0.4778481012658228,0.01760844869609203,-0.014728862116961946,0.0007234604550986562,0.45722700762235036,0.5796874446407947,1.5796874446407947,-0.057165664387866855,0.7769758924496273,0.023231169618495643,0.49436076074019153,0.5949632676478813,0.03182141081208038,0.08047620211990934,34582,MLP,31
-0.9110047786962241,-0.5978800206091748,0.4620253164556962,0.017216073838494907,-0.01620959382321684,-0.0007660891440715387,-0.48416833905321255,-0.3837905389365396,0.6162094610634604,-0.6683247349228623,0.24268004377336183,0.023596454193739437,-0.515386254395135,-0.6202674531785554,-0.05600586609452582,-0.037439211813119766,365448,MLP,31
-0.38782629591878504,-0.3214698035076273,0.5,0.017561643936120693,-0.01692807833782515,0.0003167827991477721,0.20020672906139225,0.22165528370723142,1.2216552837072314,-0.28349836071902246,0.5547990723007388,0.023861603982518156,0.21074740158674274,0.25363453707088446,0.03521246260729352,0.045921480962790806,323938,MLP,31
-0.4779453244700562,-0.3799439020490408,0.48177496038034867,0.018327292499072046,-0.0149469764390522,0.001083733160297677,0.6838356241478323,0.9814633237641492,1.9814633237641492,-0.09394382714344829,0.9601399180664885,0.02344647016596125,0.7337450139162641,0.8830622609414336,0.050557221523059304,0.030645588432974297,583418,MLP,34
-0.38782629591878504,-0.3214698035076273,0.5007923930269413,0.017561643936120693,-0.016869393631939254,0.00037340806617000566,0.23562048975327343,0.26569387521279,1.26569387521279,-0.24808460002714128,0.59021283299262,0.023837999951543284,0.2486647074350948,0.2992680217231901,0.0523554806321216,0.02041360532806581,556138,MLP,34
-0.5519108052576485,-0.4241515757482719,0.48335974643423135,0.01774886443926051,-0.016166206852070385,0.00022697340760619543,0.14322022019950964,0.15398390425134756,1.1539839042513476,-0.26919480721880973,0.6863250414953654,0.023643414572284666,0.1523930113177882,0.18340501751105204,-0.0572936838552877,-0.04347250655143418,148777,MLP,34
-0.5744177384185605,-0.43696739436122545,0.4722662440570523,0.016814808321489193,-0.015643479315263907,-0.0003145257245310649,-0.1984657321791019,-0.18001213054358967,0.8199878694564103,-0.39756889263117046,0.3278215498521604,0.02305219260015846,-0.21659289312962401,-0.2606695872317294,-0.036165857110649825,-0.01841325282946709,74217,MLP,34
-0.4607002366101369,-0.36915824768008887,0.48019017432646594,0.017990765548758777,-0.016035586070629285,0.00030353364517829613,0.1915297301075043,0.21110083876289965,1.2111008387628996,-0.4383532319316146,0.45927581508840376,0.023769715270962805,0.20271371293969118,0.2439659912875199,0.044057306351559515,-0.008560660293972733,657743,MLP,34
-0.35426432255189866,-0.2983105295105086,0.49128367670364503,0.017060081793821274,-0.01687647967330371,-0.0002040009810553023,-0.12872461904589727,-0.12078394843374363,0.8792160515662564,-0.2453176297713071,0.1611689712462976,0.02350315475162169,-0.13778640411197246,-0.16582596301771127,0.00020755326401816507,0.003388266890700484,39718,MLP,34
-0.38197410827706335,-0.3174872755930187,0.508716323296355,0.017413807496591417,-0.01536319871831966,0.001310999371991679,0.8272406037267501,1.2869992880252354,2.2869992880252354,0.013241519685834646,0.9354439838916733,0.023059731840354262,0.9025026824939572,1.086162146513439,0.04734337730189264,0.05066563204939668,744470,MLP,34
-0.7007179936881585,-0.5037711133544029,0.4706814580031696,0.017526803207680002,-0.015193930739442947,0.0002071120217226885,0.1306876857070165,0.13961180867091127,1.1396118086709113,-0.12150810519233346,0.746315182206672,0.023109082444770106,0.1422731268503618,0.17122573466921798,-0.0007219819163596594,0.0009393698429842089,172776,MLP,34
-0.8214875928133551,-0.5602230413768396,0.4548335974643423,0.018227659175511907,-0.01440231590189331,0.00043889304773473553,0.27694151312061877,0.3190892193667345,1.3190892193667345,-0.053746122401207685,1.098429105933974,0.022933383918255473,0.3038021411755904,0.36562593350171846,0.005201420220254164,-0.020346929588433125,245023,MLP,34
-1.2868237947022862,-0.7238535104150852,0.40887480190174325,0.01626711834821555,-0.013943938397028859,-0.0015913985550747274,-1.004172488252152,-0.6336523335966358,0.3663476664033642,-1.1005762130862422,0.18624758161604404,0.021908956859047316,-1.1530749292912728,-1.3877258922144273,-0.02128297567126146,-0.06741988565118309,554567,MLP,34
-0.6426848720911948,-0.4741213898661155,0.4675118858954041,0.0170142210987436,-0.015543658449246323,-0.00032246278101014623,-0.20347401481740235,-0.1841085948656388,0.8158914051343612,-0.4407935124454525,0.37913477319852973,0.022992810188540005,-0.22263211463878102,-0.2679377914430781,0.04883735223290986,0.02587494062564392,368312,MLP,34
-0.5251065405609552,-0.4085076569163195,0.46275752773375595,0.01723027928473167,-0.014235338090592634,0.00032561321462875464,0.20546193843074434,0.22809223695457037,1.2280922369545704,-0.14126414293423295,0.4828726365867624,0.022525303535375216,0.2294730248099096,0.27617082810846044,0.02973226777137751,0.021175376534760575,931208,MLP,34
-0.5568400753563765,-0.4269831037508771,0.4865293185419968,0.017657088034892982,-0.01578891962801635,0.00048354368816933176,0.30511606723484874,0.35678247185736,1.35678247185736,-0.5018495849235478,0.5462329660094838,0.023379850675913225,0.3283176692610025,0.3951303761196383,-0.03898504097903021,-0.007577786959522389,130952,MLP,34
-0.4717853964539245,-0.3761126130020863,0.4849445324881141,0.017773060281327763,-0.015496165950109851,0.0006375634109359648,0.40230251230059366,0.49526359989599356,1.4952635998959936,-0.3031016522418213,0.6090980677781772,0.023464450261346734,0.431333582056951,0.5191100463609375,0.014733771550671865,0.022086450955213853,64113,MLP,34
-0.36021299310959876,-0.302472258354861,0.5007923930269413,0.01778553821202278,-0.015893576175539426,0.0009726681136359421,0.6137535797042801,0.8473525862153075,1.8473525862153075,-0.2729059622524801,0.6954432135444222,0.02363097518612517,0.6534062813609147,0.7863745813443465,0.006862668633877339,-0.005928283795563332,15792,MLP,34
-0.20212931605055928,-0.18301072871507884,0.5039619651347068,0.01803934317867055,-0.01562720541145022,0.0013394545753301363,0.8451958370333159,1.3284337634834493,2.3284337634834493,-0.08518676413223147,0.9931308252034796,0.023653625416334305,0.8989396685914998,1.081874058618059,0.07145205242588124,0.07195559231740115,286049,MLP,34
-1.041382145114767,-0.6470335062519889,0.4706814580031696,0.01690242278816342,-0.01542331111601767,-0.00020818755097522408,-0.13136634466536634,-0.12310353080315373,0.8768964691968463,-0.4426083749040117,0.5987737702107552,0.02317431481446821,-0.14260939070253978,-0.17163042827795852,0.015279733430898492,0.02616419078876201,281015,MLP,34
-0.5710297864607128,-0.4350566319847309,0.49128367670364503,0.016687021136884493,-0.015160079612066179,0.0004858811362297138,0.30659099696094927,0.35878510716708156,1.3587851071670816,-0.07276176614686847,0.7933231863917172,0.022683788093240245,0.34002803621262956,0.4092238049275072,0.05956912556077514,0.03500646989816143,140200,MLP,34
-1.1881487755927083,-0.6952150324942419,0.47385103011093505,0.01598787904120789,-0.016236425729671447,-0.0009669057193815531,-0.6101175089297612,-0.4567129757533679,0.5432870242466321,-0.9021483734704816,0.28600040212222666,0.023154033531762166,-0.6629148406182431,-0.7978181341819406,-0.02397440466615785,-0.01366175465048307,342820,MLP,34
-0.5336668098134396,-0.41354938059048885,0.4722662440570523,0.01768730471374987,-0.015230165992428405,0.0003156442618364539,0.19917152921880188,0.22039128071056924,1.2203912807105692,0.020739302039146423,0.7027611102148512,0.023381259493732896,0.21430399499419364,0.2579148978993281,0.021761173465498863,-0.01301941422626225,433908,MLP,34
-1.0584426722743956,-0.6530042240882634,0.48019017432646594,0.017096348855672416,-0.015336600228687441,0.00023738324605271192,0.1497888282592612,0.16158892207210296,1.161588922072103,-0.050645040813833475,1.1578850662135665,0.02303324903167746,0.163604457262187,0.1968979947937751,0.03923943712369196,0.014006743219024231,715797,MLP,34
-0.7546585083509854,-0.5298288531609561,0.5007923930269413,0.01756910568485205,-0.016491056128350983,0.00056601381296781,0.3571547159826878,0.4292569816471006,1.4292569816471006,-0.11784794041886926,1.0802115894966846,0.023723567797908452,0.3787453389381707,0.45582008597054546,0.01816636331587605,0.027907982552162276,39533,MLP,34
-0.8474951406205946,-0.5715131117606823,0.4865293185419968,0.016452655394755978,-0.017127886468446332,-0.0007899683194715172,-0.49847000958652643,-0.3925406439254262,0.6074593560745738,-0.5175567969763506,0.329938343644244,0.02349793908835312,-0.5336790709387464,-0.6422828612966566,-0.002170229115676043,-0.02612532908379131,249469,MLP,34
-0.4406858244910836,-0.3564051234392567,0.5023771790808241,0.017206850901518703,-0.016835860048622694,0.0002664210467732235,0.16811168051390268,0.18306872899378734,1.1830687289937873,-0.07977350516193837,0.5338846433460276,0.02365843301117026,0.17876513633746952,0.2151438748852401,-0.017012763157401706,-0.033563461059086745,214814,MLP,34
-0.41218494082568213,-0.33779820342028366,0.5134706814580031,0.01749620081214564,-0.01609081845471121,0.0011551312163848564,0.7288877975388459,1.0727739808709518,2.0727739808709518,-0.1738798483274877,1.024289611088534,0.023646113089211006,0.7754821907528595,0.9332929610397139,0.017006438583077627,0.03333423947018152,45994,MLP,34
-0.742315596435219,-0.523989609608421,0.4611727416798732,0.017459622906775798,-0.015576703384415263,-0.000341250213675804,-0.21532888482943235,-0.19372377545156694,0.8062762245484331,-0.2802117824230663,0.4621038140121527,0.023291669067194692,-0.23258012063346906,-0.2799102185109514,-0.016056097904468724,-0.007543007782859806,481556,MLP,34
-0.38782629591878504,-0.3214698035076273,0.5007923930269413,0.017561643936120693,-0.016869393631939254,0.00037340806617000566,0.23562048975327343,0.26569387521279,1.26569387521279,-0.24808460002714128,0.59021283299262,0.023837999951543284,0.2486647074350948,0.2992680217231901,0.015780962494743554,-0.017602264790111163,655870,MLP,34
-0.41129418555647135,-0.337208080892343,0.4928684627575277,0.017374997566715393,-0.01438686763802366,0.0012675540397478861,0.7998265990809159,1.2251550511067215,2.2251550511067215,-0.2984086889773607,1.1892165014050988,0.0227085575824492,0.8860887135605959,1.0664079318442945,0.024300047009111394,0.060172424711692214,17708,MLP,34
-0.43084920934052207,-0.35004308918296734,0.49445324881141045,0.017742199573732274,-0.01632454705318524,0.0005198664929292815,0.3280357570383785,0.3882386107032272,1.3882386107032272,-0.11228873947220563,0.7588849663789006,0.023739960296049148,0.34762588599824246,0.41836781855993566,0.03453625785063795,0.007363732420372546,594576,MLP,34
-0.38782629591878504,-0.3214698035076273,0.5007923930269413,0.017561643936120693,-0.016869393631939254,0.00037340806617000566,0.23562048975327343,0.26569387521279,1.26569387521279,-0.24808460002714128,0.59021283299262,0.023837999951543284,0.2486647074350948,0.2992680217231901,0.05550845760994397,0.029861434175367338,408144,MLP,34
-0.7631629510760831,-0.5338104421549443,0.4659270998415214,0.017023875903271424,-0.016546698910778285,-0.0009052583476552804,-0.5712180173704837,-0.43516296178127034,0.5648370382187297,-0.6314604803028487,0.13170247077323438,0.023448744759404082,-0.6128486154979984,-0.7375634229226263,0.020937737176269886,-0.040776625310832086,414029,MLP,34
-0.6435717888853105,-0.4745875936645598,0.46909667194928684,0.01815945163571701,-0.015911362641836332,7.114294636618654e-05,0.044891199157063966,0.04591405738684173,1.0459140573868417,-0.4045397213794786,0.6648010821136268,0.023663203850180586,0.047726388568443856,0.0574387175333216,0.015194277072626527,-0.007974316659462178,250928,MLP,34
-0.39608085292275064,-0.32704771642128205,0.4960380348652932,0.018701409881758738,-0.013758633413101578,0.0023427826745232696,1.4782958676241833,3.385465895041488,4.385465895041488,-0.18837015313511074,1.611736740656852,0.02295319804942343,1.620276264591822,1.9500027862860274,0.061739052374528966,0.08838841974464477,723037,MLP,34
-0.7898612219760253,-0.5460922166631859,0.4659270998415214,0.017128473918456948,-0.016001457266886673,-0.0005653245117503407,-0.35671976691446616,-0.3000313753798395,0.6999686246201605,-0.3861862004523573,0.40367502152366797,0.023492159087390017,-0.38201037101181673,-0.45974955267943846,-0.07197967263396068,-0.035609972931279085,62206,MLP,34
-0.4874949868572003,-0.38583704489738346,0.5055467511885895,0.01708630756146929,-0.017118291876788413,0.00017373224492982058,0.10962504655071825,0.11585959660500533,1.1158595966050053,-0.15838543907739222,0.5316223656755028,0.023766404405637848,0.11604253810178262,0.13965721622366886,0.019076280622383996,0.03760774776695371,854657,MLP,34
-0.5559630964380631,-0.4264803595972386,0.5071315372424723,0.01664355308517429,-0.016729196225888344,0.0001951774342385075,0.12315696100449713,0.1310619396335626,1.1310619396335626,-0.17432210920378566,0.5533626861051744,0.023338919438234677,0.1327544629201942,0.15977002085597938,0.037479589403037514,0.034767251861443936,791430,MLP,34
-0.4975656073747814,-0.39199100783166196,0.4659270998415214,0.01723882129136983,-0.015486143482402081,-0.00023869555294258292,-0.15061689390677202,-0.13982282534008816,0.8601771746599118,-0.42868766684296133,0.16659090273788024,0.023319883057396507,-0.16248685396631618,-0.1955529590189904,-0.025156933804289044,-0.0030027053312108925,774566,MLP,34
-0.41572925346554257,-0.3401410991878474,0.49445324881141045,0.016674093468130497,-0.016247838157535263,3.0517891922290236e-05,0.019256789802966523,0.019443397677950003,1.01944339767795,-0.28148126877749746,0.22692473833558324,0.023334902235423213,0.02076102614437094,0.024985898832430953,0.0314443120491908,0.031601878165597105,721176,MLP,34
-0.4614856413099915,-0.3696535192374615,0.5007923930269413,0.017558916435881415,-0.01545583791431411,0.0010776999219169288,0.6800286507295823,0.9739342860777329,1.973934286077733,-0.020739302039146423,0.9338331605522399,0.023471076092016967,0.7288952505204618,0.8772255697910977,0.028647172749643048,0.05973947505740722,630381,MLP,34
-0.30400656891288236,-0.2621439804772403,0.49128367670364503,0.017971657398582818,-0.014150274103290074,0.001630706507772679,1.02897580640456,1.7981984696298934,2.7981984696298934,0.003468440379947424,1.2037004529865953,0.02304101314959584,1.123503689587575,1.3521368997220455,0.0623385454576847,0.05288766856060775,992932,MLP,34
-0.3181294253190572,-0.2724913757146993,0.48811410459587956,0.017352931803277707,-0.01543239555691739,0.0005705851513870316,0.36003923052521714,0.4333856459290686,1.4333856459290686,-0.16799584758882702,0.45685358378068486,0.023162407637409708,0.39105427276515653,0.47063389012441886,0.08201035913876231,0.04834268642392504,735474,MLP,34
-0.4190549237537198,-0.3423319273234212,0.5134706814580031,0.01790014364839554,-0.01601318219800068,0.0014003163348556974,0.8835996072939452,1.419593636565192,2.419593636565192,-0.1515009212307632,1.0635387422425993,0.023721101320376418,0.9371121674693389,1.1278146681288936,0.006418783902787108,0.06250655104430565,109195,MLP,34
-0.8311333075143921,-0.5644446116892714,0.4754358161648177,0.016791840857470864,-0.016794952159026745,-0.0008265878088694039,-0.521576907396593,-0.4064162170893346,0.5935837829106654,-0.638985394498377,0.19214791301601508,0.023615405496960153,-0.5556404557968085,-0.6687133920646359,-0.02866387218763202,-0.05512350710885364,451955,MLP,34
-0.5528186587071104,-0.42467412449186615,0.48177496038034867,0.017523395632068922,-0.01607898635574833,0.00010979989511766819,0.06928373381924757,0.07174025496804903,1.071740254968049,-0.18019553558951884,0.6178573944289383,0.02347094427602938,0.07426285360636631,0.08937535815007862,0.00739721223788105,-0.019239947884786834,818174,MLP,34
-0.3451093327603303,-0.291857073985611,0.5007923930269413,0.0180073089834912,-0.015295930070155124,0.0013820787110687084,0.872091666684355,1.3919087005279938,2.3919087005279938,-0.12098594359122217,1.195398134912466,0.023266361722500205,0.9429845384725375,1.1348820677252378,0.08371259326173887,0.05564790751003323,493384,MLP,34
-0.5010499636628083,-0.3941058412305387,0.5023771790808241,0.017532315326554183,-0.01589355201148737,0.0008988409301278026,0.5671686269106431,0.7632675088146992,1.7632675088146992,-0.08712096558883786,0.6133321674478793,0.02352934502740383,0.6064196601871696,0.72982617400836,0.012098023596704725,0.03874072885514323,849954,MLP,34
-0.3998336037329864,-0.32956840593066516,0.5198098256735341,0.017846128162202105,-0.015695464296627642,0.0017397850322093738,1.097804355324115,1.9975771788388101,2.99757717883881,-0.10248064482584596,1.2104792233203625,0.02330177822974491,1.1852413540000186,1.426438190343855,0.05350312044726131,0.05495871104400477,399039,MLP,34
-0.5215469270478934,-0.4063984209737749,0.48811410459587956,0.017729454843494703,-0.015868468380601818,0.0005311518302091624,0.3351568048619811,0.39815960625864255,1.3981596062586426,-0.35625553847239644,0.5496448082649295,0.023529911991091584,0.3583427728116346,0.43126559383635826,0.008022572842978075,-0.00243059154427664,34582,MLP,34
-0.296298454341013,-0.256434525443369,0.5023771790808241,0.01685471196966657,-0.015392578774788107,0.0008077241824102025,0.5096739591008372,0.664748330410148,1.664748330410148,-0.16997409937903285,0.7188032643371116,0.023142244683001717,0.5540613740446837,0.6668129668817783,0.04146325728580648,0.038705052551094285,365448,MLP,34
-0.8392148879538581,-0.5679504023503195,0.48335974643423135,0.016729833793793718,-0.016376923859735684,-0.00037444987506616255,-0.2362778711667488,-0.2104387528569377,0.7895612471430623,-0.2951291932968161,0.544085694657042,0.0233788981532357,-0.2542552454074033,-0.30599623521435404,-0.023023698774626542,0.014247853828563443,323938,MLP,34
-0.3566749776364304,-0.3000000235883882,0.41001564945226915,0.01764651341057614,-0.011368327300600872,0.0005282114573465103,0.3375271212444204,0.4014776176935604,1.4014776176935604,-0.22756326041599095,0.654388439930699,0.021228991581714488,0.3949832898320841,0.47536246289642337,0.04447454613791633,0.04957039126083565,583418,Linear,1
-0.4111335119814612,-0.3371015791894365,0.42566510172143973,0.017561906319576125,-0.01204169423139027,0.0005595254084577086,0.35753673600447655,0.4298030907360326,1.4298030907360326,-0.1182683259849,0.7477356971667177,0.021500956307696658,0.41310676468962715,0.49717406826379373,0.04447455357571751,0.04957039126083565,556138,Linear,1
-0.3623367255204357,-0.3039520487316745,0.39436619718309857,0.017628094714577207,-0.010536757365675827,0.000570508243438044,0.3645547675569105,0.4398727873348116,1.4398727873348116,-0.16853729292233766,0.6870778341271944,0.020823887454150224,0.43491099432018837,0.5234154626861984,0.04447455032697835,0.04957039126083565,148777,Linear,1
-0.35644602178945206,-0.2998397361522315,0.39906103286384975,0.017588739342781812,-0.010722766721177853,0.0005752521306370368,0.3675861114770669,0.4442441591728252,1.4442441591728252,-0.18449129193504632,0.6794747469848517,0.02089442401716832,0.43704695881783934,0.5259860963570415,0.044474549980687464,0.04957039126083565,74217,Linear,1
-0.33363417960936204,-0.28368422277982586,0.39123630672926446,0.017658198370183526,-0.010107596141372908,0.0007553907567321126,0.4826946935518208,0.6204351001974213,1.6204351001974213,-0.15567680011918128,0.776515214211031,0.02062875776046835,0.5812980427217015,0.6995923027086312,0.04447455139162007,0.04957039126083565,657743,Linear,1
-0.3701353800133802,-0.30935917465605245,0.4194053208137715,0.017745785245375345,-0.011704562808199257,0.0006470698652874312,0.41347764391866804,0.5120670831240255,1.5120670831240255,-0.11940817471077025,0.7542724645190901,0.021441111974105486,0.47907569714728826,0.5765676907662876,0.04447454513357002,0.04957039126083565,39718,Linear,1
-0.35644602178945206,-0.2998397361522315,0.39906103286384975,0.017588739342781812,-0.010722766721177853,0.0005752521306370368,0.3675861114770669,0.4442441591728252,1.4442441591728252,-0.18449129193504632,0.6794747469848517,0.02089442401716832,0.43704695881783934,0.5259860963570415,0.044474553067204214,0.04957039126083565,744470,Linear,1
-0.35644602178945206,-0.2998397361522315,0.3974960876369327,0.01750465755000238,-0.010694915379044923,0.0005143045332837385,0.3286405967683095,0.3890785265512364,1.3890785265512364,-0.18449129193504632,0.6405292322760943,0.02083905249701642,0.3917803537613041,0.4715077287385479,0.04447455151309328,0.04957039126083565,172776,Linear,1
-0.3013234732206911,-0.2601615838791882,0.3395931142410016,0.017907743426372094,-0.008023284654869515,0.0007827139267101869,0.5001541991678096,0.6489755217501665,1.6489755217501665,-0.18739408831061155,0.7547266425990529,0.01981763322600064,0.626976907130875,0.7545668245348268,0.04447454589845213,0.04957039126083565,245023,Linear,1
-0.3011369467712939,-0.26002357157522915,0.3380281690140845,0.017916423419988118,-0.008008668453504657,0.000754742884014027,0.48228070288496383,0.6197643940323176,1.6197643940323176,-0.17225084564597637,0.7368531463162071,0.01981279427225409,0.6047189348833633,0.7277793507883921,0.044474546640086994,0.04957039126083565,554567,Linear,1
-0.31178919615922496,-0.26786415098902505,0.3865414710485133,0.017367081445465248,-0.009592278283360763,0.0008286322847456916,0.5294960299524973,0.6980763133383809,1.698076313338381,-0.11299835267891467,0.8014715671615704,0.020435341895301374,0.643695113589592,0.7746871891224152,0.044474550952181446,0.04957039126083565,368312,Linear,1
-0.3812742038280703,-0.3170094146917338,0.4225352112676056,0.017626293264893993,-0.011820969198510441,0.0006215360677167842,0.3971615472710255,0.48759622775204625,1.4875962277520463,-0.1172246635560441,0.7575012002798758,0.021456040126262906,0.4598508922499941,0.5534306344909042,0.04447455365532421,0.04957039126083565,931208,Linear,1
-0.33825900458032265,-0.28698940902824044,0.38184663536776214,0.01769600194916538,-0.009599105481976051,0.0008234394526069055,0.5261778102158132,0.6924510610740502,1.6924510610740502,-0.09020014735870063,0.824623155845984,0.02028866180501361,0.6442857687475464,0.7753980427150495,0.044474545380995364,0.04957039126083565,130952,Linear,1
-0.35644602178945206,-0.2998397361522315,0.3974960876369327,0.01750465755000238,-0.010694915379044923,0.0005143045332837385,0.3286405967683095,0.3890785265512364,1.3890785265512364,-0.18449129193504632,0.6405292322760943,0.02083905249701642,0.3917803537613041,0.4715077287385479,0.04447455336051202,0.04957039126083565,64113,Linear,1
-0.3013234732206911,-0.2601615838791882,0.3395931142410016,0.017812908196227058,-0.008057334596069872,0.000728021719937068,0.46520587903978594,0.5923419849816496,1.5923419849816496,-0.18739408831061155,0.7197783224710292,0.019800527588819554,0.5836706354515357,0.7024477185009894,0.04447455404625467,0.04957039126083565,15792,Linear,1
-0.3553949329070747,-0.2991034185832029,0.3974960876369327,0.01750465755000238,-0.010610950891676513,0.0005648934654227649,0.36096692440514744,0.43471600600841787,1.4347160060084179,-0.16853729292233766,0.6718044710305549,0.02081807704750624,0.43075091614183414,0.5184088078235464,0.04447455051723477,0.04957039126083565,286049,Linear,1
-0.30327390029560775,-0.26160317843751946,0.3458528951486698,0.017731281764819737,-0.008279279037906147,0.0007165487201571076,0.4578746321803919,0.5807108203698328,1.5807108203698328,-0.1893445153855282,0.7072309343802772,0.019864368239866693,0.5726262299122716,0.6891557743769647,0.04447454620030707,0.04957039126083565,281015,Linear,1
-0.3013234732206911,-0.2601615838791882,0.3395931142410016,0.017907743426372094,-0.008023284654869515,0.0007827139267101869,0.5001541991678096,0.6489755217501665,1.6489755217501665,-0.18739408831061155,0.7547266425990529,0.01981763322600064,0.626976907130875,0.7545668245348268,0.04447455093090034,0.04957039126083565,140200,Linear,1
-0.3013234732206911,-0.2601615838791882,0.3411580594679186,0.017800316360272527,-0.008161058288863338,0.0006958739075554696,0.4446634269279457,0.5599650652309118,1.5599650652309118,-0.18739408831061155,0.699235870359189,0.019832286035875026,0.5570036555302107,0.6703540031977431,0.04447455256858179,0.04957039126083565,342820,Linear,1
-0.3768006642931141,-0.31394718491027696,0.39436619718309857,0.017628094714577207,-0.010583807481932246,0.0005420131026066914,0.3463463725656766,0.4138922645035923,1.4138922645035923,-0.16853729292233766,0.6833333779086388,0.020833048855240444,0.4130068201155638,0.49705378495028923,0.04447454678975228,0.04957039126083565,433908,Linear,1
-0.31222844822332263,-0.26818567255222836,0.39123630672926446,0.017658198370183526,-0.010020487599317174,0.0008084192745093912,0.5165799164115015,0.6762848006484723,1.6762848006484723,-0.15567680011918128,0.7868421743351064,0.020601590722899053,0.6229255937151609,0.7496910680842745,0.044474548376838195,0.04957039126083565,715797,Linear,1
-0.391850681102369,-0.32419498311278316,0.4241001564945227,0.01760940844407433,-0.011920076506918991,0.00060338268199993,0.3855615337979543,0.47043979129551183,1.4704397912955118,-0.1172246635560441,0.7564776640811033,0.021470434571500486,0.4461205990010153,0.5369062240078698,0.0444745479812206,0.04957039126083565,39533,Linear,1
-0.3123503532842733,-0.26827487898495217,0.3646322378716745,0.01772656176237722,-0.009042643250212153,0.0007182718795739557,0.458975731047758,0.5824522978572697,1.5824522978572697,-0.15674398449664295,0.7315124253818794,0.020286413021859538,0.5620615428767678,0.676441171561585,0.04447455205493513,0.04957039126083565,249469,Linear,1
-0.391850681102369,-0.32419498311278316,0.4225352112676056,0.017626293264893993,-0.011865788970271874,0.0005956542276855346,0.3806230514910567,0.46319595191141394,1.463195951911414,-0.1172246635560441,0.7515391817742056,0.021462030351798212,0.4405788999477751,0.530236788164903,0.044474555420842346,0.04957039126083565,214814,Linear,1
-0.4111335119814612,-0.3371015791894365,0.42566510172143973,0.017561906319576125,-0.012195200279190656,0.0004713615281091302,0.3012000164617348,0.3514796326800109,1.351479632680011,-0.1182683259849,0.691398977623976,0.021571114065649682,0.3468820508346553,0.41747261280198555,0.044474550701822005,0.04957039126083565,45994,Linear,1
-0.4111335119814612,-0.3371015791894365,0.4241001564945227,0.01760940844407433,-0.012034198588628937,0.0005376597930026525,0.3435646077286947,0.40996461415148633,1.4099646141514863,-0.1172246635560441,0.7337635688909359,0.021504560924816684,0.39689648364832464,0.4776649920106878,0.044474547979229645,0.04957039126083565,481556,Linear,1
-0.391850681102369,-0.32419498311278316,0.4241001564945227,0.01760940844407433,-0.011920076506918991,0.00060338268199993,0.3855615337979543,0.47043979129551183,1.4704397912955118,-0.1172246635560441,0.7564776640811033,0.021470434571500486,0.4461205990010153,0.5369062240078698,0.0444745455525173,0.04957039126083565,655870,Linear,1
-0.3566749776364304,-0.3000000235883882,0.41158059467918623,0.01769890657501682,-0.011697213243049655,0.0004016592329307558,0.2566602498427528,0.29260588909396756,1.2926058890939676,-0.22756326041599095,0.5735215685290314,0.02162261755714889,0.29488301478367424,0.3548917632274565,0.04447454642516691,0.04957039126083565,17708,Linear,1
-0.3013234732206911,-0.2601615838791882,0.3458528951486698,0.017731281764819737,-0.008274612944425486,0.000719601031698448,0.4598250592553086,0.5837968901501964,1.5837968901501964,-0.18739408831061155,0.7091813614551938,0.01986410764367412,0.5750730132594427,0.6921004785911092,0.04447454937025,0.04957039126083565,594576,Linear,1
-0.35644602178945206,-0.2998397361522315,0.3974960876369327,0.01750465755000238,-0.010694915379044923,0.0005143045332837385,0.3286405967683095,0.3890785265512364,1.3890785265512364,-0.18449129193504632,0.6405292322760943,0.02083905249701642,0.3917803537613041,0.4715077287385479,0.04447455039886702,0.04957039126083565,408144,Linear,1
-0.3577159410924651,-0.30072831885291473,0.4225352112676056,0.017626293264893993,-0.011729139326261984,0.0006745645854940628,0.43104677013070614,0.5388675213089082,1.5388675213089082,-0.1172246635560441,0.7678281604039512,0.0214302536139034,0.49968521193163257,0.6013712456487006,0.04447454444892547,0.04957039126083565,414029,Linear,1
-0.33825900458032265,-0.28698940902824044,0.38810641627543035,0.017767005938535915,-0.009897783403271077,0.000839098845192357,0.536184162077916,0.7094713353113273,1.7094713353113273,-0.10418217192818702,0.8346295077080867,0.020519100297574377,0.6491649743657331,0.78127016758551,0.04447454801118958,0.04957039126083565,250928,Linear,1
-0.3013234732206911,-0.2601615838791882,0.3395931142410016,0.017907743426372094,-0.008023284654869515,0.0007827139267101869,0.5001541991678096,0.6489755217501665,1.6489755217501665,-0.18739408831061155,0.7547266425990529,0.01981763322600064,0.626976907130875,0.7545668245348268,0.04447455059321323,0.04957039126083565,723037,Linear,1
-0.32595578400650993,-0.2781628965292211,0.352112676056338,0.017764231164789333,-0.008661163945968534,0.0006435526423264884,0.41123013844662637,0.5086725201589373,1.5086725201589373,-0.2052432823129493,0.6973722635029844,0.02008825699154974,0.5085598759187416,0.612051905410494,0.04447454836920296,0.04957039126083565,62206,Linear,1
-0.32595578400650993,-0.2781628965292211,0.350547730829421,0.01780048235123591,-0.008598260211094538,0.0006557590908804548,0.41903005907261104,0.5204860585041238,1.5204860585041238,-0.2052432823129493,0.7051721841289691,0.020072355724332382,0.5186163990715724,0.6241549328984084,0.044474547964004796,0.04957039126083565,854657,Linear,1
-0.31322964624268934,-0.2689179969453739,0.37089201877934275,0.017540461000920268,-0.009241234330604572,0.0006918827172379752,0.4421130563150655,0.5559916451720253,1.5559916451720253,-0.15674398449664295,0.7155290436076029,0.02032126972359472,0.5404828431886461,0.6504712024669213,0.044474549260176494,0.04957039126083565,791430,Linear,1
-0.3109099032008089,-0.2672201059817615,0.38497652582159625,0.017385178128530628,-0.009537709513013758,0.0008269702363131884,0.5284339810041274,0.6962738305074712,1.6962738305074712,-0.11299835267891467,0.7995302252547845,0.02042436130437383,0.6427493778623471,0.7735489959984899,0.044474552147172844,0.04957039126083565,774566,Linear,1
-0.326992281305138,-0.2789106911265301,0.38497652582159625,0.017557351635650406,-0.009632362534927661,0.0008350391645437069,0.533590026143429,0.70504248129977,1.70504248129977,-0.09020014735870063,0.8207686484984151,0.020552638269748447,0.6449700331563809,0.7762215550585571,0.04447455340906617,0.04957039126083565,721176,Linear,1
-0.38757524924585596,-0.3212994393755365,0.42566510172143973,0.017561906319576125,-0.012131008827595002,0.0005082289189316733,0.32475827919734,0.3836961374125676,1.3836961374125676,-0.1182683259849,0.691398977623976,0.02155010202919288,0.3743779941541489,0.45056398570935974,0.04447455429785651,0.04957039126083565,630381,Linear,1
-0.3109099032008089,-0.2672201059817615,0.38341158059467917,0.01743469982037804,-0.009470395848914306,0.0008453294077001303,0.5401654915203835,0.7162908702692867,1.7162908702692867,-0.11299835267891467,0.8112617357710405,0.020411477778985453,0.6574334537423894,0.7912212840556944,0.04447455260418797,0.04957039126083565,992932,Linear,1
-0.3768006642931141,-0.31394718491027696,0.39436619718309857,0.017628094714577207,-0.010583807481932246,0.0005420131026066914,0.3463463725656766,0.4138922645035923,1.4138922645035923,-0.16853729292233766,0.6833333779086388,0.020833048855240444,0.4130068201155638,0.49705378495028923,0.04447454969291667,0.04957039126083565,735474,Linear,1
-0.30327390029560775,-0.26160317843751946,0.3458528951486698,0.017731281764819737,-0.00828072154934959,0.0007156051054726656,0.45727166239703365,0.5797579868027156,1.5797579868027156,-0.1893445153855282,0.7066279645969189,0.01986376569867193,0.5718894920721113,0.6882691102490811,0.04447454925006247,0.04957039126083565,109195,Linear,1
-0.391850681102369,-0.32419498311278316,0.4241001564945227,0.01760940844407433,-0.011920076506918991,0.00060338268199993,0.3855615337979543,0.47043979129551183,1.4704397912955118,-0.1172246635560441,0.7564776640811033,0.021470434571500486,0.4461205990010153,0.5369062240078698,0.044474550011099144,0.04957039126083565,451955,Linear,1
-0.4111335119814612,-0.3371015791894365,0.4241001564945227,0.01760940844407433,-0.012034198588628937,0.0005376597930026525,0.3435646077286947,0.40996461415148633,1.4099646141514863,-0.1172246635560441,0.7337635688909359,0.021504560924816684,0.39689648364832464,0.4776649920106878,0.044474549199622876,0.04957039126083565,818174,Linear,1
-0.30327390029560775,-0.26160317843751946,0.352112676056338,0.017635624955542478,-0.008456764419663712,0.0007306966279441007,0.4669151452562801,0.5950660487535557,1.5950660487535557,-0.1893445153855282,0.7162714474561653,0.019918137656425913,0.582356120252001,0.7008656992134614,0.04447454968742362,0.04957039126083565,493384,Linear,1
-0.3109099032008089,-0.2672201059817615,0.38497652582159625,0.017385178128530628,-0.009565633063916038,0.0008097965970258712,0.5174600254995312,0.6777607635445557,1.6777607635445557,-0.11299835267891467,0.7885562697501882,0.020429670730159298,0.6292378677784408,0.7572878910953785,0.04447454970577446,0.04957039126083565,849954,Linear,1
-0.4111335119814612,-0.3371015791894365,0.42566510172143973,0.017561906319576125,-0.012195200279190656,0.0004713615281091302,0.3012000164617348,0.3514796326800109,1.351479632680011,-0.1182683259849,0.691398977623976,0.021571114065649682,0.3468820508346553,0.41747261280198555,0.04447454840029053,0.04957039126083565,399039,Linear,1
-0.35644602178945206,-0.2998397361522315,0.39906103286384975,0.017588739342781812,-0.010896006823287507,0.0004711454026086999,0.30106191226695955,0.35129300056122026,1.3512930005612203,-0.20556510455389798,0.6129505477747443,0.020970067585362837,0.3566608152061768,0.42924135754484904,0.04447454828787264,0.04957039126083565,34582,Linear,1
-0.391850681102369,-0.32419498311278316,0.4241001564945227,0.01760940844407433,-0.01198179959167488,0.0005678363671483373,0.3628474386077869,0.4374165482426493,1.4374165482426493,-0.1172246635560441,0.7337635688909359,0.021490228625239638,0.4194521628555587,0.5048107561386098,0.044474548369902354,0.04957039126083565,365448,Linear,1
-0.3109099032008089,-0.2672201059817615,0.38497652582159625,0.017385178128530628,-0.009537709513013758,0.0008269702363131884,0.5284339810041274,0.6962738305074712,1.6962738305074712,-0.11299835267891467,0.7995302252547845,0.02042436130437383,0.6427493778623471,0.7735489959984899,0.04447454937283728,0.04957039126083565,323938,Linear,1
-0.40844571305569843,-0.3353174449030707,0.3620689655172414,0.0175686026798549,-0.008954531520796944,0.0006486722415080344,0.41385289008212567,0.5126345869660189,1.512634586966019,-0.015629096888005733,0.8075805055032106,0.019682076056926314,0.5231842703352827,0.6296523668152565,0.03505612909186248,0.014208853659349742,583418,Linear,4
-0.3784351719987171,-0.31506762758744766,0.3448275862068966,0.01799986045648025,-0.008489129811814086,0.0006450047634598234,0.41151303908736736,0.5090993849588743,1.5090993849588743,-0.02237655222415924,0.775230113451471,0.01958815864775992,0.5227205566140001,0.6290942872653051,0.0372742624379939,0.013683511151075158,556138,Linear,4
-0.4189914557537122,-0.3422901851215465,0.36363636363636365,0.017543835599185355,-0.009031681555731258,0.00063214286423842,0.4033071473841119,0.496766548998846,1.496766548998846,-0.015629096888005733,0.8075805055032106,0.019708125714402912,0.5091786513062425,0.6127966017046264,0.03537664454799665,0.014379963106806932,148777,Linear,4
-0.42817042433307506,-0.34829966026171044,0.3557993730407524,0.017741478284805722,-0.008774255159562167,0.0006600261756596372,0.4210967000708479,0.5236316065696187,1.5236316065696187,-0.015629096888005733,0.8345490267693094,0.019624043892489073,0.5339159846427373,0.6425679869835453,0.035171990528875846,0.012566147513764251,74217,Linear,4
-0.37369360474986024,-0.3118122630167668,0.3463949843260188,0.018164841209954624,-0.008267293651652121,0.0008886652894373615,0.566968454661037,0.7629145869145662,1.7629145869145662,-0.02237655222415924,0.9259439617762837,0.019767399825895406,0.7136560322556205,0.8588851677703673,0.04097525534510426,0.020823714780559298,657743,Linear,4
-0.42856338090859936,-0.34855569988596036,0.3620689655172414,0.017593634307897715,-0.00931771382302724,0.0004260501554111057,0.27181999915228516,0.3123507558010068,1.3123507558010068,-0.015629096888005733,0.685665282426271,0.019942119795178896,0.33914832590587,0.40816507340943625,0.030604612933656607,0.006325481452103253,39718,Linear,4
-0.40719180405722,-0.334483470711502,0.3557993730407524,0.01774921141308136,-0.008895210926358317,0.0005848578370473371,0.37313930003620044,0.45228662932301966,1.4522866293230197,-0.015629096888005733,0.7656130064588069,0.01972433246764206,0.4707044129456539,0.5664928486700901,0.03303186283915723,0.010558996266343802,744470,Linear,4
-0.37684874460683204,-0.31398016975188636,0.3605015673981191,0.01780309858085789,-0.008893904483976062,0.0007304069657289676,0.4659996441350813,0.5936064322397605,1.5936064322397605,-0.015629096888005733,0.8281302911072999,0.01972757578585955,0.5877484009687485,0.7073553100606232,0.03402823160521699,0.012475348144535686,172776,Linear,4
-0.3624500081932638,-0.30403089443800013,0.3793103448275862,0.01768376799675987,-0.009376657302608591,0.0008876419488759967,0.5663155633828865,0.7617639710110617,1.7617639710110617,-0.015629096888005733,0.9140474739415367,0.020180957008047184,0.6982265060249038,0.8403157300772521,0.03715443445885854,0.01685386469955956,245023,Linear,4
-0.32230682266526856,-0.27552412939226045,0.36363636363636365,0.0175915615682478,-0.008603642011850054,0.0009218865627309853,0.588163627022368,0.8006786597229159,1.8006786597229159,-0.015629096888005733,0.8957523520530231,0.019329707069642346,0.7570986688656932,0.9111683890237465,0.03712149485242306,0.019160861802921057,554567,Linear,4
-0.3832919913402293,-0.3183861551137628,0.3730407523510972,0.018029465833734788,-0.009619946642405921,0.0006944109897594223,0.4430342114665109,0.5574256152446444,1.5574256152446444,-0.02237655222415924,0.8116081051721267,0.0207713939885104,0.5307025963466617,0.6387006735705795,0.03895727382065835,0.018457848264273023,368312,Linear,4
-0.40978106661350466,-0.3362044387608243,0.3714733542319749,0.017273515815859085,-0.00941166423887043,0.0005011691043441385,0.3197458885715605,0.37677786489122456,1.3767778648912246,-0.015629096888005733,0.7148088575504516,0.020045348172637062,0.39689073099570915,0.47765806869219335,0.03718939386984835,0.01582924118135386,931208,Linear,4
-0.39784029909060337,-0.3282306987357475,0.3557993730407524,0.017711410969349292,-0.008701280336163884,0.0006963386706566356,0.44426407187893346,0.559342209684361,1.559342209684361,-0.015629096888005733,0.8273862733349233,0.019553694724004853,0.5653168805708242,0.6803589710828357,0.034774083798523564,0.012881796618700803,130952,Linear,4
-0.4279315629428311,-0.3481439756197533,0.3510971786833856,0.01773655761344831,-0.008636490309898557,0.0006230124092702497,0.39748191711441905,0.4880728850718026,1.4880728850718026,-0.02237655222415924,0.8106953824226366,0.01982144833012738,0.4989552341029198,0.6004927171958534,0.03720336237486534,0.013511569953670836,64113,Linear,4
-0.3832715723583533,-0.31837223711092244,0.35893416927899685,0.017434571361935006,-0.009151345446983265,0.0003912485173463336,0.24961655406696082,0.2835331567473611,1.2835331567473611,-0.015629096888005733,0.6181700287907006,0.019800609735454437,0.31367103080698605,0.3775031440116304,0.033948841590768546,0.009605071493644311,15792,Linear,4
-0.40456919409916736,-0.3327357896934451,0.35893416927899685,0.017432952384221635,-0.009124911596382268,0.0004076132493203875,0.2600572530664067,0.2970043420158015,1.2970043420158015,-0.015629096888005733,0.6499083495309605,0.019602994943871608,0.33008526254827053,0.3972576749701596,0.035234611783616324,0.013555652700868828,286049,Linear,4
-0.3624500081932638,-0.30403089443800013,0.3761755485893417,0.017390408005356524,-0.009488941838849794,0.0006224123345193542,0.39709906942334783,0.4875032888448647,1.4875032888448647,-0.015629096888005733,0.7448309799819981,0.02014980541200176,0.4903516087842239,0.5901382525219884,0.03788960029663725,0.016851277033057374,281015,Linear,4
-0.36444282709271647,-0.3054164537820333,0.3652037617554859,0.01752953352758084,-0.008932196653229228,0.0007317267513612842,0.46684166736849875,0.594948850975197,1.594948850975197,-0.015629096888005733,0.8165663968266017,0.01949894090181233,0.5957145123431437,0.7169425265837566,0.036857517162590676,0.018604190046637843,140200,Linear,4
-0.36444282709271647,-0.3054164537820333,0.3667711598746082,0.017590256582099024,-0.008932524492899241,0.0007952666850781802,0.5073801450798783,0.6609340836072974,1.6609340836072974,-0.015629096888005733,0.8571048745379812,0.019530372060704404,0.646401779183217,0.7779446616685817,0.03692844278119551,0.01830097098257787,342820,Linear,4
-0.3943306686160213,-0.3258688946185837,0.36990595611285265,0.0178638012635482,-0.0089422420155258,0.0009734730532225747,0.6210758079560037,0.8609289675363039,1.8609289675363039,-0.02237655222415924,1.0006883789374115,0.02019361602797385,0.7652619332610237,0.9209928792443041,0.04273055636318524,0.022765573657129896,433908,Linear,4
-0.39784029909060337,-0.3282306987357475,0.3557993730407524,0.017711410969349292,-0.008722596937838879,0.0006826065024929636,0.43550294859051064,0.5457402913818228,1.5457402913818228,-0.015629096888005733,0.8186251500465005,0.019576083897634294,0.5535347289138528,0.6661791493687118,0.03457588630252194,0.01290471595057733,715797,Linear,4
-0.47756041051252396,-0.3797051878632228,0.3510971786833856,0.018200825319183878,-0.008831134894030078,0.0006597100711108724,0.42089502536873624,0.5233243596022477,1.5233243596022477,-0.02237655222415924,0.8837373382466467,0.020091856846943576,0.5212346869262978,0.6273060428193451,0.037195927597753614,0.013267127885874853,39533,Linear,4
-0.45062919007978053,-0.36277291150011604,0.3510971786833856,0.01751710049197592,-0.008626070349557865,0.0005527231747423983,0.35263738548565016,0.4228151164673548,1.4228151164673548,-0.02237655222415924,0.7885484779308172,0.019729926679399427,0.444715711718498,0.5352154419016364,0.040450513774665985,0.018078708913372068,249469,Linear,4
-0.388692120090127,-0.32205703709553346,0.3385579937304075,0.018083757437386373,-0.00846274039677974,0.0005247886505241467,0.33481515903440595,0.3976820124514915,1.3976820124514915,-0.02237655222415924,0.7087891814899194,0.019787829032611313,0.4210043227686558,0.5066787808831822,0.03741135890231903,0.016376024354932288,214814,Linear,4
-0.3784351719987171,-0.31506762758744766,0.34169278996865204,0.01804900419130651,-0.008314168274565808,0.000693937677722853,0.4427322383871797,0.5569553856376941,1.556955385637694,-0.02237655222415924,0.8064493127512833,0.019518607081816228,0.5643803923926877,0.679231907385985,0.03669583992699852,0.013349101463997742,45994,Linear,4
-0.4641192255112401,-0.37131140572045995,0.3510971786833856,0.018196571212286017,-0.008766433722564176,0.0007002012388879295,0.44672839041049883,0.5631896643185259,1.563189664318526,-0.02237655222415924,0.8961295182871254,0.020041891722561638,0.5546058340524774,0.6674682246025884,0.0380970468305988,0.013561059075525185,481556,Linear,4
-0.4166894633381162,-0.34077439812031063,0.37460815047021945,0.017821285566166186,-0.009441375338745155,0.0007714396397404417,0.4921784901544015,0.6358760809225843,1.6358760809225843,-0.015629096888005733,0.8941498558579042,0.020361630440673045,0.6014363469165301,0.7238287555587778,0.0372172508960963,0.013611333738996268,655870,Linear,4
-0.39901949919658364,-0.3290223822985848,0.3683385579937304,0.017919864968582184,-0.00892011801669137,0.0009660826126805504,0.6163607068901911,0.8521751531558535,1.8521751531558535,-0.02237655222415924,1.0006621084521612,0.02019311695827954,0.7594709655900626,0.9140234485734727,0.04377006068836848,0.02502640863842557,17708,Linear,4
-0.4248189246900438,-0.3461118225850339,0.36363636363636365,0.01765460454055693,-0.009346391865386834,0.00047215228222908037,0.3012331560621533,0.35152442091713976,1.3515244209171398,-0.015629096888005733,0.7113339831175836,0.019981588801711365,0.37510456214254734,0.4514384104187534,0.031154542167689203,0.007641402285126703,594576,Linear,4
-0.42817042433307506,-0.34829966026171044,0.3557993730407524,0.017755333714344266,-0.008795624102670527,0.0006511900422547998,0.4154592469585623,0.5150663705695735,1.5150663705695735,-0.015629096888005733,0.8289115736570238,0.019635235203804592,0.5264679206024515,0.6336042405235225,0.03495025978854784,0.013494149413111464,408144,Linear,4
-0.44004434190355823,-0.355992136084586,0.3620689655172414,0.017551242581634364,-0.0093326278957386,0.00040118727710333497,0.25595748279192776,0.29169780738773476,1.2916978073877348,-0.015629096888005733,0.6812837270608725,0.019937839039652305,0.31942531854157014,0.3844284303721988,0.030837618063222046,0.005996016056378231,414029,Linear,4
-0.42856338090859936,-0.34855569988596036,0.3620689655172414,0.017463546619340523,-0.0093326278957386,0.000369435290755565,0.23569971550205082,0.26579415473008416,1.2657941547300842,-0.015629096888005733,0.6495449987760367,0.01990395607567929,0.2946451151179119,0.354605450935392,0.030784529048518416,0.006063849885399876,250928,Linear,4
-0.35935094943852164,-0.3018706997321259,0.3714733542319749,0.01761872313249352,-0.008575034310014327,0.0011552486270928197,0.7370486240852188,1.089758740372765,2.089758740372765,-0.02237655222415924,1.0816814758891269,0.01977515436307196,0.9273759932142202,1.1160971805990552,0.04034103188888965,0.022695383203258042,723037,Linear,4
-0.3563721934078785,-0.2997880425449052,0.34169278996865204,0.017905748786755243,-0.00837911895372859,0.0006022308384743495,0.3842232749466348,0.46847327837463104,1.468473278374631,-0.02237655222415924,0.7258773707198998,0.01965654275804745,0.48635806918936875,0.5853320268756027,0.03726330787602775,0.015926417300177104,62206,Linear,4
-0.39741521136966185,-0.32794507715166143,0.3667711598746082,0.017662479042323518,-0.009146397233350156,0.000686325413213543,0.43787561363023997,0.549412169677735,1.549412169677735,-0.015629096888005733,0.8205727273652883,0.019824214437168055,0.5495843583356872,0.6614248776419541,0.035093819607224574,0.014524133097643126,854657,Linear,4
-0.36444282709271647,-0.3054164537820333,0.3714733542319749,0.017678000614602295,-0.009027043047065756,0.0008931690968454172,0.569841883787376,0.7679874818474792,1.7679874818474792,-0.02237655222415924,0.919566613245479,0.01968834683211681,0.7201528891576524,0.8667041362622963,0.03785389138037401,0.019890722381529294,791430,Linear,4
-0.42748876707992167,-0.34785527255540105,0.3620689655172414,0.017774230780780657,-0.008890442276368572,0.000764008313288907,0.4874373038783233,0.6281384449794436,1.6281384449794436,-0.02237655222415924,0.9002079733236314,0.01999295516221856,0.6066264782211613,0.7300750795507983,0.03992429246599532,0.017669765189365555,774566,Linear,4
-0.388692120090127,-0.32205703709553346,0.3401253918495298,0.01805298913308023,-0.008516095598433108,0.0005207247569562236,0.3322223949380714,0.39406284656066903,1.394062846560669,-0.02237655222415924,0.7061964173935849,0.019800011865794824,0.41748708569233395,0.5024457854065844,0.03722956025609762,0.015862049095935173,721176,Linear,4
-0.42385556633234955,-0.3454815904233548,0.3542319749216301,0.017827292314317657,-0.008617911773831774,0.0007498250975189651,0.47838841221710027,0.6134720539496183,1.6134720539496183,-0.015629096888005733,0.8875258809148363,0.019533113163549404,0.6093808144823486,0.7333899237542568,0.03514914053041857,0.011658246238139392,630381,Linear,4
-0.40456919409916736,-0.3327357896934451,0.3714733542319749,0.016913453527958755,-0.009337842077814247,0.0004138147537973537,0.26401381292271253,0.30214618262125303,1.302146182621253,-0.015629096888005733,0.6538649093872664,0.019539859277482214,0.3361900140168139,0.4046047444998378,0.03422597705805493,0.01087949724597196,992932,Linear,4
-0.39953722188147367,-0.32936967272449924,0.3652037617554859,0.017709825549026052,-0.0088995964190097,0.0008182645818560234,0.5220528032241418,0.6854840679407603,1.6854840679407603,-0.02237655222415924,0.906871927471002,0.020032995961716683,0.6484076353972692,0.7803587099958752,0.043987011811898374,0.025436230320709616,735474,Linear,4
-0.40456919409916736,-0.3327357896934451,0.3730407523510972,0.016933455987262796,-0.009347219977853457,0.00045654315646890837,0.2912745338271634,0.33813189599859483,1.3381318959985948,-0.015629096888005733,0.6811256302917172,0.019556656988926478,0.3705847033475488,0.4459987595169444,0.03485924118411471,0.011848439726050219,109195,Linear,4
-0.4370535525995365,-0.3540631611124858,0.35893416927899685,0.017629250417751405,-0.009056682436769896,0.0005218107038027966,0.33291522902618453,0.3950290354874013,1.3950290354874013,-0.02237655222415924,0.7552506839911075,0.01974047700026323,0.41961945104833376,0.5050120875097797,0.03615509504271985,0.012396147066236572,451955,Linear,4
-0.47756041051252396,-0.3797051878632228,0.35266457680250785,0.01812457126189353,-0.00877097639669832,0.0007141305361906556,0.45561528208963864,0.57714347269553,1.57714347269553,-0.02237655222415924,0.9184575949675491,0.020057610521489615,0.5651954804008326,0.6802128659556345,0.03700214434225114,0.01298262319562535,818174,Linear,4
-0.3638751186117588,-0.3050220208612482,0.3652037617554859,0.017516981491680312,-0.009086868640264988,0.0006289575051006161,0.4012748882541928,0.49372782030220286,1.4937278203022029,-0.015629096888005733,0.7504319092313381,0.019694586379207995,0.5069611856831863,0.6101278814141747,0.03392539556101897,0.01385249501533412,493384,Linear,4
-0.45062919007978053,-0.36277291150011604,0.3542319749216301,0.017553438531794464,-0.00864190884515409,0.0006373207899405394,0.4066106639820646,0.5017193184104809,1.501719318410481,-0.02237655222415924,0.8425217564272316,0.019744686930406544,0.5123988001928326,0.6166720514895359,0.040012314994537314,0.017029040480091618,849954,Linear,4
-0.4750411346940382,-0.37814052406037735,0.35266457680250785,0.01758483784854535,-0.009114177826178285,0.0003016192377916496,0.1924330737110722,0.21219537325480675,1.2121953732548068,-0.015629096888005733,0.6527561107704969,0.019817151381514277,0.24161176703952136,0.29077980664318814,0.03193518385301847,0.006108949215866583,399039,Linear,4
-0.4645578579547873,-0.37158710846429455,0.3463949843260188,0.018368353146805974,-0.008601861797268344,0.0007404853855536367,0.4724296759832214,0.6038863871522366,1.6038863871522366,-0.02237655222415924,0.9222694363033952,0.020071561389204413,0.5856465697899625,0.7048257558453932,0.03805099382668795,0.015261664259097134,34582,Linear,4
-0.4864994392301014,-0.385225311970672,0.3495297805642633,0.018261417223841375,-0.009067786362220978,0.00048458417021147396,0.30916470059491985,0.3622867214610228,1.3622867214610228,-0.02237655222415924,0.7809460421904078,0.020301672059520808,0.37891141179878246,0.45601995468923034,0.036623460153077284,0.012163765372673998,365448,Linear,4
-0.40305217160494067,-0.33172276668174705,0.37460815047021945,0.017438613003619766,-0.009388329113055972,0.0006612620560435614,0.4218851917557913,0.5248334511822901,1.52483345118229,-0.015629096888005733,0.8102192657261185,0.019854786412284213,0.5286992009096841,0.636289586788954,0.03779015740330358,0.01681985536838795,323938,Linear,4
-0.45685860636876896,-0.36673012594011534,0.3510971786833856,0.017953963208380434,-0.008858934760825573,0.0005549980684881354,0.35408876769542985,0.42488166432783436,1.4248816643278344,-0.05779031291604042,0.7962292764295853,0.019835496050898155,0.44416944156261046,0.5345580056672582,0.02602828423253629,0.004657268308139051,583418,Linear,7
-0.42091051425086334,-0.34355115840271266,0.3542319749216301,0.017611831197323187,-0.008621034357002448,0.0006714854161599245,0.42840769551003177,0.5348116892645247,1.5348116892645247,-0.05029253056272864,0.8346001121262816,0.019341425557727252,0.5511227954310003,0.663276386972767,0.03161089904279247,0.008529849853654755,556138,Linear,7
-0.36814743364811875,-0.3079848521504962,0.3761755485893417,0.017792755547081165,-0.009282568626341761,0.0009025062978298727,0.5757990180154593,0.7785510536585198,1.7785510536585198,-0.05779031291604042,0.9292283540289645,0.02019218728840369,0.70952409066612,0.8539123752976422,0.028821257320429096,0.006198547168504847,148777,Linear,7
-0.403541577339638,-0.33204974537295096,0.3463949843260188,0.01812244269160344,-0.008467964093849312,0.0007428194478200575,0.4739188077091967,0.6062765644589465,1.6062765644589465,-0.05779031291604042,0.8627422874142212,0.019661546393280566,0.5997439332521217,0.7217919353983736,0.02811061540981067,0.00413603834126973,74217,Linear,7
-0.4187016765063163,-0.34209956684911025,0.35893416927899685,0.01735316549573676,-0.00909227285239227,0.00039989859231235117,0.25513530189527955,0.2906362345884965,1.2906362345884965,-0.05029253056272864,0.6591188807669823,0.019551456626127797,0.32469158031613093,0.39076637739896225,0.03335028054341262,0.012140383957493513,657743,Linear,7
-0.4059785411809571,-0.3336755341923918,0.3510971786833856,0.017898626215412605,-0.008563046676060284,0.0007275720193784746,0.4641909483634663,0.5907266880997362,1.5907266880997362,-0.09538917616009712,0.8554513919098099,0.019397745998435727,0.5954221560545472,0.7165906757359661,0.02344122043786261,-0.0015261456321610353,39718,Linear,7
-0.4488676864129957,-0.36164944444197766,0.3542319749216301,0.018012245574124057,-0.008862515594487775,0.0006573841298167299,0.41941107482307416,0.5210654980215548,1.5210654980215548,-0.05779031291604042,0.8535606636014563,0.019814137169880938,0.5266769605227638,0.6338558201065615,0.02563083009781708,0.0020016293519381015,744470,Linear,7
-0.42091051425086334,-0.34355115840271266,0.3463949843260188,0.018083499772444868,-0.008365307998294845,0.0007964263548924221,0.5081200144213653,0.662163412529301,1.662163412529301,-0.05029253056272864,0.9143124310376152,0.0194785725389664,0.6490658599569529,0.7811508833760785,0.026292025290261933,0.0044779799862017305,172776,Linear,7
-0.43135015602456406,-0.3503686014032704,0.35266457680250785,0.018187203195403626,-0.008816265266621697,0.0007069015107383312,0.45100316385105543,0.569886248971611,1.569886248971611,-0.06453776825219393,0.867635222241006,0.019976313836486473,0.5617509659104657,0.6760673921247813,0.027352192728766038,0.005436849050253617,245023,Linear,7
-0.4243921426241286,-0.3458326952787718,0.3542319749216301,0.017815728481442437,-0.008551199286469375,0.0007888096093739945,0.503260530780608,0.6541057505127454,1.6541057505127454,-0.05779031291604042,0.912934575770123,0.019373110073758006,0.6463579828646762,0.7778919527910589,0.028226862779041538,0.00873885013203684,554567,Linear,7
-0.39643652486847714,-0.3272870241093253,0.3573667711598746,0.017762594246856646,-0.009050929328352539,0.0005313330151391436,0.3389904636587744,0.4035299606082814,1.4035299606082814,-0.05029253056272864,0.720708890892638,0.019723044091844964,0.4276545795476513,0.5146823661556146,0.030241195496248565,0.008323945533409214,368312,Linear,7
-0.4322347457637079,-0.350943004579661,0.3385579937304075,0.017704584992913993,-0.008318367119819151,0.0004919113384102515,0.3138394339057413,0.3686699569139582,1.3686699569139582,-0.08789139380678535,0.7313560820348357,0.019068847560944034,0.4095082508893984,0.4928432562348324,0.02877854061031958,0.005966026849951086,931208,Linear,7
-0.3905674548004754,-0.3233272156882475,0.3385579937304075,0.017755307042189424,-0.008134150923448998,0.0006309320241652643,0.4025346314174385,0.495610719447235,1.495610719447235,-0.05029253056272864,0.7783839885833004,0.01898855417402526,0.5274617166202145,0.6348002742160398,0.026976143387808092,0.004832998588635862,130952,Linear,7
-0.3912448802147992,-0.32378545580024864,0.3510971786833856,0.017965379800110832,-0.008692746579929033,0.000666846381088099,0.42544799113420595,0.5302758161246603,1.5302758161246603,-0.05779031291604042,0.8019747737143916,0.019836979612147917,0.5336426376005573,0.6422390137673585,0.02769210916286891,0.0032383491066624356,64113,Linear,7
-0.4006715876166709,-0.3301299814731188,0.3573667711598746,0.01794274069776261,-0.008739821768354087,0.0007956394264336973,0.507617954064699,0.6613291156247942,1.6613291156247942,-0.05779031291604042,0.8935714440467564,0.01958598506340359,0.6448684757413439,0.7760993306906403,0.030065715631582196,0.004990291745304581,15792,Linear,7
-0.44616169604705647,-0.35991973475513783,0.34796238244514105,0.01817242262584202,-0.008666681107351555,0.0006723173703427603,0.4289384822786815,0.5356265632445871,1.5356265632445871,-0.05779031291604042,0.8603820806911244,0.019766564944093755,0.5399373848921656,0.6498147433054906,0.02612437908935962,0.0027816259690262336,286049,Linear,7
-0.4085087117855437,-0.3353593177408105,0.3542319749216301,0.01821920355555489,-0.00873081694426572,0.0008157420415641518,0.5204434225179284,0.6827736640220923,1.6827736640220923,-0.06453776825219393,0.9142340366688586,0.019891714629012333,0.6509998608599652,0.7834784538231491,0.028900834871763377,0.006073137759809516,281015,Linear,7
-0.4243921426241286,-0.3458326952787718,0.3542319749216301,0.017902914561574085,-0.00849918941001359,0.0008532800219281256,0.544392653990144,0.7235612663698865,1.7235612663698865,-0.05779031291604042,0.9540666989796591,0.019372262396829158,0.699216237260263,0.8415068718033892,0.02785544323884827,0.008223026539823876,140200,Linear,7
-0.4006715876166709,-0.3301299814731188,0.3542319749216301,0.018035143819336963,-0.008595273724804252,0.0008380716748445172,0.5346897285508021,0.7069185519917889,1.7069185519917889,-0.05779031291604042,0.9206432185328595,0.019462466730161786,0.6835708741019016,0.8226776743276446,0.031659108588027535,0.008852245374829154,342820,Linear,7
-0.3967039969866164,-0.3274669320126401,0.3510971786833856,0.017783317434537236,-0.008686005505164823,0.0006072991006239878,0.38745682619810395,0.4732293473339735,1.4732293473339735,-0.05029253056272864,0.7694427255501068,0.019682566427427727,0.48980270868901526,0.5894776511551473,0.025921751875380754,0.0031911704013278985,433908,Linear,7
-0.44616169604705647,-0.35991973475513783,0.3432601880877743,0.018052374824411306,-0.008533797519751266,0.0005921769996399626,0.3778089257702959,0.4590841228641358,1.4590841228641358,-0.05779031291604042,0.8092525241827389,0.019623414736621766,0.4790460052569164,0.5765319565706934,0.026992027966841484,0.0048386360049442,715797,Linear,7
-0.41247839145944454,-0.3379924984477748,0.3683385579937304,0.017669189807844654,-0.00922668052013932,0.000680105572456657,0.4339073552273476,0.5432758850497621,1.543275885049762,-0.05779031291604042,0.8316676490521786,0.02005317200328288,0.5383857106581319,0.6479473030757615,0.028878468970963942,0.004306685705422957,39533,Linear,7
-0.3659936984186061,-0.306492828612126,0.3573667711598746,0.017645318190987604,-0.008582440146914805,0.0007904891650628576,0.5043320873101038,0.6558791683192076,1.6558791683192076,-0.05029253056272864,0.8556076880940964,0.019472222220746096,0.644437308018953,0.7755804202564185,0.030825884744286644,0.005408754385372717,249469,Linear,7
-0.3779068829899188,-0.3147056897478584,0.35266457680250785,0.017490273034256664,-0.008936103771544064,0.0003835432210972595,0.24470057506005105,0.27723881878694456,1.2772388187869446,-0.05029253056272864,0.6078893604153564,0.019504597084215387,0.31216024889513827,0.3756849176992701,0.030190175465894344,0.007971098722503706,214814,Linear,7
-0.4323914752458222,-0.35104472297507194,0.33699059561128525,0.017601387802134796,-0.008410342242496831,0.00035536615812354483,0.22672360888282128,0.2544830920363075,1.2544830920363075,-0.08789139380678535,0.64439698649403,0.019168445874122204,0.2942994392777535,0.3541894299973635,0.02900441024112742,0.006354546491922472,45994,Linear,7
-0.3659936984186061,-0.306492828612126,0.3557993730407524,0.017555547254200752,-0.008893507306804695,0.0005170497235216951,0.32987772360684176,0.39079805629615105,1.390798056296151,-0.08789139380678535,0.6811533243908343,0.019538596847901143,0.42008696772103965,0.5055747439124773,0.03007175096400922,0.002262891251998308,481556,Linear,7
-0.39521247084485367,-0.32646308291305093,0.3605015673981191,0.017793116332833724,-0.009095131011637184,0.0005981243006328921,0.3816033038037858,0.4646309563455513,1.4646309563455513,-0.08789139380678535,0.762097677014026,0.019997798362002873,0.474798712518043,0.571420338968209,0.02864302595092631,0.002894975003488152,655870,Linear,7
-0.3887421296094544,-0.32209093984950243,0.3542319749216301,0.017528147086136616,-0.008407311165400933,0.0007798574315386999,0.4975490413216903,0.644685271048199,1.644685271048199,-0.060138160828500986,0.8715730732965312,0.01925366337013181,0.6429868796203599,0.7738348294085038,0.03430844989407621,0.012898662659295426,17708,Linear,7
-0.4235130318556912,-0.3452573569008035,0.3495297805642633,0.017887487236416318,-0.008539727647255486,0.0006973709719589535,0.44492268010981206,0.5603695435665557,1.5603695435665557,-0.05779031291604042,0.8537176143308898,0.01935429260236502,0.5719878895909619,0.6883875316813488,0.023959013583717024,0.0004241693688720679,594576,Linear,7
-0.42091051425086334,-0.34355115840271266,0.34169278996865204,0.0180105038415429,-0.008467918059051002,0.0005795677941299862,0.3697642526549316,0.4473933552986291,1.4473933552986291,-0.05029253056272864,0.7759566692711815,0.019599173965512428,0.46942557493548914,0.5649537668866154,0.02658404079171506,0.0034896300073570603,408144,Linear,7
-0.37752622726839036,-0.3144447788922755,0.3495297805642633,0.017701405663277332,-0.008705868267554843,0.0005242603947893188,0.33447813187558495,0.39721103502444977,1.3972110350244498,-0.05779031291604042,0.6972862615093618,0.019456022027976718,0.4277532040800195,0.5148010607986929,0.030225305435850783,0.006202197626606148,414029,Linear,7
-0.3801174232503399,-0.3162188873026648,0.3495297805642633,0.01774093857547914,-0.008697973107784097,0.0005432138912248403,0.3465704626014485,0.41420913917462476,1.4142091391746248,-0.05779031291604042,0.7119697882171749,0.019452559758036156,0.4432965787866204,0.533507515153744,0.030777446044210982,0.0063306567851076296,250928,Linear,7
-0.425922769412864,-0.3468332153729272,0.3495297805642633,0.017984135451743516,-0.008512102071318918,0.0007491220158956941,0.477939846141453,0.612748467422529,1.612748467422529,-0.05779031291604042,0.8891445179197035,0.019436350660805127,0.611840336787157,0.7363499593062911,0.03269546325193454,0.011170886977450497,723037,Linear,7
-0.3714528151904233,-0.31026845008682935,0.3495297805642633,0.017729528335156636,-0.008643908913768702,0.0005743928205735405,0.36646261952591885,0.4426224736304081,1.442622473630408,-0.05779031291604042,0.7231973370817286,0.019396726973261096,0.47008979201289386,0.5657531522630125,0.026806876010639996,0.004687765806200553,62206,Linear,7
-0.3892527812276967,-0.322437026835629,0.3495297805642633,0.018129979429921256,-0.008671675048583027,0.0006963013600477805,0.44424026771048375,0.559305091281519,1.559305091281519,-0.05779031291604042,0.8187749513035669,0.019743207849477078,0.559860459441377,0.6737921672370407,0.027463565282367416,0.006334076201556949,854657,Linear,7
-0.4243921426241286,-0.3458326952787718,0.35266457680250785,0.017843760302890182,-0.008679025622764272,0.0006746214513301671,0.43040848594864656,0.5378855999175545,1.5378855999175545,-0.05779031291604042,0.8400825309381617,0.019484060127316294,0.5496433220794827,0.6614958405185969,0.028664044770887326,0.008741137545369794,791430,Linear,7
-0.3714528151904233,-0.31026845008682935,0.3557993730407524,0.017698419373871906,-0.008656942145592676,0.0007202789592951932,0.4595379760303331,0.5833422738907392,1.5833422738907392,-0.05029253056272864,0.8162726935861429,0.019483836202236437,0.5868492162756186,0.7062731411149276,0.03070868204553562,0.005810859276480592,774566,Linear,7
-0.39345049471012317,-0.3252752808071022,0.3542319749216301,0.017495068584509752,-0.009025658409538081,0.0003688310899208694,0.2353142353695148,0.2653063102647708,1.2653063102647708,-0.05029253056272864,0.6140466324450244,0.019546364989941625,0.2995448023880689,0.36050222547781435,0.02974946828773138,0.007756414819482886,721176,Linear,7
-0.4434085696411785,-0.35815508483749514,0.3557993730407524,0.01789248324802938,-0.008840585164357203,0.0006710238162254837,0.4281131947518588,0.5343597526094939,1.5343597526094939,-0.05779031291604042,0.8568036667584238,0.019799280958063444,0.5380080656346579,0.6474928072196571,0.026736324306241677,0.0021067070952590977,630381,Linear,7
-0.4166754515026696,-0.34076516109494126,0.3557993730407524,0.018172843256043892,-0.008903001670826126,0.000730566978702862,0.4661017324124259,0.5937691290797718,1.5937691290797718,-0.05779031291604042,0.868059086280482,0.019997697000158667,0.5799363421822797,0.6979534958557586,0.02488123133761999,0.001369129725474692,992932,Linear,7
-0.41247839145944454,-0.3379924984477748,0.36363636363636365,0.017679203300970364,-0.008947861070688134,0.0007347077917331385,0.46874357112574216,0.5979851766718438,1.5979851766718438,-0.060138160828500986,0.8665038649505732,0.019983058881735117,0.5836506156734712,0.7024236246943591,0.03405562639322049,0.012437826980253959,735474,Linear,7
-0.40609897422837093,-0.3337557768463447,0.35266457680250785,0.01810024415161428,-0.00874462845509151,0.0007226071820696234,0.4610233821604197,0.585695927843642,1.585695927843642,-0.05779031291604042,0.8524042587541771,0.01987411373610108,0.5771846507668607,0.6946418347246749,0.024534093193116037,4.6901455352159586e-06,109195,Linear,7
-0.4322347457637079,-0.350943004579661,0.3401253918495298,0.01767678829564997,-0.008326268889003523,0.0005180311252124753,0.33050385788556014,0.39166915531799273,1.3916691553179927,-0.08789139380678535,0.7480205060146545,0.019072737247584556,0.4311646024096769,0.518906679323963,0.02879089380206336,0.0057944553191899345,451955,Linear,7
-0.4006715876166709,-0.3301299814731188,0.3542319749216301,0.017426519740964437,-0.008945036022330155,0.00039661225745758494,0.25303862025793933,0.28793301617944445,1.2879330161794444,-0.08789139380678535,0.6389921102399967,0.019439378745672368,0.32387991834964314,0.3897895420710854,0.02957368383879142,0.003459317342617142,818174,Linear,7
-0.43932411569403484,-0.3555281376700026,0.35893416927899685,0.01809734933825552,-0.008772096114550432,0.0008722659680397921,0.5565056876093877,0.7445657792955402,1.7445657792955402,-0.05029253056272864,0.981111705668809,0.019827212556916343,0.6983731541426199,0.8404922211142434,0.027080971428128937,0.004213067628040223,493384,Linear,7
-0.3659936984186061,-0.306492828612126,0.3542319749216301,0.017695461050792383,-0.008569676597360439,0.0007342749833331944,0.4684674393665773,0.5975439831304679,1.5975439831304679,-0.05779031291604042,0.8197430401505699,0.01946695207752905,0.5987713922853563,0.7206214821636917,0.03079032755234114,0.005061868449088321,849954,Linear,7
-0.34973383220494725,-0.29512432004211353,0.36363636363636365,0.017839053058439497,-0.009105904355766399,0.0006922619766721082,0.4416631411168055,0.5552917383436631,1.555291738343663,-0.05779031291604042,0.7766788756871392,0.019996959036730648,0.5495494677014172,0.6613828867571103,0.026156450306503286,2.4421102614400337e-05,399039,Linear,7
-0.4190851890598424,-0.3423518315477626,0.3557993730407524,0.0175132885800737,-0.008690961666689229,0.0006324941421120018,0.40353126266745676,0.49710203485042515,1.4971020348504251,-0.05029253056272864,0.8078983540926856,0.019445560964615263,0.5163406318116299,0.621416046577103,0.028143592637060146,0.003776953405760733,34582,Linear,7
-0.458647679828573,-0.36786207938882476,0.33699059561128525,0.017741230966279293,-0.008480998313422333,0.0003556463498000017,0.2269023711724003,0.2547073663513757,1.2547073663513757,-0.08789139380678535,0.6708319533663598,0.019242480036384374,0.29339829205367657,0.3531048991453075,0.0287880345068313,0.003234560023569946,365448,Linear,7
-0.42091051425086334,-0.34355115840271266,0.35893416927899685,0.017791177054051414,-0.008597898417616632,0.0008740424648472911,0.5576390925725718,0.7465441997723978,1.7465441997723978,-0.05029253056272864,0.9638315091888217,0.01939574029582608,0.7153629493977576,0.8609394428689198,0.031145261911960927,0.008565892351363801,323938,Linear,7
-0.40488128003198653,-0.3329440009753595,0.37990580847723704,0.01819142964555524,-0.00936246022111051,0.0011054225853778911,0.7041541868857166,1.0221356125806627,2.0221356125806627,-0.05841627391055226,1.0991215728317911,0.02060108233487781,0.8518018248757158,1.0251436549245565,0.048478462039375586,0.02633252981798386,583418,Linear,10
-0.40488128003198653,-0.3329440009753595,0.3783359497645212,0.0172304196040005,-0.009541012150578473,0.0005875829088462237,0.3742903129350452,0.4539591923523454,1.4539591923523454,-0.05841627391055226,0.7692576988811197,0.019969136249104655,0.4671002987949701,0.5621552966183129,0.05224277031048751,0.030823205978889594,556138,Linear,10
-0.41875721645192243,-0.34213610558869256,0.37362637362637363,0.017509570237304897,-0.009154960371087872,0.0008076115045753595,0.5144485284145048,0.6727157921668536,1.6727157921668536,-0.05841627391055226,0.9289607467690075,0.019929366472223993,0.6432936641631211,0.7742040446628693,0.04987296457361815,0.026114511940332187,148777,Linear,10
-0.41875721645192243,-0.34213610558869256,0.37990580847723704,0.01760415250422483,-0.009502381278130835,0.0007955483534705324,0.5067643011607288,0.6599115223531833,1.6599115223531833,-0.05841627391055226,0.9212765195152315,0.020374294293887825,0.6198466760661369,0.7459855901200863,0.051238256564993735,0.03147396334495507,74217,Linear,10
-0.41955430645975866,-0.3426602733932317,0.36891679748822603,0.01762832799527616,-0.009092063481799794,0.0007655377695547569,0.4876475592063798,0.6284808057526414,1.6284808057526414,-0.05841627391055226,0.8875790403180872,0.019911077013003074,0.6103404319554117,0.7345448235618605,0.05323986171369112,0.032828357626201295,657743,Linear,10
-0.3860321157844737,-0.3202513053328113,0.38304552590266877,0.017966278349540815,-0.009901607084080548,0.00077306174763627,0.4924403332443035,0.6363044798545123,1.6363044798545123,-0.05841627391055226,0.8685585549428652,0.020760144094465586,0.5911314843583786,0.7114268515502955,0.04612568816795949,0.023933636769402175,39718,Linear,10
-0.41875721645192243,-0.34213610558869256,0.37205651491365777,0.017948544927934608,-0.009266196823655265,0.0008592251467164774,0.5473264184583968,0.7286252137543674,1.7286252137543674,-0.05841627391055226,0.9618386368128995,0.020383453080331824,0.6691592585806698,0.8053332923630265,0.0488701237338087,0.02735994370904679,744470,Linear,10
-0.419521384726977,-0.3426386322741759,0.37676609105180536,0.017940767373147537,-0.009415745659723924,0.0008912608204788243,0.567733142645011,0.7642631820774946,1.7642631820774946,-0.05841627391055226,0.9830095292745682,0.020490935419585556,0.6904675953529638,0.8309778796381242,0.048504459455832205,0.02869850662396438,172776,Linear,10
-0.3860321157844737,-0.3202513053328113,0.3814756671899529,0.017985389474012847,-0.009436818073523395,0.0010240868464943542,0.6523433212169039,0.9200348198559813,1.9200348198559813,-0.05841627391055226,1.0140883316380496,0.02052668428592021,0.7919873699080399,0.9531569472278099,0.05064650358787143,0.031159843038270404,245023,Linear,10
-0.3612987076921854,-0.30322916342993333,0.38304552590266877,0.01745457231932125,-0.00950617778551569,0.0008210169171220093,0.522987776206719,0.6870606869400799,1.68706068694008,-0.05841627391055226,0.8800414858014847,0.020019997696005303,0.6510110394214071,0.7834919072239269,0.04996084123464834,0.03061804818473654,554567,Linear,10
-0.38464235339779407,-0.3193059594136244,0.38304552590266877,0.017870134055317708,-0.00968464139444271,0.0008700920588407164,0.5542486414815357,0.7406326541507331,1.740632654150733,-0.05841627391055226,0.9289771007934178,0.02063369177457494,0.6694043597941077,0.8056282717190604,0.051394300206453546,0.02990104049682078,368312,Linear,10
-0.40488128003198653,-0.3329440009753595,0.38461538461538464,0.017700909345757635,-0.009753075583097487,0.0008061493895390988,0.5135171611364058,0.671158604681769,1.671158604681769,-0.05841627391055226,0.9084845470824803,0.020599368672219866,0.6212435453412788,0.7476667225529497,0.050857828791234815,0.031098421051018878,931208,Linear,10
-0.40488128003198653,-0.3329440009753595,0.38304552590266877,0.01804335955990818,-0.009588410210287014,0.0009958155729588702,0.6343345199748001,0.8857667836705825,1.8857667836705825,-0.05841627391055226,1.0293019059208746,0.0206798116310593,0.7644209932098425,0.9199808077360444,0.04885857897746267,0.02793140496458649,130952,Linear,10
-0.41875721645192243,-0.34213610558869256,0.3783359497645212,0.01769703720888042,-0.009219867537348079,0.0009637651845374271,0.6139184225503413,0.8476571341738843,1.8476571341738843,-0.05841627391055226,1.028430640904844,0.020244252248255018,0.7557353966782633,0.9095276906922035,0.050701123090537634,0.03006283613217343,64113,Linear,10
-0.38464235339779407,-0.3193059594136244,0.3814756671899529,0.017616844030481346,-0.009216972219799915,0.0010194757375287297,0.6494060448058008,0.9144034214068189,1.9144034214068189,-0.05841627391055226,1.0241345041176828,0.02006018415774137,0.8067560839787039,0.9709310973631954,0.049978173748376854,0.026494557584807607,15792,Linear,10
-0.41875721645192243,-0.34213610558869256,0.3783359497645212,0.017800004934120144,-0.009475347276481508,0.000843899007278299,0.5375636676362774,0.711831187860863,1.711831187860863,-0.05841627391055226,0.9520758859907801,0.020512061704584552,0.6531026291950854,0.786009135906202,0.04897599206931065,0.02814668369087925,286049,Linear,10
-0.40488128003198653,-0.3329440009753595,0.3814756671899529,0.017959906510388816,-0.009274750087311746,0.0011146087089853275,0.7100057476236543,1.0340029492966183,2.0340029492966183,-0.05841627391055226,1.1049731335697288,0.020403444047290473,0.8671999039829429,1.0436752459986935,0.049044592121393504,0.028373104727784534,281015,Linear,10
-0.38014787193969823,-0.3162397072243831,0.3877551020408163,0.017440752216415886,-0.009738230239366739,0.000800558876140809,0.5099560041016957,0.6652179305755042,1.6652179305755042,-0.05841627391055226,0.8858588779439742,0.020268043597944665,0.6270204677323854,0.7546192497268598,0.05053279866065931,0.031678749728754375,140200,Linear,10
-0.41676563342116424,-0.34082460947682736,0.3814756671899529,0.017276707212531692,-0.009678790509247746,0.00060407596860532,0.38479639200159,0.46931512667097874,1.4693151266709787,-0.05841627391055226,0.7924122996118967,0.019996228656772017,0.4795608652071116,0.5771515906166694,0.05167597867511927,0.03191552382927046,342820,Linear,10
-0.43424087707535364,-0.3522437929288391,0.38618524332810045,0.01777397670058583,-0.009650667069444913,0.000940325658070883,0.5989874441911525,0.8202747371807759,1.820274737180776,-0.05841627391055226,1.0289833231690864,0.020554895534484124,0.7262117694040089,0.8739959997675268,0.04811900584248982,0.028206109347479368,433908,Linear,10
-0.41875721645192243,-0.34213610558869256,0.3814756671899529,0.01789662884818984,-0.00947371410548669,0.0009674057339848904,0.6162374525483756,0.8519468785946287,1.8519468785946287,-0.05841627391055226,1.0307496709028783,0.020565727108321944,0.7467321652788681,0.898692300025772,0.04918015312424,0.02912651063036787,715797,Linear,10
-0.38464235339779407,-0.3193059594136244,0.3893249607535322,0.01770274151450365,-0.009566360523368416,0.00105018155731019,0.668965652006591,0.952217004219934,1.952217004219934,-0.05841627391055226,1.0270865687962214,0.020374052385846466,0.8182523082269532,0.9847668053876554,0.050284228169453,0.027650247326797196,39533,Linear,10
-0.39851828981772996,-0.32868599773108387,0.3783359497645212,0.017542991883443142,-0.00935011624610203,0.0008245133602094081,0.5252150104533939,0.6908223537798552,1.6908223537798552,-0.04293377744033933,0.9194883021737041,0.020083181616865547,0.6517266074810651,0.7843530935170323,0.05244140513928085,0.030016966953485217,249469,Linear,10
-0.41875721645192243,-0.34213610558869256,0.37362637362637363,0.017379256561980583,-0.009643202113841568,0.0004531011276744006,0.2886254183285928,0.3345917212899743,1.3345917212899743,-0.05841627391055226,0.7031376366830955,0.020131909138648842,0.35728143644995025,0.4299882753273492,0.05193793036310156,0.03201032632206533,214814,Linear,10
-0.42029684351655305,-0.34314819132814844,0.37676609105180536,0.017457829865573635,-0.009845714315939422,0.0004413352971895171,0.2811305843097216,0.32462656808784196,1.324626568087842,-0.05841627391055226,0.6971824297288549,0.020332607850509356,0.344568719293623,0.4146885178613905,0.051004623483404316,0.030974045008806603,45994,Linear,10
-0.38464235339779407,-0.3193059594136244,0.38304552590266877,0.0174646583939454,-0.009489274153262764,0.0008353091144276481,0.532091905890411,0.7024900350393826,1.7024900350393826,-0.04293377744033933,0.906820365202293,0.020179337199799658,0.6571138078796047,0.7908365902002845,0.05200980761251363,0.02914573111617447,481556,Linear,10
-0.40488128003198653,-0.3329440009753595,0.38618524332810045,0.01770112049972688,-0.009862832423505214,0.0007819594432374776,0.4981081653422734,0.6456051112179448,1.6456051112179448,-0.05841627391055226,0.8930755512883479,0.020687027072582683,0.6000485854886846,0.7221585844218323,0.05152150655711088,0.03022639596670641,655870,Linear,10
-0.38464235339779407,-0.3193059594136244,0.37990580847723704,0.0174931608664097,-0.009098390781361524,0.0010038941460492092,0.6394805710333458,0.8954960479986311,1.8954960479986311,-0.05841627391055226,1.003410803303268,0.019876628130062322,0.8017620199059693,0.9649207403212888,0.05539230469040218,0.0363044335532485,17708,Linear,10
-0.3860321157844737,-0.3202513053328113,0.38461538461538464,0.017910955481264475,-0.009955677173310301,0.0007622584630646127,0.4855586409721582,0.6250825930333788,1.6250825930333788,-0.05841627391055226,0.8616768626707199,0.020764104535583385,0.5827594417762211,0.7013510967429972,0.04690271763592392,0.02477320987405568,594576,Linear,10
-0.41875721645192243,-0.34213610558869256,0.3783359497645212,0.017869495177719765,-0.009475369084804808,0.0008701761071393385,0.5543021802477597,0.7407258479702044,1.7407258479702044,-0.05841627391055226,0.9688143986022624,0.020547177068753805,0.672287848189733,0.8090985505403754,0.05055139908503959,0.03059293155956415,408144,Linear,10
-0.3860321157844737,-0.3202513053328113,0.3783359497645212,0.017274751375874704,-0.009319471548913112,0.000742079039585888,0.47270434821621166,0.6043269907156705,1.6043269907156705,-0.05841627391055226,0.8488225699147733,0.019958041334524623,0.590245272766797,0.7103602957347299,0.05189706626976906,0.031346523167324364,414029,Linear,10
-0.38464235339779407,-0.3193059594136244,0.38304552590266877,0.017243831771159675,-0.009218710263972642,0.0009176480665960959,0.5845418184217124,0.794168742219866,1.794168742219866,-0.05841627391055226,0.9592702777335944,0.01983130858422205,0.7345562391855893,0.884038570704194,0.05217664243646026,0.03148738054398432,250928,Linear,10
-0.41875721645192243,-0.34213610558869256,0.38304552590266877,0.0173149456220658,-0.009291106371929068,0.000900222806304446,0.5734419276159315,0.774363784869065,1.774363784869065,-0.05841627391055226,0.9879541459704342,0.019907208436539894,0.7178602698483258,0.8639449684964177,0.05177561766997525,0.029816080378400302,723037,Linear,10
-0.41875721645192243,-0.34213610558869256,0.38618524332810045,0.017707201678374956,-0.009887937427405133,0.000768898082833331,0.4897880787648319,0.6319703341374305,1.6319703341374305,-0.05841627391055226,0.9043002971193346,0.02060877769884706,0.5922660161000651,0.712792260712773,0.050478179017612625,0.03020179003077042,62206,Linear,10
-0.40488128003198653,-0.3329440009753595,0.3814756671899529,0.017517837668589886,-0.009741329649223005,0.0006573793903822261,0.4187506716734788,0.5200613131958278,1.5200613131958278,-0.05841627391055226,0.8086702650507505,0.020353725305944214,0.5127107763793999,0.6170475148881893,0.052984945248785165,0.03297237199086814,854657,Linear,10
-0.41875721645192243,-0.34213610558869256,0.38461538461538464,0.017587477770486696,-0.009789582448589424,0.0007400560972090839,0.4714157339221856,0.602260963465157,1.602260963465157,-0.05841627391055226,0.8859279522766883,0.020530996841193958,0.572209251581107,0.688653940877727,0.05106305686888913,0.03107149380037195,791430,Linear,10
-0.38464235339779407,-0.3193059594136244,0.3814756671899529,0.017458553847194736,-0.009443482614764905,0.0008189896933295891,0.5216964346509485,0.6848835214026403,1.6848835214026403,-0.04293377744033933,0.8964248939628305,0.020072497261187264,0.6477050742654771,0.7795131775428795,0.051666616216326906,0.02967271598185252,774566,Linear,10
-0.41875721645192243,-0.34213610558869256,0.37676609105180536,0.017658628742477353,-0.009658159037924918,0.0006338803141889681,0.4037817601383722,0.49747710209859486,1.4974771020985949,-0.05841627391055226,0.8182939784928749,0.020355486024855034,0.4943403474451131,0.5949387002434515,0.05086516574362405,0.029823647864357965,721176,Linear,10
-0.41875721645192243,-0.34213610558869256,0.37676609105180536,0.01778698604478753,-0.00930310828149662,0.0009035206640421491,0.5755426629948488,0.7780951716028259,1.778095171602826,-0.05841627391055226,0.9900548813493515,0.02041160979722543,0.7026856789477939,0.8456823455206732,0.04900298039048815,0.027173959974406116,630381,Linear,10
-0.40488128003198653,-0.3329440009753595,0.38304552590266877,0.017923003144311285,-0.00988287544482808,0.0007680419425345666,0.48924271739451797,0.631080563205094,1.631080563205094,-0.05841627391055226,0.8842101033405925,0.020785854501937418,0.5865665930329745,0.7059330039897542,0.04712665061216212,0.024985006628282028,992932,Linear,10
-0.39851828981772996,-0.32868599773108387,0.3783359497645212,0.017412579840235604,-0.009018702475204367,0.0009812018231018065,0.6250255613158515,0.8682937128675718,1.8682937128675718,-0.05841627391055226,1.0192988530361617,0.019827287759745932,0.7855888434204588,0.945456319407991,0.05346869257293468,0.032405646217338754,735474,Linear,10
-0.3860321157844737,-0.3202513053328113,0.38304552590266877,0.01791210516633134,-0.009740910141286484,0.0008514536500145347,0.542375975059258,0.720088899179625,1.720088899179625,-0.05841627391055226,0.9184941967578197,0.020704842982953883,0.6528138211986471,0.7856615554286849,0.04722308181906979,0.02662014071066957,109195,Linear,10
-0.38464235339779407,-0.3193059594136244,0.38618524332810045,0.018036916338657862,-0.009929705398458177,0.0008705912221549242,0.5545666085126868,0.7411862059490453,1.7411862059490453,-0.05841627391055226,0.9292950678245688,0.020855235990479396,0.6626732591669229,0.7975273908602712,0.049746475806543136,0.028194177789865122,451955,Linear,10
-0.38464235339779407,-0.3193059594136244,0.38461538461538464,0.017783418363934305,-0.009257465631027135,0.0011428743670349574,0.7280109718012682,1.070957315862052,2.070957315862052,-0.05841627391055226,1.1027394311131502,0.02030575268343842,0.8934693735626151,1.0752905575317064,0.04726956344093678,0.025124285510938548,818174,Linear,10
-0.40488128003198653,-0.3329440009753595,0.38618524332810045,0.017764709219672506,-0.009770904203568026,0.0008629433664746281,0.5496949244443385,0.7327243253895437,1.7327243253895437,-0.05841627391055226,0.9149933230692113,0.02061194766386548,0.664604892402459,0.7998521118190931,0.048891559224983575,0.028325471349916,493384,Linear,10
-0.38464235339779407,-0.3193059594136244,0.3814756671899529,0.017458553847194736,-0.009390229398483598,0.0008519281033999735,0.5426782018657832,0.7206088347198347,1.7206088347198347,-0.04293377744033933,0.9174066611776652,0.020130719336171485,0.6718060667965937,0.8085187265439788,0.052626537943203607,0.030032334056871654,849954,Linear,10
-0.41875721645192243,-0.34213610558869256,0.37205651491365777,0.017361752757530477,-0.009150431569059947,0.0007135993342397874,0.4545627759107447,0.5754843926946482,1.5754843926946482,-0.05841627391055226,0.8690749942652474,0.019858524602745915,0.570437052673694,0.6865210991625034,0.049095642983466366,0.025809305482137532,399039,Linear,10
-0.41875721645192243,-0.34213610558869256,0.3814756671899529,0.017743553306716744,-0.009457863454575409,0.0009188151529504829,0.5852852524294576,0.7955030842146171,1.7955030842146171,-0.05841627391055226,0.9997974707839603,0.02039456677705171,0.7151776516126157,0.8607164369499815,0.04920996322632071,0.028241021920731933,34582,Linear,10
-0.38464235339779407,-0.3193059594136244,0.3877551020408163,0.01780997587875501,-0.009915113910345752,0.0008354311099178077,0.5321696170176438,0.7026223425999263,1.7026223425999263,-0.05841627391055226,0.9068980763295258,0.020704967039718178,0.6405254208217097,0.7708724632857702,0.05030200099579112,0.028772463710654995,365448,Linear,10
-0.40488128003198653,-0.3329440009753595,0.38304552590266877,0.017295116399911988,-0.009765793193989174,0.0005997671528112716,0.3820516763407795,0.46528780388840274,1.4652878038884027,-0.05841627391055226,0.777019062286854,0.0201300835478837,0.4729741117395584,0.5692244315913882,0.052300277380993514,0.030376863586269662,323938,Linear,10
-0.37277679808903486,-0.3111810386044431,0.4056603773584906,0.01862695332063369,-0.00949115790757229,0.0019152457038697597,1.218096267661167,2.3807455688195134,3.3807455688195134,-0.04293377744033933,1.520759089031344,0.020953005007158913,1.451036879042295,1.7463231542486781,0.07468424415332166,0.046620908857468904,583418,Linear,13
-0.30456260323990136,-0.26255413971061836,0.40723270440251574,0.01833666941986157,-0.009336827998800312,0.0019327251952774042,1.2292132241964282,2.4185388542925987,3.4185388542925987,-0.03618632210418582,1.4793473240533785,0.02074345961214986,1.4790715671182468,1.7800629065708153,0.07698834018203836,0.049632070923749085,556138,Linear,13
-0.38125659909565,-0.3169973907193948,0.4009433962264151,0.018691491648810458,-0.009297109159969513,0.0019247355039281175,1.2241317804982828,2.401211802078299,3.401211802078299,-0.04293377744033933,1.5432141317833157,0.020830849199098108,1.466777883406941,1.7652674559340038,0.07746711835374097,0.050905963107503956,148777,Linear,13
-0.3071502159582451,-0.2644598972531943,0.4056603773584906,0.018483487120062446,-0.009499437713736644,0.0018521261339365718,1.1779522211836593,2.247716783124565,3.247716783124565,-0.04293377744033933,1.4306739337589534,0.0209482000598525,1.4035378122565572,1.6891580185231923,0.0774184565617065,0.05188580123317055,74217,Linear,13
-0.3717921065399423,-0.31050243033922287,0.40723270440251574,0.018855354141194058,-0.009533580319578985,0.002027322235987396,1.2893769420879835,2.6305238243261386,3.6305238243261386,-0.03618632210418582,1.6067405452449748,0.02111290639423168,1.5243160833449745,1.8345146902785205,0.07745848750772061,0.05368394366420556,657743,Linear,13
-0.3055186989950016,-0.26325887161798067,0.39937106918238996,0.018258539320879036,-0.009989451073638925,0.0012919790524735953,0.821698677373206,1.2743599618570136,2.2743599618570136,-0.04293377744033933,1.1058592875451723,0.020963983448587544,0.9783222583626802,1.177411020196274,0.07061549342366298,0.043738115567816094,39718,Linear,13
-0.3927738118218258,-0.3248185516223292,0.4009433962264151,0.01808306489153491,-0.009366027342154125,0.0016395049213532723,1.0427251299806812,1.836937513362967,2.836937513362967,-0.04293377744033933,1.3731307095113152,0.020358868811333784,1.2783781855559064,1.5385283844723152,0.07534677050432526,0.047272968133803925,744470,Linear,13
-0.37090336822438985,-0.3098893750480737,0.4025157232704403,0.018451418165341238,-0.00950945566553281,0.001745235687774984,1.1099698974248895,2.0342670538089958,3.0342670538089958,-0.04293377744033933,1.4159716627291346,0.0209175159164375,1.3244764705790508,1.594007679085561,0.0773613148232651,0.04933573122973975,172776,Linear,13
-0.37253488518763334,-0.31101438425384553,0.4009433962264151,0.018257866589599017,-0.00954596786452141,0.001601795949630648,1.0187422239650914,1.7697088987284801,2.76970889872848,-0.04293377744033933,1.3395759608793014,0.02053834066122797,1.2380611862554978,1.4900068683034082,0.07549458812108165,0.05103503156859694,245023,Linear,13
-0.3509063544915989,-0.2959503181409606,0.4009433962264151,0.018083786864664553,-0.009329119302296728,0.001661904396720767,1.0569711963144073,1.8776419641025575,2.8776419641025575,-0.04293377744033933,1.3305773454449081,0.020311355753936628,1.298875109004709,1.5631964356614287,0.0748615427015202,0.049573623948053556,554567,Linear,13
-0.2805183270247653,-0.24460790017436052,0.4009433962264151,0.018348602599729143,-0.009564464057962917,0.0016270956868664468,1.0348328568470606,1.814635749212369,2.814635749212369,-0.04293377744033933,1.2599736751253658,0.020749836436035864,1.2447974402183386,1.498113951202619,0.07046042493410341,0.04605579703739603,368312,Linear,13
-0.37253488518763334,-0.31101438425384553,0.41037735849056606,0.018378872629317502,-0.00954585119881085,0.0019138232023550306,1.2171915566977987,2.377688354395275,3.377688354395275,-0.03618632210418582,1.5168851100570464,0.020908904541762273,1.4530173697038324,1.7487066751287943,0.07944784336806493,0.05123691385974637,931208,Linear,13
-0.32667495973873883,-0.27868183762936993,0.41037735849056606,0.01842816015576116,-0.009833530242719764,0.001764427609487031,1.1221759596337506,2.0715304633246356,3.0715304633246356,-0.04293377744033933,1.3864826870812976,0.02125573804931289,1.3177345289771611,1.585893751111695,0.07368324371851391,0.04580558987248717,130952,Linear,13
-0.3650423913495615,-0.3058327764311769,0.3977987421383648,0.018351869784404153,-0.009331090505731943,0.0016811562763504985,1.0692153917589167,1.9130929663293021,2.913092966329302,-0.04293377744033933,1.3693561801883334,0.020724008988717704,1.2877589730868026,1.549818164013345,0.07728842663228487,0.04962791946258635,64113,Linear,13
-0.37253488518763334,-0.31101438425384553,0.39937106918238996,0.01835259420620314,-0.009309962579894934,0.001737662300087631,1.1051532228557335,2.0196871184451237,3.0196871184451237,-0.04293377744033933,1.44312956457361,0.02076888207310564,1.3281665211815306,1.5984486556730844,0.07622559829777258,0.046815887595224134,15792,Linear,13
-0.2805183270247653,-0.24460790017436052,0.40408805031446543,0.01822492034706298,-0.00950068696068164,0.001702899640089379,1.0830441710968444,1.9536573174397391,2.953657317439739,-0.04293377744033933,1.305457634265622,0.020663223480583935,1.3082515299545814,1.574480960021383,0.07047183274392027,0.045516433605658296,286049,Linear,13
-0.37277679808903486,-0.3111810386044431,0.4088050314465409,0.01855941796026085,-0.009643585012307743,0.0018859445047800481,1.19946070504011,2.3183268831369217,3.3183268831369217,-0.04293377744033933,1.5178089997461939,0.021208200057057616,1.4116445901187353,1.698914527190578,0.07408614796704971,0.047221844522181984,281015,Linear,13
-0.37962508213240653,-0.31588215085742066,0.39937106918238996,0.018239727352634,-0.009473359129853386,0.0015944458490016397,1.0140675599650422,1.7567916556573722,2.756791655657372,-0.04293377744033933,1.328791039177304,0.02043032944238414,1.2388954981800722,1.4910109628600619,0.07787984252954944,0.05263063866964794,140200,Linear,13
-0.29980115790385753,-0.25903445882414866,0.41352201257861637,0.018468875372242323,-0.009759792446632993,0.001913383082241548,1.216911640305625,2.3767430163712024,3.3767430163712024,-0.04293377744033933,1.4889509938038827,0.02108704780239595,1.4404109610357667,1.7335348599482634,0.07229637971665258,0.049063320744454936,342820,Linear,13
-0.28527977236080915,-0.2481961090556093,0.39937106918238996,0.01809230706481241,-0.009363324217311566,0.0016016606029077588,1.0186561434493342,1.769470491019257,2.769470491019257,-0.04293377744033933,1.25223476753672,0.02046484688810308,1.2424023487281988,1.4952314581480417,0.0708133976392055,0.045505891693042824,433908,Linear,13
-0.3216716015012935,-0.2750637807903533,0.40408805031446543,0.01839744683028043,-0.009437681319991677,0.0018101613445050714,1.1512626151052245,2.1621830102132673,3.1621830102132673,-0.03618632210418582,1.4068896238422894,0.0208384056854662,1.3789644436578947,1.6595839648368003,0.07513378640064117,0.04707826926983494,715797,Linear,13
-0.28527977236080915,-0.2481961090556093,0.4025157232704403,0.01830966592456207,-0.009475452100291716,0.0017084947776368521,1.0866026785770373,1.9641866523452296,2.9641866523452296,-0.04293377744033933,1.3373239074680896,0.020788683666790375,1.3046287211827883,1.5701209089896178,0.07582053838540731,0.048243243905106925,39533,Linear,13
-0.38125659909565,-0.3169973907193948,0.4009433962264151,0.018646813257752606,-0.009499104470794112,0.0017858153731986764,1.1357785773543583,2.1135967753856684,3.1135967753856684,-0.04293377744033933,1.4852039880897792,0.021033196862104232,1.347818896747685,1.6221002933280955,0.0788620285872146,0.050568108801867316,249469,Linear,13
-0.335154760745354,-0.28477261133681475,0.4088050314465409,0.018553281392758855,-0.009425058396495746,0.002012627680872487,1.280031205034902,2.596751960588588,3.596751960588588,-0.03618632210418582,1.5502843628601113,0.020932611965151872,1.526301352421206,1.8369039619816112,0.07862949530150666,0.0529715249413023,214814,Linear,13
-0.30456260323990136,-0.26255413971061836,0.4119496855345912,0.018750909692785554,-0.009707844358589764,0.002015730423580572,1.282004549397243,2.603856598435768,3.603856598435768,-0.03618632210418582,1.5624817087045813,0.021131066477993024,1.514297846678567,1.822457740584149,0.07613558654595681,0.049583046365524026,45994,Linear,13
-0.3650423913495615,-0.3058327764311769,0.4009433962264151,0.01843683288555921,-0.009426844553491288,0.0017449129102789585,1.1097646109374182,2.033644223714958,3.033644223714958,-0.04293377744033933,1.4429758139267506,0.0208701085797005,1.3272395596123927,1.5973330572519382,0.07815338633228562,0.048985049375566594,481556,Linear,13
-0.2805183270247653,-0.24460790017436052,0.40408805031446543,0.01824587236809932,-0.009624810792769672,0.0016373992266380828,1.0413859081418195,1.8331407675994673,2.8331407675994673,-0.04293377744033933,1.2665267264201248,0.02075487784184453,1.252375807834342,1.507234518040293,0.07136240552430839,0.046643951799203616,655870,Linear,13
-0.2805183270247653,-0.24460790017436052,0.40408805031446543,0.018632561103159976,-0.009260896091895945,0.0020105166425841998,1.2786885846835503,2.5919261285626143,3.5919261285626143,-0.04293377744033933,1.5011020478523278,0.020837775687734664,1.5316395922714547,1.8433285346358745,0.07349092582693635,0.049576469331547114,17708,Linear,13
-0.3055186989950016,-0.26325887161798067,0.4009433962264151,0.01822938539142556,-0.00971396197290858,0.0014897386212819946,0.9474737631353491,1.5791857881446676,2.5791857881446676,-0.04293377744033933,1.2316343733073154,0.020641737482906337,1.1456820183856258,1.378828522562217,0.07134141074932901,0.044777613455585306,594576,Linear,13
-0.32004008453805,-0.27388006969164613,0.40408805031446543,0.01818357137143286,-0.009368588473862618,0.0017649100799753351,1.1224828108643123,2.072473110845894,3.072473110845894,-0.04293377744033933,1.3844180315463746,0.020395440195269468,1.3736932706425933,1.6532401071308904,0.07231690671812252,0.04672702766808927,408144,Linear,13
-0.35829984687734395,-0.30113650844900763,0.40723270440251574,0.01863619640382352,-0.009545689021661863,0.0019308963953203924,1.228050107423769,2.4145650058860495,3.4145650058860495,-0.04293377744033933,1.531921450918162,0.021038708264204505,1.4569349805969138,1.7534215205684502,0.07704324629307786,0.054379430023040604,414029,Linear,13
-0.35829984687734395,-0.30113650844900763,0.41037735849056606,0.01854710552419475,-0.009475834886553154,0.0020241453763481096,1.2873564593573974,2.623195819182984,3.623195819182984,-0.03618632210418582,1.5912278028517903,0.02096937227929496,1.5323449491751029,1.8441774318008195,0.07731772077770556,0.05500709363434069,250928,Linear,13
-0.28527977236080915,-0.2481961090556093,0.40408805031446543,0.018725577215727505,-0.009177086079603514,0.002098046729987795,1.3343577202722372,2.7975560696828623,3.7975560696828623,-0.04293377744033933,1.5652089892500953,0.02083888908516634,1.5982358360430837,1.9234771264215937,0.07647533495943568,0.04914952187062041,723037,Linear,13
-0.28527977236080915,-0.2481961090556093,0.4088050314465409,0.018240171278907487,-0.00946559505990158,0.0018606616194857747,1.1833807899929525,2.265395177931952,3.265395177931952,-0.04293377744033933,1.4445751184211986,0.02078172233423128,1.4213012300024506,1.7105362950896152,0.07520348827455893,0.04917186512788948,62206,Linear,13
-0.28527977236080915,-0.2481961090556093,0.41037735849056606,0.018230232233279724,-0.009654711178513633,0.0017886382404770388,1.137573920943396,2.1191917723633393,3.1191917723633393,-0.04293377744033933,1.368425189921254,0.020535794572595776,1.3826468568430605,1.6640157497911632,0.07723735534578041,0.05128869051020292,854657,Linear,13
-0.3256902681896463,-0.2779712119145282,0.4088050314465409,0.018487000830981953,-0.009538116807126495,0.001918692290213437,1.2202882965757453,2.3881643890227835,3.3881643890227835,-0.04293377744033933,1.5114200212956348,0.020909115413091282,1.4566993989186303,1.7531379979747481,0.07766043723375125,0.0527104959899917,791430,Linear,13
-0.37253488518763334,-0.31101438425384553,0.40408805031446543,0.01874406159658833,-0.009522575671587765,0.0018996346710557213,1.208167650791438,2.3473455238315033,3.3473455238315033,-0.04293377744033933,1.559344447156036,0.021076696890209856,1.4307633537655486,1.7219239628012524,0.0761887388391317,0.048643743293232865,774566,Linear,13
-0.3240873470203951,-0.27681292861489026,0.4088050314465409,0.0187287909247411,-0.009661881104827269,0.001944368467008857,1.2366183450176322,2.443947508509224,3.443947508509224,-0.03618632210418582,1.5062771886550763,0.021114990503201737,1.4617999719207873,1.7592765385330567,0.07611188051055529,0.04978394909842158,721176,Linear,13
-0.41114422969985753,-0.33710868390996285,0.4009433962264151,0.018366052168101877,-0.00948166019290912,0.0016836961782509497,1.0708307693676034,1.9178025143041975,2.9178025143041975,-0.04293377744033933,1.419606766776269,0.020865170309817518,1.2809791547052607,1.5416586513281114,0.07595075161237606,0.04790147136646277,630381,Linear,13
-0.39022988185752183,-0.32309875070540206,0.3977987421383648,0.01802595174874146,-0.00973746651774201,0.0013067863461264165,0.8311161161363998,1.2958797792587133,2.2958797792587133,-0.04471726366318762,1.1512320212750637,0.02075313095061248,0.9995884563461211,1.2030048934311368,0.07235228530611901,0.04419608237338568,992932,Linear,13
-0.3717921065399423,-0.31050243033922287,0.4009433962264151,0.01869849668217677,-0.009166248966955406,0.0020059367885928714,1.2757757975450659,2.581478835090502,3.581478835090502,-0.04293377744033933,1.5826663011648634,0.020793267064907764,1.5314216486804382,1.8430662394834842,0.07897836755059723,0.053745189377763604,735474,Linear,13
-0.2805183270247653,-0.24460790017436052,0.4025157232704403,0.01820480149103787,-0.009712914108939387,0.001524405377843912,0.9695218203087279,1.636683349429593,2.636683349429593,-0.04293377744033933,1.2222783429278934,0.020791472182026642,1.1638995521955313,1.4007533278962785,0.06925193602080368,0.04443327540723385,109195,Linear,13
-0.33138161071110517,-0.2820688534564213,0.40723270440251574,0.018584081408447264,-0.00970797802909904,0.00181347384876966,1.153369367817504,2.1688519703050093,3.1688519703050093,-0.04293377744033933,1.4198493756084645,0.021105067358051864,1.3640328357824008,1.6416137719769555,0.07812658064449964,0.04920078541913548,451955,Linear,13
-0.3457595604704693,-0.2923173784712607,0.39937106918238996,0.018478350324499397,-0.009234008681985165,0.0018335057640008088,1.1661096659045143,2.2094823610691705,3.2094823610691705,-0.04293377744033933,1.4417552496561257,0.020897616628338517,1.392790488568353,1.6762236124622634,0.07365098876788222,0.045804050566662785,818174,Linear,13
-0.2805183270247653,-0.24460790017436052,0.40408805031446543,0.018236217060686243,-0.009715976146099942,0.001579171108843533,1.0043528252244869,1.730139823335966,2.730139823335966,-0.04293377744033933,1.2267662883932644,0.02080535344501963,1.2049093160543976,1.450108586340348,0.07042759201861605,0.04399186780068415,493384,Linear,13
-0.37253488518763334,-0.31101438425384553,0.4025157232704403,0.018672065799137272,-0.009520027649561693,0.0018277332354492111,1.162438337745698,2.1977209014015004,3.1977209014015004,-0.04293377744033933,1.5031420345731021,0.02104041856716466,1.3789823396895637,1.6596055027142476,0.07922303324200076,0.051840228451642587,849954,Linear,13
-0.3927738118218258,-0.3248185516223292,0.3977987421383648,0.01818765895422769,-0.0093589779181141,0.0015990395798457643,1.016989172781905,1.764857710699324,2.764857710699324,-0.04293377744033933,1.3779317962435016,0.020380319298167495,1.2455136751075844,1.4989759400252576,0.07484448986985216,0.0483383543468014,399039,Linear,13
-0.3264330468373373,-0.27850732035173786,0.4056603773584906,0.018483308250176567,-0.00954365870215976,0.0018257712879389395,1.1611905391291657,2.193733278077503,3.193733278077503,-0.04293377744033933,1.46353814203394,0.02089396189866114,1.3871577259106815,1.6694445815543986,0.07702633546341241,0.048117114118769566,34582,Linear,13
-0.3457595604704693,-0.2923173784712607,0.40408805031446543,0.018292231212328425,-0.00978634494531626,0.0015598721498326154,0.9920786872935423,1.6968345256142023,2.6968345256142023,-0.04293377744033933,1.2756639999533945,0.021194053647793844,1.1683561401032068,1.4061168322734068,0.07489329668828068,0.04745045475991843,365448,Linear,13
-0.3422266357811168,-0.28981276736935657,0.4088050314465409,0.018322610383844362,-0.00955931456702332,0.0018389566393062365,1.169576422598766,2.2206281642605097,3.2206281642605097,-0.04293377744033933,1.4573745549969317,0.020884059888476702,1.3978379583521572,1.6822982432873912,0.07676586876788948,0.04913856014732555,323938,Linear,13
-0.33132345287594944,-0.28202709892098254,0.38740157480314963,0.018665679030326704,-0.009320788121831099,0.001521213326091452,0.9659704620680714,1.6273361497399348,2.627336149739935,-0.04603195236995816,1.2325569658387394,0.021035465167831533,1.1479904398986815,1.3816067082832277,0.0713052461893008,0.043880730758902135,583418,Linear,16
-0.36997680424246937,-0.30924964707076996,0.3952755905511811,0.018680592224074238,-0.009766739224848683,0.001477796513229511,0.9384007859007397,1.5558907317648725,2.5558907317648725,-0.04603195236995816,1.2620534694833623,0.021078477074180698,1.1129500623608881,1.3394356073886373,0.0728350678111498,0.04495514187147652,556138,Linear,16
-0.35143424628768116,-0.29632188211063404,0.38110236220472443,0.018795737118290908,-0.008875593482484493,0.00167001597481889,1.060460144009994,1.8876994412054517,2.8876994412054517,-0.04603195236995816,1.330811703690415,0.020551147456743118,1.2899854757529274,1.552497760386813,0.07312015647273674,0.044642262107570455,148777,Linear,16
-0.36751662439201027,-0.3075481848774665,0.3858267716535433,0.018805962646075963,-0.009173298572074063,0.0016218494569759457,1.0298744051797257,1.8007140574301577,2.8007140574301577,-0.04603195236995816,1.3326540804664546,0.0208253350611356,1.2362856053590474,1.4878699563637476,0.07324035250584111,0.04527045868567065,74217,Linear,16
-0.3918472478399053,-0.324192662892803,0.38740157480314963,0.018683583784670516,-0.009322935776228152,0.0015268340064192067,0.9695395940761955,1.636730213642807,2.636730213642807,-0.04603195236995816,1.2874797159420268,0.0209740620947646,1.1556053537011204,1.390771258463085,0.07318995502137698,0.04747762951867787,657743,Linear,16
-0.3456461807945743,-0.2922371370962107,0.3905511811023622,0.018419170534593098,-0.009554574312561372,0.0013706047773509242,0.8703340336178371,1.3877082951708783,2.3877082951708783,-0.04603195236995816,1.1348975278051512,0.020774692457919988,1.0473164098018144,1.2604454943065546,0.06906412064231049,0.040985140085868524,39718,Linear,16
-0.36751662439201027,-0.3075481848774665,0.3779527559055118,0.018567914258649884,-0.0089286698439675,0.0014637398956044252,0.9294748337088095,1.5331784882802326,2.5331784882802326,-0.04603195236995816,1.2322545089955383,0.020131328935462038,1.154228345362061,1.3891140286704968,0.0712675541635134,0.042520481767348864,744470,Linear,16
-0.35143424628768116,-0.29632188211063404,0.3763779527559055,0.018715143777287828,-0.009069069357912043,0.0013882959008482236,0.8815678970386216,1.4146827138353983,2.4146827138353983,-0.04603195236995816,1.1682651942210214,0.020523892062515293,1.0737979975610819,1.2923160901082271,0.07269845741134777,0.043551166573793175,172776,Linear,16
-0.3424752181490476,-0.2899892854527675,0.3858267716535433,0.018485029973624254,-0.009483167785676927,0.0013077116647621113,0.8303969071239408,1.2942291554728498,2.29422915547285,-0.04603195236995816,1.0910252703906735,0.020664770578265938,1.0045734130272101,1.2090042897255011,0.07134229998222988,0.0461528583553566,245023,Linear,16
-0.3255353873828426,-0.2778593748528104,0.3984251968503937,0.01862129738638104,-0.009346881927535714,0.001796345421158677,1.1406793424357602,2.1288932332982387,3.1288932332982387,-0.04603195236995816,1.3948409744734818,0.020696111899923535,1.3778481512287348,1.6582405066903463,0.07086928927873097,0.04543430345119127,554567,Linear,16
-0.3494699636939913,-0.2949383010048301,0.3858267716535433,0.018391502824165306,-0.009455851131898294,0.0012884035440632524,0.8181362504801655,1.2662721354630366,2.2662721354630366,-0.04603195236995816,1.1108089939771162,0.0206068237290368,0.9925242465433411,1.1945031156174624,0.06662311947924246,0.03996293808908074,368312,Linear,16
-0.32982944196555763,-0.28095363789183003,0.3921259842519685,0.01898413932163186,-0.009297563523196852,0.001792427041153304,1.1381911711323482,2.12111768839908,3.12111768839908,-0.04603195236995816,1.3869379264906456,0.02110926204512014,1.347934243456493,1.6222391131136342,0.07487903368742083,0.04572107865720403,931208,Linear,16
-0.3725644169608131,-0.31103473092033584,0.3905511811023622,0.018771313994816848,-0.00951633590364142,0.001531439174811573,0.9724638760053494,1.644452041056081,2.644452041056081,-0.04603195236995816,1.290764443398075,0.021146017547349086,1.1496653293228742,1.3836224380172675,0.07007323581509631,0.041283491280749596,130952,Linear,16
-0.36751662439201027,-0.3075481848774665,0.3858267716535433,0.018949137646134713,-0.009048084645296628,0.001753993246672944,1.1137857116373198,2.0458673714101425,3.0458673714101425,-0.04603195236995816,1.4245051158322894,0.020732314522620067,1.3430135627896838,1.61631707301443,0.07383479549247804,0.043797496118294414,64113,Linear,16
-0.36751662439201027,-0.3075481848774665,0.3921259842519685,0.018733501973389893,-0.009475059200276472,0.001586250614279315,1.0072691400673648,1.7381133916925728,2.738113391692573,-0.04603195236995816,1.3016428067603556,0.021071933937095406,1.1949993735558402,1.438181968697159,0.0726006553444085,0.04299992454517376,15792,Linear,16
-0.357729597017169,-0.3007378679891387,0.384251968503937,0.0183489500880375,-0.00979685228151578,0.0010182276841078424,0.6465745794084796,0.9089905211987677,1.9089905211987677,-0.04603195236995816,0.9579800557658018,0.020812539046896818,0.7766406273026824,0.934687139643237,0.06699820413008283,0.04119735092633687,286049,Linear,16
-0.3255353873828426,-0.2778593748528104,0.4047244094488189,0.01881816803118946,-0.0098058764612529,0.0017789730419875511,1.1296478816620947,2.094566654591721,3.094566654591721,-0.04603195236995816,1.391749242608057,0.02123137060659676,1.3301223963538304,1.6008025518073175,0.07138577509479162,0.043472759167409884,281015,Linear,16
-0.356015713801753,-0.2995383867661543,0.384251968503937,0.018570136886708378,-0.009211100555597665,0.0014638946190837117,0.9295730831181572,1.5334273837971968,2.533427383797197,-0.04603195236995816,1.2124458392208908,0.02033765338595601,1.1426395270485825,1.375166883671284,0.07337808075684957,0.045905169686656255,140200,Linear,16
-0.357729597017169,-0.3007378679891387,0.3858267716535433,0.018726636937401276,-0.009887850569803283,0.0011523847676220972,0.7317643274400325,1.0787449609394808,2.078744960939481,-0.04603195236995816,1.0431698037973547,0.021336813498907824,0.8573698720129209,1.0318448006914838,0.06844597849174104,0.04197462936917421,342820,Linear,16
-0.36680192748099216,-0.3070531148127197,0.3905511811023622,0.018513093361463923,-0.009489187556093704,0.0014471363298185656,0.9189315694347897,1.5066108191092917,2.5066108191092917,-0.04603195236995816,1.2289362767187413,0.020653031000764547,1.1123102004054322,1.338665533406043,0.0671050464673861,0.04055739089396159,433908,Linear,16
-0.36751662439201027,-0.3075481848774665,0.384251968503937,0.018520749107978428,-0.009199330102527038,0.001452164901194747,0.9221247122586647,1.5146275779749199,2.51462757797492,-0.04603195236995816,1.2249043875453935,0.020512610714599575,1.1238161474443946,1.3525129428109375,0.07048986097807985,0.042910362947087416,715797,Linear,16
-0.35143424628768116,-0.29632188211063404,0.38740157480314963,0.018679345710670606,-0.009506743353864332,0.0014125919372783378,0.8969958801717439,1.4522252562098497,2.4522252562098497,-0.04603195236995816,1.1916329062623845,0.020793453754650682,1.0784260318132661,1.2978859301929113,0.0699221342766872,0.04194013573432777,39533,Linear,16
-0.35143424628768116,-0.29632188211063404,0.3826771653543307,0.01897877706847165,-0.008899699251992852,0.001768757040720336,1.1231607208574133,2.074556677226712,3.074556677226712,-0.04603195236995816,1.401452009446075,0.020647085220193075,1.3599085419177035,1.636650183542456,0.07438207974614508,0.04504254761738498,249469,Linear,16
-0.3725644169608131,-0.31103473092033584,0.3952755905511811,0.01886000670005653,-0.00930300061661645,0.001829148732178697,1.161509444933472,2.1947519405773472,3.1947519405773472,-0.04603195236995816,1.460166735920211,0.020839638948705875,1.3933464015011976,1.6768926537805056,0.07402029592977225,0.04695713181676943,214814,Linear,16
-0.36751662439201027,-0.3075481848774665,0.38740157480314963,0.018893972952562437,-0.009272518750154224,0.0016392244921580581,1.0409075525203662,1.8317858428806817,2.8317858428806817,-0.04603195236995816,1.343687227807095,0.021025911240942628,1.2376101942667392,1.4894640993609194,0.0717320453974893,0.04429573230314843,45994,Linear,16
-0.3966242653877998,-0.32741330773812627,0.38740157480314963,0.018905571278570812,-0.009538270313805462,0.0014809187125324336,0.9403833824580943,1.5609630584578853,2.5609630584578853,-0.04603195236995816,1.2802104276488535,0.02123209206705308,1.1072321878283733,1.332554144323543,0.07436010215981227,0.04371444894309347,481556,Linear,16
-0.35451775626279414,-0.2984883387445324,0.384251968503937,0.0183489500880375,-0.00969949092516234,0.0010781777476262591,0.6846428697426745,0.9830634970831353,1.9830634970831353,-0.04603195236995816,0.9823634058084281,0.020793920303571196,0.8231031419850923,0.990604784719263,0.06745719152346305,0.04157818690019857,655870,Linear,16
-0.3494699636939913,-0.2949383010048301,0.384251968503937,0.018784950278102053,-0.009572745389713328,0.0013237549928802978,0.8405844204789901,1.3177211047306896,2.3177211047306896,-0.04603195236995816,1.1332571639759408,0.021147289287888362,0.9936951616623202,1.1959123121812896,0.06839664212893533,0.04287258866762242,17708,Linear,16
-0.33843537815846503,-0.28711515416803746,0.38740157480314963,0.018490388664574083,-0.00964594943552186,0.0012541122536491667,0.7963612810672203,1.2174575261137952,2.217457526113795,-0.04603195236995816,1.0779994390286447,0.020787747324589656,0.9576994815757265,1.1525915044912498,0.06872115324714155,0.0413248274029433,594576,Linear,16
-0.35069397336337715,-0.2958007753957369,0.3858267716535433,0.018488318141435787,-0.009686618254571117,0.0011840264966441446,0.7518568253690319,1.1209345677064433,2.1209345677064433,-0.04603195236995816,1.0562266780725622,0.020778346886064263,0.904587744061336,1.0886715184982165,0.068689898243683,0.042148456667605555,408144,Linear,16
-0.36351766251027584,-0.30477355233655934,0.3858267716535433,0.018903398856447002,-0.009404252472310103,0.0015175972529583867,0.9636742556285753,1.6213101646547585,2.6213101646547585,-0.04603195236995816,1.2532847921647772,0.021144232310378628,1.139370263079778,1.371232323875779,0.07281397401212698,0.04834545375298714,414029,Linear,16
-0.3725644169608131,-0.31103473092033584,0.3858267716535433,0.018854817710591158,-0.009301011632161158,0.0015622611063810738,0.9920358025519818,1.6967188750423796,2.6967188750423796,-0.04603195236995816,1.28275336463048,0.021081965828704054,1.1763668731893666,1.415757751034962,0.07308287845910232,0.04832239550795392,250928,Linear,16
-0.3456461807945743,-0.2922371370962107,0.3889763779527559,0.018753453282741188,-0.009350570563020886,0.0015812308384015282,1.0040815823849698,1.729399392880775,2.729399392880775,-0.04603195236995816,1.2929305429825035,0.021035185578170214,1.1932987845293406,1.4361353094869551,0.07280675304723588,0.044972529287954824,723037,Linear,16
-0.35963457558318623,-0.3020686793766094,0.384251968503937,0.018758977737352175,-0.009460799846672908,0.001382705240732006,0.8780178278648236,1.4061256212908164,2.4061256212908164,-0.04603195236995816,1.1808551832509693,0.020796008762727337,1.055479706290375,1.2702700231513204,0.06982383623588435,0.041524665526564544,62206,Linear,16
-0.38891559924013563,-0.32220852628466956,0.3889763779527559,0.01882485455719317,-0.00981704561990668,0.0013239769686660182,0.8407253751029202,1.3180478212629443,2.3180478212629443,-0.04603195236995816,1.16413985696272,0.021348233174488068,0.9845068972321941,1.1848542342279027,0.07381791232597847,0.046944056104646935,854657,Linear,16
-0.36997680424246937,-0.30924964707076996,0.4078740157480315,0.018723985804361742,-0.009858032711574507,0.0017998299587050036,1.1428920237776765,2.135824142094908,3.135824142094908,-0.04603195236995816,1.4494348015832657,0.02119034142499997,1.348322533581952,1.6227064203519608,0.07247319652851276,0.04356316435982672,791430,Linear,16
-0.3849607400225068,-0.319522648794338,0.384251968503937,0.01869345130661281,-0.009424046938861152,0.0013801571113682123,0.8763997657188156,1.4022355085752638,2.402235508575264,-0.04603195236995816,1.188217548042303,0.021026770195927538,1.0419724340502274,1.2540140184939623,0.07190531960304804,0.04284676530783928,774566,Linear,16
-0.3725644169608131,-0.31103473092033584,0.3937007874015748,0.01886663190741092,-0.009647293585247145,0.0015786613331221716,1.002449946532579,1.7249496381527223,2.7249496381527223,-0.04603195236995816,1.3102774143881106,0.021278968985757336,1.1777108076892024,1.4173751764558828,0.07194278134832376,0.044420068734191395,721176,Linear,16
-0.35143424628768116,-0.29632188211063404,0.384251968503937,0.01887164779315649,-0.009056318862595707,0.0016750573011893883,1.0636613862552622,1.896958478952489,2.896958478952489,-0.04603195236995816,1.350358683437662,0.020701260985848922,1.2844971290665748,1.5458925341273348,0.07154144354407611,0.04265344160710344,630381,Linear,16
-0.36751662439201027,-0.3075481848774665,0.3952755905511811,0.01885583287706057,-0.009458057157502253,0.0017337324467107682,1.1009201036613376,2.006931440144019,3.006931440144019,-0.04603195236995816,1.3873540414460876,0.021164129822522113,1.30041488094792,1.5650495514819351,0.07154731845181862,0.043930737156159146,992932,Linear,16
-0.3262756603071466,-0.2783937581859868,0.384251968503937,0.01878587815020287,-0.008868839053292785,0.0017575404705701117,1.1160381988120207,2.0527358813112526,3.0527358813112526,-0.04603195236995816,1.3855166389221267,0.02059874647807147,1.3544557216266013,1.63008771330628,0.07435189841465896,0.04731448774843267,735474,Linear,16
-0.35069397336337715,-0.2958007753957369,0.4,0.018821784013269952,-0.010006954075974914,0.0015245411597230325,0.9680836364241259,1.632894039443065,2.632894039443065,-0.04603195236995816,1.2716893208526017,0.0215069437171903,1.1252803257819919,1.3542750817130054,0.06718659274341493,0.041495655254866246,109195,Linear,16
-0.31197802897077054,-0.26800238920746067,0.3858267716535433,0.018742492306758934,-0.009255110681251375,0.00154711409365024,0.9824174494679028,1.6709052221549405,2.6709052221549405,-0.04603195236995816,1.2368340899665782,0.02095531746046978,1.1720020417814843,1.410504675622428,0.07345538707239424,0.044168115227486926,451955,Linear,16
-0.33461159525904804,-0.28438401897900745,0.3984251968503937,0.01880226061580953,-0.009511856189286303,0.001769201372429044,1.1234428714924434,2.0754242877383,3.0754242877383,-0.04603195236995816,1.41096617781659,0.02114351332063256,1.3283128814945813,1.598624800337107,0.0713493765633583,0.04145014802737182,818174,Linear,16
-0.3808456053120608,-0.3167166231999049,0.3889763779527559,0.018369466756840015,-0.009907180679696578,0.0010917672208145069,0.6932721852172108,1.0002500249413466,2.0002500249413466,-0.04603195236995816,1.0277936698694248,0.020927891025310848,0.8281420862772545,0.9966691551136116,0.06762958964163457,0.041783602119671345,493384,Linear,16
-0.37472591703772196,-0.3125223211101056,0.3858267716535433,0.01900231168125471,-0.00948591180406369,0.001505607493421361,0.9560607583225647,1.6014286069077945,2.6014286069077945,-0.04603195236995816,1.2568795493862126,0.021286057131389386,1.1228372568240577,1.3513348477669993,0.0746611773329685,0.04514321654082269,849954,Linear,16
-0.3624177562633122,-0.3040084477291862,0.3779527559055118,0.01856788652858086,-0.009149310777202924,0.0013264803304948837,0.8423150098642509,1.32173560099291,2.32173560099291,-0.04603195236995816,1.1399958170222817,0.020320155496895042,1.0362727019617033,1.2471543898635904,0.07157289654603378,0.04360571900716445,399039,Linear,16
-0.3958560877108539,-0.3268964431588205,0.3921259842519685,0.018803768993699437,-0.009442332438145384,0.0016336978870977016,1.0373981583070417,1.8218654075709826,2.8218654075709826,-0.04603195236995816,1.3521715594106354,0.021120704105003937,1.2279017702771013,1.477780009280757,0.07364606625722782,0.04520639238290558,34582,Linear,16
-0.35143424628768116,-0.29632188211063404,0.3858267716535433,0.018762698937540075,-0.009445804365448287,0.0014377913971220253,0.9129975371724868,1.4917805547909482,2.491780554790948,-0.04603195236995816,1.2076345632631273,0.020765494863488457,1.0991421583681737,1.3228177923610587,0.07009305643387446,0.041846121832830534,365448,Linear,16
-0.3456461807945743,-0.2922371370962107,0.3952755905511811,0.018757784841637835,-0.009507288558258628,0.0016652050218579273,1.057405188879784,1.8788911103612822,2.878891110361282,-0.04603195236995816,1.3567272490145115,0.020995058374279556,1.2590729564732064,1.5152945376748133,0.07348770313105855,0.04527828536640348,323938,Linear,16
-0.4269843652145937,-0.3475262465647284,0.384251968503937,0.018817243659363096,-0.009043436814088944,0.0016620845016942012,1.055423658575819,1.873192148581749,2.873192148581749,-0.011030436959117651,1.3652921522752877,0.020709493125877387,1.2740424565860828,1.5333103338494067,0.08913589924669636,0.06664156192427616,583418,Linear,19
-0.41614850715268403,-0.3404176894802047,0.3858267716535433,0.018667228862747777,-0.008917824191914218,0.0017252277740577322,1.0955196365266602,1.99073637554315,2.99073637554315,-0.011030436959117651,1.3945522721642192,0.020292895622572926,1.3495926052132987,1.624234951796895,0.09000121259262357,0.068269652115758,556138,Linear,19
-0.4219365726457909,-0.34422436781232824,0.3795275590551181,0.018404496374541963,-0.008547885531790164,0.0016812861838413993,1.0676167267392884,1.9084396270615187,2.9084396270615187,-0.011030436959117651,1.3724374278699543,0.01995243369828829,1.3376609166895104,1.6098751624356986,0.09030662845103204,0.06773125146750263,148777,Linear,19
-0.43801895075012,-0.3546864464344849,0.3779527559055118,0.018635633210215018,-0.008919430829291166,0.0014950815635930608,0.9493767928815942,1.5840987286738901,2.58409872867389,-0.011030436959117651,1.286625609618568,0.020498640310218395,1.157817478767994,1.393433551393176,0.08975936334385529,0.06697023564870294,74217,Linear,19
-0.48231549514457583,-0.38264774060363727,0.38110236220472443,0.018269143179626673,-0.00899279115481051,0.001396796418313583,0.8869657256291248,1.427751998371185,2.427751998371185,-0.011030436959117651,1.2521653492585756,0.02006111252647755,1.105295416741988,1.3302232399602671,0.08991483339960028,0.06948705246734936,657743,Linear,19
-0.4219390783691779,-0.34422601100260775,0.3858267716535433,0.018453521078823098,-0.009040629174943695,0.0015673500568245948,0.9952672860836174,1.7054473730797617,2.7054473730797617,-0.011030436959117651,1.3304335523880582,0.0204738425146246,1.2152535992534081,1.462557933097448,0.08701361421951448,0.06400617323584507,39718,Linear,19
-0.4219365726457909,-0.34422436781232824,0.3779527559055118,0.018438318488915684,-0.008724398838935082,0.0015418250330085145,0.9790588959604065,1.6619498909503174,2.6619498909503174,-0.011030436959117651,1.3002253345930512,0.02011628116121395,1.2167116485863367,1.4643126957412553,0.08930548688413871,0.06775890261500181,744470,Linear,19
-0.430073868134059,-0.3495389553949909,0.3779527559055118,0.01861139881342145,-0.008917654162309467,0.0014870272773368637,0.9442623211089085,1.5709161683202408,2.570916168320241,-0.011030436959117651,1.2815409443592216,0.02039772779250865,1.1572772443941752,1.392783379223642,0.08863322032398185,0.06540691475526156,172776,Linear,19
-0.4219365726457909,-0.34422436781232824,0.3889763779527559,0.018738518775156077,-0.009087375713688837,0.0017362399378776112,1.1025123605522822,2.0117230611836527,3.0117230611836527,-0.011030436959117651,1.407333061682948,0.0205681130329333,1.3400332110020323,1.6127302190827661,0.08927127952576518,0.06891982901280247,245023,Linear,19
-0.4266554164933041,-0.3473115808527908,0.3858267716535433,0.01888655510859336,-0.009085409291149588,0.0017069234300110762,1.0838963780570339,1.9561755176251334,2.9561755176251334,-0.011030436959117651,1.393435923035213,0.020693594342408868,1.3094182174771394,1.5758850686721295,0.08873427493737544,0.06898028660648714,554567,Linear,19
-0.3896768643753603,-0.32272430895397086,0.3795275590551181,0.018535163547965423,-0.009021660209443238,0.0014369138465181591,0.9124402925390314,1.4903924102530102,2.49039241025301,-0.011030436959117651,1.2013470229012455,0.020402420461855055,1.1180193155278064,1.3455364545194013,0.08497688959446105,0.06402904401547152,368312,Linear,19
-0.4435577675467357,-0.35825083961114645,0.3826771653543307,0.018679317601222482,-0.009056502529231193,0.0015573624970684034,0.9889251856384362,1.6883434488231641,2.688343448823164,-0.011030436959117651,1.315367081670047,0.02058100088657117,1.2012225910091834,1.4456716120616133,0.09247874359144087,0.06911413690692388,931208,Linear,19
-0.4430667433189228,-0.3579356478481538,0.3795275590551181,0.0188226205037416,-0.008989272217071362,0.0015661075399615882,0.9944782878756087,1.70331362182419,2.70331362182419,-0.011030436959117651,1.3367748971813853,0.020665317033416886,1.203039199569368,1.4478579008022212,0.08796703058913848,0.06641430698491418,130952,Linear,19
-0.43801895075012,-0.3546864464344849,0.38110236220472443,0.018711480451314825,-0.008821827234931487,0.001671181363606479,1.0612001658901136,1.8898371928690967,2.8898371928690967,-0.011030436959117651,1.3984489826270874,0.0203510644991763,1.3035771029965078,1.5688552863065175,0.0908997259704903,0.06748909302830211,64113,Linear,19
-0.4430667433189228,-0.3579356478481538,0.384251968503937,0.018715951981769157,-0.00902520779080943,0.0016343874603861209,1.037836037345187,1.8231013138504037,2.8231013138504037,-0.011030436959117651,1.3637869091489847,0.02059974499109917,1.2594862998466783,1.5157919965017905,0.09033060726881505,0.0659028076225309,15792,Linear,19
-0.4266554164933041,-0.3473115808527908,0.3779527559055118,0.01859375684362021,-0.009078446672370037,0.0013803389084766707,0.8765152068826865,1.402512841445772,2.402512841445772,-0.011030436959117651,1.2024004893628444,0.020487691975918296,1.0695299834969116,1.2871795343868873,0.08532942308991501,0.06618320900471333,286049,Linear,19
-0.38371980853844434,-0.3186776988709833,0.38110236220472443,0.018489912838034316,-0.009057763214342872,0.0014407212024685938,0.914857963567556,1.4964206440397074,2.4964206440397074,-0.011030436959117651,1.1978076380928542,0.020427945878131286,1.1195809993966555,1.3474159413464957,0.08991791113690213,0.0690074690904694,281015,Linear,19
-0.42160762392450124,-0.34400861577293396,0.38740157480314963,0.018608192236274405,-0.008759744536422621,0.0018426372684332351,1.170074665455104,2.222233219056613,3.222233219056613,-0.011030436959117651,1.4745664178644802,0.020184437861153703,1.4491837728578842,1.744092940610515,0.09079882426927477,0.06992843976759913,140200,Linear,19
-0.39472465694416314,-0.32613444209100395,0.3763779527559055,0.01857796343015195,-0.00902915831153278,0.001361553651085568,0.8645865684393357,1.3740243864511656,2.3740243864511656,-0.011030436959117651,1.1585410913703527,0.02040069693755465,1.0594733214666987,1.2750763397600176,0.08654885167852124,0.06757120287646919,342820,Linear,19
-0.37235627428162843,-0.3108913129181786,0.3795275590551181,0.018649593815622905,-0.008989062404159691,0.0015005693264979556,0.9528615223262022,1.5931193216360846,2.5931193216360846,-0.011030436959117651,1.2244476625946845,0.020437761819591154,1.1655287789251758,1.4027141025689227,0.08549457979926399,0.06584431841561736,433908,Linear,19
-0.4430667433189228,-0.3579356478481538,0.3763779527559055,0.018479294650924925,-0.008838444913943371,0.0014433499774007584,0.9165272356494825,1.5005913293613755,2.5005913293613755,-0.011030436959117651,1.2588238449552591,0.020293007138586686,1.1290820731359763,1.358850485361773,0.08759705026199224,0.06576684833626793,715797,Linear,19
-0.4273956894176081,-0.3477945696236807,0.38110236220472443,0.0185447436252759,-0.009159202451496698,0.001398836840753647,0.8882613938785653,1.4308995982352553,2.4308995982352553,-0.011030436959117651,1.2148869492830272,0.02058920882572759,1.0785186852147897,1.2979974385789061,0.08668910682774983,0.06515280539637919,39533,Linear,19
-0.4407857368933037,-0.35646942333719833,0.3826771653543307,0.01850725677120212,-0.008791973600391058,0.0016548184945650718,1.05080974404882,1.859966021162636,2.859966021162636,-0.011030436959117651,1.3744796094269986,0.020194426832682914,1.300825689536385,1.5655439596946847,0.09209430613421903,0.06759407365609564,249469,Linear,19
-0.44852586009074,-0.3614312021209014,0.3795275590551181,0.01839599076004436,-0.009102382410258677,0.0013340080370531854,0.8470951035287726,1.3328602819558206,2.3328602819558206,-0.011030436959117651,1.1785050921043876,0.020372545166009223,1.0394735122913121,1.2510065656915705,0.09135171191107075,0.06942856326043584,214814,Linear,19
-0.4430667433189228,-0.3579356478481538,0.3795275590551181,0.018377902060389688,-0.0090636893890239,0.0013511508303598405,0.8579807772784989,1.3583937603082887,2.3583937603082887,-0.011030436959117651,1.1839316490822966,0.020361157871868492,1.0534201748348335,1.2677913766608955,0.08872278763790815,0.06700285462948165,45994,Linear,19
-0.46191590756643564,-0.36992467771864634,0.3889763779527559,0.018760306271205954,-0.009171148849563718,0.0016935273942632265,1.075389895357148,1.931135513897444,2.931135513897444,-0.011030436959117651,1.4201899314084585,0.020739033743664037,1.2962953951693947,1.5600917495800395,0.09160996160513699,0.06752733597128405,481556,Linear,19
-0.4490237991558388,-0.36174909131982513,0.3779527559055118,0.018656792418672314,-0.009114976703992247,0.0013814399722904217,0.8772143824044178,1.4041932069819283,2.4041932069819283,-0.011030436959117651,1.2254680475471105,0.020528749847968198,1.068242336697232,1.2856298512235904,0.08542892129276454,0.06549413303576322,655870,Linear,19
-0.3896768643753603,-0.32272430895397086,0.38110236220472443,0.018602776842159104,-0.009028376322252783,0.0015019214191451342,0.9537201011571597,1.5953466750342002,2.5953466750342002,-0.011030436959117651,1.2426268315193738,0.020445959121087334,1.166111271264609,1.403415132207946,0.0862488502904343,0.06572101304431166,17708,Linear,19
-0.4273956894176081,-0.3477945696236807,0.38110236220472443,0.018353670818898597,-0.009012862392868389,0.0014165880594900543,0.8995334177761833,1.4584557717525395,2.4584557717525395,-0.011030436959117651,1.2261589731806453,0.020218861191989238,1.1122109242589384,1.338546054545243,0.08737559070932228,0.06605709165230603,594576,Linear,19
-0.4266554164933041,-0.3473115808527908,0.3779527559055118,0.018548180644817572,-0.009048100365645398,0.001381990095002024,0.8775637103262852,1.4050332055076185,2.4050332055076185,-0.011030436959117651,1.2034489928064431,0.020471160963190654,1.0716740820819552,1.2897599574334226,0.08714641016771767,0.06786950720499857,408144,Linear,19
-0.4269843652145937,-0.3475262465647284,0.384251968503937,0.01860176754011353,-0.009053518029629028,0.0015730798900830721,0.9989057302027504,1.715308921631479,2.715308921631479,-0.011030436959117651,1.308774223902219,0.020579492889127936,1.213434617855541,1.4603687886462475,0.09015098424620062,0.06984061222452544,414029,Linear,19
-0.4430667433189228,-0.3579356478481538,0.3826771653543307,0.018669733310783275,-0.009000415854805916,0.001588318392813255,1.0085821794364165,1.7417110037590535,2.7417110037590535,-0.011030436959117651,1.3345330512402143,0.020570396246439308,1.2257310223378166,1.4751675137314277,0.09061370609913291,0.06974055256365973,250928,Linear,19
-0.4430667433189228,-0.3579356478481538,0.3858267716535433,0.018591171174965875,-0.009021493182244274,0.0016322119634509802,1.0364545967913728,1.8192040597401493,2.8192040597401493,-0.011030436959117651,1.3624054685951705,0.02055635717880979,1.2604646547066207,1.5169694467579942,0.08911187480147056,0.06692730607055165,723037,Linear,19
-0.37309654720593244,-0.3114012526505521,0.37480314960629924,0.01852715071466822,-0.008790461707038103,0.0014482654683415901,0.919648572396909,1.5084087109613415,2.5084087109613415,-0.011030436959117651,1.1927391538647498,0.020225680339750366,1.1366985527118132,1.3680169199502066,0.08771959828009125,0.06597690332455837,62206,Linear,19
-0.42160762392450124,-0.34400861577293396,0.384251968503937,0.018852622281391646,-0.009124890777731516,0.0016255236890811622,1.032207542566539,1.8072561369247824,2.8072561369247824,-0.011030436959117651,1.3610199216072942,0.02074014376694912,1.2441759748280683,1.4973660174896528,0.09109498580994865,0.06898005227472867,854657,Linear,19
-0.43801895075012,-0.3546864464344849,0.38740157480314963,0.018609922656333225,-0.008847201559963273,0.0017897316009956856,1.1364795666322607,2.1157801385085886,3.1157801385085886,-0.011030436959117651,1.4573826458672556,0.02018163719250888,1.4077702471667741,1.6942517547261209,0.09175953965711287,0.0701048447153736,791430,Linear,19
-0.42119629972148687,-0.34373873513921915,0.3858267716535433,0.018651486435971622,-0.008863168829324981,0.0017527217848445735,1.1129783333763044,2.043409196780441,3.043409196780441,-0.011030436959117651,1.4170587615826662,0.020286671583404896,1.371520983455193,1.6506257590961673,0.08949703966880314,0.06601711465431144,774566,Linear,19
-0.4430667433189228,-0.3579356478481538,0.3779527559055118,0.01840347831287848,-0.009024658096254077,0.0013418816489298817,0.8520948470704752,1.3445531915009954,2.3445531915009954,-0.011030436959117651,1.1943914563762519,0.02035376221014792,1.0465736295709474,1.2595515581603298,0.08921668739898457,0.06733218448283214,721176,Linear,19
-0.4219365726457909,-0.34422436781232824,0.3779527559055118,0.01851658780821405,-0.008750315535001425,0.0015552857285760762,0.9876064376458089,1.6848005379133162,2.684800537913316,-0.011030436959117651,1.3087728762784536,0.020161812058909902,1.2245623290516923,1.4737609911438552,0.08937945452903795,0.06773603183537537,630381,Linear,19
-0.438761729397811,-0.3551655935909709,0.3858267716535433,0.018610863757025146,-0.008970942134659802,0.0016708569889036812,1.0609941879538383,1.8892420114671609,2.889242011467161,-0.011030436959117651,1.3906149349659245,0.020506067668797864,1.29347239277471,1.5566942656721245,0.08924273201767093,0.06689103151434087,992932,Linear,19
-0.4443049553083256,-0.3587301676334833,0.3826771653543307,0.0185030524131704,-0.00877268522252015,0.0016651167388543444,1.0573491291725077,1.8787297250920028,2.8787297250920028,-0.011030436959117651,1.3845382129657082,0.020091138301621583,1.3156501325394503,1.5833851796105969,0.09208743138028898,0.07144016080782592,735474,Linear,19
-0.4435646823840216,-0.35825527718682637,0.38740157480314963,0.01847053544924261,-0.009109847534743698,0.001574836266926589,1.0000210294983845,1.7183389931634356,2.7183389931634356,-0.011030436959117651,1.326469840367281,0.020533859578136183,1.217489123877008,1.4652483873984181,0.08669294471745424,0.0665911337298539,109195,Linear,19
-0.40511392161715776,-0.3330991678905322,0.384251968503937,0.018768830798121673,-0.009061121606159723,0.0016325923885562778,1.0366961667332362,1.8198851769663738,2.8198851769663738,-0.011030436959117651,1.3410399543372478,0.02068321224335879,1.2530259038009277,1.5080169086571886,0.09078085423719523,0.06716763672203613,451955,Linear,19
-0.3963922077091411,-0.3272572107205679,0.38110236220472443,0.01856266079188617,-0.008924881440527024,0.0015506858354477696,0.9846855055093329,1.6769698597493568,2.6769698597493568,-0.011030436959117651,1.2803075792053278,0.02036463468394752,1.2087805588044889,1.454767627711277,0.0889089587464645,0.06600291414974829,818174,Linear,19
-0.4266554164933041,-0.3473115808527908,0.38110236220472443,0.01875311563109925,-0.009106341531849874,0.0015109634026913678,0.9594617607090186,1.6102911340033774,2.6102911340033774,-0.011030436959117651,1.2853470431891765,0.020579340512971334,1.16552813763538,1.4027133307765343,0.08572090256262456,0.06556485436046879,493384,Linear,19
-0.4407857368933037,-0.35646942333719833,0.384251968503937,0.01843352526207798,-0.00899018850900563,0.0015474274912217712,0.9826164569258253,1.6714368051062851,2.671436805106285,-0.011030436959117651,1.306286322304004,0.020483352688112712,1.1992494713192228,1.443296962147163,0.09207249673895075,0.0677081463561177,849954,Linear,19
-0.4269843652145937,-0.3475262465647284,0.3858267716535433,0.018546971668042624,-0.008860982142878362,0.0017137401936187105,1.0882250229478814,1.9689994868566663,2.9689994868566663,-0.011030436959117651,1.39809351664735,0.02024145071912222,1.3440134584249048,1.6175204475976943,0.08953842059990205,0.0677017256659357,399039,Linear,19
-0.4430667433189228,-0.3579356478481538,0.3889763779527559,0.018897208789323914,-0.00927983379796922,0.0016803701690566147,1.0670350573509495,1.9067483686869222,2.906748368686922,-0.011030436959117651,1.3929859291547473,0.020860813044133588,1.2787157149962411,1.5389346012166383,0.09108021666255145,0.0672968941200069,34582,Linear,19
-0.4269843652145937,-0.3475262465647284,0.3858267716535433,0.018368919148841607,-0.00903565294619255,0.001537764633781258,0.9764805424510996,1.655095283705108,2.655095283705108,-0.011030436959117651,1.2943239252799685,0.020441364970409773,1.1942087434449729,1.4372304452114397,0.08720551158501426,0.0640030331902816,365448,Linear,19
-0.4176901068130974,-0.3414337179902951,0.38740157480314963,0.018800264830858168,-0.00899895935203379,0.0017705038747243551,1.1242699604499649,2.0779689894086433,3.0779689894086433,-0.011030436959117651,1.441189933249916,0.020423368655396155,1.376162677225895,1.6562120384139327,0.09056517657857112,0.06796623935489403,323938,Linear,19
-0.4133778722025454,-0.33858769372373543,0.40536277602523657,0.019093088026779996,-0.01063322794818271,0.0014167140164315084,0.8981966864175774,1.4551716722970722,2.4551716722970722,-0.0682619041763246,1.1698231605205365,0.02150764311504423,1.0456579402013768,1.258449525833463,0.08408353129699978,0.050016545710128806,583418,Linear,22
-0.3930636390578002,-0.32501420924047075,0.4085173501577287,0.01946517392389771,-0.010503351950683281,0.0017393108277338745,1.1027230647832766,2.012357710834563,3.012357710834563,-0.0682619041763246,1.341866120646955,0.02193364105139909,1.258828999355454,1.5150009352381502,0.0846979298687004,0.05548954406474004,556138,Linear,22
-0.4436153504066169,-0.35828779229919716,0.4037854889589905,0.018963971721177586,-0.01045306137727912,0.0014251097161040276,0.9035195600099541,1.4682750837193952,2.468275083719395,-0.0682619041763246,1.1918005627903767,0.021361117540303245,1.059069842955302,1.2745907532963858,0.08510186548187723,0.052517837994247904,148777,Linear,22
-0.4205040809465572,-0.34328430150482236,0.40063091482649843,0.019252273493802072,-0.01043823062926956,0.0014567031992165514,0.9235498283032939,1.5182137688446833,2.5182137688446833,-0.0682619041763246,1.1901333260557294,0.02145496936184862,1.0778130700142179,1.297148230553565,0.08534321398104218,0.05504394590053102,74217,Linear,22
-0.39385312842205167,-0.3255468930415303,0.4069400630914827,0.018841998094138727,-0.010526897796551643,0.0014244825501330827,0.9031219367843732,1.4672938353154916,2.4672938353154916,-0.0682619041763246,1.1468176585131005,0.02125383908888801,1.0639470522500556,1.2804604755912226,0.08445788704665219,0.05464044482591334,657743,Linear,22
-0.42211669322568923,-0.3443424758623165,0.4022082018927445,0.019145330830760227,-0.01051806505766477,0.0014127960646512765,0.8957127049889095,1.4490806395968376,2.4490806395968376,-0.0682619041763246,1.163908815020477,0.02150116779806355,1.043080192319969,1.2553472057779667,0.08366851174438662,0.05359856540276119,39718,Linear,22
-0.43333178060129285,-0.3516546522926771,0.4022082018927445,0.019099009990482134,-0.010407996171936084,0.0014599637198882773,0.9256169984091684,1.5234247291829384,2.5234247291829384,-0.0682619041763246,1.2199601688862458,0.021387149778539182,1.0836509678004367,1.304174141626852,0.08394009910007057,0.054529598574349566,744470,Linear,22
-0.4055166537873447,-0.33336769623381646,0.40063091482649843,0.019118745940990424,-0.010423785343582972,0.0014118659912461164,0.8951230384500377,1.447636924389776,2.447636924389776,-0.0682619041763246,1.1928209473935567,0.021377926789046965,1.0484027756987508,1.2617529358659025,0.08364054348279616,0.05410519022033753,172776,Linear,22
-0.384611954446882,-0.31928526671438184,0.4037854889589905,0.018864446104544186,-0.010885864462945498,0.0011268792362301465,0.7144414357699134,1.0430451915258523,2.0430451915258523,-0.0682619041763246,0.994997821873767,0.02152121027489078,0.8312103767173026,1.0003618432298174,0.08444901554923476,0.05378560079409991,245023,Linear,22
-0.4103854427812621,-0.33660549977023446,0.4022082018927445,0.019201295053604624,-0.010341484629154034,0.001540863665961829,0.9769075642198004,1.6562293092988,2.6562293092988,-0.07500935951247811,1.237135600307738,0.02139100670185664,1.1434923436407858,1.3761932485988762,0.08403226761005891,0.05376177402974508,554567,Linear,22
-0.48181016102898866,-0.382335692608021,0.3990536277602524,0.019045369491844325,-0.010304641085952419,0.0014075871099191528,0.8924102276887425,1.4410059469616456,2.4410059469616456,-0.07500935951247811,1.2202998055236094,0.021315689609430075,1.0482772576662014,1.2616018748903457,0.08158666731669627,0.0524505485747557,368312,Linear,22
-0.39414026483427733,-0.3257405252861125,0.4116719242902208,0.018996144366812788,-0.010691103805549999,0.0015303027764479301,0.9702119602679886,1.6385036580305532,2.638503658030553,-0.0682619041763246,1.1861461754979246,0.021617939124291767,1.1237335493918517,1.3524135360393146,0.08732445144739089,0.05502793582171552,931208,Linear,22
-0.43456970795523375,-0.3524567601553389,0.4037854889589905,0.01903384920319695,-0.01055446871669119,0.0013928647020649042,0.8830762211091496,1.418327586028576,2.418327586028576,-0.0682619041763246,1.1557856169620209,0.021446456870783094,1.0309880929499897,1.2407943619334956,0.08302687628131808,0.05177007313662989,130952,Linear,22
-0.39627547981217504,-0.3271786782862025,0.40063091482649843,0.019240234301546515,-0.010278265233017392,0.001547758239820514,0.9812787240462058,1.6678655254979216,2.6678655254979216,-0.07500935951247811,1.2385655937341653,0.021393807337671267,1.148458521921575,1.3821700450849814,0.08506011539745914,0.05417412773617838,64113,Linear,22
-0.39627547981217504,-0.3271786782862025,0.4085173501577287,0.019516971490425004,-0.01076647755423619,0.0016048368031254022,1.017466533181505,1.7661778593492152,2.7661778593492152,-0.0682619041763246,1.2434756922975794,0.02213243854496345,1.1510703804158922,1.385313417269469,0.08465668365521622,0.054137540634551715,15792,Linear,22
-0.4164854142582044,-0.3406398700180918,0.4037854889589905,0.019256736000443198,-0.010353113344425135,0.0016029141512945693,1.0162475719207578,1.7628080499491467,2.7628080499491467,-0.07500935951247811,1.2743932638641127,0.02141206436015876,1.1883708584033459,1.4302045494762714,0.08079858155853781,0.05293212232783249,286049,Linear,22
-0.39867758145555854,-0.32879292392155246,0.4069400630914827,0.019167546191444087,-0.010800386392276701,0.0013947659840639363,0.8842816338965349,1.4212444266701798,2.42124442667018,-0.0682619041763246,1.132801808658769,0.021611904974522884,1.0244919923483755,1.2329763036492605,0.08507547224121291,0.054368603105319595,281015,Linear,22
-0.4240906066261232,-0.3456354105449505,0.4069400630914827,0.019090003865976753,-0.010496580966277024,0.0015433857320218325,0.9785065541018412,1.6604799905812633,2.6604799905812633,-0.0682619041763246,1.2323308400318638,0.0214206562130544,1.143778635918704,1.3765378014086858,0.08584727784033577,0.05565703774223042,140200,Linear,22
-0.4205040809465572,-0.34328430150482236,0.4022082018927445,0.01922916670412044,-0.010479527242681327,0.0014695531302436737,0.9316966845744901,1.5388130904021513,2.5388130904021513,-0.07500935951247811,1.1982801823269256,0.021437758031532826,1.0881936764009472,1.3096412922738514,0.08273677211790187,0.055528580403969595,342820,Linear,22
-0.42836529936175793,-0.3484266480103372,0.4037854889589905,0.01912523243686337,-0.0106125535021564,0.0013951329337884904,0.8845142800219037,1.4218077853336797,2.4218077853336797,-0.0682619041763246,1.15895899618954,0.021494345599350814,1.0303662714323631,1.2400459996211899,0.08349503559245965,0.05428144235270934,433908,Linear,22
-0.4205040809465572,-0.34328430150482236,0.40063091482649843,0.019246909556100072,-0.010419099960194887,0.0014660205715699703,0.9294570423753612,1.5331334200579767,2.5331334200579767,-0.0682619041763246,1.1960405401277967,0.02145054588011562,1.084930669165237,1.3057142624577913,0.08267718241016737,0.05252928049175428,715797,Linear,22
-0.44591803452931345,-0.3597637528236056,0.4037854889589905,0.019003094982508628,-0.01035563884886956,0.0014989918464503385,0.9503608306495153,1.5866428309600153,2.5866428309600153,-0.07500935951247811,1.2572902550546132,0.021360560678946178,1.1140043660736274,1.3407044621033308,0.08247749029568731,0.052716786767764034,39533,Linear,22
-0.384611954446882,-0.31928526671438184,0.40063091482649843,0.019161792821709184,-0.010359869041229486,0.0014674213581181827,0.9303451410469279,1.5353840917445698,2.53538409174457,-0.07500935951247811,1.1446907747977093,0.02138402613182196,1.0893454651220744,1.3110274702143008,0.08636725656336007,0.05373460398422583,249469,Linear,22
-0.42229913687333465,-0.3444620855012851,0.41009463722397477,0.01897285382035009,-0.010325850959641218,0.0016893907482416533,1.0710737343852088,1.9185115243722883,2.9185115243722883,-0.0682619041763246,1.3231065505624429,0.021338706921128436,1.2567887464544765,1.5125454904917344,0.08609928846568858,0.05517122602711424,214814,Linear,22
-0.4088405555812642,-0.3355798380364321,0.4022082018927445,0.018864380205095763,-0.010258286128270875,0.0014550891319948852,0.9225265096847579,1.515638151872733,2.515638151872733,-0.0682619041763246,1.1774464820719004,0.021157929085052617,1.0917336842983556,1.3139016924378693,0.08357319862328132,0.053659827498464034,45994,Linear,22
-0.39081636304035783,-0.32349562415996924,0.4085173501577287,0.019524714493724917,-0.010636790735467609,0.001684707457530599,1.0681045280744002,1.909858713882775,2.909858713882775,-0.0682619041763246,1.2886545704186574,0.022072191055730318,1.2116559574717927,1.4582281705430502,0.0851865633828296,0.053058178154270996,481556,Linear,22
-0.4164854142582044,-0.3406398700180918,0.4037854889589905,0.019188740706795215,-0.010292262704612368,0.0016117386728645103,1.0218423185961,1.778308581442659,2.778308581442659,-0.07500935951247811,1.279988010539455,0.021371408941429224,1.1971863114438932,1.4408139488528469,0.08082463690474848,0.05275700031867119,655870,Linear,22
-0.5073903844458982,-0.3979353120898238,0.3990536277602524,0.019101539998050233,-0.01033445222916877,0.001412087255825565,0.8952633201934077,1.447980307249276,2.447980307249276,-0.07500935951247811,1.2636650945150905,0.021334756538686977,1.0506888236563918,1.2645041950088032,0.08149572267178803,0.05291592389514858,17708,Linear,22
-0.42087876587174833,-0.34353031688517954,0.4069400630914827,0.019069465061797682,-0.010655702949518255,0.0014406587964115756,0.913377676924938,1.4927279596959333,2.4927279596959333,-0.07500935951247811,1.2122377185824007,0.021487991272608392,1.0643037362719407,1.2808897448780099,0.08382318807079743,0.053718311374607704,594576,Linear,22
-0.4559640664374456,-0.36616338730308595,0.40063091482649843,0.019116955730004426,-0.010265797248858259,0.00150584195718452,0.9547038008549862,1.5979009728992302,2.59790097289923,-0.07500935951247811,1.2672601180474885,0.02132519580390593,1.1209510203176527,1.3490647617801441,0.08227676137639045,0.05485860569400807,408144,Linear,22
-0.4205040809465572,-0.34328430150482236,0.4022082018927445,0.018970851655182083,-0.010214618133635917,0.0015240171915195874,0.9662268994234182,1.6280099832681323,2.6280099832681323,-0.0682619041763246,1.2164646596738748,0.02120479452909898,1.1409222976477262,1.3731001977674415,0.08495983696368062,0.05411517297536366,414029,Linear,22
-0.41504496417474,-0.33968941028326616,0.4037854889589905,0.018918071440793938,-0.010189369295437279,0.0015637928945866813,0.9914446951679565,1.6951252956373795,2.6951252956373795,-0.0682619041763246,1.236223338646596,0.021196058434902076,1.1711820234294381,1.4095177833829748,0.08529941991943082,0.05514094814276611,250928,Linear,22
-0.41580022359266877,-0.3401879277961877,0.4037854889589905,0.01906905832902339,-0.010353523565841204,0.0015268880510126382,0.9680470243420132,1.6327976454749016,2.6327976454749016,-0.0682619041763246,1.2961374170936324,0.021367894157647963,1.1343465199736509,1.365186248111656,0.08399572106930478,0.05365789687131274,723037,Linear,22
-0.42463865026365966,-0.3459939326429795,0.4037854889589905,0.01911931674612788,-0.010637266917848335,0.00137800976665941,0.8736581920620665,1.3956586226157377,2.3956586226157377,-0.07500935951247811,1.1593082322015107,0.02152430043922013,1.0163037327305702,1.2231217316737977,0.08377530819613749,0.05236277567207308,62206,Linear,22
-0.45677089237142354,-0.3666745768718833,0.39589905362776023,0.01904356106767891,-0.010158405493764296,0.0014026254319805696,0.8892645238756813,1.4333393300217065,2.4333393300217065,-0.07500935951247811,1.1841751041447424,0.021264132884881912,1.047114809435806,1.2602028682285062,0.08454120666345147,0.054301549128162915,854657,Linear,22
-0.4390780337853357,-0.35536952528899923,0.4037854889589905,0.019028230843332494,-0.010275548541242657,0.0015568923459044056,0.9870697473033943,1.6833600179844521,2.683360017984452,-0.0682619041763246,1.2558814603926294,0.021318576888409272,1.1593128341327195,1.3952332118532005,0.08559403906761107,0.054722661289477635,791430,Linear,22
-0.41126290697138757,-0.33718734937468375,0.4069400630914827,0.0194682213552242,-0.010436133910509833,0.0017331463080380869,1.0988147592961468,2.0006074733797945,3.0006074733797945,-0.0682619041763246,1.3398113455714338,0.021936533503588297,1.2542020231250617,1.5094323684828894,0.08247393124410386,0.05201888859680958,774566,Linear,22
-0.42836529936175793,-0.3484266480103372,0.40536277602523657,0.019097177998719062,-0.010533020970886485,0.0014779587376129236,0.9370258396465942,1.5523789341969305,2.5523789341969305,-0.0682619041763246,1.2114705558142305,0.021474092968026878,1.0925661745697623,1.314903594634596,0.08416086784133552,0.05215459755900449,721176,Linear,22
-0.4205040809465572,-0.34328430150482236,0.4022082018927445,0.01927078950661691,-0.01035160349653772,0.0015627659290213189,0.9907935989995167,1.6933710810271019,2.693371081027102,-0.0682619041763246,1.2723090698218584,0.021442997334932892,1.156934342996737,1.392370697327944,0.08398865777976428,0.05353221775261108,630381,Linear,22
-0.4615953454049304,-0.36972266703466394,0.4037854889589905,0.018984138387395433,-0.010394473832382083,0.001468183467717355,0.9308283185328037,1.5366094282594176,2.5366094282594176,-0.07500935951247811,1.2142176143333927,0.021375121976958435,1.0903652401470747,1.3122547696468678,0.08414705812663051,0.05375197962858736,992932,Linear,22
-0.4357541319914162,-0.35322327190599856,0.4022082018927445,0.018997403915615423,-0.01032452791171835,0.0014689935645752017,0.931341919940678,1.537912569051826,2.537912569051826,-0.07500935951247811,1.2281074418078788,0.021332486687676563,1.0931472846057395,1.3156029606711526,0.08620102248385983,0.05546119680754319,735474,Linear,22
-0.4088405555812642,-0.3355798380364321,0.4069400630914827,0.019135796839945277,-0.010467735477983839,0.001579127831204982,1.0011670449839585,1.7214560374940286,2.7214560374940286,-0.07500935951247811,1.239741279869122,0.021435782392894502,1.1694407378759568,1.407422145894967,0.08225272223168428,0.053167470486420336,109195,Linear,22
-0.4055166537873447,-0.33336769623381646,0.4069400630914827,0.01913457084830684,-0.010652532103754407,0.0014690334508698872,0.9313672078515083,1.5379767483700442,2.537976748370044,-0.0682619041763246,1.1829632784447313,0.02150972660048575,1.0841691995887026,1.3047978336805743,0.08577364530534307,0.05355288958966992,451955,Linear,22
-0.4307876507518813,-0.3500030775213421,0.4037854889589905,0.019011647999150227,-0.010467252047756457,0.0014359000216569665,0.9103606137305178,1.4852185757542702,2.48521857575427,-0.07500935951247811,1.2222685683609598,0.021422313480251948,1.06404036194094,1.2805727738215849,0.0836222068796251,0.04997496659367562,818174,Linear,22
-0.4164854142582044,-0.3406398700180918,0.4037854889589905,0.019188740706795215,-0.010422727043030218,0.0015339539411264235,0.9725267986741528,1.644618442271176,2.644618442271176,-0.07500935951247811,1.2306724906175077,0.02142202704463094,1.1367161405573278,1.3680380869255602,0.08076455763181974,0.05266955703525831,493384,Linear,22
-0.384611954446882,-0.31928526671438184,0.4037854889589905,0.01913396782902055,-0.010471728935083163,0.0014826218087820569,0.9399822267678246,1.5599359195894897,2.5599359195894897,-0.0682619041763246,1.154327860518606,0.021508287746180018,1.0942708152381209,1.316955129996532,0.08641839932843999,0.0536637829297008,849954,Linear,22
-0.4055166537873447,-0.33336769623381646,0.4022082018927445,0.01907337561783874,-0.010458710155853384,0.0014193369613256235,0.8998596334804461,1.4592578894581036,2.4592578894581036,-0.0682619041763246,1.151455704073669,0.02142271652641177,1.0517469028654562,1.2657775935340274,0.08430474577686907,0.05380768528517187,399039,Linear,22
-0.45677089237142354,-0.3666745768718833,0.39589905362776023,0.018968745893789492,-0.010196835142579111,0.0013497907882229696,0.8557673597333633,1.3531794230625045,2.3531794230625045,-0.07500935951247811,1.1506779400024243,0.021255885828688644,1.0080626447806293,1.2132035807907684,0.0853021765819937,0.05403601726216115,34582,Linear,22
-0.4205040809465572,-0.34328430150482236,0.40536277602523657,0.019157520702139542,-0.010368285984590744,0.001600376978326737,1.014639004259152,1.7583674587179994,2.7583674587179994,-0.0682619041763246,1.2812225020115875,0.021427150676593766,1.1856544677862848,1.4269353728625875,0.08143288580721046,0.05092191566714528,365448,Linear,22
-0.3930636390578002,-0.32501420924047075,0.4069400630914827,0.01936158771372162,-0.010628467582809536,0.0015756874116779063,0.9989858190037921,1.7155263961759917,2.7155263961759917,-0.0682619041763246,1.2381288748674706,0.02184785638525953,1.1448840458565481,1.3778681624748137,0.08541679771742768,0.05589469323570638,323938,Linear,22
-0.3991511486819945,-0.32911071034237915,0.3933649289099526,0.019500776383970644,-0.009953077995812501,0.001633035338414992,1.0337113692166895,1.8114809394063731,2.811480939406373,-0.003227967768907547,1.3063499871732347,0.021782378098508415,1.1901194721954074,1.4323090065007757,0.09928907845504802,0.061666965993846024,583418,Linear,25
-0.381891742174048,-0.31743105736444455,0.3949447077409163,0.0193153768859338,-0.009746090836258806,0.0017315820398046246,1.096091431196328,1.9924469516636147,2.9924469516636147,-0.003227967768907547,1.3514706426449266,0.02150807762136986,1.2780320582841183,1.5381118202362365,0.099569048219499,0.06583799088316909,556138,Linear,25
-0.43209838442271575,-0.35085449226269316,0.3933649289099526,0.019372339155754058,-0.009914624540873737,0.0016058398516386177,1.0164966260872461,1.763496224498006,2.763496224498006,-0.003227967768907547,1.3220824797845125,0.021743213060752505,1.1724080192641777,1.4109932695984813,0.09994264655768373,0.06461450286549787,148777,Linear,25
-0.387124395405408,-0.3209933756314419,0.40126382306477093,0.01941957090915764,-0.009923797636376385,0.001850634607803144,1.17145170673939,2.22667342369776,3.22667342369776,-0.003227967768907547,1.4320635714193486,0.0217868487055772,1.348424181779883,1.6228287539771076,0.09939127667414005,0.06541379159599042,74217,Linear,25
-0.4042601248365827,-0.3325295269629235,0.3902053712480253,0.019419196374391053,-0.009774223447031752,0.0016172057723859937,1.023691253920333,1.783450246158509,2.783450246158509,-0.003227967768907547,1.3014388480314665,0.021575572789117266,1.1898801485473403,1.432020980445742,0.09946334601032984,0.067111345736518,657743,Linear,25
-0.3783207439118996,-0.31498924760212277,0.40442338072669826,0.019371443108980202,-0.010308466989795246,0.001694782592015994,1.072797380746124,1.9235463440183227,2.9235463440183227,-0.003227967768907547,1.329653386501377,0.021915516214955577,1.2276160563543954,1.4774361525215531,0.09954680448452755,0.06703436913153923,39718,Linear,25
-0.47070772893493995,-0.3754399074182406,0.3933649289099526,0.019242561715079966,-0.009844816490437816,0.0015971379695525903,1.0109883347267896,1.7483159292469783,2.7483159292469783,-0.003227967768907547,1.3551835329362802,0.021660085697101816,1.1705299607730193,1.4087330258544988,0.099511943139494,0.06438338380260833,744470,Linear,25
-0.4026014855480753,-0.33142151557083144,0.3902053712480253,0.019028929044395453,-0.009862983507973978,0.0014107959555888184,0.8930338398877211,1.4425286627906857,2.4425286627906857,-0.003227967768907547,1.1995559503066033,0.021358578728221892,1.0485571994203042,1.2619387848435604,0.09866254665830947,0.06497156644126603,172776,Linear,25
-0.3978358734748326,-0.32822772573635484,0.3949447077409163,0.01948503078171052,-0.009962645026557256,0.001667558689188311,1.0555646502562013,1.8735972733297772,2.873597273329777,-0.003227967768907547,1.3293445895924378,0.021822037857260394,1.2130706445628943,1.4599307467207405,0.10082485655213648,0.06667763673968925,245023,Linear,25
-0.4297623899183236,-0.34933631939270005,0.3933649289099526,0.01942077359611479,-0.00984533743460266,0.0016669242504662885,1.0551630505451612,1.8724434691943737,2.8724434691943737,-0.003227967768907547,1.3584129097380355,0.021699025913915728,1.2194834105308505,1.4676485117578437,0.09907977792940349,0.06484486493657449,554567,Linear,25
-0.40068912657443434,-0.3301417301920503,0.4028436018957346,0.019342101185568884,-0.010199733200799586,0.001701005770012358,1.0767366524178215,1.935085700720518,2.935085700720518,-0.003227967768907547,1.348322052284857,0.021853515190760876,1.2356194983335138,1.4870682964344255,0.09609693302644208,0.06489350166055616,368312,Linear,25
-0.4266030475846492,-0.34727739937757285,0.3949447077409163,0.019524590881774204,-0.010050731819806286,0.001629885360912707,1.031717433457743,1.8058806122274782,2.805880612227478,-0.003227967768907547,1.3122631179085147,0.021850316469228883,1.1841305831682434,1.4251013774408823,0.10192803669495595,0.06536671616762296,931208,Linear,25
-0.38059297896688804,-0.31654398601227385,0.39652448657187994,0.019255951958902336,-0.009766344216805771,0.0017417068734039212,1.1025004508646816,2.011687192716446,3.011687192716446,-0.003227967768907547,1.3539897031241708,0.02150873836483441,1.28546542311361,1.5470578761933302,0.0982378043723177,0.06210422338979797,130952,Linear,25
-0.4412108300602995,-0.3567429256519894,0.3933649289099526,0.019069786646509036,-0.009783082886973679,0.0015666240859128861,0.9916730463828571,1.695740801045977,2.695740801045977,-0.003227967768907547,1.3037801497357577,0.021458734256032095,1.1589400417923286,1.3947845562020906,0.099469496359214,0.06471125588158982,64113,Linear,25
-0.44774224649881944,-0.36093061482361743,0.3886255924170616,0.019390444159820084,-0.009676751827070264,0.0016195044332378335,1.0251463062395487,1.787503259853012,2.787503259853012,-0.003227967768907547,1.3463760220129188,0.021591902745017984,1.19067023266467,1.4329718468281374,0.09982241698895168,0.06489132530909394,15792,Linear,25
-0.46879535395419225,-0.37424437153111145,0.3933649289099526,0.019252001755916695,-0.009842483986834813,0.0016022663290342631,1.0142345862786897,1.757252150861448,2.757252150861448,-0.003227967768907547,1.353926213525483,0.021643879301794358,1.1751677732833057,1.4143146340746309,0.09702914399693427,0.06598688171037757,286049,Linear,25
-0.4529583877301775,-0.36425541214867185,0.3949447077409163,0.019426269391784445,-0.009856107265147398,0.0017088124255839774,1.0816782653946575,1.9496256541303163,2.9496256541303163,-0.003227967768907547,1.4081241223993857,0.021695621674178378,1.2503239916097462,1.5047651568317484,0.10095895271480905,0.06673852726864295,281015,Linear,25
-0.4533003847463988,-0.36447279772606755,0.3949447077409163,0.019369964343612083,-0.009902292278078505,0.0016586305582921863,1.0499131433989533,1.8574029229789182,2.857402922978918,-0.003227967768907547,1.3767009974199027,0.021693331602833852,1.213734447391222,1.4607296335482962,0.10041815034581385,0.0676526421947615,140200,Linear,25
-0.4236604290199466,-0.34535385699761834,0.3981042654028436,0.019384860663165686,-0.009821006191978706,0.0018059739778418108,1.1431815279738657,2.13673210776615,3.13673210776615,-0.003227967768907547,1.440329426268363,0.021701500966856545,1.321058306590197,1.5898939180881877,0.09784924047511763,0.06853832261590632,342820,Linear,25
-0.40913290198659524,-0.33577405049237163,0.40126382306477093,0.019546648221847592,-0.010010282667271391,0.0018498444193577107,1.1709515174534317,2.225059879794268,3.225059879794268,-0.003227967768907547,1.4586196812833805,0.021850046537110975,1.3439499882442714,1.6174440612234777,0.09917799999818416,0.06773061235149476,433908,Linear,25
-0.3783207439118996,-0.31498924760212277,0.39652448657187994,0.018999456777817114,-0.009837682404381024,0.0015969494040419356,1.0108689727585443,1.7479879044255369,2.747987904425537,-0.003227967768907547,1.2626771859449946,0.021366409606484078,1.1864785120001347,1.4279271102274713,0.09781207245134038,0.06297665645421627,715797,Linear,25
-0.4467689683078788,-0.3603083197445365,0.3949447077409163,0.01950485632859636,-0.009938381809772832,0.0016900692717315884,1.0698138490060956,1.914836849694479,2.914836849694479,-0.003227967768907547,1.3705254541800969,0.0217600345823608,1.2329492330214955,1.4838546316339538,0.09737224607049258,0.06349018077532237,39533,Linear,25
-0.4617387628532015,-0.36981305331982073,0.3886255924170616,0.019296088794599348,-0.009616621335339033,0.0016195977672910488,1.0252053866952338,1.787667951680814,2.787667951680814,-0.003227967768907547,1.360431618822986,0.021554414085513503,1.1928098530186952,1.435546880322808,0.10111505424616082,0.06525638461088633,249469,Linear,25
-0.4026014855480753,-0.33142151557083144,0.3933649289099526,0.019349961628670802,-0.009750831287017073,0.00169640004948574,1.073821231324473,1.926541151489543,2.926541151489543,-0.003227967768907547,1.349910186147099,0.02153308981327352,1.2506108581547637,1.505110400772119,0.10068211851766154,0.06755428057106704,214814,Linear,25
-0.387124395405408,-0.3209933756314419,0.39968404423380727,0.019196114965862678,-0.010013877993385809,0.0016608901246076627,1.0513434488766507,1.861492806225601,2.861492806225601,-0.003227967768907547,1.3093641175746598,0.02161713329266674,1.2196720532427814,1.4678755432967958,0.0985098708433017,0.06427773613271427,45994,Linear,25
-0.44589966064086184,-0.3597519890861448,0.3933649289099526,0.01924051131223736,-0.009849894797199,0.0015932507340010848,1.0085277146226872,1.7415616810463876,2.7415616810463876,-0.003227967768907547,1.3253236485561501,0.02153327867866842,1.1745573763963364,1.4135800213074494,0.1005592343335839,0.06547856170798548,481556,Linear,25
-0.47174528980394825,-0.3760875904672497,0.3949447077409163,0.01933131830871571,-0.009876432469076933,0.0016590141256279025,1.050155941522462,1.8580967792768206,2.8580967792768206,-0.003227967768907547,1.3953887006009609,0.021697880355068755,1.2137606234691924,1.4607611364630102,0.09695452596632076,0.06531945149130224,655870,Linear,25
-0.4339218534878455,-0.3520371104532892,0.3933649289099526,0.01938322148050638,-0.009989313769490119,0.0015648114710298307,0.9905256611618825,1.6926495216745479,2.692649521674548,-0.003227967768907547,1.2979349839242786,0.021757197774287296,1.1417192721221296,1.3740593566958588,0.09687525867584718,0.06678470376923254,17708,Linear,25
-0.42323097347980365,-0.34507265520716124,0.3949447077409163,0.019513261019368656,-0.009675840116991057,0.0018522409005285768,1.1724684900345892,2.2299559198448637,3.2299559198448637,-0.003227967768907547,1.4496421003805153,0.021684481222690902,1.3559656993369782,1.6319049717620202,0.0985463255386699,0.06487680052868307,594576,Linear,25
-0.43929847108665854,-0.35551161023020916,0.39968404423380727,0.01911895071248811,-0.009865493287911944,0.0017191265100362603,1.0882070808529534,1.9689462172639174,2.9689462172639174,-0.003227967768907547,1.398401825232213,0.02164063310713356,1.2610669554713758,1.517694315840583,0.09762187187556524,0.06584603392118163,408144,Linear,25
-0.38351382518885657,-0.3185373433662956,0.3902053712480253,0.019671680950814188,-0.009740928500318873,0.0017360296899336814,1.0989067937280197,2.000883645292348,3.000883645292348,-0.003227967768907547,1.3609558807602298,0.021578771412364865,1.2771170537236043,1.537010612077197,0.09986165809129766,0.06713400817891803,414029,Linear,25
-0.3803019844344817,-0.3163450751094742,0.3933649289099526,0.019560253141255278,-0.009917040848804959,0.0016782928060528595,1.0623593462314602,1.8931889776189426,2.8931889776189426,-0.003227967768907547,1.2966039675320644,0.0216466800258145,1.2307694445529775,1.481231255806008,0.10021780781322784,0.06711787479090466,250928,Linear,25
-0.3931119891931303,-0.3250468441058434,0.39652448657187994,0.01969898378998746,-0.009977203964537303,0.0017901311482363402,1.133153016833603,2.1054325611240357,3.1054325611240357,-0.003227967768907547,1.3776164469109062,0.021863198715563324,1.299784691355075,1.5642911181895451,0.09773020737349632,0.06374864616745453,723037,Linear,25
-0.41903787379851565,-0.34232071401665,0.39968404423380727,0.01959638114629328,-0.010020105287448563,0.0018171317863850634,1.1502444207817462,2.1589649320149658,3.1589649320149658,-0.003227967768907547,1.440178567872863,0.021862653905918805,1.3194222879511959,1.5879249693513675,0.10002923298344131,0.06631773444462254,62206,Linear,25
-0.4247604617266916,-0.3460735932269914,0.39652448657187994,0.019430324927912062,-0.00990444293381345,0.0017275108312625439,1.0935143561891891,1.9847451197760515,2.9847451197760515,-0.003227967768907547,1.3917622871904314,0.021745120227191717,1.2611281976659159,1.5177680208331208,0.09929490027203314,0.06534798062025259,854657,Linear,25
-0.43259064137237146,-0.3511739600136533,0.3949447077409163,0.019539346679695882,-0.01018107653945418,0.0015568473227693834,0.9854843553130195,1.679109210992682,2.679109210992682,-0.003227967768907547,1.2915624659599416,0.021917850140910963,1.127582537209545,1.3570457935949565,0.09995759949515914,0.06545060032289485,791430,Linear,25
-0.48667707602726296,-0.38533450887824794,0.3854660347551343,0.019111067753955036,-0.009774814758370748,0.0013597118340581494,0.8606975909588073,1.3648097883698216,2.3648097883698216,-0.003227967768907547,1.2013173038521927,0.021302219454834775,1.0132632541665711,1.2194625151555982,0.09784489762890589,0.06393666400899456,774566,Linear,25
-0.38059297896688804,-0.31654398601227385,0.3933649289099526,0.01927754525424834,-0.009932024600151598,0.0015579957691147289,0.9862113218496233,1.681057541836839,2.681057541836839,-0.003227967768907547,1.240291770091062,0.021602634061062536,1.1448796485975286,1.3778628703727642,0.09968182571151092,0.06439876019880875,721176,Linear,25
-0.43122907675569877,-0.3502899397464445,0.3949447077409163,0.01932350607693661,-0.009883315231206037,0.001651764274379527,1.0455667856822402,1.8450105780253914,2.8450105780253914,-0.003227967768907547,1.3502833317124896,0.02171759581905648,1.2073594695066427,1.453057346476577,0.0990498210580826,0.0640443934063742,630381,Linear,25
-0.43209838442271575,-0.35085449226269316,0.3981042654028436,0.01952667601532691,-0.010115884353576576,0.00168494536674519,1.0665704171497055,1.9053980902610421,2.905398090261042,-0.003227967768907547,1.3526114384385437,0.02191011699506392,1.2207912210078882,1.4692224619105974,0.09925985924537795,0.06491346731962257,992932,Linear,25
-0.43940914719132707,-0.3555829357476049,0.3949447077409163,0.019447434207075277,-0.00974809492997549,0.0017825247923984305,1.1283381935882062,2.0905163904206354,3.0905163904206354,-0.003227967768907547,1.4386436140721344,0.021682958942143005,1.3050204040170104,1.5705922993535724,0.10103553688129133,0.06618251678203536,735474,Linear,25
-0.45764721831073985,-0.367229333258991,0.39652448657187994,0.019359197386167572,-0.009991706385425892,0.0016466456630258612,1.0423267046953697,1.8358074308664647,2.8358074308664647,-0.003227967768907547,1.3708701962987107,0.02175633595103775,1.201474806680862,1.4459751536694652,0.0986722225623438,0.06550425211763727,109195,Linear,25
-0.40729031612863764,-0.3345490288941757,0.39968404423380727,0.019420659466919933,-0.010083530579691127,0.0017088234199812242,1.0816852248481155,1.949646181984206,2.949646181984206,-0.003227967768907547,1.3598718142693542,0.021831742954145184,1.242536195105241,1.4953925422877468,0.0995119327691739,0.06401515459759922,451955,Linear,25
-0.40068912657443434,-0.3301417301920503,0.3981042654028436,0.01936335575183399,-0.009850149824864528,0.00177987135258891,1.1266585661887802,2.085329831375588,3.085329831375588,-0.003227967768907547,1.4032917586246185,0.021709613619959885,1.301477874385251,1.566328864281794,0.09871516697997135,0.06428663078651636,818174,Linear,25
-0.4730440530111082,-0.37689737897365416,0.3933649289099526,0.019681224070936365,-0.009909508398678213,0.0017304479756251523,1.0953735685707215,1.9902995566974178,2.9902995566974178,-0.003227967768907547,1.4223602584479522,0.021779160342620157,1.2612979366187578,1.5179723016944877,0.09721358852752073,0.06513730033631253,493384,Linear,25
-0.40913290198659524,-0.33577405049237163,0.39178515007898895,0.019389858380295225,-0.009718743270593234,0.0016855745957896073,1.0669687191348203,1.906555546581215,2.906555546581215,-0.003227967768907547,1.3495890903959662,0.02164015843073747,1.2364820371295802,1.4881063620361783,0.10111428347082249,0.06600675274546736,849954,Linear,25
-0.3991511486819945,-0.32911071034237915,0.39652448657187994,0.019399724278410718,-0.009945572773747947,0.0016905560731585705,1.0701219943093747,1.9157351813807741,2.915735181380774,-0.003227967768907547,1.34276061226592,0.02176999713257925,1.232739973206667,1.4836027874078237,0.09854526615892414,0.06332979313495479,399039,Linear,25
-0.44208013772731647,-0.3573018709756559,0.3902053712480253,0.019419545321188007,-0.009883500250540106,0.0015507055254738661,0.9815965976249572,1.6687137042598068,2.668713704259807,-0.003227967768907547,1.2971642046268244,0.021717072381138434,1.1335177518662893,1.3641888255400505,0.10016825788609157,0.06459439527046654,34582,Linear,25
-0.4138217325671576,-0.33888120328770843,0.3981042654028436,0.01924128437230903,-0.009948330193509864,0.0016721798706076105,1.0584898580946174,1.8820154490522287,2.8820154490522287,-0.003227967768907547,1.343207863954376,0.021619001397238182,1.2278565518464017,1.4777255888909862,0.09645890595880921,0.06242632340620576,365448,Linear,25
-0.38658057275461033,-0.3206240160251116,0.3981042654028436,0.019617599768458775,-0.009815489068060214,0.0019019491417388151,1.20393380672067,2.333203343850436,3.333203343850436,-0.003227967768907547,1.464001848749831,0.02175863077373692,1.3876105958121587,1.669989610565194,0.09998900861628875,0.06574913896912475,323938,Linear,25
-0.33650814939755946,-0.28573993723677893,0.41455696202531644,0.019110936895883748,-0.010892793969494075,0.0015454615474821739,0.9767316980087344,1.6557622093892008,2.655762209389201,-0.03541376069188118,1.1216337630849011,0.02202407704225829,1.1139373262104084,1.3406237796154576,0.09198166351612418,0.05702833932884895,583418,Linear,28
-0.3484870494576171,-0.29424494512450483,0.41455696202531644,0.019184886164188328,-0.010735451855209643,0.0016682325768825534,1.0543229885897745,1.8700314519807004,2.8700314519807004,-0.03541376069188118,1.2152226204143517,0.021975074326331556,1.205109515054229,1.4503495258739412,0.09303082116420262,0.058802369886916304,556138,Linear,28
-0.33650814939755946,-0.28573993723677893,0.4272151898734177,0.018810116805360412,-0.010992220306157954,0.00173979080161097,1.0995477866181318,2.0028078069941375,3.0028078069941375,-0.03541376069188118,1.2444498516942986,0.0219784425531868,1.256609639159235,1.5123299348285444,0.09278143172048708,0.05919098426061872,148777,Linear,28
-0.34798911039251834,-0.2938934346041444,0.4208860759493671,0.018873038390542808,-0.010774686476181329,0.0017036281038006655,1.0766929616020207,1.9349574672331413,2.9349574672331413,-0.03541376069188118,1.2675278099577554,0.021904159715782356,1.2346630998904133,1.4859172707299817,0.091923850918802,0.058637416752145975,74217,Linear,28
-0.40878015680937096,-0.3355397066626977,0.41455696202531644,0.01876998091923457,-0.010768952779840588,0.0014766178359152523,0.9332224722984392,1.542689736966679,2.542689736966679,-0.03541376069188118,1.1544152114747703,0.021744902597803085,1.0779805219386476,1.2973497589758118,0.09253548437481782,0.06037284732593855,657743,Linear,28
-0.3261186667950824,-0.27828046179459043,0.4224683544303797,0.019336393661535438,-0.01091493590810549,0.0018652935145118,1.1788655011714582,2.2506842127094027,3.2506842127094027,-0.03541376069188118,1.3181395289811917,0.02214194327597906,1.3373088441321521,1.6094514430473288,0.092466864465368,0.05952607205514207,39718,Linear,28
-0.40033728088019416,-0.3299060019765202,0.4177215189873418,0.019081263094311438,-0.010921786455795605,0.00161113297652759,1.0182360411654372,1.7683072744928618,2.768307274492862,-0.03541376069188118,1.2269672377242387,0.022042129913654663,1.1603208587315246,1.3964463696456528,0.09224922903396467,0.058454732343811,744470,Linear,28
-0.3261186667950824,-0.27828046179459043,0.4161392405063291,0.01915048223259742,-0.01082606142017416,0.0016483546884950252,1.0417601631288562,1.8342012830999472,2.8342012830999472,-0.03541376069188118,1.210724567887155,0.022029309399180193,1.1878184193139005,1.4295396889292071,0.09242593913543844,0.057608147220720315,172776,Linear,28
-0.31985384703148156,-0.27374482633305375,0.4161392405063291,0.019057189486655246,-0.010638586066018366,0.001718991418717646,1.0864025766295526,1.963593572163616,2.963593572163616,-0.03541376069188118,1.2186690060279943,0.021891576228434833,1.246513385511344,1.5001790916824234,0.09374336008510432,0.059753060878925436,245023,Linear,28
-0.31985384703148156,-0.27374482633305375,0.4240506329113924,0.01906540256546143,-0.010958581601943688,0.0017731078867660776,1.1206041844361607,2.0667065000098104,3.0667065000098104,-0.03541376069188118,1.2339199740763434,0.022065446881228367,1.2756240672545562,1.5352138025835613,0.09182213456336734,0.05850578700281485,554567,Linear,28
-0.36204535712022334,-0.3037492128050876,0.4177215189873418,0.018829213069914134,-0.010803999350860462,0.001574431154020066,0.9950404893406812,1.7048338560018297,2.7048338560018297,-0.03541376069188118,1.1694984288278647,0.021900720001889744,1.1412099573630714,1.3734463962884491,0.0887300840674601,0.05743501773460114,368312,Linear,28
-0.34798911039251834,-0.2938934346041444,0.4177215189873418,0.019041909543871458,-0.010798637098851625,0.0016664013721592822,1.0531656672046665,1.8667118245138434,2.8667118245138434,-0.03541376069188118,1.213567359964145,0.021966716458973475,1.2042446917502438,1.4493087108664828,0.09506784214182842,0.060381451509625414,931208,Linear,28
-0.31375841284170747,-0.2693044665046307,0.4208860759493671,0.018985184638225298,-0.010986091442527006,0.001628401338295958,1.0291496458030451,1.7986849490521157,2.7986849490521157,-0.03541376069188118,1.1560634196594037,0.02201624363984019,1.1741362549075982,1.4130732015173,0.09113527460209311,0.056381124075276054,130952,Linear,28
-0.35799723910167813,-0.30092499492113034,0.4161392405063291,0.019026578884277875,-0.010655662481573328,0.0016962828969375376,1.0720507908645232,1.9213644684839335,2.9213644684839335,-0.03541376069188118,1.2398694163512118,0.021891943536312856,1.230025837879028,1.4803363250353796,0.0920219745337602,0.05820326200290754,64113,Linear,28
-0.3588765320600942,-0.3015394164826376,0.41930379746835444,0.018918359413620016,-0.010713400793499058,0.0017113087870176437,1.0815471533951495,1.9492389481644534,2.9492389481644534,-0.03541376069188118,1.2528362678222038,0.021889335241221216,1.241069429562727,1.4936272896840797,0.09275189811873828,0.059033637034079885,15792,Linear,28
-0.39082709123613313,-0.3235028817924255,0.4177215189873418,0.018939197518965088,-0.010656757697545247,0.0017061096713767918,1.0782613123101328,1.939564121335509,2.939564121335509,-0.03541376069188118,1.281500985913226,0.02186811708487858,1.2384994690703675,1.4905343417527537,0.09037073387165202,0.05885389991518462,286049,Linear,28
-0.39082709123613313,-0.3235028817924255,0.41930379746835444,0.019144700070895818,-0.0107933442582787,0.0017597914177201095,1.1121881759991084,2.0410053743758505,3.0410053743758505,-0.03541376069188118,1.3154278496022016,0.02201836924609649,1.2687507594937688,1.526941775412989,0.09383915712165583,0.06028119613174916,281015,Linear,28
-0.3146377058001235,-0.2699466795538956,0.4208860759493671,0.019014336120186697,-0.010786277142820249,0.0017563860343314096,1.1100359736974497,2.0344675534899266,3.0344675534899266,-0.03541376069188118,1.2330675951761805,0.021936239602663776,1.2710366235706794,1.5296928132553964,0.09312323026598276,0.06127918636557284,140200,Linear,28
-0.36872597609180957,-0.3083850964948698,0.4129746835443038,0.01914028119040703,-0.0106441171252334,0.0016560853437257005,1.0466459372346435,1.8480824328075842,2.848082432807584,-0.03541376069188118,1.2582176512896694,0.021906700167930084,1.2000684546214244,1.4442826087039353,0.09198737447623526,0.05883521790309103,342820,Linear,28
-0.3261186667950824,-0.27828046179459043,0.4177215189873418,0.019124850571229632,-0.010777531893732767,0.001713336730871779,1.0828288139109645,1.9530212946003047,2.9530212946003047,-0.03541376069188118,1.221360063073007,0.021989914981638436,1.236856869828983,1.4885574732597393,0.0923524937585636,0.059890680280988866,433908,Linear,28
-0.3261186667950824,-0.27828046179459043,0.41455696202531644,0.018855707187166452,-0.010714181283278654,0.0015442218484565005,0.9759482082245086,1.6536822617440765,2.6536822617440765,-0.03541376069188118,1.1449126129828073,0.021875751468836135,1.1205906190556318,1.3486310187941608,0.09092207203128087,0.05661895131828929,715797,Linear,28
-0.36676355928648263,-0.3070265271817877,0.4177215189873418,0.01888358648196145,-0.01087191606986044,0.0015575976543183243,0.984401717529181,1.6762102756654453,2.6762102756654453,-0.03541376069188118,1.1635778591826238,0.021933230102573163,1.1273349205980476,1.3567477869568896,0.09010791747533108,0.055654046785272554,39533,Linear,28
-0.37035749305505306,-0.3095125579556268,0.41139240506329117,0.019065276455008783,-0.010646846794804909,0.0015764950484728766,0.9963448706348572,1.7083642927046898,2.70836429270469,-0.03541376069188118,1.1750962793685176,0.021907896655768245,1.1423316186638321,1.3747963158728749,0.09428624400826689,0.060319320746759476,249469,Linear,28
-0.3484870494576171,-0.29424494512450483,0.4177215189873418,0.01896868971799091,-0.01077064622924077,0.001652114356311703,1.0441362731889967,1.8409436644290031,2.840943664429003,-0.03541376069188118,1.2010172383252211,0.021924454312128142,1.1962214416864176,1.4396527279199745,0.09341113739698047,0.060414489673505926,214814,Linear,28
-0.34798911039251834,-0.2938934346041444,0.4177215189873418,0.01883400968588169,-0.010914349783982525,0.0015121801211506296,0.9556978365671966,1.6004846631705307,2.6004846631705307,-0.03541376069188118,1.116099529326675,0.0218311791268061,1.099579417546215,1.323344033863291,0.09139835784786697,0.05887956985546588,45994,Linear,28
-0.40748139360221103,-0.33467616943728784,0.4129746835443038,0.019144166618232327,-0.010823769566802534,0.0015522293956881286,0.9810089780748967,1.6671459765724994,2.6671459765724994,-0.03541376069188118,1.201645732691759,0.022007436887829405,1.119661407090806,1.3475127120213852,0.09393553999141792,0.05881582283710075,481556,Linear,28
-0.4108621318009682,-0.33692165728383305,0.41455696202531644,0.019013104015225473,-0.010884933591861792,0.0015095060490509663,0.9540078230002109,1.5960935203996085,2.5960935203996085,-0.03541376069188118,1.1772825371681392,0.021990553966304005,1.0896799456137847,1.3114300175483864,0.09178308653469484,0.05751416671713503,655870,Linear,28
-0.37874245934654027,-0.3152780663053708,0.4129746835443038,0.01896944768295063,-0.010497434489041117,0.0016716418509744617,1.0564776498158608,1.8762220644091876,2.8762220644091876,-0.03541376069188118,1.2476326915293612,0.021792745060559733,1.217675498856827,1.465472689721351,0.0900545667296275,0.05878696792274755,17708,Linear,28
-0.33650814939755946,-0.28573993723677893,0.4272151898734177,0.018711611816521596,-0.011034617188007103,0.0016734236841807922,1.0576037684022594,1.8794628559498405,2.8794628559498405,-0.03541376069188118,1.206524500166779,0.02195920554293976,1.2097330837575868,1.4559139916697814,0.09129961983590595,0.05790829537430528,594576,Linear,28
-0.34760775649920106,-0.29362410676498785,0.4177215189873418,0.01894155896849098,-0.010770021146344256,0.001641145230738818,1.0372037858269323,1.8213169678956946,2.8213169678956946,-0.03541376069188118,1.1972241246930935,0.02193120744760391,1.1879132937614028,1.4296538703444506,0.09054244350255444,0.05888684300521223,408144,Linear,28
-0.39600043260725215,-0.32699359521012794,0.4208860759493671,0.019031103105630894,-0.010807642988378366,0.0017510697663786967,1.1066760923513357,2.0242892111479587,3.0242892111479587,-0.03541376069188118,1.3415035962334514,0.021981365285811277,1.264588000769675,1.52193189451304,0.09267097498375089,0.06046093325064443,414029,Linear,28
-0.33650814939755946,-0.28573993723677893,0.41930379746835444,0.01902958180377576,-0.010826765730008901,0.0016921141694419472,1.0694161550873105,1.9136778672805095,2.9136778672805095,-0.03541376069188118,1.2487700424480863,0.021978343342652463,1.2221794552414262,1.470893202069282,0.09315260817224973,0.062050140238686706,250928,Linear,28
-0.3972991958144121,-0.3278671038036557,0.41930379746835444,0.018973132268578375,-0.010962557594843768,0.0015895908447240616,1.0046214138656069,1.73087320636595,2.73087320636595,-0.03541376069188118,1.2421751516612858,0.022028143971189344,1.14553329603771,1.3786495351887942,0.0912242706079687,0.05643194104964765,723037,Linear,28
-0.4012165738386102,-0.33049495194273415,0.4161392405063291,0.018995876821066064,-0.010888979812572875,0.0015472817295901645,0.9778820531009842,1.6588190368519995,2.6588190368519995,-0.03541376069188118,1.1915112093065545,0.021987504684185505,1.1171042981318036,1.3444352309128484,0.09315059202684697,0.05873325119586268,62206,Linear,28
-0.34798911039251834,-0.2938934346041444,0.4224683544303797,0.018871228636612187,-0.010840062772246573,0.001712017617255466,1.0819951341054548,1.9505604463040491,2.950560446304049,-0.03541376069188118,1.2728299824611895,0.0219152099812031,1.2401175784227632,1.492481736659808,0.09226415199046822,0.05808004628955749,854657,Linear,28
-0.34798911039251834,-0.2938934346041444,0.4208860759493671,0.019034899319994747,-0.010812379400773809,0.001749924617777514,1.1059523584353883,2.0221012223305785,3.0221012223305785,-0.03541376069188118,1.2474034114366077,0.021958921025231146,1.2650526899102024,1.5224911479802339,0.09322422642182647,0.059950291586753135,791430,Linear,28
-0.34798911039251834,-0.2938934346041444,0.4098101265822785,0.019009793228038287,-0.010610201263144802,0.0015283724286533308,0.9659313749089051,1.6272334566406705,2.6272334566406705,-0.03541376069188118,1.1567662232646398,0.021857909014199497,1.1099945619531022,1.3358786620972714,0.0923515500884603,0.057748951596855676,774566,Linear,28
-0.33133480802644044,-0.2820352515650354,0.4161392405063291,0.01878932786321076,-0.010757845564330144,0.001537892744915518,0.9719482147866074,1.6430887512217427,2.6430887512217427,-0.03541376069188118,1.115695605180008,0.02174042696749293,1.1229443889637198,1.351463781317041,0.09311573647412137,0.05899603532526048,721176,Linear,28
-0.33133480802644044,-0.2820352515650354,0.4129746835443038,0.019084827464619845,-0.010682795704220635,0.0016104790537973483,1.0178227619999234,1.7671634271529912,2.7671634271529912,-0.03541376069188118,1.161570152393324,0.02191930570858708,1.1663490964562275,1.4037013548703647,0.09247990895339893,0.05835295578428845,630381,Linear,28
-0.33650814939755946,-0.28573993723677893,0.4208860759493671,0.018951590274919272,-0.010875306620261252,0.00167841897169764,1.0607607901129086,1.8885677473087212,2.8885677473087212,-0.03541376069188118,1.2104243005251192,0.0219495494791772,1.2138779975682241,1.4609023962130612,0.09249213991411204,0.05963526437519033,992932,Linear,28
-0.35799723910167813,-0.30092499492113034,0.41930379746835444,0.018806876543083422,-0.010723999664064315,0.0016584088721606069,1.048114407205503,1.8522678286466308,2.8522678286466308,-0.03541376069188118,1.2449387175820448,0.021864344261653804,1.204080230888623,1.4491107821888836,0.09373586370374,0.06084564959637822,735474,Linear,28
-0.39082709123613313,-0.3235028817924255,0.4177215189873418,0.01914746951616976,-0.010846523219791616,0.0016826129863694661,1.0634114073855017,1.8962343910532855,2.8962343910532855,-0.03541376069188118,1.2640598850066453,0.02204943444036775,1.2113985581102478,1.4579183903634787,0.09253635000503328,0.058342497660470165,109195,Linear,28
-0.3146377058001235,-0.2699466795538956,0.41930379746835444,0.018951946911226324,-0.010848707904299423,0.001646819826894126,1.0407901305970881,1.8314533486621367,2.8314533486621367,-0.03541376069188118,1.198273574360428,0.02194044756421091,1.1915187336103912,1.4339930178743845,0.09213827499669468,0.05769418905758899,451955,Linear,28
-0.3422222296940163,-0.2898096382156582,0.4224683544303797,0.018977296754041136,-0.010835718730047357,0.0017593368621229392,1.1119008968616981,2.040131882449051,3.040131882449051,-0.03541376069188118,1.2665357089226745,0.021983408763872572,1.2704402286916447,1.5289750519073726,0.09164463071331667,0.0564291363709873,818174,Linear,28
-0.36872597609180957,-0.3083850964948698,0.41139240506329117,0.0190554718061601,-0.010623906130120068,0.0015859645398686095,1.002329589196961,1.7246216902104474,2.7246216902104474,-0.03541376069188118,1.214644081899678,0.021850709080081476,1.152200895251774,1.3866739920850624,0.0925979409067411,0.05806473939924163,493384,Linear,28
-0.3588765320600942,-0.3015394164826376,0.4161392405063291,0.01906893430711496,-0.010644442884893772,0.0017204593326668252,1.0873302982454334,1.9663442377098557,2.9663442377098557,-0.03541376069188118,1.2546007459841348,0.02190275968252249,1.2469408241744442,1.5006935141930944,0.09391500054523672,0.060581296748407676,849954,Linear,28
-0.3588765320600942,-0.3015394164826376,0.4177215189873418,0.018998625600502375,-0.010992720243309675,0.0015353102990421945,0.9703161089946661,1.6387784691372365,2.6387784691372365,-0.03541376069188118,1.1720383790179767,0.022054182872330984,1.1051098814487674,1.3299999482003118,0.09131188915567952,0.05784540402061619,399039,Linear,28
-0.33650814939755946,-0.28573993723677893,0.4177215189873418,0.01913283846145284,-0.010795570576919012,0.0017061699074641667,1.078299381517354,1.9396760303413147,2.9396760303413147,-0.03541376069188118,1.25765326887813,0.02197644797603856,1.2324379102102676,1.4832392545353839,0.09295038731751057,0.05953210924480081,34582,Linear,28
-0.39032915217103437,-0.32316594356945305,0.41930379746835444,0.018989947306888424,-0.010876352022068245,0.0016467007028898523,1.040714844226386,1.8312401868398944,2.8312401868398944,-0.03541376069188118,1.2712985383786872,0.022002543247855322,1.1880700774970132,1.429842559599466,0.09001228256730232,0.055095678047228695,365448,Linear,28
-0.3370060884626582,-0.28609550669136097,0.4240506329113924,0.018882931959850073,-0.01083520246812031,0.0017667912450063722,1.1166120668440271,2.054488251610252,3.054488251610252,-0.03541376069188118,1.2660307376736455,0.02194008735315019,1.278342290332371,1.5384851845641032,0.09265992645892714,0.05967876066288913,323938,Linear,28
-0.42469101125607267,-0.3460281761531906,0.4161392405063291,0.018944226223497364,-0.01077191459850485,0.0015941376739422733,1.0074950099315174,1.7387319188430812,2.738731918843081,-0.10131214465945959,1.1735703113754425,0.022041127165032724,1.148133253604582,1.3817785846048845,0.09974480833983491,0.08044445885341504,583418,Linear,31
-0.46667342545697466,-0.37291515307625256,0.41930379746835444,0.01900951903673627,-0.010755040148649279,0.0017253525477544714,1.0904228101808258,1.9755318918121652,2.975531891812165,-0.10131214465945959,1.2984805258256529,0.02205317240000848,1.241958394684731,1.4946971593740217,0.10066529478218632,0.08248327009179095,556138,Linear,31
-0.42469101125607267,-0.3460281761531906,0.4208860759493671,0.018871471790432286,-0.01092038168047762,0.0016185946221521832,1.022951801200179,1.7813927770968712,2.781392777096871,-0.10131214465945959,1.1890271026441042,0.02206466545091389,1.164504085457737,1.4014808837899646,0.10050417371851414,0.08266381533843581,148777,Linear,31
-0.43681411730358377,-0.35390848251728135,0.4161392405063291,0.019107263270172842,-0.01071059293310573,0.0016977871008535496,1.0730014477394434,1.9241430042078314,2.9241430042078314,-0.10131214465945959,1.2511998552308796,0.022058401641245774,1.221826274010525,1.4704681483920965,0.09973259518893245,0.0822862770685955,74217,Linear,31
-0.45455031940946355,-0.36526666895856674,0.4161392405063291,0.018664166388392252,-0.010631745608579605,0.0015594329597805193,0.9855616305812873,1.6793162478749926,2.6793162478749926,-0.10131214465945959,1.1814962401786033,0.021790973768476427,1.1360314160421612,1.3672140208439962,0.10030504109394714,0.08316124173677492,657743,Linear,31
-0.42469101125607267,-0.3460281761531906,0.41930379746835444,0.01886860217310418,-0.010810535483793075,0.0016340396413299825,1.032713053320549,1.8086755938363983,2.8086755938363983,-0.10131214465945959,1.2019273828573205,0.02201594053274588,1.1782178963328915,1.4179854577330309,0.10091225006701715,0.08123480779251918,39718,Linear,31
-0.46667342545697466,-0.37291515307625256,0.41930379746835444,0.018980027753244734,-0.010887856303362075,0.0016358609039176797,1.033864091275973,1.8119103473542735,2.8119103473542735,-0.0855108005926013,1.2450608350136463,0.02210471900689285,1.1747937976257181,1.4138645543010544,0.09998497404379186,0.08154004239723396,744470,Linear,31
-0.4464344988227822,-0.3600943266125295,0.41455696202531644,0.018785612142683924,-0.010593069957645343,0.0015860672421747005,1.0023944970544107,1.7247985453063004,2.7247985453063004,-0.10131214465945959,1.1933523141578917,0.021824001023605148,1.1536856548571897,1.3884609005467836,0.1001100300099721,0.08257553926602415,172776,Linear,31
-0.4343113927752711,-0.3522894683007223,0.41930379746835444,0.018905242958176388,-0.010686241596536824,0.0017215802499805834,1.0880387179877289,1.9684463990486756,2.9684463990486756,-0.10131214465945959,1.2668734290436987,0.02201102975947444,1.2416156590388778,1.4942846769603872,0.10127224012726459,0.08437519222744631,245023,Linear,31
-0.42469101125607267,-0.3460281761531906,0.41930379746835444,0.018907884130131385,-0.010793951615014223,0.0016601409047066413,1.0492090517745964,1.855391757618864,2.855391757618864,-0.10131214465945959,1.2184233813113678,0.02201906007854899,1.1968685201395743,1.4404314869588963,0.09930188171189266,0.08287050589462641,554567,Linear,31
-0.44739059457788244,-0.3607058453287121,0.4208860759493671,0.01890430067573093,-0.010987460410930405,0.0015935656160504727,1.0071334693438985,1.7377419350662535,2.7377419350662535,-0.1371533451601863,1.190609576393399,0.02210461585540448,1.1444247696081504,1.377315423424306,0.09686062217553501,0.07992055438704508,368312,Linear,31
-0.42469101125607267,-0.3460281761531906,0.4224683544303797,0.01886699034982624,-0.010936910819160801,0.0016542942633068266,1.0455139744099142,1.8448603333643256,2.8448603333643256,-0.11713911686092615,1.2147283039466856,0.022080335474922275,1.1893436730619442,1.4313753320991252,0.10189775355835591,0.08431586614324074,931208,Linear,31
-0.43681411730358377,-0.35390848251728135,0.41930379746835444,0.018785898400171887,-0.010826899906042391,0.0015898588774177092,1.004790810527993,1.7313358463562372,2.731335846356237,-0.09602522663772106,1.1803980220374797,0.02202440818450642,1.145920791359466,1.379115885880716,0.10017365731148634,0.0798635576122354,130952,Linear,31
-0.4343113927752711,-0.3522894683007223,0.4177215189873418,0.019006210086941297,-0.010801813056485551,0.0016496396489965506,1.0425722581658192,1.8365038587242797,2.8365038587242797,-0.1503609037026763,1.2156767451469932,0.02209051151146946,1.1854509376618123,1.4266904243198684,0.09994970632181763,0.08187037649911262,64113,Linear,31
-0.4343113927752711,-0.3522894683007223,0.4224683544303797,0.018946865456238082,-0.010834198084009823,0.0017473588230252895,1.1043307761519827,2.0172046077345103,3.0172046077345103,-0.10133777279406786,1.2800264591151063,0.022083002441356418,1.2561000912434281,1.5117166938169444,0.10052874992513615,0.08312406786029353,15792,Linear,31
-0.44739059457788244,-0.3607058453287121,0.4177215189873418,0.018967180325434485,-0.01076302205022666,0.0016559232459355897,1.0465434914312937,1.847790673659754,2.847790673659754,-0.10131214465945959,1.2358662083079253,0.022063325392559625,1.1914326660206545,1.4338894355141023,0.09832786443934799,0.08216591357083225,286049,Linear,31
-0.4439738421351649,-0.35851779958744767,0.4177215189873418,0.018963557273364684,-0.010736540696336266,0.0016698293416400794,1.0553321439165302,1.872929221412229,2.872929221412229,-0.10131214465945959,1.2406902762395475,0.022045356575043078,1.202417340320946,1.4471094930808959,0.10128357273342385,0.08369256196367056,281015,Linear,31
-0.42469101125607267,-0.3460281761531906,0.4208860759493671,0.018913948192012572,-0.01089206557000202,0.0016528706019851335,1.044614220454605,1.8423018102203437,2.8423018102203437,-0.10131214465945959,1.2138285499913763,0.022065734098092413,1.1891064787009302,1.4310898686414566,0.10079804276867708,0.08444012766897262,140200,Linear,31
-0.456096948182676,-0.3662476070226165,0.41139240506329117,0.019089852170985137,-0.010634732719296075,0.0015937357482246764,1.0072409928779962,1.7380363225810687,2.7380363225810687,-0.10131214465945959,1.207861259341371,0.02199850077783637,1.1500679490679357,1.3841069909554553,0.10020682749316594,0.08156252736344329,342820,Linear,31
-0.42469101125607267,-0.3460281761531906,0.41930379746835444,0.01899383829792364,-0.01069875776052169,0.00175146052347833,1.1069230508383043,2.0250361772667143,3.0250361772667143,-0.10131214465945959,1.2761373803750757,0.022042718951618894,1.2613495603083031,1.5180344308144729,0.09997919768373693,0.08420553293695776,433908,Linear,31
-0.46667342545697466,-0.37291515307625256,0.4161392405063291,0.018759196539614845,-0.010775486002260335,0.00151505435931114,0.9575143550846406,1.6052127847756026,2.6052127847756026,-0.0855108005926013,1.157134264920387,0.021886157936112646,1.098901982481136,1.322528740636265,0.09876116696745253,0.08192190652738093,715797,Linear,31
-0.43681411730358377,-0.35390848251728135,0.4240506329113924,0.018844431082443543,-0.010869828796060844,0.0017305219119125356,1.0936898483287223,1.9852689650471014,2.9852689650471014,-0.09647684823721647,1.2718882558201585,0.022066060547622657,1.2449518863742643,1.4982998271800483,0.0978953234022163,0.07912930224633843,39533,Linear,31
-0.4343113927752711,-0.3522894683007223,0.4161392405063291,0.019036874086985598,-0.0107832466716301,0.0016260757326672544,1.0276798630457051,1.7945745116357599,2.79457451163576,-0.11713911686092615,1.200784350026879,0.02209696029057766,1.1681766030314664,1.4059007593741204,0.10185419559977958,0.0840513231475644,249469,Linear,31
-0.43526748853037134,-0.35290844564265755,0.4129746835443038,0.018791351393775094,-0.010675160072291372,0.0014937631755620254,0.9440583269552008,1.5703917699411511,2.570391769941151,-0.10131214465945959,1.1238491337662708,0.021832722596625692,1.08611077597094,1.3071345212183034,0.10118459402303119,0.08358066003881486,214814,Linear,31
-0.46667342545697466,-0.37291515307625256,0.4161392405063291,0.018783616511586755,-0.010772894756202762,0.0015267293947919258,0.964892977508498,1.6245067601912937,2.6245067601912937,-0.0855108005926013,1.1645128873442445,0.02189266581733117,1.1070409601869138,1.3323240018214215,0.0993323336616849,0.08245798044692126,45994,Linear,31
-0.45455031940946355,-0.36526666895856674,0.4208860759493671,0.018862880555881343,-0.01082778649333456,0.0016686018533290962,1.0545563713039883,1.8707013458786301,2.87070134587863,-0.11713911686092615,1.251038813012201,0.022041284589063567,1.2017554212645343,1.4463128733731918,0.10170956560887105,0.08255619173696031,481556,Linear,31
-0.44739059457788244,-0.3607058453287121,0.4177215189873418,0.018835082204366863,-0.010780051770280885,0.0015908269786226049,1.0054026504894864,1.733007498114823,2.733007498114823,-0.10131214465945959,1.194725367366118,0.02200452334532669,1.1476547339785672,1.3812026861458295,0.10031673889702034,0.08066930851550831,655870,Linear,31
-0.4403646567952819,-0.35619838835918427,0.41930379746835444,0.01898744435550399,-0.010845411397245793,0.0016636183092078342,1.0514067714193516,1.86167400896306,2.86167400896306,-0.10131214465945959,1.2278569406862516,0.022083939225916956,1.1958519567556711,1.4392080527369877,0.09782649206934477,0.08115565880998529,17708,Linear,31
-0.42469101125607267,-0.3460281761531906,0.42563291139240506,0.01885976142390219,-0.010918414291705685,0.0017561573340831105,1.1098914351405256,2.034028987624314,3.034028987624314,-0.10131214465945959,1.2759667365844507,0.022088782381996137,1.2620946203553118,1.5189311107198489,0.09867584172651267,0.08130849002851169,594576,Linear,31
-0.46667342545697466,-0.37291515307625256,0.4208860759493671,0.01898148896993677,-0.010904754140475965,0.0016739494471344598,1.057936050588978,1.880419809144636,2.880419809144636,-0.0855108005926013,1.2575559604247246,0.02210110894502547,1.2023434540126168,1.447020570895057,0.09826189519902916,0.08226873594273663,408144,Linear,31
-0.42469101125607267,-0.3460281761531906,0.4161392405063291,0.019116026125885918,-0.010712614535331955,0.001700253334763457,1.0745601075705054,1.9287043022813708,2.928704302281371,-0.08813021425157785,1.2437744371072768,0.022073088157331264,1.2227869859066176,1.4716243653380199,0.10028220060920838,0.08522367882759488,414029,Linear,31
-0.42469101125607267,-0.3460281761531906,0.4177215189873418,0.018906780787140386,-0.010748877954320644,0.0016389288617326987,1.0358030406150647,1.817367788204745,2.817367788204745,-0.08813021425157785,1.2018783420589898,0.022017578907162213,1.1816553135895447,1.4221223900417874,0.09972383469997162,0.08374328386418928,250928,Linear,31
-0.45455031940946355,-0.36526666895856674,0.4177215189873418,0.01883980008433079,-0.010756504795307117,0.0016065086354277048,1.0153134575903096,1.7602284763533138,2.760228476353314,-0.10131214465945959,1.208656871205676,0.0219997869712302,1.1592173144161382,1.3951182538565,0.0990177774202048,0.08063256247136494,723037,Linear,31
-0.43526748853037134,-0.35290844564265755,0.4208860759493671,0.018933989072159017,-0.010824107796519248,0.0017006608222598961,1.0748176396682538,1.9294586347722675,2.9294586347722675,-0.10131214465945959,1.2520172504973743,0.022065022764728274,1.223527112973468,1.4725151084008563,0.10103552761019421,0.08324338554567495,62206,Linear,31
-0.42715166794368997,-0.3476353980734146,0.4224683544303797,0.018983707196002456,-0.010753627321721741,0.0018094554571269298,1.14357584890422,2.1379692307848766,3.1379692307848766,-0.10131214465945959,1.3152508351286087,0.02203898165755037,1.3033367573133143,1.568566030232019,0.1001199630557813,0.08245940655471466,854657,Linear,31
-0.42469101125607267,-0.3460281761531906,0.4161392405063291,0.018974712914822646,-0.010814905636048481,0.001581723602684282,0.9996493168964662,1.7173287400769248,2.717328740076925,-0.1303210472688079,1.1688636464332376,0.02204444922410353,1.1390206903336038,1.3708116130106347,0.09971403181627998,0.0830552343907986,791430,Linear,31
-0.45455031940946355,-0.36526666895856674,0.4177215189873418,0.019009418240977648,-0.010788867298777444,0.0016585178001075939,1.048183249668,1.8524641925466652,2.852464192546665,-0.11713911686092615,1.244117859265316,0.022079567628854546,1.1924216228738544,1.4350796452711667,0.1000135627009983,0.08129617796456198,774566,Linear,31
-0.41502856189617887,-0.33967857959621306,0.4177215189873418,0.018732484426105988,-0.010685831625951521,0.001602832041363641,1.012989850141821,1.7538222345840309,2.753822234584031,-0.10131214465945959,1.1694027022258524,0.021830450108584566,1.165535741249765,1.4027224817278627,0.10015408257663123,0.0827393990514862,721176,Linear,31
-0.4464344988227822,-0.3600943266125295,0.41455696202531644,0.018859649858640096,-0.010705294490238687,0.001551059021480049,0.9802693015753903,1.665173880819232,2.665173880819232,-0.10131214465945959,1.1627893128697906,0.021877984228574628,1.1254372606027139,1.3544639527989804,0.10006524476980312,0.0828397019662889,630381,Linear,31
-0.42469101125607267,-0.3460281761531906,0.41930379746835444,0.0189282046547511,-0.010873640452205145,0.0016223863727053067,1.0253481875497528,1.7880660614709618,2.788066061470962,-0.10131214465945959,1.191423488993678,0.022053783239695875,1.1678080334748726,1.4054571858440972,0.0985259081571898,0.08144853381382391,992932,Linear,31
-0.4044520846218802,-0.33265764215474436,0.42563291139240506,0.01873744698890509,-0.010762787209131609,0.0017934833593365434,1.1334814831006952,2.1064527585061352,3.1064527585061352,-0.0855108005926013,1.2767266619284783,0.02200643414024724,1.2937427987914472,1.557019699363643,0.10139977280726305,0.08326791459972148,735474,Linear,31
-0.4439738421351649,-0.35851779958744767,0.4177215189873418,0.018860702864582312,-0.010736540696336266,0.0016268648417689631,1.0281785799979843,1.7959685609082285,2.7959685609082285,-0.10131214465945959,1.2140845444318984,0.021998408309462994,1.1739794245523378,1.4128844561555274,0.10029904303701002,0.08219790592233094,109195,Linear,31
-0.42469101125607267,-0.3460281761531906,0.4224683544303797,0.01884030471669252,-0.010918930843957876,0.0016534044324561367,1.0449516013122775,1.8432609102247337,2.8432609102247337,-0.10131214465945959,1.208435706774253,0.02209565905233529,1.187879556214049,1.429613267199925,0.09968097555330008,0.08188292624769457,451955,Linear,31
-0.42469101125607267,-0.3460281761531906,0.41930379746835444,0.0188097539924542,-0.010830523647604551,0.001597757324888439,1.009782629329493,1.7450042667434733,2.7450042667434733,-0.10131214465945959,1.1764057628843148,0.022033173747890843,1.1511555944112597,1.3854159723287687,0.10066104939779269,0.08122411198406866,818174,Linear,31
-0.46667342545697466,-0.37291515307625256,0.4161392405063291,0.018910721716818048,-0.010822146622373791,0.0015508666263721795,0.9801477078672178,1.664849832145678,2.664849832145678,-0.10131214465945959,1.1856142275300954,0.022036573630673656,1.1171992920802574,1.3445495561475098,0.1002547270219331,0.08113445734079003,493384,Linear,31
-0.4343113927752711,-0.3522894683007223,0.4161392405063291,0.01908651255150839,-0.01076210088909317,0.00165907843824577,1.0485375729713269,1.853475066159453,2.853475066159453,-0.10133777279406786,1.2242332559344504,0.02210091071992661,1.1916727800334688,1.4341784127732566,0.10115874084055491,0.08406220910372073,849954,Linear,31
-0.42469101125607267,-0.3460281761531906,0.41455696202531644,0.01905089422651853,-0.010737441889161986,0.001611520234743544,1.0184807883579197,1.7689848928454346,2.7689848928454346,-0.10131214465945959,1.187695117894691,0.02204370630404656,1.160516761130273,1.396682138219042,0.09961435055938649,0.08062833168491118,399039,Linear,31
-0.43681411730358377,-0.35390848251728135,0.41930379746835444,0.018914690280315588,-0.010762199827975475,0.0016814328914820115,1.0626655874166318,1.8940751269211544,2.8940751269211544,-0.08813021425157785,1.240863994908068,0.02203303842379762,1.2114497850557155,1.4579800420018925,0.10062686425577774,0.08307886024324265,34582,Linear,31
-0.45455031940946355,-0.36526666895856674,0.4161392405063291,0.0186195545975905,-0.010675271773600387,0.0015154550232717705,0.9577675747077592,1.6058725593055105,2.6058725593055105,-0.10131214465945959,1.154250016415972,0.021792902767055592,1.103896206266356,1.3285392898921775,0.09799856611410845,0.08047326623084178,365448,Linear,31
-0.46667342545697466,-0.37291515307625256,0.4208860759493671,0.01888586615108976,-0.010805820093256677,0.001690997218446096,1.0687102420579322,1.9116217899018713,2.9116217899018713,-0.10131214465945959,1.2683301518936787,0.022040651036946256,1.21791995169582,1.4657668887586193,0.10030507633932363,0.08247480851888342,323938,Linear,31
-0.46130297950003296,-0.3695383684918828,0.4215530903328051,0.018213869378907708,-0.011308978673616665,0.0011364691583508205,0.7171120389193675,1.0485086465617628,2.048508646561763,-0.059856840349311824,0.9636699311031407,0.021929002305415425,0.8226953667514407,0.9901140271495968,0.07297804065425541,0.058503633353680494,583418,Linear,34
-0.5038108029402792,-0.3957763106122604,0.4120443740095087,0.01778847856963134,-0.011012987024926433,0.0008544948365395277,0.5391862418564415,0.7146110156441259,1.7146110156441259,-0.051113445251758094,0.828251957480461,0.021468001337334366,0.6318559791052523,0.7604387885649379,0.07244595530352542,0.05882589228995375,556138,Linear,34
-0.4659918100805953,-0.3724875766975321,0.4231378763866878,0.01794323915436259,-0.011367008458029767,0.0010352674730459204,0.6532537754919758,0.9217837197919088,1.9217837197919088,-0.04178380936900794,0.9060441118726885,0.021851981361939606,0.7520764992645905,0.9051242069732132,0.07122948566342428,0.057553764750498886,148777,Linear,34
-0.4774727710755542,-0.3796508231929222,0.41362916006339145,0.017727105658899695,-0.010941232085389021,0.0009168283761947426,0.5785187053788832,0.7833947401552306,1.7833947401552306,-0.06182480969982862,0.8412463891381776,0.021405754013786218,0.679919953329242,0.8182837904975996,0.07041173598171378,0.05863020607950295,74217,Linear,34
-0.4740827037021518,-0.37754422895783124,0.41679873217115687,0.01809262854589137,-0.010982915363866674,0.0011357344749072795,0.7166484536664939,1.0475592082526357,2.0475592082526357,-0.03502885618763685,0.9759860700523859,0.021809365487783377,0.8266735621511911,0.9949017860543153,0.07280766092795322,0.06026375845529689,657743,Linear,34
-0.4659918100805953,-0.3724875766975321,0.4215530903328051,0.018381017934291578,-0.011128480400313417,0.001311339816810083,0.8274554244071624,1.2874906355423055,2.2874906355423055,-0.04606908553796529,1.078702147171498,0.02204930584255811,0.9441056505860386,1.1362313263626944,0.072111279037726,0.057100777681932766,39718,Linear,34
-0.46130297950003296,-0.3695383684918828,0.41362916006339145,0.017815176601010067,-0.011056729842415292,0.0008855325692075592,0.5587710511699697,0.7485223348673591,1.748522334867359,-0.04618947574454069,0.8125917763045436,0.021491764424954426,0.654082813205672,0.7871887875455466,0.07059796163522655,0.058772875034986606,744470,Linear,34
-0.47278394049499184,-0.3767352811021717,0.4152139461172742,0.018044895981316266,-0.01092029256176775,0.0011064576732370233,0.698174791812562,1.010080541794205,2.010080541794205,-0.0367866306896758,0.9435990725705778,0.02173546911134055,0.808101768940504,0.9725506294654166,0.07241462215227884,0.0596486627710925,172776,Linear,34
-0.49103107873816043,-0.3880049463282411,0.4152139461172742,0.01814705484733563,-0.011028283328246942,0.001085723964942653,0.6850918218788138,0.9839539975573384,1.9839539975573384,-0.04332862718547403,0.9613778133007145,0.02181565418886366,0.7900443173969002,0.9508184831686719,0.07266523565835593,0.06061763669137939,245023,Linear,34
-0.4273824655683711,-0.34778594490037196,0.4231378763866878,0.018223665062608876,-0.011113873823213218,0.0012999500793454185,0.820268500066959,1.2711095487409008,2.2711095487409008,-0.05329695640648424,1.020291305898354,0.021874332976820534,0.9433918639872255,1.1353722840580478,0.0705738374625116,0.05915202005294084,554567,Linear,34
-0.49103107873816043,-0.3880049463282411,0.41679873217115687,0.018072761614780834,-0.011210475559432385,0.0009947405686469742,0.6276812988162419,0.8732620048621702,1.8732620048621702,-0.05481248063551902,0.9203130277401215,0.021835415968604256,0.7231837032418389,0.8703517215772408,0.06864845556863444,0.05722271736835719,368312,Linear,34
-0.47278394049499184,-0.3767352811021717,0.410459587955626,0.017929319303150604,-0.010907416103207416,0.000928898429671708,0.5861349091228476,0.7970292937133643,1.7970292937133643,-0.05919739039200067,0.8315591898808634,0.021656390826778896,0.6808985646243904,0.8194615493736211,0.07349824909958687,0.06019789287457645,931208,Linear,34
-0.46130297950003296,-0.3695383684918828,0.41362916006339145,0.01817724843590005,-0.010961810519777803,0.0010909539610968718,0.6883919494521251,0.990512114207702,1.990512114207702,-0.0699087548400712,0.9349498416358983,0.021827921924184965,0.7934038474872176,0.9548616782582334,0.07289714927437074,0.058603649688726625,130952,Linear,34
-0.46130297950003296,-0.3695383684918828,0.410459587955626,0.017659134312470365,-0.010910172488810755,0.0008163734090209564,0.5151316210922232,0.6738588024229093,1.6738588024229093,-0.05919739039200067,0.7616895132759964,0.02137043443663069,0.6064231469810034,0.7298303703653886,0.07253310047029446,0.059422025946931155,64113,Linear,34
-0.4659918100805953,-0.3724875766975321,0.4120443740095087,0.017994085133418245,-0.010919981099112859,0.0009938972217398943,0.6271491469178727,0.8722654101235494,1.8722654101235494,-0.04553002578722953,0.8783958696822083,0.021683388086007387,0.727636714442805,0.8757109213871784,0.07305419563510601,0.05983508290274725,15792,Linear,34
-0.4780314249219373,-0.37999728686100487,0.41362916006339145,0.017896294965860576,-0.010967742281271156,0.0009712652012983875,0.6128683420192829,0.8457179637099808,1.8457179637099808,-0.05699599179024517,0.8761546796249604,0.02149037394166154,0.7174541085331927,0.8634561532779889,0.06929855178962438,0.058125443601581527,286049,Linear,34
-0.4774727710755542,-0.3796508231929222,0.4183835182250396,0.018006414427321888,-0.011069444887050736,0.0010954154283127704,0.6912071352653584,0.9961236707537862,1.9961236707537862,-0.051113445251758094,0.9539348190246528,0.021743159068560686,0.7997541101953799,0.9625042206105304,0.07491394770925051,0.06160113065266629,281015,Linear,34
-0.4910278037423268,-0.3880029420437081,0.41362916006339145,0.01830209152541307,-0.01095913014729327,0.0011441643956169598,0.7219677336343011,1.0584797679396631,2.058479767939663,-0.04947288537914574,0.9982504500603682,0.021814205445385995,0.8326247198934176,1.0020640055057572,0.07218109808964175,0.059670395069299755,140200,Linear,34
-0.5240497295744717,-0.4078822308893886,0.4120443740095087,0.018217924642522122,-0.011013291155090994,0.0010312668597733657,0.6507293885169929,0.916938512163465,1.916938512163465,-0.032401720933194156,0.9600340307752049,0.021805056433283187,0.7507824585506984,0.9035668287329702,0.07153980094859204,0.05808035505321308,342820,Linear,34
-0.4774727710755542,-0.3796508231929222,0.4183835182250396,0.018163774584150593,-0.011075132749350423,0.0011579441698956437,0.7306627712041518,1.0764563672037224,2.0764563672037224,-0.05324742471384525,1.0097361924654251,0.021819209264385665,0.8424592115649955,1.0138998180646204,0.07245776570043114,0.06069515651553405,433908,Linear,34
-0.4659918100805953,-0.3724875766975321,0.410459587955626,0.017883583419728382,-0.010978214297108112,0.0008683873014032218,0.5479523871854326,0.7297076178191466,1.7297076178191466,-0.06856132013308525,0.8071070416426664,0.02148934274783557,0.6414910501897485,0.772034598410097,0.07007152994872473,0.0586881429536247,715797,Linear,34
-0.49103107873816043,-0.3880049463282411,0.4215530903328051,0.01786190326877255,-0.011159916651611215,0.001074321222908724,0.6778966916554054,0.9697304217903087,1.9697304217903087,-0.04606908553796529,0.9541826830773061,0.021636983327026942,0.7882023314585137,0.9486016527486706,0.06911319653149325,0.056593244933031084,39533,Linear,34
-0.4659918100805953,-0.3724875766975321,0.4152139461172742,0.01815584727803126,-0.010959764634821838,0.0011294434811330144,0.7126788365949324,1.0394472935143355,2.0394472935143355,-0.03043375158267736,0.9711883923100686,0.021769251938329015,0.8236093494015766,0.9912140054393059,0.0732399626413214,0.059113427312388174,249469,Linear,34
-0.42269363498780876,-0.3447206429689512,0.4215530903328051,0.018359101666332332,-0.011148846512619518,0.0012903202315979025,0.8141920661382755,1.2573511449723989,2.257351144972399,-0.019932581983084674,1.0294034467606252,0.022001611851499944,0.9309862752288975,1.1204421556762978,0.0721015443464641,0.05991747458276375,214814,Linear,34
-0.47278394049499184,-0.3767352811021717,0.4152139461172742,0.017697950181756114,-0.010889390684992319,0.0009804719252899151,0.6186777848579368,0.8564717632636241,1.856471763263624,-0.03887656418191909,0.8767166380366689,0.021393632344769934,0.7275299977094318,0.8755824877786831,0.07344549042280911,0.061275671575777894,45994,Linear,34
-0.4774727710755542,-0.3796508231929222,0.41362916006339145,0.017871468529603408,-0.010939326508786188,0.0009776584437014265,0.6169024779756,0.8531788799694782,1.8531788799694782,-0.03043375158267736,0.8796301617348945,0.021486620386844964,0.722302827329719,0.8692915872529016,0.07291675012518646,0.0589650745250657,481556,Linear,34
-0.49124299187678844,-0.38813462238037455,0.41362916006339145,0.017799072668825675,-0.011035988718558164,0.0008910335034817436,0.5622421406969806,0.7546021581327174,1.7546021581327174,-0.04606908553796529,0.8387400452575093,0.02149412140480556,0.6580738097568101,0.7919919526383449,0.07162385870466224,0.05758509747055154,655870,Linear,34
-0.49782320915255696,-0.39214761185734437,0.41362916006339145,0.01818682279771638,-0.01106150669784256,0.0010364552646628025,0.6540032720022282,0.9232246298944473,1.9232246298944473,-0.04377225128519058,0.9370813938385254,0.02187021650442494,0.752311585425755,0.9054071332119701,0.07243760981862421,0.059423267792543005,17708,Linear,34
-0.42269363498780876,-0.3447206429689512,0.41679873217115687,0.017935566602422175,-0.010947868402715121,0.0010907106881741149,0.688238444237868,0.9902065836699945,1.9902065836699945,-0.04639967059301853,0.8835724194887007,0.021533234512299437,0.8040824238217996,0.9677133468662709,0.06979626554246408,0.05725634272646249,594576,Linear,34
-0.47278394049499184,-0.3767352811021717,0.4120443740095087,0.017710799310197426,-0.010904405417503132,0.0008863287016761794,0.5592734107576689,0.7494009424965915,1.7494009424965915,-0.051113445251758094,0.8252201956292993,0.02139506994373048,0.6576296307498912,0.7914573831207696,0.07121548177475537,0.06038230694793515,408144,Linear,34
-0.4659918100805953,-0.3724875766975321,0.41996830427892234,0.01808118975182055,-0.01106936200675258,0.001172945784090336,0.7401287897610018,1.096205466911532,2.096205466911532,-0.06182480969982862,0.9913755125253374,0.02180058202082297,0.8541027509542263,1.0279128198886955,0.07120562899484244,0.05944581206672722,414029,Linear,34
-0.4659918100805953,-0.3724875766975321,0.4152139461172742,0.018213784136466828,-0.010976393411932272,0.0011437753958023775,0.7217222747513006,1.05797455780184,2.05797455780184,-0.06400832085455477,0.9729689975156361,0.021787832537029313,0.8333491404978913,1.0029358458381974,0.07071837183789347,0.05870782143024314,250928,Linear,34
-0.49232984194532037,-0.3887992670579905,0.4152139461172742,0.017929550310570606,-0.011001127965324254,0.0010112931254593486,0.6381259621648496,0.8929301305414485,1.8929301305414485,-0.04606908553796529,0.903096144373194,0.02153307650055473,0.7455405025340666,0.8972581336904023,0.07021220722785126,0.05767494022423911,723037,Linear,34
-0.5030706935795024,-0.39532895347756025,0.41362916006339145,0.018203315058407745,-0.010998477157089518,0.0010802356293522983,0.6816286821212998,0.9770951709838338,1.9770951709838338,-0.04332862718547403,0.9699542883845425,0.021799418423297225,0.7866360772899667,0.9467166655650385,0.07229004729623302,0.059750016478336,62206,Linear,34
-0.49103107873816043,-0.3880049463282411,0.4120443740095087,0.017904517925042177,-0.010975554250542165,0.0009243170103959159,0.5832440335598221,0.7918418074434941,1.791841807443494,-0.04553002578722953,0.8595300249817228,0.021679878209230764,0.6768062768137851,0.814536480231184,0.07312344534479101,0.05928575727267777,854657,Linear,34
-0.47877153428271413,-0.3804559869076687,0.4120443740095087,0.01825291673398729,-0.010968351449445855,0.0010721077069608294,0.676499963092283,0.9669811634792975,1.9669811634792975,-0.05329695640648424,0.9405264100587374,0.02177925970417265,0.7814398863384564,0.9404630487868701,0.07118147270771726,0.05920885837132903,791430,Linear,34
-0.4774727710755542,-0.3796508231929222,0.410459587955626,0.01801798174623625,-0.010878740210466609,0.0009821963771499366,0.6197659139816096,0.858492943709734,1.858492943709734,-0.04553002578722953,0.8824935977409041,0.021678252655017643,0.7192408153705654,0.865606455289622,0.07302589474904188,0.05963447707314183,774566,Linear,34
-0.4774727710755542,-0.3796508231929222,0.41679873217115687,0.018023842439365736,-0.01103472531953843,0.0010768488810824822,0.679491643963047,0.9728745545763733,1.9728745545763733,-0.07056820479738235,0.9422193277223414,0.021788802608063478,0.7845518792908919,0.9442083328848758,0.07165010865067162,0.05943840875634893,721176,Linear,34
-0.49103107873816043,-0.3880049463282411,0.4152139461172742,0.017834994965110717,-0.01119188808852192,0.0008604785676615207,0.5429619761944195,0.7210971686217886,1.7210971686217886,-0.07056820479738235,0.8271558993092185,0.021546888344802312,0.6339511103697615,0.7629602794320877,0.07239265032589629,0.05963395167692144,630381,Linear,34
-0.4659918100805953,-0.3724875766975321,0.410459587955626,0.01786592724005122,-0.010936435687776256,0.0008857703317282067,0.5589210793204984,0.7487846821186617,1.7487846821186617,-0.0727517159521085,0.810167802084834,0.021460417549266766,0.6552140966759776,0.7885502874128121,0.06970707872796207,0.05765134515761408,992932,Linear,34
-0.4910278037423268,-0.3880029420437081,0.41996830427892234,0.018251206965310903,-0.011279323611487315,0.0011225632393075,0.7083374040030321,1.0306123625701384,2.0306123625701384,-0.03043375158267736,0.9846201204290992,0.021930345121004075,0.8125790485548228,0.9779390363153452,0.0722445910577835,0.05926034720092775,735474,Linear,34
-0.4774727710755542,-0.3796508231929222,0.4152139461172742,0.017814835144319297,-0.011006011308551927,0.0009608060775847778,0.6062686349559954,0.833576873714958,1.833576873714958,-0.03535772108989477,0.8689963187152898,0.021486265743947547,0.709863864594011,0.8543212932831573,0.07160812716081537,0.05885531447829588,109195,Linear,34
-0.4659918100805953,-0.3724875766975321,0.4183835182250396,0.018028202038101772,-0.011107576690822272,0.0010823529200112425,0.6829646925270936,0.9797383559736814,1.9797383559736814,-0.04606908553796529,0.9342114152914291,0.02180238724451914,0.7880705791630823,0.948443088836574,0.07099297012067858,0.05818844338473618,451955,Linear,34
-0.49103107873816043,-0.3880049463282411,0.4183835182250396,0.018231500181862044,-0.011166038099706782,0.0011334073936912674,0.7151800654191902,1.0445548027322897,2.0445548027322897,-0.031742270975883,0.9914660568410909,0.02199377027265895,0.8180627679530018,0.9845386936326445,0.07247266506616376,0.05774472239496613,818174,Linear,34
-0.47278394049499184,-0.3767352811021717,0.4120443740095087,0.017970177248319556,-0.010811345788140584,0.00104791885445789,0.6612367971629283,0.9371867604765403,1.9371867604765403,-0.03010488668041944,0.9066610779209441,0.02166060112795868,0.7679932796027309,0.9242800550753856,0.07330729459604313,0.059229110007460624,493384,Linear,34
-0.4659918100805953,-0.3724875766975321,0.41362916006339145,0.018120419696186156,-0.010967082472578457,0.0010643566178297273,0.6716090258505574,0.9573842700855291,1.957384270085529,-0.059856840349311824,0.922855748614893,0.02176260462152736,0.7763839759173932,0.9343782596532285,0.07210010759847986,0.059467162258592374,849954,Linear,34
-0.4659918100805953,-0.3724875766975321,0.4231378763866878,0.01823666041429383,-0.011218349099665799,0.0012451810750207636,0.7857092583381018,1.1939624752091325,2.1939624752091325,-0.04606908553796529,1.0369559811024374,0.021965959659167797,0.8998758568804042,1.083000761398163,0.07054914655915777,0.05710641375047883,399039,Linear,34
-0.46130297950003296,-0.3695383684918828,0.41362916006339145,0.017945314350797104,-0.010924871696521664,0.0010166791091046415,0.6415245178450277,0.8993743032260091,1.899374303226009,-0.04553002578722953,0.888082410028801,0.021681824421938604,0.7443691176994816,0.8958483718237559,0.07292495936055257,0.06014578312217181,34582,Linear,34
-0.5030706935795024,-0.39532895347756025,0.4120443740095087,0.017819123365076777,-0.01110101567986455,0.0008153649091762506,0.5144952576902142,0.6727939587906098,1.6727939587906098,-0.06204035150403797,0.8028208639534569,0.021490214168203563,0.6022981699198555,0.7248659597038335,0.06963695641579486,0.05789780374827216,365448,Linear,34
-0.5043694567866623,-0.3961137682306378,0.410459587955626,0.017971839974726494,-0.010983382221095985,0.0009015663505649056,0.5688883672064549,0.766302479934974,1.766302479934974,-0.06400832085455477,0.8500749308677769,0.021522638149018756,0.6649706241874165,0.8002922700904235,0.0714899612604776,0.05905181266472365,323938,Linear,34
