max_drawdown_log,drawdown_percentage,win_rate,average_win,average_loss,expected_value_per_trade,total_log_return,compounded_return,equity_multiplier,equity_trough,equity_peak,return_std,annualized_sharpe_stocks,annualized_sharpe_crypto,pearson_ic,spearman_ic,seed,model,lag
-0.40587308182148263,-0.3336052603355727,0.5659090909090909,0.011384530602204524,-0.012341944072665268,0.0010850836410678643,0.4774368020698603,0.6119373878885013,1.6119373878885013,-0.030029218643903732,0.5288055256351072,0.018003335041323097,0.9567765503604349,1.1514807566017087,-0.2065285587246554,-0.0542191933496798,483564,MLP,1
-0.3827270437468542,-0.31800097021808815,0.45227272727272727,0.010929726108793262,-0.0090946375143123,-3.816396658955744e-05,-0.016792145299405092,-0.016651943089745602,0.9833480569102544,-0.23272850895227748,0.1499985347945767,0.017064617760803674,-0.03550235911114535,-0.04272709580418424,0.03585266848748769,-0.030343058648227426,263340,MLP,1
-0.48686956631718203,-0.3854528146301176,0.5431818181818182,0.010990184566245837,-0.012650604313217736,0.00019064237358179612,0.08388264437598991,0.0875012619306077,1.0875012619306077,-0.13328695292511838,0.35358261339206365,0.018016708106296735,0.16797485096810347,0.20215776443302913,-0.10697463774541606,-0.02687689909625176,416809,MLP,1
-0.45097742619691417,-0.3629947783538796,0.5431818181818182,0.010990184566245837,-0.012173901404468725,0.00040840892962395754,0.17969992903454113,0.1968581668466758,1.1968581668466758,-0.07895501139500993,0.37202241480190423,0.01780004557730949,0.36422888569920125,0.43834953179309954,-0.02360729153006742,-0.031373403780941306,498465,MLP,1
-0.4777026738738641,-0.37979342681148576,0.43636363636363634,0.010931564714894648,-0.008995485125670976,-0.00030004519524234104,-0.1320198859066295,-0.12367643158255737,0.8763235684174426,-0.3107645422096539,0.16693813166421023,0.016936155096551338,-0.28123678514943573,-0.33846852332042265,-0.04952185588146551,-0.010398767086043365,107635,MLP,1
-0.30225490394514054,-0.26085037128241895,0.5227272727272727,0.011411014657436602,-0.010619154238208596,0.0008966158663332117,0.3945109811866132,0.483658476583704,1.483658476583704,-0.06867559255260858,0.44906455496311537,0.017585449167586743,0.8093814088905469,0.9740906763836839,-0.11019247832533581,-0.042168372013893105,727464,MLP,1
-0.48686956631718203,-0.3854528146301176,0.5409090909090909,0.010959644936993761,-0.012603550515171327,0.00014199611577251584,0.06247829093990731,0.06447134999451976,1.0644713499945198,-0.13643269003296155,0.3504368762842205,0.017992873604576416,0.12527840223664735,0.15077258043057618,-0.03842351349933335,-0.06978755002394725,325348,MLP,1
-0.48686956631718203,-0.3854528146301176,0.5409090909090909,0.010959644936993761,-0.012603550515171327,0.00014199611577251584,0.06247829093990731,0.06447134999451976,1.0644713499945198,-0.13643269003296155,0.3504368762842205,0.017992873604576416,0.12527840223664735,0.15077258043057618,0.020679393975963706,-0.08876704098771912,24175,MLP,1
-0.45697968412423506,-0.366806796193446,0.4818181818181818,0.010844536552453201,-0.010334958722396231,-0.0001302928172415051,-0.05732883958626189,-0.05571649948996682,0.9442835005100332,-0.2942916292922746,0.16268805483196047,0.0172377702694519,-0.11998850894883362,-0.14440619287321035,-0.043857553045237835,-0.007897580237313398,996637,MLP,1
-0.48686956631718203,-0.3854528146301176,0.5409090909090909,0.010959644936993761,-0.012603550515171327,0.00014199611577251584,0.06247829093990731,0.06447134999451976,1.0644713499945198,-0.13643269003296155,0.3504368762842205,0.017992873604576416,0.12527840223664735,0.15077258043057618,-0.03532833595220283,-0.07599424578456025,313805,MLP,1
-0.48686956631718203,-0.3854528146301176,0.5409090909090909,0.010959644936993761,-0.012603550515171327,0.00014199611577251584,0.06247829093990731,0.06447134999451976,1.0644713499945198,-0.13643269003296155,0.3504368762842205,0.017992873604576416,0.12527840223664735,0.15077258043057618,0.027247593887056807,-0.03633208089984765,445840,MLP,1
-0.40391978491970804,-0.33230232145625527,0.4590909090909091,0.010658806432072404,-0.00938170011049653,-0.00018128574322624682,-0.07976572701954865,-0.07666736706153454,0.9233326329384655,-0.22921354720529052,0.1747062377144175,0.01703636053508907,-0.16892234412283302,-0.20329807262125962,-0.055093531319030845,-0.01720698219233852,246763,MLP,1
-0.30866894114296883,-0.2655761326896232,0.47954545454545455,0.011437374811135513,-0.008740170875068055,0.0009358794426341105,0.41178695475900895,0.5095128075493576,1.5095128075493576,-0.07346780156876775,0.4509271643728425,0.01709423876060413,0.8691013260166098,1.0459636077704375,-0.14753329415761943,0.04831278086574027,102940,MLP,1
-0.40587308182148263,-0.3336052603355727,0.5659090909090909,0.011384530602204524,-0.012341944072665268,0.0010850836410678643,0.4774368020698603,0.6119373878885013,1.6119373878885013,-0.030029218643903732,0.5288055256351072,0.018003335041323097,0.9567765503604349,1.1514807566017087,-0.12421354550967344,-0.07967318352038807,108714,MLP,1
-0.46766425581881776,-0.37353618006503087,0.5272727272727272,0.010850322016157689,-0.011366410298216159,0.0003478667402718686,0.1530613657196227,0.1653964921428721,1.165396492142872,-0.12949133461734164,0.33817292120147613,0.017359727700543368,0.31810483437061765,0.38283922742645754,-0.07208037995436978,-0.05673263714265992,748715,MLP,1
-0.4733533126418479,-0.3770900496659766,0.48863636363636365,0.010235001942867732,-0.010276508506180511,-0.00025383862766830117,-0.11168899617405259,-0.10567764807302005,0.89432235192698,-0.30306728458890575,0.17028602805294213,0.015904329941131504,-0.2533626570014923,-0.30492200490155513,0.016721316462004372,-0.04504826987742705,315767,MLP,1
-0.40587308182148263,-0.3336052603355727,0.5659090909090909,0.011384530602204524,-0.012341944072665268,0.0010850836410678643,0.4774368020698603,0.6119373878885013,1.6119373878885013,-0.030029218643903732,0.5288055256351072,0.018003335041323097,0.9567765503604349,1.1514807566017087,-0.21054115864988449,-0.06901342543882766,968741,MLP,1
-0.41387827519793063,-0.33891858362692673,0.475,0.010710229825753575,-0.00995462019857245,-0.00013881643701758872,-0.061079232287738705,-0.05925130084858432,0.9407486991514157,-0.21254400095131132,0.20133427424661932,0.017198277734603407,-0.12813158709408523,-0.15420638893803745,-0.1105995016848716,-0.05614793853441609,998617,MLP,1
-0.339502691058442,-0.28787561946079276,0.45454545454545453,0.01121974469611814,-0.008692240911477711,0.0003586616374294943,0.1578111204689776,0.17094500627570497,1.170945006275705,-0.21050849499806645,0.21236469424547977,0.01673759247332576,0.34016702185930514,0.40939107417917364,0.04926250122634199,0.006574648911127921,400494,MLP,1
-0.32058690569829196,-0.27427701889440925,0.4772727272727273,0.011218993223415704,-0.00882991221682776,0.0007388835614702575,0.32510876704691327,0.3841811910939774,1.3841811910939774,-0.13279591338869068,0.362426499803405,0.017034523854884867,0.6885671128131057,0.8286906485473541,-0.11594181259690418,0.018003575315804515,879764,MLP,1
-0.40587308182148263,-0.3336052603355727,0.5659090909090909,0.011384530602204524,-0.012341944072665268,0.0010850836410678643,0.4774368020698603,0.6119373878885013,1.6119373878885013,-0.030029218643903732,0.5288055256351072,0.018003335041323097,0.9567765503604349,1.1514807566017087,-0.21110008962127136,-0.03216592648510408,320285,MLP,1
-0.40667746460530907,-0.3341410812599368,0.5068181818181818,0.010969430357363308,-0.010939693785206015,0.0001642486779598008,0.07226941830231226,0.07494491488827038,1.0749449148882704,-0.18127050449766102,0.22540696010764805,0.017599928688315017,0.14814644857326614,0.17829427845690526,-0.036758281454446165,-0.045692196945044325,214908,MLP,1
-0.48686956631718203,-0.3854528146301176,0.5409090909090909,0.010959644936993761,-0.012603550515171327,0.00014199611577251584,0.06247829093990731,0.06447134999451976,1.0644713499945198,-0.13643269003296155,0.3504368762842205,0.017992873604576416,0.12527840223664735,0.15077258043057618,0.0658725116957841,-0.001960903787106114,109776,MLP,1
-0.42750879953382537,-0.3478683364837404,0.46136363636363636,0.01080194934024467,-0.009109511019029352,7.691273763570875e-05,0.03384160455971141,0.034420746221540455,1.0344207462215405,-0.18060211634656298,0.2469066831872624,0.016693018695309477,0.07314146595705495,0.0880257679052232,-0.10849479353897744,-0.035879177949800826,111363,MLP,1
-0.4149046474485658,-0.33959675116239874,0.46136363636363636,0.010705324141158845,-0.009011699089128132,8.501844666336088e-05,0.03740811653187848,0.038116606945343134,1.0381166069453431,-0.20406955312864739,0.21083509431991843,0.016680359854998886,0.08091108417790562,0.09737650488145995,-0.03613854927943837,-0.009054282305177196,901329,MLP,1
-0.4020577354240231,-0.3310578770817072,0.4954545454545455,0.010837633991111342,-0.01082610338323263,-9.270622958038911e-05,-0.04079074101537117,-0.03996999616645136,0.9600300038335486,-0.23539762170912581,0.1666601137148973,0.017514531015437575,-0.08402541692037703,-0.10112460491720968,-0.05878531774888455,-0.0025738769311824954,478636,MLP,1
-0.4003057212103158,-0.3298848536974406,0.4727272727272727,0.010935074241020769,-0.00989156953061144,-4.624702038530555e-05,-0.020348688969534123,-0.02014305157726759,0.9798569484227324,-0.24733959896184388,0.15296612224847195,0.017159898711629755,-0.04278281015761267,-0.051489119994921104,-0.0974370790415922,-0.06250149676768615,199645,MLP,1
-0.48686956631718203,-0.3854528146301176,0.5318181818181819,0.0108628107788337,-0.012206137633874833,6.234856742925055e-05,0.02743336966887,0.027813129296517136,1.0278131292965171,-0.1649534417774703,0.32191612453971175,0.017719881767957555,0.05585549819544388,0.06722210248383063,-0.05673127056012126,-0.07309397923412485,312911,MLP,1
-0.30866894114296883,-0.2655761326896232,0.4909090909090909,0.01139504132163859,-0.009166495169275939,0.0009273500171730125,0.4080340075561253,0.5038583028461436,1.5038583028461436,-0.052178589405230014,0.44717421716995887,0.01717761310459335,0.8570006235948526,1.0314004101515493,-0.012930331356408918,0.003923671631795489,602509,MLP,1
-0.4431975571787916,-0.3580196332709945,0.4818181818181818,0.010688585321282895,-0.00978120643361635,8.151141192601352e-05,0.03586502124744584,0.03651592942106463,1.0365159294210646,-0.15126114811209845,0.29193640906669316,0.016936216303934427,0.07640157202758806,0.09194930616845208,0.029220500094274616,-0.05965068707570585,671582,MLP,1
-0.48686956631718203,-0.3854528146301176,0.5409090909090909,0.010959644936993761,-0.012603550515171327,0.00014199611577251584,0.06247829093990731,0.06447134999451976,1.0644713499945198,-0.13643269003296155,0.3504368762842205,0.017992873604576416,0.12527840223664735,0.15077258043057618,0.026792039324112404,-0.08876704098771912,120035,MLP,1
-0.48686956631718203,-0.3854528146301176,0.5409090909090909,0.010959644936993761,-0.012496691413598635,0.00019105415785816097,0.08406382945759105,0.0876983187868341,1.087698318786834,-0.1148471515152778,0.37202241480190423,0.01797408314924286,0.1687368811328316,0.20307486787824205,-0.029298074177289232,-0.07001984116936433,71835,MLP,1
-0.48686956631718203,-0.3854528146301176,0.5409090909090909,0.010959644936993761,-0.012603550515171327,0.00014199611577251584,0.06247829093990731,0.06447134999451976,1.0644713499945198,-0.13643269003296155,0.3504368762842205,0.017992873604576416,0.12527840223664735,0.15077258043057618,-0.0014143309190413186,-0.04500844399641982,36794,MLP,1
-0.5049748571473174,-0.39647925053042476,0.5295454545454545,0.010831727173463307,-0.012042892821548464,7.025822126458751e-05,0.0309136173564184,0.03139640529022247,1.0313964052902225,-0.1614731940899219,0.3435016630573955,0.017680130048795078,0.06308294583042963,0.07592033705897513,0.028062612964118192,-0.07671348976443405,520632,MLP,1
-0.39683090115431696,-0.3275522738466523,0.509090909090909,0.010988970428619333,-0.01115208913230432,0.00011972300780226618,0.05267812343299738,0.05409030354102007,1.05409030354102,-0.20156836801834288,0.19526253313597408,0.01768006034189975,0.10749645602965377,0.12937200485776731,-0.06251135298655651,0.004324214672408619,584184,MLP,1
-0.3971977349719964,-0.3277989051741056,0.4954545454545455,0.0108347685296611,-0.00967082715654108,0.0004887634334409096,0.21505591071399976,0.2399312204679276,1.2399312204679276,-0.1237633832024585,0.2734343517695379,0.016772346370446185,0.4625994954785745,0.5567385789885524,-0.08027338571182653,-0.05333318025214658,44204,MLP,1
-0.434632345346472,-0.3524973193043238,0.4818181818181818,0.01082164843310753,-0.010444674254885237,-0.00019817332339781227,-0.08719626229503774,-0.08350279586390874,0.9164972041360913,-0.2673841554315004,0.1672481899149716,0.0174004132935544,-0.18079478504985078,-0.21758655748870484,-0.061781091550145835,-0.07215096434100664,924226,MLP,1
-0.30295359797310084,-0.26136663033921104,0.4659090909090909,0.011315216542709273,-0.008362235516765492,0.0008056682836716129,0.3544940448155103,0.4254592532991004,1.4254592532991004,-0.10562275071788463,0.39181177757200203,0.016929558597071213,0.7554590058276268,0.9091950542519721,-0.1747137262897719,0.03871007110173485,367242,MLP,1
-0.42288313468452543,-0.3448448064435313,0.4,0.010682512603642119,-0.007599989014234972,-0.00028698836708413583,-0.12627488151701982,-0.11862745953880449,0.8813725404611955,-0.30042741344004753,0.1224557212444779,0.016113270483792474,-0.2827358415798505,-0.340272638013694,-0.04904631456193191,-0.05184986398783991,723917,MLP,1
-0.40587308182148263,-0.3336052603355727,0.5659090909090909,0.011384530602204524,-0.012341944072665268,0.0010850836410678643,0.4774368020698603,0.6119373878885013,1.6119373878885013,-0.030029218643903732,0.5288055256351072,0.018003335041323097,0.9567765503604349,1.1514807566017087,-0.12233609940941055,-0.04862286025074484,826186,MLP,1
-0.3969719047745457,-0.3276470847259588,0.45227272727272727,0.010831122073805136,-0.009123489791063661,-9.856306127072837e-05,-0.04336774695912027,-0.042440814168785534,0.9575591858312145,-0.268765966186038,0.1282059385885077,0.017038800345272408,-0.09182806651710902,-0.1105150951604732,-0.0467179554553919,-0.011788828868213074,593678,MLP,1
-0.46622147293237504,-0.3726316764423824,0.39090909090909093,0.01063992286607001,-0.007410456290913385,-0.0003543989840926031,-0.15593555300074513,-0.14438566962969257,0.8556143303703074,-0.3658066213938582,0.10041485153851681,0.015979735915041746,-0.3520652337891333,-0.4237105744533022,-0.05571591004048041,-0.036374765271608746,241877,MLP,1
-0.40587308182148263,-0.3336052603355727,0.5659090909090909,0.011384530602204524,-0.012341944072665268,0.0010850836410678643,0.4774368020698603,0.6119373878885013,1.6119373878885013,-0.030029218643903732,0.5288055256351072,0.018003335041323097,0.9567765503604349,1.1514807566017087,-0.20229741543458266,0.022271483670195946,605015,MLP,1
-0.4182767610764131,-0.34181995540232246,0.3795454545454545,0.010594497488928899,-0.006516084795213908,-2.1841064641525514e-05,-0.009610068442270858,-0.009564039300279492,0.9904359606997205,-0.3166267088490713,0.1016500522273418,0.015453665510121381,-0.02243585201420943,-0.027001552078793678,-0.024649324132163208,-0.02444922470955663,78107,MLP,1
-0.3423536198097281,-0.28990294407960215,0.5363636363636364,0.01119434915937622,-0.01064133576508931,0.0010705316034876561,0.4710339055345685,0.6016492915292213,1.6016492915292213,-0.021848429925739765,0.5242251059571572,0.017231202307205075,0.9862435631479591,1.1869443119810585,-0.018189290634788708,-0.039958138395456755,560650,MLP,1
-0.3644200407288736,-0.30540062656830824,0.4431818181818182,0.010866244470246153,-0.00878400757305362,-7.537314477304002e-05,-0.03316418370013707,-0.032620281431796516,0.9673797185682035,-0.21732271731525543,0.14709732341361814,0.016925980368649063,-0.07069082874692534,-0.08507642556629015,-0.10084521061515943,-0.03530785848706387,807182,MLP,1
-0.43938612391866627,-0.3555680989870327,0.4863636363636364,0.010663432965204571,-0.010645490688059594,-0.00028160509306293224,-0.1239062409476901,-0.11653733037762692,0.8834626696223731,-0.2753710096112627,0.16401511430740356,0.01737924818629944,-0.25722299475338717,-0.3095679221051232,-0.059909791449850244,-0.0427767048007855,32120,MLP,1
-0.48686956631718203,-0.3854528146301176,0.5409090909090909,0.010959644936993761,-0.012576441349449284,0.00015444168730854423,0.06795434241576004,0.07031643930016784,1.0703164393001678,-0.13095663855710882,0.3559129277600732,0.017990872546181893,0.1362738674171731,0.16400562482374184,-0.03884382232290767,-0.051245319305183126,750873,MLP,1
-0.6668834435986355,-0.48669416589285397,0.5022727272727273,0.0101063085791682,-0.011442896676383759,-0.0006193185821178875,-0.27250017613187083,-0.23852670494452255,0.7614732950554775,-0.4689950851134199,0.19788835848521558,0.01739117474181895,-0.5653084308324372,-0.6803488018211128,-0.10590250562342374,-0.049251543700651344,328654,MLP,1
-0.39214103762060404,-0.3243911790197337,0.4,0.011108381583881055,-0.007447313706947942,-2.5035590616341932e-05,-0.01101565987119102,-0.01095520965992336,0.9890447903400766,-0.19525415358293685,0.1968868840376672,0.01636408617609475,-0.024286579519445146,-0.0292289029761266,-0.06180994956164493,-0.0023574971508586867,256363,MLP,1
-0.35508708834822755,-0.2988876181695118,0.3553530751708428,0.011571425149924881,-0.006899060347462411,-0.0003355165260673825,-0.1472917549435806,-0.13695785613072764,0.8630421438692724,-0.24743719918114948,0.10764988916707807,0.01574574623243628,-0.338260229381049,-0.40709624907636605,0.10652837230125321,-0.07267961545116972,483564,MLP,4
-0.3583788718096912,-0.3011917339070247,0.36674259681093396,0.012260570426592466,-0.007002573525902636,6.20419099782556e-05,0.027236398480454227,0.027610699660027826,1.0276106996600278,-0.09319242692072294,0.26518644488896825,0.016572664661984524,0.059428269869885225,0.07152193385961118,0.13692652783219952,-0.034658016917624136,263340,MLP,4
-0.17692454438656569,-0.16215699790441174,0.5558086560364465,0.01223078386931879,-0.0103269030331434,0.002210854607405061,0.9705651726508222,1.6394357748026236,2.6394357748026236,-0.0062979222275316715,1.0219338962160691,0.017719175143061136,1.9806920228131806,2.3837632184491757,0.08631406841384372,0.03614760853844552,416809,MLP,4
-0.42057676351396367,-0.34333203155325287,0.5489749430523918,0.011348565126660196,-0.011945248802724316,0.0008424713726325576,0.36984493258569273,0.44751013560516895,1.447510135605169,-0.0230059209279716,0.42121365615093964,0.017928820275986735,0.7459396784725594,0.8977385420067431,-0.048448523009522515,-0.04837714743703342,498465,MLP,4
-0.437476055638399,-0.35433601374523693,0.5603644646924829,0.011305083292212864,-0.012097207306429728,0.0010166047374565532,0.44628947974342736,0.5625037142466143,1.5625037142466143,-0.0062979222275316715,0.4976582033086743,0.017901869705466516,0.9014756652391994,1.0849261310560097,-0.05352537139549706,0.009050372470631991,107635,MLP,4
-0.25559317460283637,-0.22554302652222813,0.43735763097949887,0.011407503474269257,-0.007451061018566348,0.000796876071694326,0.3498285954738094,0.41882433483702286,1.4188243348370229,-0.1767700626187434,0.38833585882457555,0.015526411961914897,0.8147417123593722,0.9805418026070143,-0.04598619610597911,0.010413955862686909,727464,MLP,4
-0.3390270647360012,-0.287536833799254,0.45785876993166286,0.012009935794400071,-0.008336231894401037,0.0009794394164167816,0.42997390380696743,0.5372174075026463,1.5372174075026463,0.00478599825873971,0.648979907946341,0.01695318998113228,0.917120538250453,1.103754738639619,-0.08197609424214633,0.008822570364034417,325348,MLP,4
-0.18247586413053796,-0.1667952461931822,0.428246013667426,0.012670304315663012,-0.007466986904684195,0.001156727786489553,0.5078034982689132,0.6616373942122589,1.6616373942122589,-0.1275917471757566,0.5815010735714168,0.01689817177649212,1.0866550884186428,1.3077896013505166,0.15861251548166105,0.029214907254814564,24175,MLP,4
-0.9819129429379245,-0.6254061636048716,0.5079726651480638,0.009972120264382336,-0.012567424704785581,-0.0011179519755727197,-0.4907809172764246,-0.3878518295998856,0.6121481704001144,-0.6372666172792378,0.3446463256586867,0.017593580320873232,-1.0087166515741801,-1.2139906780886451,-0.15124136852103798,-0.07157123702942908,996637,MLP,4
-0.32233484013704583,-0.27554442709017213,0.55125284738041,0.011645341917951442,-0.011387732735964136,0.0013093152509323783,0.5747893951593142,0.7767562940315511,1.776756294031551,-0.0230059209279716,0.6261581187245611,0.01784091051050387,1.165004176119272,1.4020827429942864,0.04481175805579932,0.00965363888119403,313805,MLP,4
-0.43092872272245586,-0.3500947674004755,0.26651480637813213,0.012073969836376656,-0.005035401622385874,-0.0004755008008022377,-0.2087448515521828,-0.1883977117081902,0.8116022882918098,-0.3345963320462033,0.09633239067625254,0.01482605608772902,-0.5091267130073912,-0.612734093952283,-0.044103987891757755,-0.04851638205785162,445840,MLP,4
-0.41697910614311695,-0.3409653104232452,0.4168564920273349,0.010898134292265091,-0.008088928790613181,-0.00017404827998283075,-0.07640719491246273,-0.07356111145851463,0.9264388885414854,-0.10217520281366888,0.3148039033294481,0.015780336803064825,-0.17508693408762085,-0.21071715779231562,0.2003381312173303,-0.04996091091093786,246763,MLP,4
-0.3332599031855352,-0.2834160724943624,0.4145785876993166,0.011760654025867833,-0.007578444732629974,0.00043913151804565384,0.19277873642204213,0.2126144564202901,1.21261445642029,-0.14561298305125092,0.23078886315852287,0.015827093819114596,0.44044704714996186,0.5300781032981712,-0.03241538731536484,-0.015706051055693768,102940,MLP,4
-0.29609325825003907,-0.2562819330594619,0.5694760820045558,0.011599258379850654,-0.011988048023513762,0.001444358812115177,0.6340735185185622,0.8852746600192081,1.885274660019208,-0.006644343491643667,0.6854422420838091,0.01797144651138267,1.275828593446065,1.5354599498931443,-0.011764465708602777,-0.005135641817719025,108714,MLP,4
-0.17043699469650164,-0.1567037799108688,0.5398633257403189,0.011660023291135637,-0.0093746054099569,0.0019812191963276818,0.8697552271878521,1.3863266741408453,2.3863266741408453,-0.006644343491643667,0.921123950753099,0.017135982892203968,1.835370630035491,2.2088688951685413,0.08345788724807236,0.10007197456687426,748715,MLP,4
-0.2756190099171363,-0.24089791395824034,0.5740318906605922,0.011677506035950847,-0.011479251658205281,0.0018134657425403775,0.7961114609752258,1.2169036298607145,2.2169036298607145,-0.0062979222275316715,0.8474801845404727,0.01781362514161533,1.6160593908608027,1.9449277779651621,0.10614199110948047,0.08238253792884548,315767,MLP,4
-0.3983153980807401,-0.32854977984882383,0.4601366742596811,0.011582239989239847,-0.008051717245219647,0.00098258653920135,0.43135549070939305,0.5393426747216536,1.5393426747216536,-0.02006734348833561,0.4850148911245924,0.0163056185981191,0.9566075431052721,1.151277356338635,-0.021547876377645832,-0.0016441147263721839,968741,MLP,4
-0.2211194834089838,-0.198379105829265,0.35990888382687924,0.011742518885051751,-0.006210169398452253,0.0002511626033555661,0.11026038287309348,0.11656876799471605,1.116568767994716,-0.09086298269903637,0.14182854879982187,0.015725878949629426,0.253536399172414,0.30513110363662677,0.06358374944976207,-0.02235049040813777,998617,MLP,4
-0.2572996194357984,-0.2268634676725596,0.5421412300683371,0.011139965804317352,-0.011701301642641743,0.0006818911873725277,0.2993502312565397,0.3489819964078502,1.3489819964078502,-0.006644343491643667,0.3507189548217866,0.01771079657672874,0.6111914261489926,0.7355689952323713,0.15237172373116536,0.035080866978849094,400494,MLP,4
-0.4156588081968948,-0.340094613612985,0.4988610478359909,0.010963075148878879,-0.011042205380859245,-6.46280778691553e-05,-0.02837172618455952,-0.027973028242092468,0.9720269717579075,-0.130053450804553,0.28560535739234183,0.01744080702571101,-0.0588240514909079,-0.07079475692794895,0.1192387271670655,-0.03422494470705847,879764,MLP,4
-0.5256954488286283,-0.40885588909895687,0.44874715261959,0.010345550450271966,-0.010116844822649991,-0.0009344032081497053,-0.41020300837772083,-0.3364844627499499,0.6635155372500501,-0.4537524518491409,0.07194299697948736,0.0169203253492098,-0.8766492825649468,-1.0550475748825094,-0.1877764577351537,-0.05913330304992763,320285,MLP,4
-0.44987830717582256,-0.36229424888612594,0.44646924829157175,0.011027657396731897,-0.009072061796258721,-9.815527729252309e-05,-0.04309016673141741,-0.04217497777818757,0.9578250222218124,-0.16116644460635143,0.2887118625694711,0.016926369768482698,-0.09205557617020466,-0.11078890307035776,0.17767319436584555,0.020146540288306175,214908,MLP,4
-0.3111535300849937,-0.2673986091191699,0.5558086560364465,0.011168386012540112,-0.011933314426725981,0.0009068106465790907,0.39808987384822103,0.4889778440627528,1.4889778440627528,-0.0230059209279716,0.46570264709953335,0.017777505312050513,0.8097408770107895,0.9745232963333631,0.07201906709064279,-0.009204596524698745,109776,MLP,4
-0.12741884897695854,-0.11963514455584778,0.4214123006833713,0.011815396879860232,-0.005857264170704792,0.0015902125818112209,0.6981033234151255,1.009936889692518,2.009936889692518,-0.00011831754818558693,0.7285231468376878,0.014169385493535457,1.7815763535199003,2.1441274733604097,-0.04457706293369479,0.027092391291466747,111363,MLP,4
-0.15134928678162396,-0.14045258233100277,0.5649202733485194,0.012196798507815285,-0.010701622539396454,0.0022341597378438905,0.9807961249134678,1.666578326534589,2.666578326534589,-0.0062979222275316715,1.0321648484787147,0.017780569795126648,1.9946597179855197,2.400573342191201,0.15526952931861007,0.0837546031978674,901329,MLP,4
-0.40587308182148263,-0.3336052603355727,0.5694760820045558,0.011398144755585236,-0.012357142599025142,0.0011709253705707448,0.514036237680557,0.6720262890928461,1.6720262890928461,-0.030662913293781457,0.5654049612458039,0.018015438962085184,1.031774138015597,1.2417403673163905,-0.11438768469118792,0.035293880612646426,478636,MLP,4
-0.5277433557785116,-0.4100652584714155,0.5216400911161732,0.010583167478641598,-0.012080221601596957,-0.0002580892567800334,-0.11330118372643483,-0.10711830182255333,0.8928816981774467,-0.2990967223413463,0.2286466334371653,0.01763060162847503,-0.23238231021950276,-0.2796721536408918,-0.04877595221069443,-0.054488435094194376,199645,MLP,4
-0.3098833605181426,-0.26646748991338476,0.3097949886104784,0.012343800184573732,-0.0051965667749611,0.00023735100749160435,0.10419709228881402,0.10981917016174725,1.1098191701617472,0.00478599825873971,0.4063807032071054,0.014753144138551796,0.2553916914344159,0.3073639482195782,0.029813370311864037,0.005407134498765998,312911,MLP,4
-0.36462033324642107,-0.30553973569377635,0.55125284738041,0.011493047469222561,-0.012050507298877834,0.0009279443044941374,0.40736754967292654,0.5028563785322617,1.5028563785322617,-0.0230059209279716,0.45873627323817345,0.01800923498124846,0.8179503003097872,0.9844033388030835,0.15690752378953962,-0.0062092197010362535,602509,MLP,4
-0.1727029539179057,-0.15861249140924338,0.43507972665148065,0.011236738322775218,-0.005954816917026972,0.0015248802374199944,0.6694224242273776,0.9531089264035397,1.9531089264035397,-0.0062979222275316715,0.6976105769317655,0.01441451840905047,1.6793293148818547,2.0210731433113844,-0.0007701005752299688,0.06085240590199737,671582,MLP,4
-0.3808237016783096,-0.3167016566471609,0.5170842824601367,0.01148766905307118,-0.009919755619914625,0.001149687206435667,0.5047126836252573,0.656509509774218,1.656509509774218,-0.0062979222275316715,0.5142286021255131,0.017428518533612967,1.0471755569613928,1.260275977886867,0.03639631615146637,0.01919066714223355,120035,MLP,4
-0.40587308182148263,-0.3336052603355727,0.5671981776765376,0.011384530602204524,-0.012369936948227023,0.001103553758054196,0.4844600997857924,0.6232983530836551,1.623298353083655,-0.0230059209279716,0.5358288233510393,0.018019701056773703,0.9721788812155471,1.1700174646552173,0.1112997202709566,-0.009271584491529396,71835,MLP,4
-0.38481403794139624,-0.3194228140279626,0.5489749430523918,0.011337505265202927,-0.011821771211984786,0.0008920912732139361,0.39162806894091773,0.4793873789511205,1.4793873789511205,-0.006644343491643667,0.4358431622495118,0.017862473070496328,0.7928079095363929,0.9541444668233955,-0.06960487330100461,0.001838113554476013,36794,MLP,4
-0.37084681080887094,-0.30985034307094084,0.510250569476082,0.011312014454834493,-0.010340655876931377,0.0007076314905300248,0.3106502243426803,0.3643119346156962,1.3643119346156962,-0.02382386988028884,0.35697785678712535,0.017507607289106452,0.641624036764406,0.7721946477774722,-0.05448035141713135,-0.014308574582948855,520632,MLP,4
-0.6007516058161855,-0.4516006989475333,0.4419134396355353,0.01064578380009124,-0.009342109765744606,-0.0005091909689971018,-0.22353483538972796,-0.20031296602711024,0.7996870339728898,-0.48119480083914823,0.11955680497703725,0.015435419381553359,-0.5236758291451445,-0.6302439579345003,-0.1684040481100817,-0.03652204378465104,584184,MLP,4
-0.5525273509992985,-0.42450650321632755,0.41002277904328016,0.011246726863969849,-0.008307974302852895,-0.0002901013870713603,-0.1273545089243271,-0.11957850001247672,0.8804214999875233,-0.3930201226139616,0.15950722838533693,0.016855710580496643,-0.2732140380034074,-0.32881314563557795,-0.030191281216541885,-0.06590816896773771,44204,MLP,4
-0.36147981573594734,-0.30335534280669996,0.48519362186788156,0.011361449475741334,-0.009945922355824078,0.00039227855561882203,0.17221028591666254,0.18792761139725966,1.1879276113972597,0.003510709386318922,0.4321420626838517,0.017327764172101474,0.3593786800845472,0.4325123084322931,0.26012282396096165,-0.007986714499251937,924226,MLP,4
-0.3712768563418649,-0.3101470750392986,0.5626423690205011,0.011472598999941477,-0.012085780175956037,0.001169162093854181,0.5132621592019859,0.6707325103346031,1.6707325103346031,-0.010718246456235647,0.5646308827672328,0.01797722225694752,1.0324104909365315,1.2425062181752846,0.13030267987042463,0.026034720442474346,367242,MLP,4
-0.32735296260216273,-0.2791707276557499,0.4145785876993166,0.011729292125412509,-0.008044762133761329,0.00015313735409661685,0.06722729844841524,0.06953855500213302,1.069538555002133,-0.1216377691271191,0.25789825272295275,0.016246494651772244,0.14963105484291875,0.1800810023790073,0.05056380491232271,-0.004507386367576077,723917,MLP,4
-0.3797392478445545,-0.31596024920069987,0.3895216400911162,0.011119262105798075,-0.0066419665355482065,0.00027641637486230334,0.12134678856455139,0.12901637445398517,1.1290163744539852,-0.10231139465395245,0.27742785319060204,0.01576088717315472,0.27840906853415787,0.33506536584714564,0.14278228035445803,0.016287869278342665,826186,MLP,4
-0.4238794339617016,-0.3454972120397324,0.4533029612756264,0.012208070856684745,-0.009336756129626641,0.00042957774343934003,0.18858462936987053,0.20753927195013921,1.2075392719501392,-0.30576628258495475,0.22402070252064732,0.017506085297073655,0.38954084546776113,0.46881248009005916,-0.08324332231965761,-0.005401000803046967,593678,MLP,4
-0.1942727327113971,-0.1765667035545755,0.5148063781321185,0.01224096198249786,-0.010347394940570137,0.001281235274950063,0.5624622857030772,0.7549884675560015,1.7549884675560015,-0.0062979222275316715,0.6213551479340822,0.017717947241265596,1.1479309185162225,1.3815350742883497,-0.08253461720827442,-0.017908758339128486,241877,MLP,4
-0.5546520311618224,-0.42572794478677545,0.4806378132118451,0.011136081640146395,-0.009216217034535427,0.0005658672942979786,0.24841574219681206,0.28199279992148285,1.2819927999214829,-0.0710013629977766,0.4836506681640458,0.01699127133344917,0.528675261455036,0.6362607756508251,-0.022197779245881684,0.04966324447286587,605015,MLP,4
-0.16420812532305717,-0.15143460444644607,0.5216400911161732,0.012280086250927434,-0.009688901832279433,0.0017710031131747198,0.7774703666837013,1.1759609143644862,2.1759609143644862,0.003510709386318922,0.8424402457349061,0.017123430227526472,1.6418324177999726,1.9759456206878454,0.31648195761751063,0.06376675110355108,78107,MLP,4
-0.26818396494491026,-0.23523292217231606,0.4760820045558087,0.012145871840481163,-0.008441661335730358,0.0013596927276596383,0.5969051074425806,0.8164882559357911,1.816488255935791,-0.0062979222275316715,0.8389625559793785,0.01719617048900742,1.255189515299388,1.5106208154986562,0.19661734155483387,0.02258281367125164,560650,MLP,4
-0.6526152685983106,-0.4793177294212203,0.510250569476082,0.01036975438515648,-0.011361537446832382,-0.00027313341410913506,-0.11990556879391079,-0.11299580636172679,0.8870041936382732,-0.25460877829391393,0.3980064903043967,0.01716393033533352,-0.25261454958967006,-0.30402165749205823,-0.07806775502027133,-0.05762396214345982,807182,MLP,4
-0.31328910699812695,-0.268961466341188,0.4510250569476082,0.011520169522132485,-0.008762446850203982,0.0003855213541755628,0.16924387448307243,0.18440895082624031,1.1844089508262403,-0.09834861401395756,0.2264589263832022,0.016850207980339735,0.3631979959333985,0.4371088557679061,0.2618880342291965,-0.004247912738559819,32120,MLP,4
-0.3799795138766058,-0.31612458097492757,0.5421412300683371,0.011390890932802484,-0.011422947047439586,0.0009453751377485973,0.41501968547163415,0.5144005520877324,1.5144005520877324,-0.010718246456235647,0.46638840903688106,0.017780574854658414,0.8440314884951804,1.0157920536430056,0.2193560080403478,0.03484311732012038,750873,MLP,4
-0.34891146066365764,-0.2945444119254855,0.5261958997722096,0.01120395710003208,-0.010821318299804261,0.0007682913069433361,0.3372798837481241,0.40113116270634297,1.401131162706343,-0.0062979222275316715,0.38864860731337103,0.017409949651683625,0.7005331227118008,0.8430917436896445,-0.08493670559959367,-0.056304576104693804,328654,MLP,4
-0.19432398618664593,-0.17660890629112613,0.530751708428246,0.01224978449260089,-0.010821225902228672,0.0014237522799929406,0.6250272509169008,0.8682968695412563,1.8682968695412563,-0.0062979222275316715,0.6763959744821477,0.017878381807735353,1.2641729554492631,1.521432387392603,-0.012354535199274602,-0.0055172078286936915,256363,MLP,4
-0.3802115836297162,-0.31628326936047957,0.45662100456621,0.011373819497621299,-0.00862100160465612,0.0005090536931874499,0.22296551761610317,0.24977747768618985,1.2497774776861899,-0.011083920486271381,0.3792879981228907,0.015635111232858673,0.5168480566952964,0.6220267325191264,0.07765205945259358,0.007362188808885321,483564,MLP,7
-0.4764741850522114,-0.3790310417743419,0.541095890410959,0.010810952489282115,-0.01252482767684984,0.00010206707057772591,0.04470537691304344,0.04571972134618418,1.0457197213461842,-0.22209599097186583,0.25437819408034557,0.017943848802076823,0.09029637580303915,0.1086717051007434,-0.035980732860454244,0.026772099306152597,263340,MLP,7
-0.24323102267226204,-0.21590964980208183,0.4041095890410959,0.012295013879400173,-0.005994259991765136,0.0013966109561715304,0.61171559880313,0.8435915506879434,1.8435915506879434,-0.011590223293751478,0.6737805231387028,0.014427260031246192,1.5367097814839172,1.8494305082976252,0.1209218239739468,0.0361708373700926,416809,MLP,7
-0.19110422674566507,-0.17395351247288515,0.3378995433789954,0.013891387605498667,-0.004992494669141738,0.0013883605286819606,0.6081019115626987,0.8369414104250299,1.83694141042503,-0.018144572619348764,0.6678905305925582,0.015507739424446488,1.42119618667312,1.7104098754231967,0.20461487894389202,0.02651826780733515,498465,MLP,7
-0.18415875878417864,-0.1681962628064121,0.5273972602739726,0.01239257391693196,-0.009629898766732824,0.001984692991090384,0.8692955300975882,1.385229938814656,2.385229938814656,0.0027101198211312294,0.9055036779209331,0.017117981313419607,1.8405221925747424,2.215068801644242,0.13201525459823973,0.09502317654523205,107635,MLP,7
-0.7639970917225583,-0.5341991476740304,0.4634703196347032,0.01070539802470915,-0.010761120245405572,-0.0008120261613113059,-0.35566745865435223,-0.2992944049222883,0.7007055950777117,-0.5453305737573828,0.21866651796517544,0.017361809456885858,-0.7424638380843597,-0.8935553674520121,-0.09998711675974215,-0.029542184474517962,727464,MLP,7
-0.37914122454822063,-0.3155510551525118,0.5525114155251142,0.01152878288068813,-0.011885450846179714,0.0010511805736879085,0.4604170912753034,0.5847348262390366,1.5847348262390366,-0.017520397097541718,0.5046321845838975,0.017996138826887803,0.9272530316931473,1.1159491963855368,0.2171481893952092,0.07717726847347584,325348,MLP,7
-0.4044513864791952,-0.33265717625439617,0.4315068493150685,0.01052474861528565,-0.007492207552487055,0.00028223243771623423,0.12361780771971098,0.13158330593889334,1.1315833059388933,-0.007098511792719364,0.43050050843521603,0.014671551854686162,0.3053733577096048,0.36751689289311495,0.10322846053328937,-0.032184925539818485,24175,MLP,7
-0.2627352204726776,-0.2310545286227036,0.5547945205479452,0.011343580158598028,-0.012261637649834694,0.0008344078466245557,0.36547063682155567,0.44119212664466856,1.4411921266446686,-0.011083920486271381,0.4168393603868026,0.01801940652572436,0.7350860255085195,0.8846761686425371,0.28560027657568876,-0.03001477065132847,996637,MLP,7
-0.3450651212478988,-0.2918257652237355,0.5570776255707762,0.011689748539344586,-0.011881298702739757,0.0012496043270971823,0.5473266952685663,0.7286256922554719,1.728625692255472,-0.02779191918671131,0.5986954188338132,0.0180210036157941,1.1007629843096294,1.324768456683553,0.19149138112408168,0.00022551924411215462,313805,MLP,7
-0.4484962220885791,-0.3614122759370243,0.5068493150684932,0.011187853680976413,-0.010484628472719729,0.0005000542627153024,0.21902376706930227,0.24486086303034282,1.2448608630303428,-0.22752574244441348,0.28062573176794103,0.016977295725102527,0.4675724247035082,0.5627235002371932,0.010546940039092404,-0.02517935614005055,445840,MLP,7
-0.22801371541572735,-0.20388665926486038,0.5296803652968036,0.011807807523821575,-0.011319745399287588,0.0009304652814460315,0.4075437932733621,0.5031212706934403,1.5031212706934403,-0.015504244714975357,0.458912516838609,0.017890986059972937,0.8255933116376186,0.9936017043599852,0.17915132894205318,-0.019517221181321175,246763,MLP,7
-0.4682313722441904,-0.37389135726428646,0.54337899543379,0.011499874300728557,-0.011707194102091307,0.0009030394135962003,0.3955312631551351,0.48517299906341393,1.485172999063414,-0.20336390165539342,0.446899986720382,0.01785425163890971,0.8029071486564012,0.9662989029857658,0.1624443002422365,-0.023874341619176922,102940,MLP,7
-0.3947570822201669,-0.32615629201346186,0.2945205479452055,0.012309175632789581,-0.005514159982663829,-0.0002648214109891942,-0.11599177801326732,-0.1095174551969571,0.8904825448030429,-0.12292323053043219,0.27183385168973473,0.01514841058326221,-0.27751489496731746,-0.33398922779287293,0.15220272063671483,-0.029683580830493907,108714,MLP,7
-0.4602499414468184,-0.3688741187240534,0.5388127853881278,0.011033770632296845,-0.012705632594120424,8.546138175737333e-05,0.03743208520972985,0.03814148952606744,1.0381414895260674,-0.10879986210420611,0.3514500793426123,0.018068893354404165,0.07508248293740116,0.09036178220267212,0.10741350572641298,0.016192539590950177,748715,MLP,7
-0.6179553828551434,-0.4609545467911009,0.4406392694063927,0.011950848894131188,-0.009435608058161701,-1.1895291512093592e-05,-0.0052101376822975,-0.005196588456287343,0.9948034115437127,-0.2698854284353729,0.3480699544197705,0.017325951311640858,-0.010898789641341741,-0.01311669536374751,-0.004776027064637247,-0.016559424392659488,315767,MLP,7
-0.32123211259022355,-0.2747451093396225,0.4360730593607306,0.011847884498510835,-0.007547596162988669,0.0009102504268433068,0.3986896869573684,0.4898712203954849,1.489871220395485,-0.1768980547785759,0.4608846581140824,0.015377885117043567,0.9396466062353246,1.1308648656559113,0.1259903519723924,0.060388921049097,968741,MLP,7
-0.29081047693034634,-0.25234263709014304,0.5547945205479452,0.011784677299670995,-0.010745679364481476,0.0017540390587811958,0.7682691077461641,1.156031164557172,2.156031164557172,-0.02140806196257472,0.819637831311411,0.017193994539501958,1.6194321088448853,1.9489868446873269,0.13740603899909545,0.07825382840959388,998617,MLP,7
-0.287444565910846,-0.24982184893911508,0.4885844748858447,0.011310996572617207,-0.009459501430748267,0.0006886414293435401,0.3016249460524705,0.3520540383995636,1.3520540383995636,-0.007098511792719364,0.38207158424847876,0.016760099641573052,0.652254104749962,0.7849879365784199,0.10861528833443444,0.0009547927417797105,400494,MLP,7
-0.40972953295568004,-0.33617023006606395,0.547945205479452,0.01179176852827671,-0.011648933086322321,0.0011952869764716677,0.5235356956945907,0.6879853136550425,1.6879853136550425,-0.02779191918671131,0.5749044192598376,0.018013289253513132,1.053366336572287,1.2677265823018908,0.21197276769076562,0.009747928297931469,879764,MLP,7
-0.2448774340446107,-0.21719952294931888,0.4885844748858447,0.01212549706489932,-0.009480115572224739,0.0010760513326714908,0.47131048371011275,0.6020923340332538,1.6020923340332538,-0.007098511792719364,0.5888014166739595,0.01736503003188477,0.9836887879701729,1.1838696395786503,0.09738902023525904,0.022677823966532798,320285,MLP,7
-0.46183152322191745,-0.36987150698222127,0.5570776255707762,0.011487794244024624,-0.011952847705953862,0.0011054094533948832,0.48416934058695915,0.6228264327659565,1.6228264327659565,-0.015504244714975357,0.5355380641522061,0.017997570321217526,0.9750111126282921,1.173426055688087,0.10703884832592432,0.041545886130289665,214908,MLP,7
-0.48136174777755514,-0.3820586616401124,0.541095890410959,0.011469246397747974,-0.011511243133267344,0.0009234053115971105,0.40445152647953364,0.49848039780758313,1.4984803978075831,-0.09178158298527705,0.45582025004478055,0.01785563198337007,0.820951333252429,0.988015082508631,0.0900790886641488,0.03394162099278701,109776,MLP,7
-0.473559902922716,-0.3772187235157306,0.5228310502283106,0.011433958550498264,-0.010788463033163005,0.0008301089820388925,0.36358773413303425,0.4384810552575038,1.4384810552575038,-0.14154448555564159,0.4254927999827487,0.017511629005817708,0.7525040395132575,0.9056387517421326,0.11232686040392695,0.019935422468166628,111363,MLP,7
-0.48965295287780464,-0.38716095869134937,0.4908675799086758,0.01163984982110357,-0.011109348638443905,5.749535425633896e-05,0.02518296516427654,0.02550273463679087,1.0255027346367909,-0.06262871222497779,0.42702424065282685,0.01784930897608466,0.0511342178369977,0.06154004069288856,0.21171484270099541,-0.051556620558324814,901329,MLP,7
-0.33692390570649877,-0.28603683364154275,0.5342465753424658,0.011205446446556614,-0.01125253044472843,0.0007455667985608403,0.32655825776964775,0.386189003690379,1.386189003690379,-0.10185047560298699,0.3815719350495783,0.017505863249652975,0.6760881105880944,0.8136721670447742,0.14325106620802538,0.025142041407861134,478636,MLP,7
-0.4947111758374376,-0.3902530084694018,0.5091324200913242,0.011257297130964718,-0.011015016095595012,0.0003245406384753532,0.14214879965220462,0.1527481643018731,1.152748164301873,-0.2284981843076821,0.2662129915297555,0.017610979495671458,0.29254039616057154,0.35207242127813365,0.10402003747500899,-0.049729765950284825,199645,MLP,7
-0.28500768885714933,-0.24799152778856415,0.5593607305936074,0.011776406293790146,-0.011870922802784902,0.0013564644772627865,0.5941314410410996,0.8114569043626332,1.8114569043626332,-0.032869580667465925,0.6455001646063465,0.01802065156254618,1.1949182825074778,1.4380843756053479,0.18977545031225912,0.012911521835694596,312911,MLP,7
-0.3534217467531562,-0.29771905379787367,0.4611872146118721,0.011087035786343645,-0.00975503705829674,-0.0001429395363393036,-0.06260751691661426,-0.06068793455290511,0.9393120654470949,-0.15697076079595718,0.196450985957199,0.017012979532705728,-0.13337433279537889,-0.16051603436624298,0.1074257601106227,-0.03986545114701768,602509,MLP,7
-0.22419469576561823,-0.2008404737540782,0.3881278538812785,0.01251081431240463,-0.006024241082157649,0.0011697301897044222,0.5123418230905372,0.6691955822264741,1.6691955822264741,-0.03847654862329364,0.5866708613939409,0.015401466735493783,1.2056573193266396,1.4510088084178407,0.12900265080158563,0.04213237381515014,671582,MLP,7
-0.6231890001799911,-0.4637683348462941,0.4132420091324201,0.011355730985971946,-0.009391003424108774,-0.0008175812135503037,-0.35810057153503294,-0.3009972283104124,0.6990027716895876,-0.46910388256583246,0.15408511761415866,0.016744997686279472,-0.775079199715236,-0.9328079612508586,0.08879054880699995,-0.06336852644703263,120035,MLP,7
-0.28651388405342004,-0.24912334675284775,0.4726027397260274,0.011917644871661304,-0.009023640075248961,0.000873268564044247,0.38249163105137995,0.4659326059915694,1.4659326059915694,-0.08624884762321017,0.5460972164764826,0.017318641477764758,0.8004501223255622,0.9633418713388686,0.19554651915992266,0.06671471143639678,71835,MLP,7
-0.3853620632435195,-0.31979568536512737,0.541095890410959,0.011768225526129793,-0.011662312796803027,0.0010158551998524041,0.44494457753535244,0.5604037120165506,1.5604037120165506,-0.02779191918671131,0.5073263586855319,0.01801183679870045,0.8953113189617165,1.0775073391626704,0.29091466309674313,0.06278604688019494,36794,MLP,7
-0.42855622293427587,-0.34855103684769806,0.5159817351598174,0.011090262384086037,-0.011856676099959482,-1.6474964356085267e-05,-0.0072160343879659194,-0.007190061323547048,0.992809938676453,-0.15919288749500993,0.26936333543926594,0.017811671852180702,-0.014683178167641255,-0.01767120766016258,0.15132897529555867,-0.05328367727332825,520632,MLP,7
-0.24794502672739327,-0.21959715660290335,0.4908675799086758,0.012250253340286246,-0.010043589785146802,0.0008997350366981875,0.39408394607380615,0.48302503757876347,1.4830250375787635,-0.04887044057250023,0.431170159670728,0.017688087163538924,0.8074842002798135,0.9718073854672253,0.1834484947909457,-9.098568144071275e-05,584184,MLP,7
-0.37848465659772046,-0.31510152035264904,0.4954337899543379,0.010655560613725058,-0.009504877580003181,0.00048328472145578796,0.21167870799763477,0.23575078444533193,1.235750784445332,-0.011430341750383377,0.48114434343369794,0.016177524230927068,0.47423245998223884,0.5707388539358784,-0.013781185256256708,0.011800868995670066,44204,MLP,7
-0.3056593385626911,-0.2633624792859358,0.4589041095890411,0.01114068792181814,-0.009558173204489241,-5.938076981393519e-05,-0.026008777178503806,-0.025673462266723956,0.974326537733276,-0.040379924375884,0.2796505613841873,0.01673291941331115,-0.056334490965968875,-0.06779857037239154,0.1336958236671128,-0.06389620250981129,924226,MLP,7
-0.5142340580350719,-0.4020415792905496,0.4885844748858447,0.010932153563652864,-0.01028811941929624,7.977651301222573e-05,0.034942112699354766,0.03555976130530181,1.0355597613053018,-0.08944170020913589,0.42479235782593605,0.017219548227574762,0.0735450702090754,0.08851150569771937,0.05277292488515558,-0.06821933510277858,367242,MLP,7
-0.35472488938830793,-0.29863362999967724,0.5068493150684932,0.011281110009869802,-0.010593507866865871,0.0004936272213426213,0.2162087229480676,0.24136145258443098,1.241361452584431,-0.011430341750383377,0.3870620945126575,0.017153350866342083,0.45682556541429253,0.5497896530805334,0.06585730988382724,-0.06743424705754376,723917,MLP,7
-0.44560701258888,-0.3595645943339485,0.3812785388127854,0.011536517106980388,-0.00762237851581312,-0.0003175027874877407,-0.13906622091963072,-0.12982959693405705,0.870170403065943,-0.22291180329557392,0.2226952092933061,0.016463617993425196,-0.3061417301826934,-0.36844162930762125,-0.09117653030984496,-0.050321333826285425,826186,MLP,7
-0.39556430326774716,-0.32670001335614784,0.4429223744292237,0.01155853347433746,-0.009137863976544305,2.9033524531178398e-05,0.01271668374465662,0.012797884604203169,1.0127978846042032,-0.03314793192475918,0.362416371342988,0.016909575152443918,0.02725632722313162,0.03280299489076316,0.07333609547705887,-0.05326466130961763,593678,MLP,7
-0.48310079344082624,-0.3831323559724109,0.4155251141552511,0.011339368189810257,-0.008125275137672361,-3.7226997028899124e-05,-0.01630542469865759,-0.01617321083776846,0.9838267891622315,-0.2988214593169687,0.18427933412385755,0.016423482266848727,-0.035982640439787564,-0.043305114472679276,0.23656844182391093,-0.04931452283015852,241877,MLP,7
-0.15018925353433588,-0.13945490018853823,0.4680365296803653,0.011726576829025318,-0.009037538400779118,0.0006808260332617708,0.2982018025686557,0.34743367602168296,1.347433676021683,-0.08856728350292542,0.3576379943806387,0.017000708586961708,0.6357251620055518,0.7650953509062587,0.145885834227453,0.027918485042090123,605015,MLP,7
-0.18688616889994591,-0.17046184174767987,0.3561643835616438,0.012258259771069554,-0.0055993881038594855,0.0007608700433755144,0.33326107899847557,0.3955115896815371,1.395511589681537,0.004904315806925297,0.35265951471592416,0.015212558095997926,0.7939780681620401,0.9555527529473569,0.2032104467473365,0.022531395476425933,78107,MLP,7
-0.24333888635737821,-0.21599422011560343,0.5662100456621004,0.011573439746635198,-0.011820538562920103,0.0014253669639513909,0.6243107302107092,0.8669586756279934,1.8669586756279934,-0.011083920486271381,0.6756794537759561,0.017962681458017382,1.2596671123194725,1.516009604346483,0.17905706854292447,0.12985149462514556,560650,MLP,7
-0.4968145029852167,-0.3915341580592928,0.4748858447488584,0.010844728789414568,-0.01091384679577617,-0.0005810072484709796,-0.2544811748302891,-0.2246813515414735,0.7753186484585265,-0.4024262488237582,0.09438825416145846,0.017607675464473508,-0.523817249749414,-0.6304141576580845,-0.02556608525040321,2.7854419743308268e-05,807182,MLP,7
-0.39645725539594423,-0.32730096965959976,0.3972602739726027,0.012644740305697122,-0.008170141557291738,9.878411430657656e-05,0.04326744206628064,0.04421712509557252,1.0442171250955725,-0.2637031749327434,0.1327540804632008,0.0170773581845951,0.09182621706959625,0.11051286935004702,0.14184152111599993,-0.0195278206389194,32120,MLP,7
-0.3045908893691376,-0.26257499890451286,0.5136986301369864,0.011664054003211074,-0.010760125692939536,0.0007591446989186545,0.3325053781263705,0.394457398732861,1.394457398732861,-0.025516421534121037,0.6027098752565507,0.017584900188886254,0.6853066190462035,0.8247666436914729,0.22436911955916788,-0.003409130106853116,750873,MLP,7
-0.24051987542770803,-0.21378098114644728,0.4840182648401826,0.012289115241847472,-0.00950956655992942,0.001041393581569897,0.45613038872761535,0.5779560790388503,1.5779560790388503,-0.01830017101019621,0.5203083401611366,0.017607567642808696,0.938892352311291,1.129957120917823,0.3270521614687367,0.005062209074588832,328654,MLP,7
-0.47863755660364404,-0.3803729762780512,0.5182648401826484,0.011594451326518016,-0.010730597850188262,0.0008396901934471833,0.36778430472986656,0.4445304269878063,1.4445304269878063,-0.025516421534121037,0.47247335569772986,0.0176705843292617,0.7543422635510956,0.9078510547141231,0.12219003367299065,0.0091450384550957,256363,MLP,7
-0.4770378758548759,-0.3793809776277568,0.547945205479452,0.01127704831653015,-0.012105691797934023,0.0007067685387586748,0.3095646199762996,0.362831635277467,1.362831635277467,-0.061620682430657325,0.41541719342421857,0.017902597776185972,0.6267024969507009,0.754236571831866,0.09781669488574789,-0.03524776178629818,483564,MLP,10
-0.20628603924706113,-0.18639967862734608,0.5296803652968036,0.011527584577991013,-0.01105974800379645,0.0009043185692051278,0.39609153331184643,0.48600533031575055,1.4860053303157505,-0.03924112860113382,0.43465282262695837,0.017606980609985116,0.8153364031323974,0.9812575130631382,0.14733939014630573,-0.02418586541209235,263340,MLP,10
-0.2652454099152237,-0.23298230687029386,0.5045662100456622,0.01246090107502922,-0.010501550053883922,0.001084526885590519,0.4750227758886467,0.6080508218551619,1.608050821855162,-0.007098511792719364,0.5632592108340759,0.01780745519967958,0.9668046547675864,1.1635495821239037,0.15234964909451781,0.01968758855756251,416809,MLP,10
-0.3644654539966723,-0.3054321698794189,0.4794520547945205,0.012411325103087057,-0.008442296640408275,0.0015560151544182534,0.6815346376351954,0.9769092448273011,1.9769092448273011,-0.007098511792719364,0.7252617932281282,0.01677277724227947,1.472682457545943,1.7723736120102869,0.1550420020543817,0.046723970648867214,498465,MLP,10
-0.22610584722133353,-0.20236633011028127,0.4908675799086758,0.01229292682250542,-0.0100665336755439,0.000909000587197205,0.39814225719237584,0.4890558437445214,1.4890558437445214,-0.04225314408540726,0.5351157192380924,0.01766278352561553,0.816968455231637,0.9832216880686165,0.11659723784426453,-0.024790045540698743,107635,MLP,10
-0.302938099950552,-0.2613551828938866,0.5205479452054794,0.011664591730358984,-0.010909426762962193,0.0008414321787666374,0.3685472942997876,0.44563300921291127,1.4456330092129113,-0.007098511792719364,0.3917439555043529,0.01769966065324805,0.754665414357049,0.9082399667692895,0.1249478514375697,0.05444100072411781,727464,MLP,10
-0.33078056713566184,-0.2816372158496696,0.4520547945205479,0.011615724079349845,-0.0086543190759888,0.0005088511175204511,0.22287678947395761,0.2496665921719048,1.2496665921719048,-0.011083920486271381,0.3388643287362356,0.01668718784311325,0.48406964336008007,0.5825779059637309,0.1426499375766418,0.04017576378609538,325348,MLP,10
-0.3222875340725295,-0.2755101551374717,0.5365296803652968,0.011399949426305149,-0.011598714383347981,0.0007407513592741317,0.3244490953620698,0.3832683870641078,1.3832683870641078,-0.011083920486271381,0.4293894996990275,0.01787695534837698,0.6577777395915494,0.7916356321392972,0.11629816064983342,-0.012611286997037063,24175,MLP,10
-0.6287204193649814,-0.466726268638772,0.4452054794520548,0.010866878332270949,-0.009293437336088606,-0.00031795433305181753,-0.13926399787669652,-0.1300016795709531,0.8699983204290469,-0.24807538436652976,0.3806450349984516,0.016604315786238062,-0.30397931635138054,-0.36583916385878884,0.02388787866434217,-0.08226531689981882,996637,MLP,10
-0.29235220077680424,-0.2534944301739467,0.5319634703196348,0.011714248189604827,-0.01093891947959669,0.0011117382074442997,0.4869413348606031,0.6273311389701077,1.6273311389701077,-0.015575631987303495,0.5725744930859946,0.0172744208259573,1.0216433359617487,1.229547945157264,0.21808788142533742,0.022452164430099397,313805,MLP,10
-0.3697329905699007,-0.3090812121578612,0.5525114155251142,0.011785040052551973,-0.011732073075814252,0.0012614003878036175,0.5524933698579844,0.7375800509035546,1.7375800509035546,-0.015504244714975357,0.6038620934232313,0.018004293758159803,1.1121852735699567,1.338515183936275,0.18924443928810306,0.031959948275486795,445840,MLP,10
-0.37510992673924193,-0.31278626852595004,0.4337899543378995,0.011238354831603877,-0.00845401396908264,8.833779377224148e-05,0.03869195367224165,0.03945023549912374,1.0394502354991237,-0.08707067512659705,0.2880392516126449,0.016548624801752166,0.08473930727997958,0.10198377209798573,0.10311618878903939,-0.06833739827323458,246763,MLP,10
-0.2813681226107292,-0.2452495563695487,0.5296803652968036,0.011734970870308862,-0.010819914517835889,0.0011269654137841612,0.49361085123746307,0.6382209250884721,1.638220925088472,-0.015504244714975357,0.5417820251932426,0.01759845778429941,1.0165675620862682,1.2234392503525304,0.07116458082093277,0.04909986611892771,102940,MLP,10
-0.32218362035928294,-0.27543486679580476,0.5616438356164384,0.011768368353035677,-0.011755793309665327,0.0014564070762352376,0.6379062993910338,0.8925143699235714,1.8925143699235714,-0.015504244714975357,0.6892750229562807,0.017981170516583236,1.2857753374307,1.5474308581316836,0.20529068281578822,0.060138729610299035,108714,MLP,10
-0.20469783240696415,-0.18510648637527594,0.4315068493150685,0.011799905784981708,-0.008436856482806334,0.00029544504370494426,0.12940492914276547,0.13815090133719932,1.1381509013371993,-0.04722519149072468,0.2679005309364584,0.016616466408197895,0.2822528301243079,0.33969133363696574,0.17370824387101064,-0.0034943544790579963,748715,MLP,10
-0.37416139821289107,-0.31213411745489505,0.5296803652968036,0.012149059094757957,-0.010928858796759616,0.0012950611823090517,0.5672367978513648,0.7633877165168086,1.7633877165168086,-0.05250172968953848,0.6071050811115128,0.017934923790427607,1.1462808075599877,1.3795491654451133,0.15843618929760908,0.03271449647168861,315767,MLP,10
-0.2759353086585179,-0.24113797902449485,0.545662100456621,0.012098622852554627,-0.010988204656661683,0.0016094021348969888,0.7049181350848812,1.023681009666861,2.023681009666861,-0.024094007909297943,0.7562868586501281,0.017894686184116996,1.427712483344889,1.718252239681626,0.15024577022888314,0.06239827385346054,968741,MLP,10
-0.22727638360811397,-0.20329944311630266,0.5273972602739726,0.011948765943608513,-0.010875288123223572,0.0011620554599686911,0.5089802914662869,0.6635939487985398,1.6635939487985398,-0.04626533202826977,0.5549612403628998,0.017349308628899537,1.0632734096229906,1.2796497465640533,0.10579384198567576,-0.0392570888962814,998617,MLP,10
-0.3864024306531064,-0.32050297977910946,0.5,0.011900665480699327,-0.011027066180102829,0.00043679965029824915,0.19131824683063314,0.21084473827033667,1.2108447382703367,-0.06189624792386894,0.3245061827292375,0.017772280803562975,0.3901569844262625,0.46955400344139936,0.03451058005814852,0.008693726594908741,400494,MLP,10
-0.3580762682831846,-0.3009802400635754,0.5,0.011925396296821218,-0.010743981610944274,0.0005907073429384721,0.25872981620705104,0.295283792858297,1.295283792858297,-0.22148197069691378,0.32207698382626404,0.017780061237896796,0.5273991037906509,0.6347249196639955,0.1518267294522525,0.0068491742964894905,879764,MLP,10
-0.3749761199578643,-0.3126943085161237,0.454337899543379,0.012227042472677658,-0.010228591651809655,-2.614601077546505e-05,-0.011451952719653491,-0.011386628709391333,0.9886133712906087,-0.3540508160222089,0.020925303935655393,0.017696171377365153,-0.023454511423903972,-0.028227508868132467,0.09575549461459246,-0.02059697459875581,320285,MLP,10
-0.5761706992489053,-0.43795350390689747,0.4611872146118721,0.012561315546648048,-0.009688259494720053,0.0005729600449063312,0.25095649966897327,0.2852541741331198,1.2852541741331198,-0.23637297843743,0.3397977208114753,0.0177353939634508,0.5128422158952481,0.6172057023699992,0.2070848173519647,0.010456945160338049,214908,MLP,10
-0.43264834755609627,-0.3512114002080464,0.454337899543379,0.010751428025273457,-0.010103123669552025,-0.0006281104566062011,-0.2751123799935158,-0.24051323268907598,0.759486767310924,-0.40704402314077015,0.02560432441532612,0.016744367775166448,-0.5954804933957141,-0.7166608847369283,0.03553887570448188,-0.01882690411925231,109776,MLP,10
-0.40129831313242903,-0.33054967457604534,0.5,0.011931676388385687,-0.010165380261383007,0.0008831480635013399,0.38681885181358666,0.47228976449461557,1.4722897644946156,-0.0012752888724207878,0.774923140033934,0.01762243467042991,0.7955507365143736,0.9574454596023708,0.00601645497154894,-0.0027180850165467356,111363,MLP,10
-0.21019263955531642,-0.1895718895790789,0.5136986301369864,0.01285318512995016,-0.009646498255505164,0.0019115582781191473,0.8372625258161861,1.3100346532224587,2.3100346532224587,-0.02620930690318346,0.9117748897006095,0.01777312498757771,1.7073557376246387,2.0548029483035144,0.18513235024887773,0.07992217120799894,901329,MLP,10
-0.2503560520708561,-0.22147646120056452,0.4269406392694064,0.012447897883248515,-0.008456519744368233,0.0004684256811211089,0.20517044833104592,0.2277343123942488,1.2277343123942488,-0.006816737062763423,0.30606276089383755,0.01714350626571438,0.4337518267570758,0.5220204043080451,0.16941858718668848,-0.04802354903294466,478636,MLP,10
-0.4480564876575954,-0.3611314051778044,0.5182648401826484,0.011617642880491384,-0.011212056012245135,0.0006197742358169424,0.2714611152878206,0.31187985879395486,1.3118798587939549,-0.12348478201238322,0.3245717056452122,0.017852696573161644,0.5510994342810365,0.6632482718244335,0.08249471558856164,0.0075039717317918605,199645,MLP,10
-0.3066127007477917,-0.2640644269839486,0.4520547945205479,0.012812943779348955,-0.008703864340835329,0.001022911932672635,0.44803542651061434,0.5652341454553873,1.5652341454553873,-0.006709947716444731,0.5012064350448782,0.01752119387348888,0.9267760883807867,1.1153751950202586,0.11612811058227389,0.07924329066509259,312911,MLP,10
-0.26058722101151943,-0.22940105897431373,0.408675799086758,0.012109893475195482,-0.008348517516325857,1.2339943679438511e-05,0.005404895331594162,0.005419528129402051,1.005419528129402,-0.13651905416918453,0.1240681668423349,0.016747903524801447,0.01169642115026145,0.01407664503332734,0.17892986069473898,-0.016336697443462084,602509,MLP,10
-0.24830547819146886,-0.21987840325944497,0.5547945205479452,0.011817247545956361,-0.01145619645413274,0.001455782751396145,0.6376328451115114,0.8919969245221122,1.8919969245221122,-0.01650800323113799,0.6752744327204709,0.017936160017110757,1.2884494070493944,1.5506491014159487,0.12484171608914728,-0.007711869707257534,671582,MLP,10
-0.39137658623440075,-0.3238745114615498,0.3561643835616438,0.01328286570505719,-0.007195780868642032,9.79836644563201e-05,0.042916845031868434,0.04385108983741892,1.043851089837419,-0.34189560539016384,0.10411312404539785,0.01627098968403047,0.09559605668707141,0.11504987203198158,0.11758391962486582,-0.029835631145540355,120035,MLP,10
-0.17329682097988552,-0.15911201539685438,0.5068493150684932,0.011754296835771366,-0.009010599580640835,0.0015140739454858974,0.6631643881228229,0.9409244653894426,1.9409244653894426,-0.11909490861216909,0.6893622672905622,0.016596965465311156,1.4481670645241473,1.7428693319414545,0.19259263605477125,0.08025791610962203,71835,MLP,10
-0.24071461014682427,-0.21393407037986933,0.5228310502283106,0.011466714472260314,-0.010477163657680701,0.000995777191078415,0.4361504096923454,0.546741422155675,1.546741422155675,-0.029936745762825012,0.47199680569246993,0.01738076658112337,0.9094807630701124,1.0945602677868251,0.1369696664202916,0.07003163173599024,36794,MLP,10
-0.4005690859630704,-0.33006131516937764,0.4794520547945205,0.011236834176486896,-0.009383937447637436,0.0005027338789975163,0.2201974390009127,0.24632277902110777,1.2463227790211078,-0.017887566704303026,0.5050011691528198,0.0172629006376226,0.4623008082113753,0.5563791088068342,0.09555517556957202,-0.028504802497740303,520632,MLP,10
-0.25667702354257926,-0.22638196616775874,0.4703196347031963,0.012215118429152938,-0.00840375742659646,0.001293704733870151,0.5666426734351262,0.7623403559811726,1.7623403559811726,-0.016081934794783592,0.5748417216418602,0.016506014252527287,1.2442086660297196,1.4974053613569305,0.18437261386661227,0.08168457792407992,584184,MLP,10
-0.25048741803038865,-0.22157872597505546,0.454337899543379,0.011731000536836738,-0.00919807558001514,0.000310796902298841,0.13612904320689267,0.14582974559993334,1.1458297455999333,-0.014314762316644192,0.25384945770565537,0.01680023130823444,0.2936714251055349,0.3534336148241024,0.09741027088327037,-0.023288951137220754,44204,MLP,10
-0.6326576224673772,-0.4688217477579355,0.4337899543378995,0.010708478102720907,-0.0096997521884312,-0.0008468669023149892,-0.3709277032139653,-0.30990616867860055,0.6900938313213995,-0.3981373871101823,0.2345202353571949,0.016995347935899848,-0.7910161859166877,-0.9519881271132906,0.09744647554049277,-0.08806576892267129,924226,MLP,10
-0.4655562695406843,-0.37221421007108335,0.3835616438356164,0.011825146723281034,-0.008058817755146367,-0.0004320916538317473,-0.18925614437830518,-0.17242549901219895,0.827574500987801,-0.1927177374418534,0.2728385320988309,0.016818890710452908,-0.40782965273027616,-0.4908230630376139,0.0077627834978855285,-0.05027663054253435,367242,MLP,10
-0.3335670198430307,-0.28363611356412455,0.5296803652968036,0.012246829314900141,-0.010715738220347456,0.0014470829398750152,0.633822327665257,0.8848011557411048,1.8848011557411048,-0.016330400481820107,0.6780374209738511,0.017908450939993853,1.2827312417658514,1.5437672884319378,0.22168309736373806,-0.02778133609808863,723917,MLP,10
-0.2674175461870618,-0.23464656566987485,0.5068493150684932,0.012295621626591284,-0.010301856034789968,0.0011516600401566945,0.504427097588632,0.6560365013342071,1.656036501334207,-0.020689502078312216,0.5583695089699177,0.017727736966191992,1.0312673524960765,1.2411304508492358,0.17923611050990326,0.025200621670415875,826186,MLP,10
-0.5552798619319219,-0.4260883772962972,0.2420091324200913,0.012193517830314275,-0.005120423702026594,-0.0009302917330125944,-0.40746777905951603,-0.33466711129592963,0.6653328887040704,-0.40746777905951603,0.14781208287240588,0.014647513282248755,-1.0082205183347335,-1.2133935816425436,0.011053841898213913,-0.0671554410600982,593678,MLP,10
-0.40587308182148263,-0.3336052603355727,0.5662100456621004,0.011411137587460431,-0.012369936948227023,0.0010951463505183842,0.4796741015270527,0.6155478118252087,1.6155478118252087,-0.02779191918671131,0.5310428250922996,0.018039444761249482,0.963716432863511,1.159832906487028,0.2235748478927098,-0.03723299791598744,241877,MLP,10
-0.2573809758760035,-0.22692636475004646,0.5068493150684932,0.012507152485701587,-0.010052540114833796,0.0013818246279033164,0.6052391870216525,0.8316902730350522,1.8316902730350522,-0.007098511792719364,0.6610976698029845,0.01772859420945108,1.2373110730869632,1.4891041069653341,0.04361540785594584,0.010317769520101983,605015,MLP,10
-0.3898468172264984,-0.3228394041080188,0.4863013698630137,0.011886425051615303,-0.011239664251431046,6.584656214780882e-06,0.0028840794220741373,0.0028882423802691903,1.0028882423802692,-0.11395000201810035,0.27589681520839804,0.017974811452873034,0.005815258599682797,0.006998664808073292,-0.025541265667594383,-0.0452808239846565,78107,MLP,10
-0.26240300404606387,-0.23079902986785006,0.3926940639269406,0.012910808396702842,-0.007192441112190289,0.0007019856355942279,0.307469708390272,0.3599796119063665,1.3599796119063665,-0.16054663897011778,0.38300775565221556,0.016958906473484237,0.6570987646965979,0.7908184857267333,0.1630231229931888,0.05741271946717191,560650,MLP,10
-0.3868786836392246,-0.3208265152155739,0.5296803652968036,0.011572489798787689,-0.01125030464991318,0.0008384814507685582,0.36725487543662894,0.44376585267666346,1.4437658526766635,-0.029936745762825012,0.4904912906240497,0.017789120149809916,0.7482371401144168,0.9005035375207247,0.1396313498121775,0.023332292136782982,807182,MLP,10
-0.31837866379646584,-0.27267267626204317,0.5114155251141552,0.01169292187564354,-0.009984713242799707,0.0011015659045319993,0.48248586618501577,0.6200967443325804,1.6200967443325804,-0.01830017101019621,0.5241172779533372,0.01738930733202098,1.00560742776896,1.210248726659829,0.1031725180700293,0.01438587363034998,32120,MLP,10
-0.35013565298868343,-0.2954074968432986,0.5639269406392694,0.01149509065256462,-0.011863501591667965,0.0013090378702622823,0.5733585871748801,0.7742159147705137,1.7742159147705137,-0.011083920486271381,0.624727310740127,0.017899867732272912,1.160920978841173,1.3971686143094142,0.03147520147601133,0.10071169334737491,750873,MLP,10
-0.5092477751750266,-0.3990525435705916,0.4977168949771689,0.010991003149199869,-0.011566063607493892,-0.00033903038155955537,-0.14849530712308479,-0.13799594756007472,0.8620040524399253,-0.29496941355682793,0.2142783616181987,0.017723563247778518,-0.3036601829875326,-0.3654550867959448,0.05613470712992908,-0.05410878306983711,328654,MLP,10
-0.6640099726500921,-0.4852170753187437,0.4863013698630137,0.011709554565192813,-0.010680212374265668,0.00020796195930660594,0.091087338176294,0.09536466823339018,1.0953646682333902,-0.3882821709376003,0.2757278017124918,0.017617239152873162,0.18738996106456784,0.22552385305106679,0.08065791764119633,-0.034475279043153874,256363,MLP,10
-0.20572824886767194,-0.18594573360410271,0.5423340961098398,0.012424264699695283,-0.010351015101950906,0.0020007956829235724,0.8743477134376008,1.397311050071071,2.397311050071071,-0.02061210572719574,0.9058865360675554,0.01777888369389825,1.7864814998764602,2.150030817914335,0.1534936045111723,0.016438155492332126,483564,MLP,13
-0.40587308182148263,-0.3336052603355727,0.5675057208237986,0.011411137587460431,-0.01240943758918629,0.0011088750968740908,0.484578417333978,0.623490429127525,1.623490429127525,-0.022887603379786015,0.5359471408992249,0.018057829440990644,0.9748041150621988,1.1731769340787312,0.27660873068978975,0.10667823194342048,263340,MLP,13
-0.16158256254857406,-0.14920371534404298,0.4897025171624714,0.012340301166821128,-0.010132131180769713,0.0008726755066088675,0.38135919638807536,0.46427347270180763,1.4642734727018076,-0.10688637429848313,0.504137741150771,0.017716052470413187,0.7819628112753668,0.9410923890458602,0.13106200485418143,0.015247823292276688,416809,MLP,13
-0.37547119753435254,-0.31303449393613514,0.45080091533180777,0.011720653979476633,-0.008982993988320231,0.0003502294662701168,0.15305027676004102,0.16538356917992525,1.1653835691799252,-0.03512668267285335,0.4808042012627993,0.016807439399198706,0.3307892585714597,0.39810493431521893,0.1988157529324129,-0.027083521825181717,498465,MLP,13
-0.28220917616272345,-0.24588407504153853,0.5423340961098398,0.011334324400199165,-0.011448798913224891,0.0009072656755199646,0.396475100202224,0.4865754220865586,1.4865754220865586,-0.006179604679346085,0.4478438237674709,0.017668314034351453,0.8151539572447809,0.981037939403403,0.16309976856559374,0.010253439301800473,107635,MLP,13
-0.523307409544941,-0.4074425268291624,0.5125858123569794,0.01153288281224312,-0.011202832264716392,0.0004511727175237233,0.19716247755786753,0.21794191285820674,1.2179419128582067,-0.2022655777509499,0.32104183179399115,0.017891822867018226,0.40030269171915867,0.48176436405849693,0.1972074115118418,-0.008143718881780438,727464,MLP,13
-0.45389137422898784,-0.364848276655533,0.4462242562929062,0.011625924296113692,-0.010212129406238451,-0.00046746013402181995,-0.20428007856753538,-0.18476599036442753,0.8152340096355725,-0.24437327142732101,0.20951810280166683,0.017657854744903383,-0.4202492138459688,-0.5057700071540552,0.0664688686495968,-0.07353693237417401,325348,MLP,13
-0.41479851136682555,-0.3395266548293894,0.5423340961098398,0.011199796836180853,-0.011900254086394852,0.0006276911507915152,0.2743010328958917,0.3156107847582539,1.3156107847582539,-0.006179604679346085,0.4326827900840726,0.01787836252420094,0.5573378488893297,0.6707562049677014,0.026597894241821858,-0.039573351064144856,24175,MLP,13
-0.2523067276342772,-0.22299362781224585,0.5240274599542334,0.011529355113865812,-0.011224061503701076,0.0006993536116829454,0.3056175283054472,0.35746301606721986,1.3574630160672199,-0.07964946403808426,0.33029278295725817,0.017840968471156442,0.6222697174761521,0.7489017209084408,0.13313377299618626,0.0016392582258955843,996637,MLP,13
-0.3158283220836893,-0.27081537568059344,0.4462242562929062,0.012762255266081924,-0.00906006706614143,0.0006775824871390135,0.29610354687974905,0.34460937972963235,1.3446093797296323,-0.07339618596961373,0.4447089378045348,0.017178966270574636,0.6261313022448184,0.7535491388969255,0.1539751038817819,-0.002063076994955868,313805,MLP,13
-0.31333149696001783,-0.268992454379975,0.4462242562929062,0.012194425193107842,-0.008962930408889097,0.0004779948597365396,0.20888375370486756,0.23230173969203705,1.232301739692037,-0.12845017436848138,0.28079437884662184,0.017097008694014683,0.44381641822741136,0.5341331420175796,0.09399572304450947,0.012378371756192058,445840,MLP,13
-0.3083894976298325,-0.2653708740262455,0.448512585812357,0.012242447447867878,-0.008007948524492534,0.0010746089367949735,0.46960410537940334,0.5993608894923201,1.5993608894923201,-0.009410446509718895,0.5163752449188905,0.016638446993171598,1.0252692470302736,1.2339117298037234,0.08391938547462545,0.07668695014094845,246763,MLP,13
-0.29902970930561423,-0.2584626214528527,0.5240274599542334,0.0115225213749913,-0.012113581398142951,0.0002723855012798015,0.11903246405927348,0.12640648542169974,1.1264064854216997,-0.037243527545797406,0.2617861817598168,0.018080615403859895,0.2391503655253365,0.28781750946231927,-0.036311647204879366,-0.09105046326349193,102940,MLP,13
-0.2436246435972862,-0.21621822343652541,0.5377574370709383,0.012365054461994813,-0.010318391653121994,0.0018798001936799515,0.8214726846381382,1.2738460311032003,2.2738460311032003,-0.0992355840280652,0.8597337943101593,0.017825014253960565,1.6741026142617994,2.014782808141438,0.07361594414333618,0.1195548301038477,108714,MLP,13
-0.2549616998730926,-0.22505382207033486,0.5125858123569794,0.012240231979847391,-0.010455353688532017,0.001178081528211662,0.5148216278284963,0.6733399978868384,1.6733399978868384,-0.030352665180544136,0.5282471962964337,0.01790819680330288,1.0442963460951413,1.2568108470729502,0.033569263135642825,-0.007121719699227394,748715,MLP,13
-0.568295472767204,-0.43350978577987576,0.5331807780320366,0.010483547082436775,-0.01264787845199559,-0.0003146469885568241,-0.13750073399933171,-0.1284662897082378,0.8715337102917622,-0.3517914743970323,0.21650399837017176,0.01792816315916694,-0.2786044532636075,-0.3353005114054375,0.08663347751664437,-0.07227650130036402,315767,MLP,13
-0.40587308182148263,-0.3336052603355727,0.5675057208237986,0.011411137587460431,-0.01240943758918629,0.0011088750968740908,0.484578417333978,0.623490429127525,1.623490429127525,-0.022887603379786015,0.5359471408992249,0.018057829440990644,0.9748041150621988,1.1731769340787312,0.11600377931937458,-0.01725365778651586,968741,MLP,13
-0.43536518735345453,-0.352971662637782,0.4988558352402746,0.011686563220891996,-0.010970114230649539,0.0003323015232087091,0.14521576564220595,0.15628903079985412,1.1562890307998541,-0.2021545148563746,0.23321067249707994,0.017882853671959076,0.2949821790725039,0.35501110746753684,-0.054143336437012454,-0.0007036789729705301,998617,MLP,13
-0.21019770699786022,-0.18957599636655886,0.540045766590389,0.01153318411050319,-0.011181534778690765,0.001085452996709175,0.4743429595619091,0.606958014148588,1.606958014148588,-0.022887603379786015,0.525711683127156,0.01776076960090549,0.9701737324476777,1.1676042677395368,0.11599015349602837,-0.016837893182050288,400494,MLP,13
-0.40587308182148263,-0.3336052603355727,0.5675057208237986,0.011411137587460431,-0.01240943758918629,0.0011088750968740908,0.484578417333978,0.623490429127525,1.623490429127525,-0.022887603379786015,0.5359471408992249,0.018057829440990644,0.9748041150621988,1.1731769340787312,0.004722513590278793,-0.04402034701869584,879764,MLP,13
-0.262976361613255,-0.23123993065578607,0.5537757437070938,0.012079301336470512,-0.010993070100793818,0.0017838495509635453,0.7795422537710692,1.1804739333039826,2.1804739333039826,0.0027718860656023026,0.8309109773363161,0.017884990302396802,1.58332396330278,1.905530684800627,0.13511056808202518,0.08433005573799858,320285,MLP,13
-0.29230003867996857,-0.25345548986252975,0.5354691075514875,0.011793256041473951,-0.011004934620350603,0.0012027921871252461,0.5256201857737324,0.6915075720760806,1.6915075720760806,-0.006179604679346085,0.5661162947690173,0.017849760368743937,1.0696913371220118,1.2873737235047549,0.19421414126286182,0.03236344579167938,214908,MLP,13
-0.28557117574382573,-0.24841515533583192,0.4988558352402746,0.012547891511806257,-0.008900683796879534,0.0017990631534488466,0.7861905980571464,1.1950187706886348,2.195018770688635,-0.0021941959857940674,0.8459174632625945,0.01740826071239857,1.6405568972902123,1.9744105315167255,0.17161452400237245,-0.008888225574558683,109776,MLP,13
-0.3558271378860809,-0.2994062841207483,0.4668192219679634,0.011619470975686044,-0.009913154927717148,0.00013868874343674498,0.06060698088185745,0.06248125667233695,1.062481256672337,-0.02061210572719574,0.3999249574735586,0.017388855090747817,0.1266107249256127,0.15237603103495137,0.20505009680431047,-0.02340335035946126,111363,MLP,13
-0.40587308182148263,-0.3336052603355727,0.5675057208237986,0.011411137587460431,-0.01240943758918629,0.0011088750968740908,0.484578417333978,0.623490429127525,1.623490429127525,-0.022887603379786015,0.5359471408992249,0.018057829440990644,0.9748041150621988,1.1731769340787312,0.032743109003191745,-0.0012782359171097885,901329,MLP,13
-0.40587308182148263,-0.3336052603355727,0.5675057208237986,0.011411137587460431,-0.012199323529246074,0.0011997482257727196,0.524289974662679,0.6892590057747756,1.6892590057747756,-0.022887603379786015,0.5756586982279259,0.017951544245205554,1.0609345016543705,1.2768348703880916,0.11886110111655789,0.028942888749217178,478636,MLP,13
-0.3417153864938882,-0.2894495918241664,0.4279176201372998,0.013477099968674052,-0.008873968773550588,0.0006904473701473714,0.30172550075440085,0.35219000062609473,1.3521900006260947,-0.007240290753543377,0.6383137607808749,0.017618850929814446,0.6220900700274254,0.7486855151704308,0.16421737035134265,-0.02354335535179526,199645,MLP,13
-0.3217099268658785,-0.2750915637028568,0.5148741418764302,0.011652343825828413,-0.010948749153990406,0.0006879691994632203,0.3006425401654269,0.3507264247871289,1.350726424787129,-0.19795940508993226,0.35570293235286954,0.017682334249923118,0.6176318304105533,0.7433200229609762,0.11644024138354556,0.004243269910703791,312911,MLP,13
-0.4339887117384933,-0.35208043067039585,0.5263157894736842,0.011773704928197296,-0.011149145982399468,0.0009155123915988283,0.4000789151286881,0.4919424298246289,1.4919424298246289,-0.15271931608367595,0.45582145011940156,0.01785210767349744,0.8140948356359328,0.9797632863498449,-0.023642182858650034,-0.015082463801189274,602509,MLP,13
-0.34827241078892257,-0.2940934465409565,0.43478260869565216,0.011491831263916346,-0.009048005486613466,-0.00011764168203528755,-0.051409415049420204,-0.050110308224120215,0.9498896917758798,-0.08619500252825674,0.26207740826066583,0.016889882116297463,-0.11056938077041012,-0.13307027035573885,0.03525699856583881,-0.05623374256562593,671582,MLP,13
-0.547863984524156,-0.4218164987734514,0.4874141876430206,0.011920919848790177,-0.010976621978881797,0.00018396477007502285,0.0803926045227854,0.0837124545761494,1.0837124545761494,-0.21931935185057227,0.3285446326735837,0.017917344996035357,0.16299011881170586,0.1961586383541727,-0.050479033820825615,-0.03065054319385607,120035,MLP,13
-0.3635746712097898,-0.3048131851624897,0.5102974828375286,0.011247384410407374,-0.011020901309812215,0.00034254884032272354,0.14969384322102997,0.16147859374378415,1.1614785937437841,0.003961368463933468,0.36914315503599937,0.01758881682946475,0.3091620268178371,0.37207655687068364,0.1031408214345128,-0.04290592657477936,71835,MLP,13
-0.40587308182148263,-0.3336052603355727,0.5675057208237986,0.011411137587460431,-0.01240943758918629,0.0011088750968740908,0.484578417333978,0.623490429127525,1.623490429127525,-0.022887603379786015,0.5359471408992249,0.018057829440990644,0.9748041150621988,1.1731769340787312,0.0029101581103982512,0.020633969058675282,36794,MLP,13
-0.40587308182148263,-0.3336052603355727,0.5675057208237986,0.011411137587460431,-0.01240943758918629,0.0011088750968740908,0.484578417333978,0.623490429127525,1.623490429127525,-0.022887603379786015,0.5359471408992249,0.018057829440990644,0.9748041150621988,1.1731769340787312,0.10925692379800125,0.0208011968561261,520632,MLP,13
-0.25631621992215514,-0.22610279161976132,0.4851258581235698,0.01220609204955388,-0.009350869216885056,0.0011069701160326892,0.4837459407062852,0.6221394736874273,1.6221394736874273,-0.006440125755034387,0.5804867170663783,0.017350972864411018,1.0127735172049308,1.2188731166310283,0.10186196101968112,0.0319534024721414,584184,MLP,13
-0.5016776080592535,-0.39448600798688194,0.505720823798627,0.011704947401966207,-0.011048068059759922,0.0004586056634471149,0.2004106749263883,0.22190446065923508,1.221904460659235,-0.13750657836862956,0.364171029690624,0.01787311166709982,0.407323545421703,0.49021396279746077,0.02907008310530081,-0.0102536637717362,44204,MLP,13
-0.3290592955891043,-0.28039965364445196,0.43935926773455375,0.012105158854694764,-0.009206860530551295,0.00015677270049502777,0.06850967011632747,0.07091098073466862,1.0709109807346686,-0.08519549901757273,0.24386379657153157,0.017295009307464224,0.14389639363588327,0.17317933654799994,0.03477305784351727,-0.03400670691532189,924226,MLP,13
-0.5601348546770168,-0.42886796117129067,0.4782608695652174,0.011378287815862212,-0.011462052028148543,-0.0005384112331868769,-0.23528570890266565,-0.20965499123728204,0.790345008762718,-0.3308453207828279,0.22928953389418893,0.01791622299030147,-0.47705441940543064,-0.5741350826274074,-0.004752379187322431,-0.14038312877227477,367242,MLP,13
-0.2367550854687579,-0.21081545288591685,0.5217391304347826,0.012025582885016456,-0.011079075974090588,0.0009755286480522167,0.42630601919881883,0.53158939918647,1.53158939918647,0.004491711501032114,0.5400928514900443,0.017798905491807043,0.8700555887843581,1.047112063189197,0.15142700836270317,0.012069094290115984,723917,MLP,13
-0.41201345674926415,-0.3376846366196242,0.5125858123569794,0.011470472706556782,-0.01039756967704836,0.0008116785928087384,0.3547035450574185,0.42575791864163515,1.4257579186416351,0.003961368463933468,0.48138249804105726,0.017317800577202155,0.7440320235286123,0.8954426789263157,0.1154738068776902,0.03426472895649651,826186,MLP,13
-0.2025207967380993,-0.18333050164016795,0.4759725400457666,0.012988498662445216,-0.007609201084027335,0.002194738383401248,0.9591006735463452,1.6093487615335889,2.609348761533589,-0.02608287986367941,0.9934781532974739,0.017133738569047877,2.033437804105697,2.447242776061007,0.12087914179944081,0.08155997448353182,593678,MLP,13
-0.4203549132216722,-0.3431863334115245,0.5194508009153318,0.011447883295887641,-0.010913697400818429,0.0007020436018183628,0.30679305399462464,0.3590596869946967,1.3590596869946967,-0.009410446509718895,0.450620654370141,0.017686483884686674,0.6301194037364243,0.7583488197850377,0.006259553045552569,-0.014661887766935996,241877,MLP,13
-0.2740204717265442,-0.23968348989012211,0.4874141876430206,0.011418129339273237,-0.009903040077688274,0.0004892003932792351,0.21378057186302613,0.23835089594875614,1.2383508959487561,-0.009410446509718895,0.3917314957252529,0.01720845105892677,0.4512791688664293,0.5431145638019127,0.10116391854204522,0.014544484830743531,605015,MLP,13
-0.6436787906568497,-0.47464381071511075,0.4874141876430206,0.011221116853956742,-0.010781201444615363,-5.695934485367305e-05,-0.02489123370105517,-0.02458400135299199,0.975415998647008,-0.09483616637226078,0.548842624284589,0.017547151415005225,-0.051529820798759236,-0.062016148931067515,0.18783148361149105,0.0257311260655322,78107,MLP,13
-0.3862080422331928,-0.3203708805881522,0.3890160183066362,0.011395074943078832,-0.00725017294774326,3.127147084556678e-06,0.0013665632759511936,0.0013674974490318625,1.0013674974490319,-0.02479006440626108,0.3791115797175735,0.016193625427789543,0.0030655223695588507,0.0036893567428563285,0.11172787310057183,-0.02405618372905982,560650,MLP,13
-0.6189569898197078,-0.4614941881718543,0.4233409610983982,0.011272730434536022,-0.010027543036740676,-0.0010102647937516845,-0.4414857148694864,-0.35691972294957064,0.6430802770504294,-0.45332734729527147,0.16562964252443635,0.017229927957685284,-0.9307906832188532,-1.1202067606557715,0.00032512098403384755,-0.07543275237084461,807182,MLP,13
-0.22383301614172524,-0.20055138176100484,0.43249427917620137,0.01247826242315424,-0.007852443318003475,0.0009404706066619903,0.4109856551112898,0.5083037199538671,1.5083037199538671,-0.0021941959857940674,0.6187754417587712,0.01617607971100162,0.9229373439232142,1.1107552653504302,0.10020835530943775,0.04935842871106773,32120,MLP,13
-0.20825018495088443,-0.1879961398487301,0.459954233409611,0.012143410397471254,-0.007598144514535522,0.0014820672413302944,0.6476633844613389,0.9110701716856371,1.911070171685637,-0.021321726962924004,0.6886166915828653,0.01645447978697262,1.429828738775441,1.7207991534865434,0.14354986668584424,0.0642581155497746,750873,MLP,13
-0.40587308182148263,-0.3336052603355727,0.5675057208237986,0.011411137587460431,-0.01240943758918629,0.0011088750968740908,0.484578417333978,0.623490429127525,1.623490429127525,-0.022887603379786015,0.5359471408992249,0.018057829440990644,0.9748041150621988,1.1731769340787312,0.21200358273309294,-0.02907831620306749,328654,MLP,13
-0.5189868626184762,-0.4048768158134818,0.5217391304347826,0.011433755298767528,-0.011370509596004425,0.0005273677403983329,0.23045970255407155,0.2591787245767061,1.259178724576706,-0.10020358210385893,0.4187832805146172,0.01790671194763681,0.46751761953356225,0.5626575422049533,0.057951225059405254,-0.0009570568677813299,256363,MLP,13
-0.36008565458178055,-0.30238343054364625,0.4908256880733945,0.011471156625583862,-0.010666753571058507,0.00019910143371550029,0.08680822509995778,0.09068749317557367,1.0906874931755737,-0.03386878678065841,0.32621686780112213,0.017588231141708544,0.1797018273333153,0.21627118267324155,0.08863732128941922,0.01587059887683511,483564,MLP,16
-0.6367807220885879,-0.47100733980543297,0.41743119266055045,0.011434415175364728,-0.009947698900695408,-0.0010221375203216818,-0.4456519588602532,-0.35959337887060494,0.6404066211293951,-0.45012947421128047,0.18665124787730747,0.016977346170884706,-0.9557400752482181,-1.1502333586110653,0.008288461057303305,-0.07790955858076838,263340,MLP,16
-0.19613767242844915,-0.17810092595264837,0.49770642201834864,0.012146133215558658,-0.010865500243327508,0.0005875375102924428,0.2561663544875046,0.29196763467759745,1.2919676346775975,0.006685907486826181,0.44631985829983023,0.017963900837369196,0.5192006409617351,0.6248580681220607,0.0019182197100161827,-0.031436481157600685,416809,MLP,16
-0.40587308182148263,-0.3336052603355727,0.5665137614678899,0.011439151458255687,-0.01240943758918629,0.0011011162977819858,0.4800867058329459,0.6162145313449576,1.6162145313449576,-0.02737931488081813,0.5314554293981928,0.0180778443918538,0.9669117042972402,1.163678416252785,-0.12929929242972363,-0.026329457964145344,498465,MLP,16
-0.39994176814798266,-0.32964091885010327,0.5068807339449541,0.010517725089491304,-0.010461791455346365,0.00017232128871126108,0.0751320818781096,0.07802652925025888,1.0780265292502589,-0.034541449287644355,0.3654003188603383,0.01596879855255199,0.1713037862047416,0.20616413861048796,0.038986750233113765,-0.033505336993385426,107635,MLP,16
-0.3473415710614063,-0.29343605476135726,0.5779816513761468,0.011580193559258612,-0.012229135708604072,0.0015322197397936253,0.668047806550021,0.9504259927739664,1.9504259927739664,-0.006685907486826181,0.7075900689342234,0.01804595298641173,1.3478498104646026,1.6221374979921648,0.15759354275592238,0.16798205683705328,727464,MLP,16
-0.298783230711706,-0.25827982583578013,0.5458715596330275,0.011349054745635329,-0.011886784821583224,0.0007969991623571777,0.3474916347877297,0.41551246950287823,1.4155124695028782,-0.038240422854869394,0.3988603583529766,0.017937187477896795,0.7053485663755126,0.8488871310360159,0.008531136331344507,-0.02856152971562595,325348,MLP,16
-0.3870759012061171,-0.32096044695046144,0.5504587155963303,0.01181784514321104,-0.011361341562387307,0.001397843780143894,0.6094598881427373,0.8394376283584302,1.8394376283584302,-0.010671316180378199,0.6608286117079842,0.017933978098091875,1.237320686046567,1.4891156761640083,0.18726541086012718,0.021155467086321916,24175,MLP,16
-0.24354936560848728,-0.21615921969991503,0.5252293577981652,0.012133584561350162,-0.010763773434000498,0.0012625912011722121,0.5504897637110844,0.7341021102080094,1.7341021102080094,-0.02198729384690523,0.618313774746639,0.017903176602270417,1.1195227752206944,1.3473458685398794,0.035868786446031226,-0.007337298424342297,996637,MLP,16
-0.4214605772285722,-0.34391214731481523,0.5596330275229358,0.01119507081121348,-0.012310534101175108,0.0008439787397029087,0.36797473051046836,0.4448055290143964,1.4448055290143964,-0.003985408693552017,0.539611642005184,0.018029570304987245,0.7430985273549008,0.894319216107348,-0.06263328518542223,0.08701674375429537,313805,MLP,16
-0.43480894778622314,-0.3526116597607811,0.5114678899082569,0.011454673743765147,-0.011639880153664526,0.00017224259662633815,0.07509777212908375,0.07798954306509409,1.077989543065094,-0.17963459035308915,0.255174357433134,0.01784127169363953,0.15325513237078253,0.1844425803589398,0.2099689667233757,-0.08512205337469393,445840,MLP,16
-0.3183587267412804,-0.2726581753524997,0.5229357798165137,0.011461714390813876,-0.0111483487404572,0.0006752622547946466,0.294414343090466,0.342339977751126,1.342339977751126,-0.05303220683708787,0.5542881258115813,0.017742554703578654,0.604166432326124,0.727114413857826,0.051690807742769664,0.018827333310488484,246763,MLP,16
-0.37794650375144556,-0.3147328410924185,0.5504587155963303,0.011379037217147924,-0.01229597884649797,0.0007361400876190367,0.3209570782019,0.3784464142253101,1.3784464142253101,-0.10246520722284913,0.37597075548183057,0.018077245105805172,0.6464404030190926,0.7779911454622535,0.05110914143221203,0.050392953659685456,102940,MLP,16
-0.5261425056378357,-0.4091201050347909,0.47477064220183485,0.011272477166385391,-0.010545175081051837,-0.00018679431219975878,-0.0814423201190948,-0.07821412317986454,0.9217858768201355,-0.2228463276514958,0.3032961779863399,0.017629716368019313,-0.168197134685081,-0.202425282927822,-0.09437927644852269,-0.08674218139503849,108714,MLP,16
-0.3323217951692641,-0.2827435239553733,0.5298165137614679,0.011933236220200547,-0.010991122570526275,0.0011545812841936695,0.50339743990844,0.654332228191467,1.654332228191467,-0.09618511954249698,0.5547661634736869,0.017796323049373435,1.0298986834227837,1.2394832573645513,0.1570736912670336,0.0008645668270062749,748715,MLP,16
-0.2804628369631246,-0.24456598225717507,0.47706422018348627,0.01153852445398885,-0.01073368628060148,-0.00010841143474187281,-0.0472673855474568,-0.046167677487540804,0.9538323225124592,-0.1548398951854324,0.12562294177769218,0.017723346667512383,-0.09710232530579808,-0.11686266659522983,-0.03411831895017642,-0.03383904768410693,315767,MLP,16
-0.3228038319357438,-0.27588411115164213,0.518348623853211,0.011605601070943392,-0.011447597735518468,0.0005019961412255237,0.2188703175743285,0.24466985441506073,1.2446698544150607,-0.105625576525199,0.2702390411395754,0.017882342604337173,0.44563186541611083,0.5363180330473886,0.07923207150952111,-0.04753403167969185,968741,MLP,16
-0.2453066763409879,-0.21753546191892792,0.5160550458715596,0.011912766836354017,-0.01126855692274618,0.000694282173119746,0.30270702748020994,0.3535178628095872,1.3535178628095872,0.002700498793274164,0.49039586370417965,0.0180008488249168,0.6122704504593265,0.7368676011908752,0.15295817548465704,-0.04160792269489955,998617,MLP,16
-0.29843227623496205,-0.2580194701363391,0.4954128440366973,0.011883330704003365,-0.010277501911200075,0.000701259200919061,0.3057490116007102,0.35764151151209744,1.3576415115120974,-0.03556571528315544,0.38829307827472803,0.0171013803772428,0.6509500669419691,0.7834185268335644,0.1353790039567302,-0.030062196815750602,400494,MLP,16
-0.22145431442186236,-0.1986474684346361,0.5022935779816514,0.011857665483119523,-0.010061895164490376,0.000948159380983405,0.41339749010876403,0.5119458900435911,1.5119458900435911,-0.09465543553233147,0.4647145516173623,0.017697019921621523,0.850514019799503,1.0235937812754226,-0.0061199786355235,-0.008009004300595693,879764,MLP,16
-0.26022810785798356,-0.22912427706345273,0.5412844036697247,0.011909799347511395,-0.011499101643021276,0.0011717713702028296,0.5108923174084339,0.6667778264441893,1.6667778264441893,-0.006685907486826181,0.5610800848335202,0.018032467322638857,1.0315445746317555,1.2414640877411707,0.06024846878912796,0.014077011495207402,320285,MLP,16
-0.2790727491956204,-0.24351513245244172,0.47706422018348627,0.011348048843746465,-0.009798850695564429,0.0002895784424554477,0.126256200910575,0.13457280963708795,1.134572809637088,-0.19362819737943937,0.18196172979151015,0.016834454383031345,0.27306588963933504,0.32863484905181756,0.05278659829370468,-0.015839038271061815,214908,MLP,16
-0.5431077711982653,-0.41905998461179994,0.463302752293578,0.011471342065837378,-0.010624824965684366,-0.0003876099648417227,-0.16899794467099127,-0.1554893608685346,0.8445106391314654,-0.2866474361035216,0.25646033509474364,0.01770718081900367,-0.3474927770188289,-0.41820762187841387,-0.12721699264377082,-0.06257818807604419,109776,MLP,16
-0.30746566597372293,-0.2646918867975139,0.5114678899082569,0.011633775973066217,-0.01002885182877973,0.0010508867028983576,0.4581866024636838,0.5812040321019678,1.5812040321019678,-0.013902158010751009,0.5334339920264028,0.01751169496696335,0.9526381805595644,1.1465002277754024,0.14829303306085062,0.005329123646893134,111363,MLP,16
-0.3734911451319931,-0.3116729186851922,0.46559633027522934,0.011501174516426205,-0.008993483235451988,0.00054875420406928,0.2392568329742062,0.2703047508380607,1.2703047508380607,-0.2861610290565295,0.25136762059264584,0.017144075964549706,0.5081173781091457,0.6115193592142102,-0.00030628869437814336,0.020312960927882456,901329,MLP,16
-0.38284129013482016,-0.3180788816932,0.48623853211009177,0.012439787775601528,-0.00979057413072886,0.0010186844108813296,0.44414640314425924,0.5591587346544722,1.5591587346544722,0.006043390760169132,0.4524269103167171,0.017439381909691264,0.9272756212142791,1.1159763828784273,0.00385523065251576,-0.004450493895192642,478636,MLP,16
-0.211504080274608,-0.19063402138946273,0.4701834862385321,0.011578426363121253,-0.009706309642275474,0.00030142173640876693,0.1314198770742223,0.14044652814909253,1.1404465281490925,-0.14739992897739285,0.24865726979260216,0.01705451838499446,0.28056621815431687,0.3376614958168737,0.0016704754349420338,0.003281772647851785,199645,MLP,16
-0.47687487087387126,-0.37927980539023864,0.5252293577981652,0.01179229621644227,-0.011480040304140066,0.0007432740610281794,0.3240674906082859,0.38274062597631975,1.3827406259763197,-0.14021096781289089,0.3977930586806906,0.01802027182842222,0.6547686983313797,0.788014250422113,0.10525199634058312,-0.04539838759335516,312911,MLP,16
-0.5360687996580964,-0.4149563385968216,0.5045871559633027,0.010955047165655494,-0.011385193612046283,-0.00011259505449034198,-0.04909144375778851,-0.047905937341160776,0.9520940626588392,-0.4717005073434848,0.06436829231461161,0.017455725516439778,-0.10239569111807502,-0.12323323333643402,-0.02268806261995836,-0.06799031657278715,602509,MLP,16
-0.5057880395906977,-0.3969698235184055,0.5642201834862385,0.011426082160918357,-0.012421252120839199,0.0010338952032717145,0.45077830862646806,0.5695332915301714,1.5695332915301714,-0.010671316180378199,0.5334019057809201,0.018081822518539785,0.9076838090037063,1.0923976332331413,0.1049428537964215,0.03176740458383894,671582,MLP,16
-0.22446281273369095,-0.2010547132613547,0.3486238532110092,0.014144981143281735,-0.00561795747571651,0.001271874336411319,0.5545372106753348,0.741135019592551,1.741135019592551,-0.16749179976977757,0.6019188426180335,0.01608489683427696,1.255238337332209,1.5106795728242515,0.13473398548075435,0.030126813238838743,120035,MLP,16
-0.312109287828207,-0.2680984640720231,0.4197247706422018,0.01193913246062123,-0.008352068069495865,0.0001646514190624575,0.07178801871123142,0.07442756138268303,1.074427561382683,-0.17734474224198493,0.18303593922246364,0.016870469157764596,0.1549310942497338,0.18645960079248133,0.14515865877327347,-0.002336813820924146,71835,MLP,16
-0.2852837854879908,-0.24819912613418538,0.49770642201834864,0.012994610773921732,-0.009819162110893745,0.0015353991643469872,0.6694340356552857,0.9531316049187,1.9531316049187,-0.006685907486826181,0.6877766665347735,0.017854548069381734,1.3651259061700305,1.6429292823921018,0.16956647428554075,0.049804990452656656,36794,MLP,16
-0.6340266925035394,-0.46954847040632863,0.48623853211009177,0.010808901810498425,-0.01246389162237652,-0.001147762705474024,-0.5004245395866747,-0.3937267819119994,0.6062732180880006,-0.5037036140311102,0.1303230784724292,0.017990460744238143,-1.0127682862502045,-1.218866821176041,0.058802961949470225,-0.09674089441851629,520632,MLP,16
-0.3685065738973208,-0.3082333380198371,0.5160550458715596,0.01100825450675782,-0.01185277873991301,-5.522717913104564e-05,-0.02407905010113609,-0.023791462675900266,0.9762085373240997,-0.14392253420010093,0.22458403969721985,0.017855449927275818,-0.04910009510401263,-0.059091973604793624,0.15361598672257545,0.0017932730877555344,584184,MLP,16
-0.3548466273350641,-0.2987190077045262,0.47477064220183485,0.011484198785815945,-0.010751671852710693,-0.0001947332697404781,-0.08490370560684823,-0.0813992637568739,0.9186007362431261,-0.1224240848205227,0.23242254251454142,0.017567263113587517,-0.17596906258844638,-0.21177879960739548,0.008378689837765045,-0.09455970033996866,44204,MLP,16
-0.23114532604813576,-0.20637587660325762,0.3211009174311927,0.013398817630487819,-0.005263011339962218,0.0007293190633932988,0.317983111639478,0.37435305046176515,1.3743530504617651,-0.09694052193299285,0.3340828104155662,0.015922020896679594,0.7271426965252713,0.8751163707313934,-0.0176939667952165,0.031220938726688824,924226,MLP,16
-0.21589974738890305,-0.19418391700946325,0.49770642201834864,0.011843501455620633,-0.00973363165384436,0.0010054460634811068,0.4383744836777623,0.5501853178346483,1.5501853178346483,-0.003985408693552017,0.49156568410035106,0.017288314208253913,0.9232225451073199,1.111098505028633,0.08398468601463409,-0.02415345895375988,367242,MLP,16
-0.5846647864673287,-0.44270735745985135,0.46559633027522934,0.010718273883889769,-0.010748726855185284,-0.000753770089056304,-0.328643758828548,-0.28010057111204234,0.7198994288879577,-0.3748828631469223,0.20978192332040635,0.01740745157419344,-0.6873912104349117,-0.8272754498161327,0.0226810919007048,-0.029523114947686738,723917,MLP,16
-0.3482080126850633,-0.29404798603364235,0.5114678899082569,0.011667827820945546,-0.01109895819088689,0.0005455218105778646,0.23784750941194943,0.2685157413641701,1.2685157413641701,-0.14478327620236087,0.28066204257993377,0.01784065326522583,0.48540208391268624,0.5841814984170197,0.09639178340390835,-0.04379799740017045,826186,MLP,16
-0.234925249209482,-0.2093700523665104,0.4380733944954128,0.012914108294715248,-0.008862374562856845,0.0006773232027309289,0.29531291639068513,0.3435467107027588,1.3435467107027588,-0.2231932469549065,0.43199179767179885,0.01747329316689499,0.6153489446517196,0.7405725695249292,0.09986549544182877,0.02794961742807834,593678,MLP,16
-0.36866365183959715,-0.30834199076993773,0.518348623853211,0.010905504125046525,-0.011369411322482934,0.00017676044619059292,0.07706755453909864,0.0801150406017821,1.080115040601782,-0.03126647183671594,0.42184464078673045,0.01759426999328284,0.15948289383930173,0.191937692446505,0.0943123570086029,0.026801486068925615,241877,MLP,16
-0.2972296068328433,-0.25712657603552147,0.49770642201834864,0.012647191611451766,-0.009514721669731784,0.0015154048945270025,0.6607165340137726,0.9361791757193687,1.9361791757193687,-0.006685907486826181,0.7049923297054193,0.01720597004702154,1.3981372077940692,1.682658390046481,0.25757198893868266,0.03320910220911096,605015,MLP,16
-0.3206426600991108,-0.274317480016428,0.463302752293578,0.011496931418420927,-0.010686127800668185,-0.0004086554101727707,-0.17817375883532804,-0.1632029900181673,0.8367970099818327,-0.29553884287088295,0.025103817228227854,0.017428084815736582,-0.37222698833619955,-0.4479752498067355,0.014680844564820725,0.0045958457790589964,78107,MLP,16
-0.23485814867308363,-0.20931699889299327,0.5137614678899083,0.011478385134539946,-0.011512229409661059,0.0002994624662587238,0.1305656352888036,0.13947272706071967,1.1394727270607197,-0.12032792856916785,0.25092732806297136,0.017876450397171062,0.2659263539849172,0.3200424165616641,-0.04825960097374908,-0.028235006852714538,560650,MLP,16
-0.3478243974641373,-0.29377712014502433,0.47706422018348627,0.011332295846579235,-0.010277723444998724,3.164355648800892e-05,0.01379659062877181,0.013892202786524477,1.0138922027865245,-0.35052489625741146,0.11375154227789608,0.016866884779432902,0.029781782051532188,0.03584238024722348,0.0015023070281206976,-0.04991965418900705,807182,MLP,16
-0.21570125714788446,-0.194023954505961,0.49770642201834864,0.011431074471453398,-0.010524101144737579,0.00040313075598132596,0.1757650096078578,0.19215788008458667,1.1921578800845867,-0.09526108205318451,0.38014534522153554,0.017421540767730406,0.3673327429719646,0.4420850245991041,0.06017896447943181,0.007170761223676325,32120,MLP,16
-0.4730774093186483,-0.37691816302966863,0.5,0.011608540316605903,-0.011480679390867884,6.393046286900985e-05,0.02787368181088823,0.028265787545220356,1.0282657875452204,-0.22921144218344125,0.24386596713520703,0.01793470711849416,0.05658662999126267,0.06810201973630492,-0.004172752092209388,-0.03880373413885614,750873,MLP,16
-0.16452941409079358,-0.15170719518421127,0.5252293577981652,0.012204500333450894,-0.0101004874065267,0.0016147469798376782,0.7040296832092281,1.0218838649346171,2.021883864934617,-0.05604491522535682,0.744618174230709,0.01769806789235917,1.4483679116591865,1.7431110515058912,0.07411462167462814,0.010150161720718658,328654,MLP,16
-0.191499404667411,-0.17427988331556865,0.5022935779816514,0.012510701425331162,-0.009481691980439674,0.0015649459917250353,0.682316452392115,0.9784554259828635,1.9784554259828635,-0.05303220683708787,0.80336618957881,0.01763655319173931,1.4085942522911272,1.695243445046788,0.0563774099203814,0.07325180530947788,256363,MLP,16
-0.22057380992919207,-0.1979415631996213,0.5563218390804597,0.011756262253576765,-0.01153907084408086,0.0014206317067999331,0.6179747924579715,0.8551671363484314,1.8551671363484314,-0.09312751423567533,0.6524188304574636,0.017958995064524762,1.2557400413446729,1.511283373696717,0.11745758610332764,0.047927680614005756,483564,MLP,19
-0.17391318728914484,-0.15963015072344156,0.5241379310344828,0.012634547470409879,-0.010044610109405872,0.0018423966220837635,0.8014425306064368,1.2287536560695136,2.2287536560695136,-0.003985408693552017,0.865110071037634,0.01786685742265149,1.6369492954701257,1.9700687820541722,0.08210642461912503,0.07869392196411093,263340,MLP,19
-0.38595996964431833,-0.32020226231910465,0.5195402298850574,0.011959718672260028,-0.011456613777892978,0.0007091129663244454,0.3084641403511341,0.3613326917599886,1.3613326917599886,-0.029488200507330475,0.35647176913698786,0.01806600224942412,0.6230940972252808,0.7498938620900951,0.039853392727558744,-0.05095710097682024,416809,MLP,19
-0.38225690537365153,-0.3176802609207342,0.5011494252873563,0.011728589197229182,-0.010628743466013432,0.000575620949128843,0.2503951128710469,0.28453285189711597,1.284532851897116,-0.08358595713434624,0.3254160642645729,0.017697144272239933,0.516337503070303,0.6214122811363332,0.20405713164048186,-0.027911044588431137,498465,MLP,19
-0.2267360720434226,-0.202868860277854,0.4896551724137931,0.01196035707242442,-0.009933554061914235,0.0007869127693826234,0.3423070546814415,0.4081926232742292,1.4081926232742292,-0.018417909741401672,0.38523951969182235,0.01753631466745056,0.7123419706257663,0.8573036943540343,0.03072366138968005,-0.00570079631193346,107635,MLP,19
-0.31747246213490143,-0.2720132723014135,0.4896551724137931,0.011771289684278633,-0.010517452150534236,0.0003963455754775816,0.17241032533274847,0.18816526751249874,1.1881652675124987,-0.038847533985972404,0.27963389955766615,0.01766522331285051,0.35616820938514965,0.4286485063474727,-0.06275789775295325,0.005398706623596554,727464,MLP,19
-0.39853858812421095,-0.32869962413014997,0.49195402298850577,0.011851751232706337,-0.010831914584046257,0.0003274060706320312,0.14242164072493324,0.15306272425809375,1.1530627242580938,-0.11824732755485456,0.2802912605693564,0.017880626816084124,0.29067270947548657,0.34982466000469276,0.034823629486962625,0.03234369117965256,325348,MLP,19
-0.6199835183506366,-0.46204669612066274,0.4896551724137931,0.01104734563920483,-0.011651821810799217,-0.0005370570594179251,-0.23361982084679767,-0.20833726764191385,0.7916627323580862,-0.289783321251889,0.3302001970987476,0.017848581903258796,-0.47765792042404354,-0.5748613962157375,-0.06368409778202262,-0.008345390983790188,24175,MLP,19
-0.34939785294409376,-0.2948874566438011,0.4114942528735632,0.012236239327247548,-0.008053914752977676,0.0002953670409540834,0.12848466281502624,0.13710398118338074,1.1371039811833807,-0.26027525060999324,0.16690288930476527,0.016193718434486096,0.28954476601939305,0.34846717984515374,0.03296274312102819,-0.002473054765760505,996637,MLP,19
-0.4421182732912712,-0.35732638016392015,0.542528735632184,0.01054875646139531,-0.012499041007996956,5.051412179078903e-06,0.0021973642978991847,0.002199780272095664,1.0021997802720957,-0.17479908391760546,0.2673191893736657,0.016747889400630035,0.004787987337087221,0.005762343652163761,0.08243004362146447,-0.07817256705059025,313805,MLP,19
-0.2786983468104154,-0.2432318496860979,0.4804597701149425,0.012133477102193238,-0.009900911124057417,0.0006857259777503684,0.29829080032141064,0.3475535999272352,1.3475535999272352,-0.012687781720160274,0.3732928702265781,0.017655887874981555,0.6165400746234567,0.7420060946678166,0.11669822925414755,-0.011938694931663099,445840,MLP,19
-0.32882677897578105,-0.2802323151552356,0.5310344827586206,0.011672061121470352,-0.011567348925952911,0.0007735791681959935,0.33650693816525745,0.4000485830046101,1.40004858300461,-0.007216250523924828,0.3691520106403914,0.017994398143029614,0.6824450861424192,0.8213227883086784,0.059335707007442146,0.07184075960268804,246763,MLP,19
-0.21471327706240118,-0.19322727273557827,0.5287356321839081,0.01140595260514364,-0.010969057034100576,0.0008614078326262516,0.37471240719241905,0.4545730297173929,1.4545730297173929,-0.003985408693552017,0.516250835487881,0.017507678878888457,0.7810530173524322,0.9399974518901181,0.1454495312889139,-0.0214604117794015,102940,MLP,19
-0.38050542009295896,-0.3164841407533555,0.47586206896551725,0.012061657128272243,-0.009883475856265266,0.0005593805294801706,0.24333053032387397,0.27549014262223714,1.2754901426222371,-0.11062159268112737,0.28594282784251845,0.017526889877650453,0.5066438299963452,0.6097459437859396,0.015578043428727805,-0.0582212830143101,108714,MLP,19
-0.5185146553340019,-0.4045957279501041,0.40229885057471265,0.012488068653037771,-0.009583241162447218,-0.000703978592999234,-0.3062306879546668,-0.2637832364743743,0.7362167635256257,-0.32028464438553783,0.19823001094846404,0.01739152183898906,-0.6425725026133986,-0.7733361266034293,0.0009539004244413427,-0.09190373602231429,748715,MLP,19
-0.3632137344102375,-0.3045622213701418,0.542528735632184,0.011935806344546895,-0.0111095668725462,0.001393210321095112,0.6060464896763733,0.8331695985064456,1.8331695985064456,-0.018417909741401672,0.6411051635550393,0.017945371475001776,1.2324363545533394,1.483237382301981,0.13775960484923808,0.06921572494276333,315767,MLP,19
-0.40587308182148263,-0.3336052603355727,0.5678160919540229,0.011439151458255687,-0.012439881898241398,0.0011190175018845321,0.48677261331977206,0.6270565963141796,1.6270565963141796,-0.020693407393991947,0.538141336885019,0.018094790224007954,0.9817108635347689,1.1814892071521639,-0.08611381600537767,-0.01872118444550903,968741,MLP,19
-0.6854207359574502,-0.4961218147001024,0.5103448275862069,0.010420429431768434,-0.011665392245698618,-0.0003940073896119842,-0.17139321448121336,-0.15750977102715125,0.8424902289728488,-0.47433611320957425,0.21108462274787598,0.01745501541715091,-0.3583310158331091,-0.4312514443105125,0.022253737298733825,-0.056545018137252614,998617,MLP,19
-0.2871511777047999,-0.24960172322759555,0.5218390804597701,0.012377966713139892,-0.0104470881216842,0.0014639175047642342,0.6368041145724419,0.8904296184178531,1.890429618417853,0.007216250523924828,0.6862095316937484,0.017803381422635472,1.3053121423088707,1.5709434064421761,0.1325455417571903,0.040400149019897275,400494,MLP,19
-0.4537023094599135,-0.36472818048901245,0.47126436781609193,0.010467236258942072,-0.009693619584488814,-0.00019252660080299432,-0.08374907134930254,-0.08033800331187224,0.9196619966881278,-0.21444095173137612,0.2392613577285374,0.01677351695164716,-0.18220776523768098,-0.21928707940799,-0.08079002517565267,0.02184859711727223,879764,MLP,19
-0.41410192333569285,-0.33906641672269333,0.49195402298850577,0.01187434078204877,-0.011148840575922771,0.00017750611512529733,0.07721516007950413,0.08027448333307596,1.080274483333076,-0.3047882884966384,0.1332318612949166,0.017904014480207356,0.1573849386685589,0.18941280300767693,0.0777430954897552,-0.02988472198193617,320285,MLP,19
-0.4519640615180833,-0.3636229602611374,0.5057471264367817,0.011882974101387266,-0.01098097358985268,0.0005824022539928104,0.2533449804868724,0.2883276480798047,1.2883276480798047,-0.1815683571730915,0.3128458369865257,0.017918966221100507,0.5159532669649117,0.6209498529119134,0.07660755683949937,-0.012055826279918707,214908,MLP,19
-0.2924523393267009,-0.25356918041644594,0.47126436781609193,0.01157644722855965,-0.01097540627157761,-0.0003475212887543034,-0.15117176060812199,-0.1402999766216474,0.8597000233783526,-0.2996685898506257,-0.007216250523924828,0.01778091412671334,-0.31026129437176747,-0.37339952557662714,-0.06299514141702577,-0.058043531763485486,109776,MLP,19
-0.36472799780312926,-0.30561450042545624,0.5517241379310345,0.012200514767937421,-0.011089068802147477,0.0017603566158303973,0.7657551278862229,1.1506177530868804,2.1506177530868804,-0.008405732922255993,0.8171238514514698,0.01796933742045253,1.5551377489211426,1.8716085705413688,0.2003582950046219,0.10511896202904918,111363,MLP,19
-0.3852151563842199,-0.3196957513452656,0.42528735632183906,0.012361345916154252,-0.009157868333059014,-6.0185948878542506e-06,-0.0026180887762166094,-0.0026146645707396665,0.9973853354292603,-0.14959127517431625,0.3427135614147119,0.01699222423890711,-0.005622703099284615,-0.006766924227471906,0.14935727348674427,-0.03676712219990199,901329,MLP,19
-0.3689743467257358,-0.30855685199649174,0.5816091954022988,0.011582392639546217,-0.011730320109463819,0.0018285679951328222,0.7954270778827777,1.2153869375573345,2.2153869375573345,0.0004160245880484581,0.8576411003268731,0.01791126519265814,1.6206346514739205,1.9504341049653986,0.04631096893878091,0.10563738204240208,478636,MLP,19
-0.13528821943327785,-0.12653587393038102,0.5471264367816092,0.012521505800784226,-0.010167449003956837,0.0022462779926601135,0.9771309268071491,1.6568226778156134,2.6568226778156134,-0.04555129632353783,0.9940000439637515,0.017585760514454925,2.027694943034509,2.440331241691965,0.31475987199983163,0.09450240023959369,199645,MLP,19
-0.4341542901820503,-0.3521877033029728,0.49195402298850577,0.011677999807569709,-0.01119756446106331,5.616140902281984e-05,0.02443021292492631,0.024731075627294485,1.0247310756272945,-0.10619087256418425,0.32796341761786607,0.0179060612505849,0.0497895498537424,0.059921732524535545,0.07512376890525573,-0.04042783355229587,312911,MLP,19
-0.21574615029385313,-0.19406013649405096,0.4781609195402299,0.012755550175003148,-0.009941114736383726,0.0009115434281414918,0.3965213912415493,0.48664423880066887,1.4866442388006689,-0.12311611045151949,0.5829453050864686,0.017761960114254505,0.8146794175589398,0.9804668308030887,0.09659664094243259,-0.025280667602670368,602509,MLP,19
-0.29179065220523626,-0.25307511331517063,0.5011494252873563,0.012109299238487237,-0.009971684576442716,0.0010941877721888458,0.47597168090214836,0.6095774335321733,1.6095774335321733,-0.05103219361262745,0.534927497170429,0.017579572532615117,0.988061135428132,1.1891317605588516,0.03150146668788961,0.014038105856508096,671582,MLP,19
-0.3226168382097967,-0.27574869336282504,0.4666666666666667,0.012017405746115992,-0.009725827466981769,0.0004210146991305199,0.1831413941217761,0.20098420818356288,1.2009842081835629,-0.13692771050773445,0.22930039035782102,0.016330334364377853,0.4092629706217804,0.49254806138705953,-0.045489419791999136,-0.04599334381076365,120035,MLP,19
-0.37259064393583685,-0.3110528001582885,0.46436781609195404,0.011820361169391095,-0.009995053494590197,0.00013532297006318365,0.05886549197748536,0.060632567555753525,1.0606325675557535,-0.0556387289398117,0.31695191499602515,0.017374833295528275,0.12363776481952256,0.14879807299342354,0.05331138989811306,-0.012281516327777794,71835,MLP,19
-0.22000632934214082,-0.19748628143749358,0.47586206896551725,0.012399205624816657,-0.009855390797511382,0.0007347275000102365,0.3196064625044528,0.3765859195496448,1.3765859195496448,-0.01782165188342333,0.3619434980901133,0.01765577430063878,0.6606018676927568,0.7950344708352219,0.022149090584793273,-0.00467178169840634,36794,MLP,19
-0.2593208749894984,-0.22842459593121767,0.48735632183908045,0.012373560314665397,-0.008645358951548282,0.0015983442310661998,0.6952797405137972,1.004269670954212,2.004269670954212,-0.031159231439232826,0.7472215063935437,0.016818917835352085,1.508594567001426,1.8155938424302163,0.11825196977184972,0.05960545327546341,520632,MLP,19
-0.3316051156143658,-0.28222929665728835,0.4781609195402299,0.012703436043273961,-0.009812344385142795,0.0009538218886748721,0.4149125215735694,0.5142382717167933,1.5142382717167933,-0.09956955474262941,0.45056291718719876,0.017806975095897515,0.8503102291859927,1.0233485192340979,0.05809795730321989,-0.012365597202697505,584184,MLP,19
-0.26205276761902496,-0.23052958048565597,0.5655172413793104,0.011909258235849906,-0.010780767817335097,0.0020508331230867666,0.8921124085427437,1.4402790768984266,2.4402790768984266,-0.03787293378263712,0.9452785235589545,0.017183960864412127,1.8945554405045353,2.280097825593885,0.05898909931554192,0.07348725687571833,44204,MLP,19
-0.25470684125320986,-0.2248562951872991,0.5333333333333333,0.011767712010357078,-0.010553118195602661,0.0013513245809091993,0.587826192695502,0.8000711514343097,1.8000711514343097,-0.10756001528352499,0.6579271989357949,0.01767808407515736,1.2134580081464503,1.4603969388657143,0.17540273456140704,0.1050169358212025,924226,MLP,19
-0.22168981115100905,-0.19883616211546873,0.5701149425287356,0.011890406518564451,-0.011235136485555556,0.0019490811351841261,0.8478502938050951,1.3346227007537812,2.334622700753781,-0.009231888689100742,0.899219017370342,0.017829915157467128,1.7353253528943506,2.088464385491219,0.23687164410808012,0.13791707543890955,367242,MLP,19
-0.45176461622759234,-0.3634960251997056,0.4413793103448276,0.011919502460330023,-0.009265752821144363,8.498054447191733e-05,0.03696653684528428,0.03765829693704226,1.0376582969370423,-0.30081739481465775,0.1509472214129346,0.017435726817647084,0.0773712696819711,0.09311633747615214,0.029026470488414027,-0.018513138503387202,723917,MLP,19
-0.5973253880947595,-0.44971854104368303,0.4482758620689655,0.011809061468337836,-0.010137256548508352,-0.00029925192026695677,-0.13017458531612647,-0.12205785826642523,0.8779421417335748,-0.503638663689344,0.09368672440541559,0.01747312933252742,-0.27187327878733475,-0.3271995416692574,0.07726336340105405,-0.09121835472598624,826186,MLP,19
-0.36104034111485817,-0.303049117875832,0.4298850574712644,0.012301100858186502,-0.009362689745880597,-4.974987700577527e-05,-0.021641196497512283,-0.021408705949346185,0.9785912940506538,-0.12200532686620136,0.30824129811298917,0.01730715019801556,-0.04563170740671943,-0.05491776836495711,0.08770344701817083,-0.04253555421434707,593678,MLP,19
-0.3182942695566453,-0.2726112914352291,0.49195402298850577,0.011568641463586616,-0.010902810316086153,0.0001521107893160843,0.06616819335249602,0.06840640090916117,1.0684064009091612,-0.03514464013278484,0.29304776339631644,0.017722912696068245,0.13624644904425254,0.16397262680682403,0.04593051422026037,0.00972147210148151,241877,MLP,19
-0.3145251272217138,-0.26986448656241824,0.5195402298850574,0.011585668849971803,-0.011328762402896837,0.0005762064779038815,0.2506498178881884,0.2848600705295219,1.284860070529522,-0.11883824169126456,0.3020185414534353,0.017866663625777567,0.5119587214342345,0.6161424166215785,0.16452244887409284,-0.01137460628105634,605015,MLP,19
-0.2673341772169806,-0.23458275628248215,0.5126436781609195,0.012085288110575581,-0.011059686827962342,0.0008054382554720406,0.3503656411303382,0.4195865129273222,1.4195865129273222,-0.081141103990376,0.4196287268314336,0.01796731345887843,0.7116220213802905,0.856437235302981,0.10664947662414614,0.015754734805671924,78107,MLP,19
-0.3075942561845295,-0.2647864341437365,0.5310344827586206,0.012045189196844731,-0.011083927180758716,0.0011984311714858722,0.5213175595963548,0.6842452819806175,1.6842452819806175,-0.020693407393991947,0.578108932601026,0.017954143079594514,1.059616433640796,1.275248575288205,0.185536898322755,0.06455354743200843,560650,MLP,19
-0.40587308182148263,-0.3336052603355727,0.5678160919540229,0.011439151458255687,-0.012439881898241398,0.0011190175018845321,0.48677261331977206,0.6270565963141796,1.6270565963141796,-0.020693407393991947,0.538141336885019,0.018094790224007954,0.9817108635347689,1.1814892071521639,0.011220088398241646,-0.005826919769954714,807182,MLP,19
-0.16037706455608713,-0.14817746368299756,0.4367816091954023,0.0118350106482754,-0.00883505020613725,0.00019325223602000008,0.08406472266869969,0.08769929033148927,1.0876992903314893,-0.13265693171342718,0.19197243829330546,0.017023913476498596,0.180204401598465,0.21687603089497645,0.07111562898496265,0.005830345125010202,32120,MLP,19
-0.6090115400147624,-0.45611178480465797,0.5011494252873563,0.010961979904713098,-0.011755591758972405,-0.00037069377579208515,-0.16125179246955668,-0.14892225084228816,0.8510777491577118,-0.4156986531561415,0.1933128868586209,0.017801359752758185,-0.3305692004185571,-0.3978400942872048,0.07376914891092685,-0.023887157249613312,750873,MLP,19
-0.3220105284563033,-0.27530943958316145,0.46436781609195404,0.012791896813057362,-0.009922171232156664,0.000625510940563412,0.27209725914508454,0.3127146686090103,1.3127146686090103,-0.08764525271180901,0.3087634237272141,0.017902420979986105,0.5546556165552232,0.6675281378539171,0.14784103183622252,-0.011159151497835583,328654,MLP,19
-0.30294362678250764,-0.2613592652483844,0.5057471264367817,0.012327042080489098,-0.009893288164024598,0.0013445800056145138,0.5848923024423129,0.794797679904141,1.794797679904141,0.007216250523924828,0.6269312461554364,0.017577027984277266,1.214343283472485,1.4614623678855194,0.11326623786047285,0.022163500587253453,256363,MLP,19
-0.192229894164484,-0.17488284293368206,0.4827586206896552,0.01220856083145052,-0.010176845028246236,0.0006299026281590958,0.274007643249206,0.31522485479163453,1.3152248547916345,-0.0374593548476696,0.46016924111245316,0.017780720387364637,0.5623728402408004,0.6768158179971913,0.12964403593288376,0.0007184257815656334,483564,MLP,22
-0.3340757904225029,-0.2840004857349594,0.5448275862068965,0.011806233150751024,-0.011555031950932732,0.001172829725157038,0.5101809304433118,0.6655925240790159,1.665592524079016,-0.020693407393991947,0.5412731429205451,0.017978281382553515,1.0355881244580982,1.2463305007104684,0.12687846846076656,-0.009899031079074755,263340,MLP,22
-0.3657539195846766,-0.3063265203334431,0.5057471264367817,0.011910074198203802,-0.010403335308060483,0.0008816074307398461,0.3834992323718325,0.4674104260227374,1.4674104260227374,0.007216250523924828,0.5154514754431148,0.01765312338061293,0.7927823191739046,0.9541136688173735,0.1564617527797844,0.030980983294669646,416809,MLP,22
-0.24972810209874297,-0.2209874338397967,0.40229885057471265,0.012879941782697902,-0.008371368195352821,0.0001780093820239071,0.07743408118039952,0.08051100410098533,1.0805110041009853,-0.08619485001327121,0.3271621832791425,0.01718837007656622,0.16440251883346818,0.19785846204348706,0.052740474713160033,-0.07399468255866035,498465,MLP,22
-0.24643664475297555,-0.21841912278200526,0.5310344827586206,0.012208291929363483,-0.010728395123021305,0.0014517766220382023,0.6315228305866185,0.8804720402914121,1.8804720402914121,-0.007216250523924828,0.71433536596669,0.0179007815107083,1.2874431986668657,1.5494381294401236,0.07387793668410404,0.011481477811743407,107635,MLP,22
-0.5816409473045496,-0.44101964374077196,0.49885057471264366,0.011211347246459016,-0.01228881742031054,-0.0005657467704507837,-0.24609984514609096,-0.21815584231591978,0.7818441576840802,-0.3244741215130489,0.25716682579150074,0.018065756887588196,-0.49712567338236135,-0.5982908405278228,0.09483141142992685,-0.09537956454728314,727464,MLP,22
-0.3837044317770051,-0.3186672222599476,0.43448275862068964,0.012802279983492718,-0.00883901459826852,0.0005637547717380863,0.24523332570606726,0.2779194498799993,1.2779194498799993,-0.045471212692064,0.38645667846503784,0.017443239728662192,0.5130543235018723,0.6174609739140862,0.19515565040654953,-0.031190677562516107,325348,MLP,22
-0.4584682601853274,-0.36774865125331313,0.5379310344827586,0.011172228488521018,-0.012065805932971711,0.00043465396272782553,0.18907447378660436,0.2081309232171955,1.2081309232171955,-0.20824351482951897,0.2502247453558084,0.0179979616041927,0.3833721785956039,0.4613884883602246,0.15214001771523045,0.01691175549173215,24175,MLP,22
-0.424060273784562,-0.34561556150649797,0.5195402298850574,0.011938722357667074,-0.010847647168371954,0.0009907884934322302,0.4309929946430202,0.5387847701824768,1.5387847701824768,-0.2362033713834535,0.4867907788247976,0.017466717957611504,0.9004713862722139,1.0837174811321502,-0.03491954494091705,-0.044533227331430406,996637,MLP,22
-0.42392963265956496,-0.3455300664028059,0.4942528735632184,0.011374106588110134,-0.011656366363455494,-0.00027348892762420716,-0.11896768351653009,-0.11216350794833385,0.8878364920516661,-0.34433909973085974,0.07959053292870522,0.01799946599577946,-0.24120171864867387,-0.29028631332841315,-0.08460325947798182,-0.05461529879132513,313805,MLP,22
-0.28857863356824964,-0.2506721194942274,0.45517241379310347,0.012142258433368166,-0.010392431810907533,-0.00013526245834066287,-0.05883916937818867,-0.05714160253412026,0.9428583974658797,-0.23374022370626335,0.05483840986198629,0.01762873956876151,-0.12180252312313337,-0.14658935926992234,0.013235903491500086,-0.016651281577076658,445840,MLP,22
-0.26794889019220136,-0.23505312360839226,0.5172413793103449,0.011419323706375306,-0.010836157992958935,0.0006752980584208458,0.29375465541306767,0.3414547446297189,1.341454744629719,-0.20818526591392583,0.4432599369647505,0.017751810541782737,0.6038834357389096,0.7267738274123924,-0.01573713868359782,0.02666158719472382,246763,MLP,22
-0.5298799334996147,-0.41132435434000214,0.4850574712643678,0.01183957030251636,-0.010938033038558257,0.00011041363952621255,0.04802993319390225,0.04920206082316403,1.049202060823164,-0.260883527527767,0.2689964059718477,0.017870965246243865,0.0980787643568238,0.11803781117504523,0.03565717447321183,-0.04988634328481355,102940,MLP,22
-0.5072583690634929,-0.3978558250431755,0.4896551724137931,0.011991627524866358,-0.010557657004929744,0.0004837167993152437,0.21041680770213134,0.2341923736515925,1.2341923736515925,-0.23243801436547074,0.27482035469802213,0.017695129157570405,0.43394801289418555,0.5222565143606053,0.18616517532225427,-0.058172210392520005,108714,MLP,22
-0.27563220442971215,-0.2409079298741833,0.4896551724137931,0.012237494712028825,-0.008902492065923676,0.0014488118046599623,0.6302331350270833,0.878048367087447,1.878048367087447,0.007216250523924828,0.6677288119790319,0.017002597371580722,1.3526859389396624,1.6279577795128468,0.10313302883217279,0.04013884656832397,748715,MLP,22
-0.31521816411986947,-0.27037032211228806,0.5080459770114942,0.01233089977725026,-0.00957672236731116,0.0015533569291211928,0.6757102641677193,0.9654284537371598,1.9654284537371598,0.007216250523924828,0.7139274132023274,0.017502330471934485,1.4088853384515319,1.695593767295063,0.183461525318091,0.06416113056683795,315767,MLP,22
-0.25889470321999397,-0.22809570219832542,0.496551724137931,0.012119498508548498,-0.009414331766895814,0.0012783287836696366,0.5560730208962923,0.7438111270222656,1.7438111270222656,-0.15816528057621326,0.5717606414546026,0.017573387890590878,1.1547483307449462,1.3897398311756701,0.017193464242476898,0.04692471909901367,968741,MLP,22
-0.17302921449299902,-0.15888695820539056,0.49885057471264366,0.011985744238859402,-0.009518730175524412,0.001208789244984296,0.5258233215681685,0.6918512127122041,1.691851212712204,-0.018417909741401672,0.6056077052089677,0.017487311764573764,1.0973061289603867,1.3206081306267434,0.059385772221092994,0.026428110895204287,998617,MLP,22
-0.4267398568772478,-0.34736669178667223,0.4942528735632184,0.01180223463350896,-0.01119874312047283,0.0001695562291963307,0.07375695970040397,0.07654512984775708,1.076545129847757,-0.19860799624075298,0.22813186063649482,0.017992017429563845,0.14960088298655067,0.18004469054424743,0.07318151534639529,-0.0829525476216439,400494,MLP,22
-0.29306903161341324,-0.2540293566373004,0.4827586206896552,0.012335126215683495,-0.00995288779524142,0.0008068431065844017,0.3509767513642146,0.4204543019036002,1.4204543019036002,-0.16537258998505422,0.49326308186209644,0.017639159368590108,0.7261251500013182,0.8738917533002518,-0.011198094180375337,-0.022441579557495307,879764,MLP,22
-0.4876729795214487,-0.38594635166985447,0.503448275862069,0.010895099019322499,-0.011366557371830923,-0.00015896484387092468,-0.06914970708385226,-0.06681303507891878,0.9331869649210812,-0.36257043685691315,0.12510254266453558,0.01770922374399811,-0.14249572431786037,-0.17149363076282134,0.14549148994483113,-0.038184661800709584,320285,MLP,22
-0.4462617409299128,-0.35998376830712486,0.4666666666666667,0.012353899512727994,-0.010412590738175414,0.00021177137891284243,0.0921205498270865,0.09649699663719247,1.0964969966371925,-0.05750916340548429,0.3887525775244285,0.017821206097098634,0.1886385468026748,0.2270265262194841,0.08478524162077891,-0.07826857742989883,214908,MLP,22
-0.33121790624863934,-0.2819513153034914,0.5057471264367817,0.011424848995639794,-0.011040888921690016,0.00032109347328138256,0.13967566087740124,0.14990078055804146,1.1499007805580415,-0.1555905364402861,0.24222249704689602,0.01762687983518466,0.2891720437826204,0.34801860856376143,0.11944476369137706,-0.004136233562869089,109776,MLP,22
-0.3193156667839503,-0.2733538649495082,0.4850574712643678,0.01163751781561621,-0.010944151089071446,9.256126765554672e-06,0.004026415143016493,0.004034532042815009,1.004034532042815,-0.17335043627463165,0.20613574468370643,0.0178808970251378,0.008217510393662454,0.009889775289655905,0.13051345735958916,0.05203228488699909,111363,MLP,22
-0.3826206345547689,-0.3179283953910802,0.4850574712643678,0.011741270109605165,-0.010567862897817446,0.00025334874486340666,0.11020670401558164,0.11650883346753949,1.1165088334675395,-0.2595887860043149,0.13111664111420396,0.017239063394471007,0.23329496221723078,0.28077053049018025,0.1533956958606049,-0.025510105102037446,901329,MLP,22
-0.34259640872187447,-0.2900753268441687,0.5218390804597701,0.011579892524563715,-0.010911553902850266,0.0008253618190416272,0.35903239128310815,0.4319431832975178,1.4319431832975178,-0.030291233211755753,0.4122913830251491,0.017636088798149718,0.7429205442856954,0.8941050134504019,0.11245069234146295,-0.007078322463010126,478636,MLP,22
-0.3238845104133361,-0.27666622492512516,0.49195402298850577,0.01179337384085463,-0.009849374079572435,0.0007978628284077763,0.3470703303573828,0.41491623343553297,1.414916233435533,-0.03706504683941603,0.6228166078108188,0.017581204813692512,0.7204102267208237,0.8670138420675136,0.1720672153081598,0.04707598260779528,199645,MLP,22
-0.6218718446907587,-0.4630615690069648,0.5126436781609195,0.010710562872541823,-0.012645732862403988,-0.0006722755086271707,-0.2924398462528188,-0.2535598551428184,0.7464401448571816,-0.3814239081220876,0.24044793656867114,0.017992953506901308,-0.5931234605807425,-0.7138241953050061,0.02658305358661445,-0.09386651276063546,312911,MLP,22
-0.45337523020862136,-0.36452036227325935,0.48735632183908045,0.012056816250151314,-0.010595845840676873,0.0004440722357727262,0.19317142256113584,0.2130907268156621,1.213090726815662,-0.13619086610196973,0.31718436410665163,0.01790735587144909,0.39366103240612016,0.47377112583794556,0.09867748395364283,0.0064676933687747955,602509,MLP,22
-0.5054846577550052,-0.3967868473620688,0.48735632183908045,0.012026772799714,-0.010942527830018402,0.00025170604010405547,0.10949212744526449,0.11571128740239423,1.1157112874023942,-0.33260710183458286,0.25113793950367835,0.017970974500482555,0.22234239515179294,0.2675891139865146,0.12288713142856111,-0.0108863653330489,671582,MLP,22
-0.430475716071669,-0.3498002893124965,0.5149425287356322,0.011624488278422567,-0.011477043150873249,0.0004189178609940213,0.18222926953239948,0.19988926039613975,1.1998892603961397,-0.08193949274209444,0.34853622332957457,0.018006960769422358,0.3693080117668942,0.4444622609617851,0.1237661581625532,0.0006467720300679312,120035,MLP,22
-0.3685991837992333,-0.3082973994961401,0.49195402298850577,0.012105052802028601,-0.009332122315466457,0.001213982225094331,0.5280822679160337,0.6956773337043061,1.695677333704306,0.0017099110409617424,0.5685986598946329,0.017427932782049196,1.105774885806546,1.3308002810687853,0.16695688841166917,0.04090553175792402,71835,MLP,22
-0.40587308182148263,-0.3336052603355727,0.5678160919540229,0.011439151458255687,-0.012439881898241398,0.0011190175018845321,0.48677261331977206,0.6270565963141796,1.6270565963141796,-0.020693407393991947,0.538141336885019,0.018094790224007954,0.9817108635347689,1.1814892071521639,-0.0011338131779998887,-0.06116851935839168,36794,MLP,22
-0.5165061387342575,-0.4033986468098951,0.4482758620689655,0.011755970114105507,-0.010005663310009065,-0.000250448326785291,-0.10894502215160173,-0.10322028083757995,0.89677971916242,-0.5053044795167807,0.011201659217476845,0.01747455640850274,-0.2275161578203032,-0.2738157383219141,0.018463067995524694,-0.08170198635941495,520632,MLP,22
-0.2821485194726847,-0.24583833147831247,0.4850574712643678,0.011980319846201752,-0.010450628814071803,0.0004296704211413467,0.18690663319648593,0.20551472473887022,1.2055147247388702,0.007216250523924828,0.4327510937182524,0.017790211081701476,0.38340222322477396,0.46142464707702796,0.1302371586875556,-0.0375241433922828,584184,MLP,22
-0.5230590338469483,-0.40729533167406984,0.4850574712643678,0.010864942988756105,-0.011158144669317542,-0.0004756814604588303,-0.2069214352995914,-0.1869164728579895,0.8130835271420105,-0.34010784602651256,0.18295118782043573,0.01757920433741262,-0.42955351909060496,-0.5169677402493227,0.02226254172667206,-0.036509591657269934,44204,MLP,22
-0.40587308182148263,-0.3336052603355727,0.5678160919540229,0.011439151458255687,-0.012439881898241398,0.0011190175018845321,0.48677261331977206,0.6270565963141796,1.6270565963141796,-0.020693407393991947,0.538141336885019,0.018094790224007954,0.9817108635347689,1.1814892071521639,0.02834664283964037,0.11515451079329629,924226,MLP,22
-0.37862472113920376,-0.315197443626282,0.432183908045977,0.011743979526475781,-0.00975523826759615,-0.0004636223014225331,-0.20167570111880195,-0.18264004611531348,0.8173599538846865,-0.28645132552992436,0.0921733956092794,0.016827797237521064,-0.4373582452345309,-0.5263607296175209,0.030544874136576142,-0.058228337484298856,367242,MLP,22
-0.5963914392741572,-0.44920436625499716,0.4689655172413793,0.011362908139637832,-0.010891931351493224,-0.00045517903841107293,-0.19800288170881686,-0.17963251092580157,0.8203674890741984,-0.5232191000359308,0.07317233923822641,0.017787271087574007,-0.40623112956990465,-0.48889924011630953,0.017717432984697582,-0.038064703711206106,723917,MLP,22
-0.23076057294383645,-0.20607046850854527,0.535632183908046,0.011567809841925476,-0.011049554887030903,0.0010650335769848132,0.4632896059883933,0.5892935447020551,1.589293544702055,-0.07058581337332726,0.5693219856948417,0.01775307290420678,0.9523356315292331,1.1461361099610352,0.24632240481699616,0.03717796443260014,826186,MLP,22
-0.4943638486438431,-0.3900411899749986,0.4781609195402299,0.012046977793750977,-0.010705535705510315,0.00017382707114795698,0.0756147759493615,0.07854701187141222,1.0785470118714122,-0.25258590928206104,0.24177793936178205,0.017839937080668004,0.1546765101161459,0.1861532087402805,0.047422362025348684,-0.08373057049987312,593678,MLP,22
-0.3370218272320926,-0.28610674258115953,0.5471264367816092,0.010843173582344674,-0.012914634518791285,8.389037332448036e-05,0.03649231239614892,0.037166330663223945,1.037166330663224,-0.16176781058311462,0.22840837399780867,0.018105755781225846,0.07355221219953335,0.08852010108456605,0.034225483450077934,0.046882383271716885,241877,MLP,22
-0.18126648844918236,-0.1657869790623543,0.5241379310344828,0.012564435252052295,-0.010275252023989483,0.001695894410349657,0.7377140685021004,1.0911498214514115,2.0911498214514115,-0.018764331005513668,0.8108585054687865,0.01780349547266871,1.512146263579936,1.8198683099241173,0.22130937208702522,-0.017231339235632095,605015,MLP,22
-0.642535470527946,-0.4740428169103673,0.49885057471264366,0.011385434130992642,-0.011670586068891155,-0.00016907714159280097,-0.07354855659286841,-0.070908968798717,0.929091031201283,-0.3586610999373079,0.28387437059063814,0.017993849885836376,-0.14916298798035033,-0.17951768382270755,-0.13237779243491718,2.296713236823747e-05,78107,MLP,22
-0.2347387156332843,-0.20922255957917846,0.5471264367816092,0.011811833137609265,-0.009855530944247766,0.0019992567603084946,0.8696766907341953,1.3861392678657998,2.3861392678657998,-0.003985408693552017,0.9416037858572963,0.01611908766701172,1.9689214317877932,2.369597309957317,0.050701559409854186,0.05026953882875788,560650,MLP,22
-0.4297401980147697,-0.34932187976683315,0.4574712643678161,0.012258738423801489,-0.009133337398791701,0.0006529225752221948,0.2840213202216546,0.3284612535392546,1.3284612535392546,-0.003985408693552017,0.4607429646566743,0.01695454137448181,0.6113302818150413,0.7357361080523291,-0.017129058746099574,0.013306781316960349,807182,MLP,22
-0.400971521899919,-0.33033086832906156,0.49195402298850577,0.011399071278961328,-0.010490434923177907,0.00027819571419633767,0.12101513567540678,0.12864199499695173,1.1286419949969517,-0.09058312909837696,0.31038839280154207,0.017645183623413992,0.250279064681709,0.3012109009702374,0.11456651824789786,-0.0018948739088400543,32120,MLP,22
-0.33821480300684925,-0.28695789214167344,0.48735632183908045,0.011142383254734324,-0.010336653942309086,0.00013129062268678153,0.05711142086875043,0.05877377331724554,1.0587737733172455,-0.16945267766641336,0.1687621253404359,0.017208192912299143,0.1211152172250823,0.14576218649357606,0.029886247272810036,0.011785963089203249,750873,MLP,22
-0.4422722710878588,-0.3574253428650853,0.4781609195402299,0.010884033811582693,-0.01120176750068201,-0.0006412004364267036,-0.27892218984561623,-0.24340122800802133,0.7565987719919787,-0.38179100540219224,0.060481265685666585,0.01762749822154925,-0.5774353935003398,-0.6949436036511292,0.028141622221745616,-0.015555933259736343,328654,MLP,22
-0.12167677937759436,-0.11456548704938196,0.46436781609195404,0.013342050487991211,-0.009190262111470697,0.001273018681842649,0.5537631266015524,0.7397877562184141,1.739787756218414,-0.00015994012574083172,0.5618347667004855,0.017590763189822355,1.1488157086135795,1.3825999193353509,0.22905196289975363,0.026111040116997403,256363,MLP,22
-0.4401326715305913,-0.35604901854677173,0.3778801843317972,0.012817787018032437,-0.009209458181592507,-0.0008857987052365386,-0.38443663807265693,-0.3191659158136828,0.6808340841863172,-0.4401326715305913,0.0,0.017385996284320124,-0.8087899182973517,-0.9733788173445816,0.03796379353156813,-0.07680080209669495,483564,MLP,25
-0.3882894348935224,-0.3217839845268057,0.5023041474654378,0.011972661399090404,-0.010821379849201347,0.0006281616073138653,0.27262213757421705,0.31340386507852647,1.3134038650785265,-0.08510154545001569,0.3126419187647116,0.01769038664599811,0.5636822177045177,0.6783916540187059,0.03851623154964349,-0.03748241502727407,263340,MLP,25
-0.23176859150407836,-0.20687036099084766,0.45622119815668205,0.013008829545019626,-0.009274072866438951,0.0008918595701251008,0.3870670534342935,0.4726552345535675,1.4726552345535675,-0.07803281303495169,0.41216073618488736,0.01765616682075983,0.8018632756129933,0.9650426015835557,0.15152799602470662,-0.014795224931525736,416809,MLP,25
-0.14096858815901214,-0.13148340702569805,0.47465437788018433,0.01230724132995958,-0.00914059752977393,0.0010397130810673224,0.4512354771832179,0.5702509968434819,1.570250996843482,-0.011201659217476845,0.5852393927525554,0.016951943027287805,0.9736307783491835,1.1717648231260303,0.09857236783587285,0.0218331142233956,498465,MLP,25
-0.40587308182148263,-0.3336052603355727,0.5668202764976958,0.011456317722216383,-0.012439881898241398,0.0011049685778706155,0.47955636279584724,0.6153576104728953,1.6153576104728953,-0.027909657917916775,0.5309250863610941,0.018113297535872735,0.9683953099527656,1.1654639359355985,0.20904261659640075,0.04243283027483403,107635,MLP,25
-0.40587308182148263,-0.3336052603355727,0.5668202764976958,0.011456317722216383,-0.012439881898241398,0.0011049685778706155,0.47955636279584724,0.6153576104728953,1.6153576104728953,-0.027909657917916775,0.5309250863610941,0.018113297535872735,0.9683953099527656,1.1654639359355985,0.20826504419011502,0.026858598798793293,727464,MLP,25
-0.6593286947463639,-0.4828015840063242,0.49078341013824883,0.011160080804489006,-0.01118098854393015,-0.0002163623429778912,-0.09390125685240491,-0.08962734913621806,0.9103726508637819,-0.1539423813992471,0.5053863133471168,0.017729033847149748,-0.19372999934481783,-0.23315409030246664,0.059447274067881584,-0.013414798347296732,325348,MLP,25
-0.20779634340215125,-0.18762753512151842,0.4700460829493088,0.01285471436141747,-0.008854645207848871,0.0013497542210228657,0.5857933319239237,0.7964155743030792,1.7964155743030792,-0.1965946841846744,0.6568152718427882,0.01738946769253416,1.2321644559894387,1.4829101523296733,0.1353934201575335,0.02915942133335289,24175,MLP,25
-0.3613439737819135,-0.3032607028073039,0.5299539170506913,0.011915568346043785,-0.011070975074717888,0.001110833650570557,0.4821018043476215,0.6194746464698664,1.6194746464698664,-0.04124501068145037,0.4853462819046399,0.01795783572883105,0.9819634053072032,1.1817931412223357,0.12498096900830959,0.028015217000921133,996637,MLP,25
-0.40587308182148263,-0.3336052603355727,0.5668202764976958,0.011456317722216383,-0.012439881898241398,0.0011049685778706155,0.47955636279584724,0.6153576104728953,1.6153576104728953,-0.027909657917916775,0.5309250863610941,0.018113297535872735,0.9683953099527656,1.1654639359355985,0.06433384572895665,0.0218306477427803,313805,MLP,25
-0.4486947386540123,-0.36153903359656914,0.3986175115207373,0.013215158561414857,-0.008917888176671057,-9.526816356307793e-05,-0.04134638298637583,-0.040503280958578136,0.9594967190414219,-0.04831105557605042,0.4003836830779619,0.017384408323607516,-0.08699376957481313,-0.10469701788981353,0.10888939939419506,-0.043640923655412424,445840,MLP,25
-0.2430435541900806,-0.21576264379517118,0.5253456221198156,0.012431632981739918,-0.010933030147516017,0.0013414933397428606,0.582208109448402,0.7899865564268551,1.7899865564268551,-0.02920354437083006,0.6353993098709907,0.01804932958849105,1.1798524964624393,1.41995269929346,0.07995377424600658,-0.0382345642734177,246763,MLP,25
-0.42100972548360005,-0.3436162822709531,0.5092165898617511,0.010916551905165967,-0.011502265460996072,-8.623173306563422e-05,-0.03742457215048489,-0.03673292785553561,0.9632670721444644,-0.14755306487131747,0.2734566606122826,0.01721218244705096,-0.07953008452552039,-0.09571447154254066,-0.0003924037242350211,0.016420603385163154,102940,MLP,25
-0.21489031211240217,-0.19337008714373805,0.45622119815668205,0.013230301571684781,-0.009133461137596095,0.0010693614809237518,0.4641028827209084,0.5905866059001195,1.5905866059001195,-0.12490844852072769,0.5274722356152779,0.01755005168634067,0.9672670795692387,1.16410611045884,0.13039291469134426,-0.05223542089514952,108714,MLP,25
-0.15461200231220573,-0.14325247093607796,0.5391705069124424,0.011616072147658904,-0.009556739048894087,0.001859016296712826,0.806813072773366,1.240755470838209,2.240755470838209,-0.032298072590492666,0.9087160925155331,0.01684484273017462,1.751929020568806,2.1084469026306105,0.13569727924029554,0.03880925275620776,748715,MLP,25
-0.23217532399576157,-0.20719288698980165,0.4792626728110599,0.011360611356412146,-0.010169130580818366,0.00014927108495109507,0.06478365086877602,0.06692817042981591,1.066928170429816,-0.1209782608311798,0.11119706316458178,0.017087825234596267,0.13867212355863895,0.1668919265367797,0.011020793718106785,-0.011491896821218577,315767,MLP,25
-0.22825811754591996,-0.204081207286267,0.4976958525345622,0.011465590370857238,-0.01068446154130712,0.0003395274288023314,0.14735490410021157,0.1587651405608108,1.1587651405608108,-0.08623066730797291,0.36999130188996787,0.017113732256458358,0.31494186999115514,0.3790325992065292,0.08602761117749458,-0.003191967299361054,968741,MLP,25
-0.24877458909759298,-0.22024428098325388,0.45161290322580644,0.011875861236705755,-0.010489862432544161,-0.00038921303352806944,-0.16891845655118232,-0.15542222963763908,0.8445777703623609,-0.21702408873170498,0.031750500365888,0.01774200341354702,-0.3482450779895699,-0.41911301623685077,-0.009868347695592373,-0.06437612751431464,998617,MLP,25
-0.5631854587118141,-0.43060760404344145,0.45852534562211983,0.011242661958396693,-0.011084693736932983,-0.0008470352499039373,-0.36761329845830915,-0.30761512377447064,0.6923848762255294,-0.5255207803093072,0.03766467840250698,0.017710523036851483,-0.7592247676553106,-0.913727149313133,-0.007349558528992032,-0.03339115467819465,400494,MLP,25
-0.3091544705093838,-0.2659326304925189,0.4838709677419355,0.011122962472897294,-0.010834714517873831,-0.00021003210298457635,-0.09115393269530614,-0.08712282156128748,0.9128771784387125,-0.18681989797551068,0.12233457253387314,0.017619525870373756,-0.18923075998479463,-0.22773925489449182,-0.11102925729143348,-0.027190011555246123,879764,MLP,25
-0.20068193483166397,-0.18182737761428747,0.4769585253456221,0.012828282784232066,-0.009939550323698245,0.0009197617807754285,0.39917661285653594,0.49059685392966323,1.4905968539296632,-0.13887623746632016,0.46498490042358753,0.01789898613551836,0.8157314338128189,0.9817329325606178,0.1564946527458377,0.024805686324789685,320285,MLP,25
-0.17345094551274087,-0.1592416068777952,0.511520737327189,0.012740535977476005,-0.009575319312682282,0.0018397034394263354,0.7984312927110295,1.2220524431376254,2.2220524431376254,-0.028299090452492237,0.898333083914622,0.017649100013796257,1.654723849837362,1.9914604615464562,0.21340844938813686,0.10062854565642898,214908,MLP,25
-0.4173982388456352,-0.3412414755347831,0.47465437788018433,0.012369571916670149,-0.010018108469043989,0.0006083020366175603,0.2640030838920211,0.3021322119298411,1.302132211929841,-0.05746505595743656,0.3620397893137124,0.017818972860091733,0.5419221153342794,0.6522033667623204,0.24271076798613542,0.029579928528525222,109776,MLP,25
-0.6801123048644513,-0.4934398999923627,0.532258064516129,0.01114826863417737,-0.01159366763262405,0.0005109113480928334,0.22173552507229033,0.24824120570243635,1.2482412057024364,-0.11282549200041103,0.5672868128640403,0.017753075974448126,0.45684850478867345,0.5498172606218743,-0.03213024101022168,0.044927314779610615,111363,MLP,25
-0.23322824924252927,-0.20802721429568338,0.45622119815668205,0.012881997905626323,-0.00854084980212558,0.0012327074470331236,0.5349950320123753,0.7074397596935449,1.707439759693545,0.011201659217476845,0.6054108999487653,0.017347995936250388,1.1280048794564919,1.3575540825678374,0.1590489710934279,0.009386789455502698,901329,MLP,25
-0.32429975747072604,-0.27696652479310246,0.5092165898617511,0.011657328699329316,-0.011235707832913394,0.00042180616161572714,0.18306387414122582,0.20089111151957573,1.2008911115195757,-0.1846598974261724,0.25773501460571424,0.017934800465171916,0.3733504168982909,0.4493272962905019,0.027524652923818366,0.022640454595250725,478636,MLP,25
-0.23201288195559755,-0.2070640913242756,0.41013824884792627,0.013651538535025006,-0.008386533280599906,0.0006521229018453352,0.28302133940087515,0.32713348174837287,1.3271334817483729,-0.1707172295100463,0.3691256709607842,0.017109302045780345,0.6050585878661476,0.7281881232164487,0.0924630597590866,-0.003420454094763811,199645,MLP,25
-0.4676012998097576,-0.3734967391615993,0.5184331797235023,0.011991139682278218,-0.010581035986899188,0.0011211288185499282,0.4865699072506686,0.6267268154927481,1.6267268154927481,-0.03935886733233929,0.6391448772519652,0.017813057127499917,0.9991192484208066,1.2024402016056095,0.015170329288572976,-0.032578906744928554,312911,MLP,25
-0.21011963859200478,-0.18951272538682806,0.5023041474654378,0.012220834870852766,-0.010038854929984221,0.0011422795782703036,0.4957493369693111,0.6417279857254374,1.6417279857254374,0.0,0.5304859523203049,0.017771357119315278,1.0203568601498252,1.2279996712779497,0.08867061501214005,0.0661521529312723,602509,MLP,25
-0.38046804536134005,-0.3164585940541613,0.5184331797235023,0.011795708597702388,-0.01148604334790678,0.000583989342789218,0.2534513747705205,0.28846472606905404,1.288464726069054,-0.1139253256842494,0.3219842644575692,0.018020345824819626,0.5144486962744915,0.6191391018056983,-0.03124806228973498,-0.06467554956419384,671582,MLP,25
-0.40587308182148263,-0.3336052603355727,0.5668202764976958,0.011456317722216383,-0.012439881898241398,0.0011049685778706155,0.47955636279584724,0.6153576104728953,1.6153576104728953,-0.027909657917916775,0.5309250863610941,0.018113297535872735,0.9683953099527656,1.1654639359355985,0.04835335474589052,0.011159293663238999,120035,MLP,25
-0.23052545152313542,-0.20588377672240554,0.532258064516129,0.012544037697429681,-0.01005467129794547,0.001973673812496142,0.8565744346233259,1.3550793816877529,2.355079381687753,-0.08338991245182115,0.9022645747863862,0.017691964802206674,1.7709226087904748,2.131305689593804,0.08677327395300077,0.01664035414083388,71835,MLP,25
-0.40587308182148263,-0.3336052603355727,0.5668202764976958,0.011456317722216383,-0.012439881898241398,0.0011049685778706155,0.47955636279584724,0.6153576104728953,1.6153576104728953,-0.027909657917916775,0.5309250863610941,0.018113297535872735,0.9683953099527656,1.1654639359355985,0.21932774718507086,-0.03481115808987011,36794,MLP,25
-0.40031310784979723,-0.3298898035781558,0.44930875576036866,0.010913395001187336,-0.010459541095967846,-0.0008564937712091814,-0.37171829670478473,-0.31045153675906434,0.6895484632409357,-0.3926664063365024,0.007646701513294829,0.016854483435963696,-0.8066943825498901,-0.9708568396821232,-0.017474941483489152,-0.09035806064820674,520632,MLP,25
-0.5071399714215659,-0.39778452837216494,0.4838709677419355,0.011970728295775536,-0.010743267511478345,0.0002473756210638559,0.10736101954171318,0.1133361180297674,1.1133361180297674,-0.1798494387876417,0.32729053263392416,0.01795239577557335,0.21874329708538684,0.26325759879309996,6.758816217230909e-05,-0.041737986011329636,584184,MLP,25
-0.18801486940355971,-0.1713976136821942,0.5207373271889401,0.012253234301169869,-0.010570724681883803,0.001314562714821564,0.5705202182325593,0.7691871755058333,1.7691871755058333,-0.011201659217476845,0.588652498267038,0.017908511760883844,1.1652579754212238,1.402388190501467,0.11120164422263912,0.017707794090158702,44204,MLP,25
-0.16665126371663064,-0.15350523669325622,0.5668202764976958,0.012305022037697021,-0.01085744830898159,0.002271509537292461,0.9858351391849283,1.680049164145545,2.680049164145545,-0.011201659217476845,1.0270656072061684,0.01788121453070416,2.0165909847122396,2.426967625782499,0.12130857699117316,0.040800490347735294,924226,MLP,25
-0.2679360391921364,-0.235043293212869,0.4423963133640553,0.012531413375938882,-0.008880720972800281,0.0005919283243377826,0.2568968927625974,0.2929118113215079,1.292911811321508,-0.04467560537159443,0.3607899774106045,0.017191506719297416,0.5465821579495476,0.6578117289179395,0.09260616029959669,0.034282338776017066,367242,MLP,25
-0.337935780218686,-0.28675890938559023,0.5161290322580645,0.012354402808276583,-0.011026276092767755,0.001041171081964806,0.4518682495727262,0.5712449227501537,1.5712449227501537,-0.011201659217476845,0.4982626586606784,0.018050841639647857,0.9156403264101751,1.101973303414088,0.151905223387764,-0.04688695400790665,723917,MLP,25
-0.2826115023199236,-0.24618741457890359,0.543778801843318,0.011647573624956702,-0.010885254198644426,0.001367619917415173,0.5935470441581856,0.8103986038580677,1.8103986038580677,-0.01670799870043993,0.6419190613196406,0.017651405915894057,1.2299469651698736,1.4802414017152186,0.12753279324634723,0.03421545480350998,826186,MLP,25
-0.3571849393629236,-0.30035690577904095,0.5230414746543779,0.011499285597740345,-0.011796217513602348,0.00038829678656998254,0.16852080537137226,0.1835528508453026,1.1835528508453026,-0.24491849299010937,0.23064339805205236,0.01800078824824057,0.3424305818108091,0.4121152690024991,0.10319302116297663,-0.0448406079462032,593678,MLP,25
-0.2871495467261411,-0.24960049934302253,0.4377880184331797,0.012314706521149339,-0.009520778915683594,3.853498523404952e-05,0.016724183591577457,0.016864815641544517,1.0168648156415445,-0.23299912998845684,0.07634770735239726,0.01759215140043436,0.03477254784278079,0.04184876780674713,0.10181061974015192,0.00830657020915311,241877,MLP,25
-0.27998116472736,-0.2442020230173827,0.4861751152073733,0.012793733513618458,-0.010650300075522688,0.0007476056556035369,0.3244608545319352,0.383284653247679,1.383284653247679,-0.07480471301823854,0.38024661985764396,0.018067404847720084,0.6568664377015808,0.7905388801449489,0.1363274256588565,-0.00981935909625904,605015,MLP,25
-0.32525936065940186,-0.27766001722943756,0.5253456221198156,0.011146799908170866,-0.01195106209650352,0.00018329858797979607,0.07955158718323219,0.08280141676375852,1.0828014167637585,-0.10238896340524661,0.22287039725415525,0.01745117067111802,0.16673809061983036,0.20066932312347988,0.04257150849277949,0.006567022477518735,78107,MLP,25
-0.40587308182148263,-0.3336052603355727,0.5668202764976958,0.011456317722216383,-0.012439881898241398,0.0011049685778706155,0.47955636279584724,0.6153576104728953,1.6153576104728953,-0.027909657917916775,0.5309250863610941,0.018113297535872735,0.9683953099527656,1.1654639359355985,0.00040825327614562543,-0.06865216315809412,560650,MLP,25
-0.16777983447536826,-0.15446002705496653,0.5253456221198156,0.012454522322960864,-0.011012191468041934,0.0013159438876000872,0.5711196472184383,0.770247995491637,1.770247995491637,-0.02920354437083006,0.6087612348273979,0.018062495017983092,1.1565379851805666,1.3918936806223434,0.06980644995085952,0.019679913107353376,807182,MLP,25
-0.2684527941601118,-0.23543848627360442,0.4423963133640553,0.011842039622725528,-0.009936027948731125,-0.0003014911429254155,-0.13084715602963115,-0.12264813791445361,0.8773518620855464,-0.2504188402199361,0.07305422924764571,0.017038676984151353,-0.28089173381638927,-0.3380532539768199,0.06533365151283291,-0.05406783839820645,32120,MLP,25
-0.1426173597574234,-0.13291421265696834,0.49078341013824883,0.012664929301724054,-0.009347301344856056,0.0014559362766222014,0.6318763440540351,0.8811369299995644,1.8811369299995644,-0.04633390065282583,0.6920575822769024,0.017691580087117503,1.3063995280459892,1.572252075379373,0.1245022891082501,0.0627012184084872,750873,MLP,25
-0.2118765102350153,-0.1909353974046194,0.5184331797235023,0.013271283020811906,-0.009443342771792493,0.002332672904096885,1.0123800403780479,1.7521434388227335,2.7521434388227335,-0.04467560537159443,1.086739590344223,0.01774164451717831,2.087181621181781,2.5119234699242923,0.13855144860204718,0.08153563123653997,328654,MLP,25
-0.40587308182148263,-0.3336052603355727,0.5668202764976958,0.011456317722216383,-0.012439881898241398,0.0011049685778706155,0.47955636279584724,0.6153576104728953,1.6153576104728953,-0.027909657917916775,0.5309250863610941,0.018113297535872735,0.9683953099527656,1.1654639359355985,0.13057769473915873,0.06721492334817061,256363,MLP,25
-0.2786476748296991,-0.24319350177340426,0.48498845265588914,0.012476393981879006,-0.009691577494822311,0.001059632690182946,0.4588209548492159,0.5822073908596093,1.5822073908596093,-0.05949499027337879,0.5485091459595424,0.017492985483358425,0.9615938623966165,1.1572783925346954,0.1253263341558755,-0.027707126928263888,483564,MLP,28
-0.16884884162573144,-0.155363432372558,0.5011547344110855,0.012032391025939197,-0.010597385441475059,0.0007436341738341649,0.3219935972701933,0.37987594095614563,1.3798759409561456,-0.17148183335302747,0.4561970032991667,0.01761765366435319,0.6700566810511456,0.8064133404734297,-0.005490202870838401,-0.007627131940508442,263340,MLP,28
-0.8621038589408272,-0.5777272551642143,0.418013856812933,0.01120317064403191,-0.010848790131199671,-0.001630764957257602,-0.7061212264925416,-0.5064451228995397,0.49355487710046025,-0.7061212264925416,0.15598263244828559,0.017691771144662704,-1.4632560488453288,-1.7610289273830027,-0.12425911030355351,-0.10609877580936196,416809,MLP,28
-0.21032892076982534,-0.18968232818071484,0.4295612009237875,0.012461826423395416,-0.00853231215296546,0.0004859552262565332,0.21041861296907882,0.23419460170030248,1.2341946017003025,-0.21982014461173094,0.27621540216568974,0.017247815126556192,0.44726245065346787,0.538280442684318,0.18457023034452932,-0.03524947449498527,498465,MLP,28
-0.2551775720057776,-0.22522109329923257,0.45727482678983833,0.011399684999302892,-0.00911786684452462,0.00026429312101313406,0.11443892139868694,0.1212441549477512,1.1212441549477512,-0.05925847313119448,0.31242916324481484,0.016333928059896242,0.25685941637370985,0.30913035545744866,0.11667490823776909,0.02006031491716443,107635,MLP,28
-0.2380587709340034,-0.21184363095336078,0.49653579676674364,0.012332408860962714,-0.01015164395060669,0.0010124931267314662,0.438409523874725,0.5502396375851957,1.5502396375851957,-0.11068904494095477,0.5206399095950474,0.017689844561718952,0.9085908046780574,1.093489202696192,0.2081117412305377,0.020746663689604216,727464,MLP,28
-0.4054673764621839,-0.33333484556763116,0.46882217090069284,0.012576682486872015,-0.009030899860036974,0.0010992138037563852,0.47595957702651503,0.6095579515249996,1.6095579515249996,-0.05426533335048589,0.5045184819718997,0.017131456491128908,1.018563610374184,1.2258414948388914,0.12967773084349773,0.06304278497642381,325348,MLP,28
-0.37464962783269584,-0.3124698719838843,0.48498845265588914,0.0119815259514802,-0.010810904065590777,0.0002431613006561176,0.10528884318409837,0.1110314778829804,1.1110314778829804,-0.06881784107463318,0.30583178675806266,0.01795022729084783,0.21504273553319703,0.2588039722756425,0.03226324490457502,-0.04786779004025512,24175,MLP,28
-0.3536963782389648,-0.29791189577613264,0.47344110854503463,0.012411502106668904,-0.009978668214755185,0.0006217588427319693,0.2692215789029433,0.3089451435449819,1.308945143544982,-0.008936184458434582,0.38822044797052513,0.01777606994832451,0.555247344808911,0.6682402829174666,0.13454182114872407,-0.014871743993938083,996637,MLP,28
-0.33284151832049247,-0.283116201898276,0.5173210161662818,0.011750525833852927,-0.011170961601281167,0.0006868055707050617,0.29738681211529183,0.34633597780672565,1.3463359778067256,-0.02471586387764546,0.3388405852128926,0.017951525346470622,0.6073411715389314,0.7309352130918786,0.04213477690605007,-0.030247223677384628,313805,MLP,28
-0.36829207433765987,-0.30808493846020313,0.5057736720554272,0.010481837811254148,-0.01193028537898363,-0.0005948235344984728,-0.2575585904378386,-0.22706366169170866,0.7729363383082913,-0.27198968670199974,0.09630238763566012,0.017726719446587325,-0.5326722130374939,-0.6410711076249263,-0.08484905759898675,-0.06149042563225481,445840,MLP,28
-0.537985475253663,-0.4160766035697523,0.5011547344110855,0.011245477284025964,-0.01176529258322666,-0.00023333632180906182,-0.10103462734332425,-0.09609826737168226,0.9039017326283177,-0.25830034313185024,0.2796851321218128,0.0179774240246923,-0.206041714930028,-0.24797124230288123,-0.05302248736073918,-0.030595412446268094,246763,MLP,28
-0.2762556395609863,-0.24138102705054787,0.4665127020785219,0.01381482755782104,-0.007945389881735371,0.002206027953808265,0.9552101039989793,1.599216631362495,2.599216631362495,-0.055877264589071274,0.9816112023509049,0.017318863225545596,2.022050041630079,2.4335376018001154,0.15510146631851748,0.06225676246617085,102940,MLP,28
-0.22803058547651744,-0.20390008963202855,0.48729792147806006,0.012284830908136694,-0.009711441578687512,0.0010072962844069628,0.43615929114821483,0.546755159532361,1.546755159532361,-0.1770799316254852,0.44804640622533043,0.017172299878722673,0.9311701346663581,1.1206634305435337,0.05214343248715582,0.00436497296435916,108714,MLP,28
-0.2062856266129529,-0.18639934290803373,0.4665127020785219,0.01325758108556545,-0.009582284727010717,0.0010728027883250462,0.46452360734474496,0.5912559456455495,1.5912559456455495,0.01601384428795427,0.5281941185057804,0.017857743099533474,0.953660057008735,1.14773005627235,0.07783511091344664,-0.014257266101651863,748715,MLP,28
-0.40587308182148263,-0.3336052603355727,0.5681293302540416,0.011456317722216383,-0.01244650340990324,0.001133390351070033,0.4907580220133241,0.6335540206636339,1.6335540206636339,-0.01670799870043993,0.542126745578571,0.018124558567862343,0.9926870205628961,1.1946990141803209,0.1754726483345557,0.0076807195810052655,315767,MLP,28
-0.45418294420232996,-0.3650334408311081,0.48036951501154734,0.012157438946412814,-0.010440509280338624,0.0004148561496020208,0.1796327127776749,0.19677772122435777,1.1967777212243578,0.028844516724348068,0.5416914883717254,0.017779207071993704,0.37041231274314834,0.44579128739243296,-0.12817299895308265,-0.06642636525068484,968741,MLP,28
-0.48341356658784207,-0.383325265436703,0.5011547344110855,0.01122163536629872,-0.01128516554177218,-5.7757102447314815e-06,-0.00250088253596914,-0.0024977579345362155,0.9975022420654638,-0.16998456407964113,0.31342900250820094,0.01775185672713522,-0.005164899600266283,-0.006215957631116727,-0.07366610449352984,-0.06439987146819662,998617,MLP,28
-0.37646073118958157,-0.31371393320491425,0.5127020785219399,0.01231375701106961,-0.01042248617109202,0.0012344329661825339,0.5345094743570371,0.7066109004929466,1.7066109004929466,-0.17410037598529016,0.5445741125768109,0.017698454227838854,1.1072162336849234,1.3325349435089289,0.17462463418545096,0.03922948923461809,400494,MLP,28
-0.26264659903245047,-0.2309863805479283,0.5542725173210161,0.01137354592436471,-0.011768242943866981,0.0010586146274392666,0.458380133681203,0.5815100740568275,1.5815100740568275,0.0009014606475830078,0.5319449389826332,0.017959205837638752,0.9357310330247348,1.1261524725675138,0.13180009337670606,0.05866233511723701,879764,MLP,28
-0.4361763956694631,-0.35349632457190994,0.5080831408775982,0.011761124791734223,-0.0113166639277782,0.0004087714493412765,0.17699803756477195,0.19362875070573082,1.1936287507057308,-0.39109964326416957,0.2049665050690237,0.017971463269089105,0.36107497152354207,0.43455379549513445,0.06904364427557731,-0.03407798080283602,320285,MLP,28
-0.44234531215624884,-0.3574722754905374,0.5265588914549654,0.011536972588641092,-0.011638303034940291,0.000564844406576003,0.24457762804740923,0.2770817957426994,1.2770817957426994,-0.07595471939930576,0.3663905927569431,0.01780826963952472,0.5035091649541685,0.605973373823707,0.02656092594555806,-0.004390489659154071,214908,MLP,28
-0.3137396376696415,-0.26929074744147297,0.4942263279445728,0.01234699743162029,-0.010749850744196425,0.0006652197168307743,0.2880401373877248,0.3338108387317933,1.3338108387317933,-0.06762651246754103,0.3514998204591393,0.018029496657759336,0.585708843023164,0.7049007016931523,0.007466064602134241,-0.08647489868145256,109776,MLP,28
-0.47577629498846363,-0.378597522451682,0.48498845265588914,0.012405591714975473,-0.009582501426742426,0.001081469842912906,0.46827644198128837,0.5972388855441539,1.597238885544154,-0.1989548389792617,0.499079518031067,0.016889577784024876,1.0164731024134963,1.223325568118752,0.1405041295760783,-0.00044406274672423144,111363,MLP,28
-0.4595260323367256,-0.3684170755400794,0.3856812933025404,0.011870474266283066,-0.008591092862912035,-0.0006994491895273196,-0.30286149906532955,-0.26129859987990445,0.7387014001200956,-0.47161938355930033,-0.01209335122257471,0.01682836100927681,-0.6598035099894135,-0.7940736471905181,0.06944284681918678,-0.07447774507822275,901329,MLP,28
-0.36727134422108065,-0.3073783193464211,0.48267898383371827,0.011686222291254643,-0.011093256786710168,-9.808097309666874e-05,-0.04246906135085737,-0.041579882714008254,0.9584201172859917,-0.3528545101144118,0.05353738863777835,0.01793545028497005,-0.08681059879889227,-0.10447657182686892,0.07448615983624318,-0.05075059751845515,478636,MLP,28
-0.4255791771574877,-0.34660875376483347,0.4896073903002309,0.012708901500257028,-0.010513809110319539,0.0008562016274223363,0.3707353046738717,0.4487995321634388,1.4487995321634388,-0.002075426349620102,0.5258593119688157,0.01799077392006857,0.755486091377546,0.9092276517163458,0.1555431389658364,-0.018815198375248515,199645,MLP,28
-0.5792514589738857,-0.4396823696382699,0.44110854503464203,0.011747899473586433,-0.010759125053354641,-0.0008310842112166624,-0.3598594634568144,-0.30222561801978265,0.6977743819802174,-0.4265460490605619,0.15270540991332382,0.01783291486226162,-0.7398147162418637,-0.8903671488210494,0.1102737892945612,-0.07440315140947529,312911,MLP,28
-0.5091207336517982,-0.39897619344063084,0.5173210161662818,0.01152504671655866,-0.01104041575663751,0.0006331722202584317,0.2741635713719006,0.3154299513239065,1.3154299513239065,-0.06550510106535512,0.4436156325864431,0.01759184417274623,0.5713612110572402,0.6876333239492676,0.15196628997081515,-0.000809705252668567,602509,MLP,28
-0.18534468743018806,-0.16918213798185489,0.49653579676674364,0.01263509803048205,-0.008925763296505832,0.0017799761614673655,0.7707296779153694,1.1613427626245554,2.1613427626245554,-0.1343940335791558,0.8011751329649996,0.01762122331102311,1.60353484423071,1.929854483762582,0.04285647200648384,0.06072991274274764,671582,MLP,28
-0.8223240376100875,-0.5605907367257343,0.45958429561200925,0.011441489138299553,-0.011049865504621547,-0.0007131921236947581,-0.3088121895598306,-0.2656813302110518,0.7343186697889482,-0.5642759796719474,0.2580480579381401,0.01789267357570195,-0.6327491489708194,-0.7615137186645411,-0.036259473842899265,-0.017627949673359566,120035,MLP,28
-0.2580883391201496,-0.22747301526160746,0.5127020785219399,0.011173717020872507,-0.010471960838137347,0.00062582319119334,0.27098144178671646,0.31125073568796324,1.3112507356879632,0.028844516724348068,0.39769472756961477,0.016991844068892963,0.584670806257798,0.7036514242526531,0.11992443415509701,-0.06768388592667572,71835,MLP,28
-0.3467724759830162,-0.29303383825869345,0.5288683602771362,0.011861085570898385,-0.011186462949327132,0.0010026562449722744,0.43415015407299506,0.5436506361458935,1.5436506361458935,-0.007903564033767907,0.4664219332735229,0.01802915383818265,0.8828298094825829,1.0624858401792874,0.1177140011785969,0.07199340230040642,36794,MLP,28
-0.9427255620466894,-0.610435395434963,0.4295612009237875,0.010856177757652345,-0.010419507861737847,-0.0012802987965956402,-0.5543693789259123,-0.4255656025642335,0.5744343974357665,-0.5756053441182303,0.36712021792845917,0.01739601125580541,-1.1683203131465794,-1.4060737145244313,0.10385964170402916,-0.0520599933172722,520632,MLP,28
-0.4668631196618662,-0.3730340961559262,0.4665127020785219,0.011373999153784998,-0.010757583766517751,-0.00043291921709245115,-0.18745402100103092,-0.17093276301430393,0.8290672369856961,-0.18745402100103092,0.2794090986608353,0.017733697130859694,-0.38753224815627,-0.4663951328514875,-0.11036370585148057,-0.06148652865086421,584184,MLP,28
-0.32571675250073895,-0.27799033409634966,0.5057736720554272,0.011504890313401253,-0.010987427822668754,0.0003885945140502563,0.16826142458376125,0.18324589978499595,1.183245899784996,-0.0932489912956953,0.3129292139019526,0.017723375976913872,0.3480570901481258,0.41888677283465153,0.11686663018833396,-0.024709564206615534,44204,MLP,28
-0.40587308182148263,-0.3336052603355727,0.5681293302540416,0.011456317722216383,-0.01244650340990324,0.001133390351070033,0.4907580220133241,0.6335540206636339,1.6335540206636339,-0.01670799870043993,0.542126745578571,0.018124558567862343,0.9926870205628961,1.1946990141803209,0.09601897219144825,-0.09711935524504728,924226,MLP,28
-0.18708170789614087,-0.17062403294858075,0.45496535796766746,0.01374890818803537,-0.008691466572399496,0.0015181265634103625,0.6573488019566867,0.9296696104293054,1.9296696104293054,-0.023919004946947098,0.8421280770708108,0.01745145119127553,1.380946020413346,1.661968792831144,0.1825143889007634,0.034369385494720656,367242,MLP,28
-0.5654825632227585,-0.4319140567809736,0.5150115473441108,0.010854636472021464,-0.012524671280247968,-0.00048405781891752275,-0.20959703559128684,-0.18908905160812006,0.8109109483918799,-0.24715728488445166,0.3183252783383068,0.01796323016806097,-0.4277727102698521,-0.5148245365017904,-0.03232418280543611,-0.07074057718885902,723917,MLP,28
-0.7792282478621928,-0.5412400763268206,0.418013856812933,0.011085318947614985,-0.01055394203288574,-0.0015084310918450214,-0.6531506627688941,-0.4795964250609467,0.5204035749390533,-0.7854269924100663,-0.006198744547873503,0.017449955903559942,-1.3722442260448482,-1.6514961816875542,-0.0931263434065945,-0.08367648149992044,826186,MLP,28
-0.40587308182148263,-0.3336052603355727,0.5681293302540416,0.011456317722216383,-0.01244650340990324,0.001133390351070033,0.4907580220133241,0.6335540206636339,1.6335540206636339,-0.01670799870043993,0.542126745578571,0.018124558567862343,0.9926870205628961,1.1946990141803209,0.0015652313595278225,0.005319826840680975,593678,MLP,28
-0.5229473791550845,-0.40722914972226765,0.5519630484988453,0.011046233562475326,-0.012696304546066647,0.0004086991674241876,0.17696673949467367,0.19359139301403472,1.1935913930140347,-0.32322027779810014,0.2209058744738286,0.018141075807497336,0.3576357993928888,0.43041475119519185,0.10371500930533757,0.05142754070493415,241877,MLP,28
-0.47111072605184745,-0.3756915526253344,0.5219399538106235,0.011536105570903761,-0.012021331785136782,0.0002742359803716765,0.1187441795009363,0.1260818066277316,1.1260818066277316,-0.20320729045124608,0.26790343560060137,0.018090563412394414,0.2406426559757699,0.2896134812974225,0.14272790324476764,-0.12723732509018384,605015,MLP,28
-0.4586425165034598,-0.36785881544679777,0.5173210161662818,0.011913084722388183,-0.011665493159970708,0.0005322007098870103,0.2304429073810752,0.2591575766297858,1.2591575766297858,-0.2654481976751413,0.3871916021926154,0.018123737513232027,0.4661524340346597,0.5610145412026966,0.09595245539852827,-0.04880360981744651,78107,MLP,28
-0.43039348669117317,-0.3497468215948095,0.48498845265588914,0.011412209555592632,-0.01115261362905373,-0.0002089349482783569,-0.09046883260452887,-0.08649719503954767,0.9135028049604523,-0.28757599466189276,0.1428174920292804,0.01782736121289614,-0.1860476960330368,-0.22390843683556158,0.047054961095752586,-0.10252891701275901,560650,MLP,28
-0.3128312561311759,-0.26862668308022286,0.5242494226327945,0.012285788531791079,-0.010214520460138073,0.0015812535379402595,0.6846827819281316,0.9831426470607179,1.9831426470607179,-0.021599850617349148,0.7360515054933785,0.01721461597562628,1.4581575193037422,1.7548928461298712,0.057755442567627865,0.03545508331061958,807182,MLP,28
-0.17277318621927407,-0.15867158191525899,0.49653579676674364,0.01309266432906233,-0.009419115652243976,0.0017587889574115795,0.761555618559214,1.1416051512720773,2.1416051512720773,0.028844516724348068,0.8460757470929821,0.01777888500960037,1.570397081969385,1.8899731807076698,0.018448459683214,0.015138429088754554,32120,MLP,28
-0.1936837063258281,-0.1760815367422135,0.46420323325635104,0.012600763396343908,-0.009263458948790403,0.0008859837564567019,0.383630966545752,0.4676037468562111,1.467603746856211,-0.05312442034482956,0.5207916590625246,0.017430843511795798,0.8068775387631548,0.9710772682189086,0.10779527156001734,-0.010135647307837996,750873,MLP,28
-0.47334903391310945,-0.3770873843975686,0.5288683602771362,0.01127434136974066,-0.011361348841823129,0.0006099515241078353,0.2641090099386929,0.3022701489527275,1.3022701489527275,-0.021257599717500852,0.4520914341956086,0.017745564138935063,0.5456394731526396,0.6566772075892431,0.08914798167084576,0.07393620904389953,328654,MLP,28
-0.5742506816059176,-0.43687332807172485,0.47113163972286376,0.011545948550537657,-0.011520575742652476,-0.0006532063296945372,-0.28283834075773484,-0.24635838885568095,0.753641611144319,-0.5631083355292503,0.011142346076667309,0.0179173114627993,-0.5787324197963136,-0.6965045750399635,0.0139113197111014,-0.04703186614818359,256363,MLP,28
-0.3099026386626065,-0.26648163092277655,0.47453703703703703,0.011723832569934041,-0.010521462937860698,3.4753680421527496e-05,0.015013589942100225,0.015126860037231626,1.0151268600372316,-0.05663017276674509,0.25859448236224125,0.017746483585461673,0.031087712141994166,0.03741406735438304,0.07153927661825499,0.0020742609330121928,483564,MLP,31
-0.3414933440799359,-0.28929180197892945,0.49537037037037035,0.011814773619471027,-0.010952567894475261,0.00032569850363702024,0.14070175357119297,0.1510812909004995,1.1510812909004995,-0.12592132985810167,0.4821950976511289,0.017885047349786427,0.28908525411973657,0.34791415718831226,0.18471645676177145,-0.023724131171856632,263340,MLP,31
-0.1934824877534993,-0.17591573236442082,0.5023148148148148,0.012301480637470712,-0.010580083432771146,0.0009136651858457122,0.394703360285348,0.48394392892091087,1.4839439289209109,-0.05905658006668091,0.46463204263636726,0.01779744081237507,0.8149477968690397,0.9807898253527917,0.036986636627801106,0.044398232184217686,416809,MLP,31
-0.352690341998823,-0.2972052142855194,0.5069444444444444,0.011506302907165766,-0.010365142038578721,0.0007224654686389699,0.3121050824520353,0.36629825945750705,1.366298259457507,-0.008589763194322586,0.45984262296769884,0.017412588182995455,0.6586489983322937,0.7926841921960944,0.05699259495033308,0.0450830697762192,498465,MLP,31
-0.339244312417577,-0.2876915979586332,0.44212962962962965,0.012483655459804312,-0.008859184818068558,0.0005771172492317162,0.24931465166810085,0.28314571349628914,1.2831457134962891,-0.09078999866687809,0.3442954521269712,0.016951114987466202,0.5404631093312078,0.6504474527658178,0.0985227657400777,-0.032770608478358644,107635,MLP,31
-0.45879409936242155,-0.367954629952718,0.3680555555555556,0.012334942213852148,-0.008399302352160333,-0.0007679484493918502,-0.3317537301372795,-0.28233595988187865,0.7176640401181213,-0.45020433616809896,0.008589763194322586,0.016923414494815384,-0.7203513040814422,-0.866942928660041,0.1291419432631217,-0.12346613203420316,727464,MLP,31
-0.3701516432338394,-0.30937040660871906,0.5439814814814815,0.011713205346112521,-0.011343252929649966,0.0011990334009152762,0.5179824291953992,0.6786374609432564,1.6786374609432564,-0.021395597606897354,0.5929768402602349,0.017898066222095357,1.063470484391951,1.2798869260852113,0.060233650484184574,0.02618552553880579,325348,MLP,31
-0.3559297647298081,-0.29947818015324956,0.5046296296296297,0.011221186604558137,-0.011226515584631015,0.00010126005713573336,0.04374434468263644,0.04471523373979136,1.0447152337397914,-0.1905845491673972,0.16534521556241089,0.017497682962502707,0.09186665325899447,0.11056153431152085,0.03225812470465083,-0.022104707198104645,24175,MLP,31
-0.4457550322986208,-0.35965938438123213,0.48842592592592593,0.011858045243605297,-0.010817940555002205,0.0002575988049658114,0.11128268374523032,0.1177108208814055,1.1177108208814055,-0.1262964041197847,0.3194586281788361,0.017638504008209883,0.23183679601730683,0.27901562719692236,0.0462577997656352,-0.022113877800437703,996637,MLP,31
-0.43695417601338704,-0.3539989669249223,0.5023148148148148,0.010825176618085028,-0.01182850407113979,-0.0004492246508578804,-0.19406504917060374,-0.17639567225238406,0.8236043277476159,-0.39822350205577095,0.03873067395761609,0.01765750383099865,-0.40386344083920855,-0.4860497262878276,0.003114311192168968,-0.053924455784603934,313805,MLP,31
-0.5044145913416287,-0.39614102375187144,0.46296296296296297,0.012638226882336312,-0.009817100797449555,0.0005788842394883476,0.2500779914589657,0.28412556360858954,1.2841255636085895,-0.08576933156655286,0.41864525977507583,0.01720313323040175,0.5341760881817538,0.6428810216412079,-0.045340065982535975,-0.06944134996228742,445840,MLP,31
-0.22633472808956867,-0.20254887230617413,0.4074074074074074,0.013590667750949333,-0.007880771885311333,0.0008668516702022722,0.3744799215273815,0.4542349016457212,1.4542349016457212,-0.05436606705188751,0.5930580598214874,0.017287949756609716,0.7959789247048197,0.9579607841693422,0.13808311429132414,0.010100485431026165,246763,MLP,31
-0.21371509926393628,-0.19242156805945365,0.49537037037037035,0.011764612968287009,-0.010768271963228339,0.00039385159080935605,0.17014388722964213,0.18547541382229205,1.185475413822292,-0.04826833868355607,0.32507237417667056,0.017729587030987887,0.3526421774835891,0.4244049262970616,-0.016596404342418596,-0.08293610459553019,102940,MLP,31
-0.2231492242171953,-0.2000045383095157,0.47453703703703703,0.01243956487216964,-0.009861698639115636,0.0007210768697118678,0.3115052077155269,0.3654788974309835,1.3654788974309835,-0.17467787678833702,0.49162333046479034,0.016553252688775232,0.6915100406987197,0.8322324628059441,0.0733533540120738,0.03182333856598838,108714,MLP,31
-0.4450262817736075,-0.3591925657449092,0.4583333333333333,0.012328718021859513,-0.010826904018397485,-0.00021391058327969482,-0.09240937197682797,-0.08826816432572171,0.9117318356742783,-0.4364365185792849,0.008589763194322586,0.01790419815041059,-0.1896608386731461,-0.22825685467604442,-0.011434549318332637,-0.11097448276313387,748715,MLP,31
-0.40587308182148263,-0.3336052603355727,0.5671296296296297,0.011330176608198041,-0.01244650340990324,0.0010379563225847563,0.4483971313566144,0.5658004006333706,1.5658004006333706,-0.0590688893571496,0.4997658549218613,0.01803632555071193,0.9135478155742215,1.099454966233193,0.06434983984418972,-0.03319653924297371,315767,MLP,31
-0.1515660475124605,-0.14063887826589438,0.45601851851851855,0.01237523767764832,-0.008709158178479559,0.0009057167836898691,0.3912696505540225,0.4788572343256299,1.4788572343256299,-0.07264914517509169,0.42107421102627995,0.017241451582130415,0.8339093804784783,1.003610094759204,0.044266872792747734,-0.0025293955570438315,968741,MLP,31
-0.3371862696221797,-0.2862241272429049,0.47685185185185186,0.012157149025405338,-0.010057380212429938,0.0005356591926489211,0.23140477122433367,0.2603692974375056,1.2603692974375056,-0.1389205333071004,0.38587039556659875,0.017167517396784265,0.4953148362034513,0.5961114976456542,0.013188539482011843,-0.04337457791118879,998617,MLP,31
-0.29294839763315395,-0.2539393618013265,0.5023148148148148,0.01183951554306869,-0.011094373564518782,0.0004256586955425166,0.18388455647436786,0.20187706616126655,1.2018770661612665,-0.06735695153474808,0.37946523253413034,0.017898853308339926,0.3775170506390751,0.45434184077375966,0.016027187233403566,-0.05321180905113799,400494,MLP,31
-0.2508983641528175,-0.22189854945962084,0.4537037037037037,0.012838220116297022,-0.008209241228603602,0.001340069937138348,0.5789102128437662,0.7840930892043474,1.7840930892043474,-0.013516373932361603,0.8169498826937343,0.017186779736383127,1.2377508227197977,1.4896333457303739,0.02851645587007352,-0.016420535826099363,879764,MLP,31
-0.4140467394463485,-0.3390299428305934,0.5115740740740741,0.011419913587115634,-0.010618770101827804,0.0006556491001548344,0.28324041126688826,0.3274242512052088,1.3274242512052088,-0.008257993496954441,0.4416985354873759,0.017114872723715435,0.6081322932408204,0.7318873282074841,0.08420024334159026,-0.020562013698100193,320285,MLP,31
-0.33795411677419906,-0.286771987650537,0.48842592592592593,0.01141641273019671,-0.010655341497022575,0.00012507549821647382,0.05403261522951652,0.05551902758902405,1.055519027589024,-0.14396963268518448,0.3919867320037156,0.017732626734403595,0.11196942280850045,0.13475522120940175,0.0006104228760912319,0.02477010742619043,214908,MLP,31
-0.2983391528032371,-0.25795037114580743,0.49537037037037035,0.011922324854295367,-0.01008722259946207,0.0008156550743899926,0.35236299213647726,0.4224247590204864,1.4224247590204864,-0.08247528739957488,0.5647354085704137,0.017445619294315155,0.742199097448042,0.8932367520468839,0.14405263853197284,0.07806152453527454,109776,MLP,31
-0.5281292471918277,-0.41029286530400266,0.5162037037037037,0.011642061965282294,-0.011262129793846233,0.0005610988225557617,0.24239469134408864,0.2742970475879347,1.2742970475879347,-0.20872234047783422,0.3194069067139935,0.017807094072587057,0.5002033254934208,0.6019947954168349,-0.05035572404951244,-0.057793058073079315,111363,MLP,31
-0.3955820323753869,-0.32671195025826927,0.5069444444444444,0.01118964444416733,-0.010635887373118835,0.00042844472869984617,0.18508812279833364,0.2033244757756565,1.2033244757756565,-0.2801389600026596,0.21708740155372652,0.01730252780498404,0.3930841373419922,0.4730768325207947,-0.00179075152599976,-0.08220812705927943,901329,MLP,31
-0.3156499196193181,-0.2706852757419035,0.5416666666666666,0.011659147075024676,-0.011610404026104141,0.0009939361536739676,0.42938041838715435,0.5363053620538192,1.5363053620538192,-0.009101525665755617,0.47775243554860936,0.017963640738624727,0.878343511750299,1.0570865800227078,0.16953139002735598,0.09356730483338005,478636,MLP,31
-0.19793120212852955,-0.1795737052209444,0.47453703703703703,0.012637531325571017,-0.009974420541469962,0.0007557880991397609,0.3265004588283773,0.3861088857489534,1.3861088857489534,-0.013516373932361603,0.41072084142433596,0.01773078373110196,0.6766629330699399,0.8143639660087619,0.1366048338367749,0.016962852883703024,199645,MLP,31
-0.23729769047349691,-0.21124355221592073,0.4976851851851852,0.011458599281332828,-0.01112330517486035,0.00011537412625430964,0.04984162254186231,0.051104611916007237,1.0511046119160072,-0.17018246175939566,0.22126232936352608,0.017738324947529124,0.10325143327903404,0.12426311918656889,0.12389509199862686,-0.024847483060568224,312911,MLP,31
-0.22658214665716514,-0.20274615211556601,0.4513888888888889,0.012332167571432177,-0.009267608027784636,0.00048229068019517516,0.20834957384431618,0.2316436447067638,1.2316436447067638,-0.013516373932361603,0.29782368317319197,0.01739625637123429,0.4401019985715751,0.5296628372698019,0.13235578109839777,0.009495544853187682,602509,MLP,31
-0.4086532603832893,-0.33545538367617034,0.46296296296296297,0.01183153459434834,-0.009993066997453596,0.00011091522097322806,0.047915375460434007,0.04908187349745119,1.0490818734974512,-0.05208537717771833,0.356567883205571,0.01747482164608852,0.10075779790494935,0.12126202854930554,0.12685235989562021,-0.028473417000800198,671582,MLP,31
-0.7179976335028186,-0.5122721111689603,0.4050925925925926,0.011389370187805201,-0.00940566469083657,-0.0009817500987941855,-0.4241160426790884,-0.34565205478562366,0.6543479452143763,-0.47419313163482,0.24380450186799862,0.016890732808106386,-0.9226834527070027,-1.110449707224421,-0.044634758397548824,-0.06801046306428835,120035,MLP,31
-0.40587308182148263,-0.3336052603355727,0.5671296296296297,0.011330176608198041,-0.01244650340990324,0.0010379563225847563,0.4483971313566144,0.5658004006333706,1.5658004006333706,-0.0590688893571496,0.4997658549218613,0.01803632555071193,0.9135478155742215,1.099454966233193,0.038700293765412626,0.023869806954048684,71835,MLP,31
-0.4194417294638697,-0.3425862678959517,0.4652777777777778,0.011829825653564255,-0.009801028228851965,0.000263327396994471,0.11375743550161133,0.1204803031756434,1.1204803031756434,-0.05673656158614904,0.48303619523358066,0.017433230609587878,0.23978302866739312,0.28857891967164656,0.017635139779350672,0.00530990647577886,36794,MLP,31
-0.16597031184937805,-0.1529286182011248,0.4976851851851852,0.012341276302508641,-0.010309614635349336,0.0009633982156679434,0.416188029168552,0.5161709264288403,1.5161709264288403,-0.025439965073019266,0.5569313917476393,0.017834116597655127,0.8575402358362575,1.0320498335846073,0.016569898915671483,-0.032747406517129964,520632,MLP,31
-0.26515229527285555,-0.23291088296685403,0.47685185185185186,0.012243332616316304,-0.010342901372769924,0.0004273861312850836,0.18463080871515558,0.20277430435640897,1.202774304356409,-0.05051126563921571,0.4281290431790694,0.017716110687892698,0.38295902653772645,0.4608912597816009,-0.0087254075986071,-0.015454681315023087,584184,MLP,31
-0.40587308182148263,-0.3336052603355727,0.5671296296296297,0.011330176608198041,-0.01244650340990324,0.0010379563225847563,0.4483971313566144,0.5658004006333706,1.5658004006333706,-0.0590688893571496,0.4997658549218613,0.01803632555071193,0.9135478155742215,1.099454966233193,0.18943279617716013,0.10638628341739333,44204,MLP,31
-0.14609006186947227,-0.1359201209690779,0.5254629629629629,0.011952359991779295,-0.010485664121068378,0.0013046865123029676,0.5636245733148826,0.7570294547880247,1.7570294547880247,-0.0553935749012453,0.5930252155194466,0.01756087670757192,1.1793976261898633,1.4194052628356746,0.12339739657607411,0.03439125449238533,924226,MLP,31
-0.2360004565307463,-0.21021968662627544,0.46296296296296297,0.012732117878695135,-0.009408339943626021,0.0008418720111522931,0.36368870881779003,0.4386263127621275,1.4386263127621275,-0.18745632438003668,0.5322490908838517,0.017671083002762922,0.7562809739187482,0.9101842930027655,0.0217613651383074,0.009974896262518086,367242,MLP,31
-0.30340651593360235,-0.261701094910333,0.44212962962962965,0.013111750234978356,-0.009393791181609084,0.0005565755095210114,0.24044062011307687,0.27180941168791706,1.271809411687917,-0.29481675273927976,0.24491813546410413,0.01755383311517366,0.5033295147652167,0.6057571647878354,0.12945252506320856,-0.03082126294070815,723917,MLP,31
-0.25114017572195735,-0.2220866806452606,0.4976851851851852,0.012189460624663192,-0.010139991467339678,0.0009730460321524899,0.42035588588987594,0.5225032966544896,1.5225032966544896,-0.1344518899168179,0.516545678354305,0.01755236800666339,0.880030938611696,1.0591173985647586,0.19559579027029708,0.029593461241942887,826186,MLP,31
-0.28672116983216256,-0.24927897667416365,0.5439814814814815,0.012089856796305963,-0.011181208735764314,0.0014778199680239162,0.6384182261863316,0.8934834467670592,1.8934834467670592,-0.08479137066751719,0.6934319034662622,0.017940728383275567,1.30762052723397,1.573721548129574,0.23218677148487363,0.04246421290541448,593678,MLP,31
-0.4652265014119621,-0.372007152187231,0.44212962962962965,0.011449174637725993,-0.010347761460165715,-0.0007106901761441495,-0.30701815609427285,-0.264362755513158,0.735637244486842,-0.4119677899398084,0.053258711472153664,0.01702309252679698,-0.6627383816427752,-0.7976057657720915,0.16025275504789263,-0.04875455641286192,241877,MLP,31
-0.40617457806365564,-0.33380614556079347,0.5231481481481481,0.011230724622458513,-0.01176818361559129,0.0002636526385736528,0.11389793986381846,0.12063774660649229,1.1206377466064923,-0.07841157966686296,0.3277629983967927,0.017877399264295168,0.23411435987729473,0.2817566757267171,-0.0616011370055078,-0.017107251363813383,605015,MLP,31
-0.262167097942438,-0.2306175492587308,0.4791666666666667,0.012470628406190547,-0.009479366720479448,0.001038339277716592,0.44856256797356764,0.5660594627830673,1.5660594627830673,-0.21401002624770626,0.47802712478733156,0.017652547337999418,0.9337533397578897,1.1237723183524309,0.06317731721484765,0.023687252853320805,78107,MLP,31
-0.35983575784484856,-0.30220907665498287,0.49537037037037035,0.010904467521791856,-0.011445987044372078,-0.0003742340879853154,-0.16166912600965588,-0.14927736002760306,0.8507226399723969,-0.2012320431713306,0.16281857386275078,0.01780273273254284,-0.3337005651235607,-0.40160869229303503,0.012941141844462954,-0.009776298312785604,560650,MLP,31
-0.242221102998883,-0.2151173815353944,0.4375,0.01180892146327077,-0.009337399885895707,-8.588429563537343e-05,-0.03710201571448124,-0.036422169746005206,0.9635778302539948,-0.11345991919006337,0.2006332718701742,0.017283839444879413,-0.07888125384471835,-0.09493360369732133,0.05288089908610263,0.01028674965941873,807182,MLP,31
-0.5079362704855157,-0.39826388110912103,0.49074074074074076,0.012029868910483958,-0.011123050260010297,0.0002390304440285495,0.10326115182033391,0.10878093142831124,1.1087809314283112,-0.3610877633509517,0.17423337599393562,0.01797455107179583,0.2111035012157447,0.254063103040728,-0.00735278945313484,-0.06436205255184586,32120,MLP,31
-0.30400574224768206,-0.262143370517094,0.4861111111111111,0.012658400074221953,-0.009634356607814363,0.0012024001126199578,0.5194368486518215,0.6810806802288785,1.6810806802288785,-0.060362775810062885,0.5222846057840798,0.017344850772070163,1.100471275144481,1.3244173846489526,0.10464001756257435,-0.031002806550394446,750873,MLP,31
-0.47016531106783077,-0.37510104297018365,0.5069444444444444,0.011517736683315922,-0.010432916243202348,0.0006948453098242742,0.3001731738440867,0.3500925880564334,1.3500925880564334,-0.11565477774638566,0.4408734259668563,0.01747663545421459,0.6311470743682478,0.7595856215818874,0.09312834067448891,0.013176265746508698,328654,MLP,31
-0.18100861529819667,-0.1655718301826843,0.49074074074074076,0.012827912761579527,-0.009385434333076276,0.0015155600744862939,0.6547219521780789,0.9246073101025749,1.924607310102575,-0.06414655083790421,0.7182533755731129,0.01756838977871502,1.3694351404682497,1.6481154466727985,0.1603700063210817,0.008457449776516583,256363,MLP,31
-0.3702540988451801,-0.3094411618612217,0.47453703703703703,0.011877191003796037,-0.010422383806400775,0.0001595903512157668,0.06894303172521177,0.07137517301454355,1.0713751730145435,-0.24719351991006988,0.22795765863338602,0.017550922325105932,0.14434673225977881,0.1737213191657542,0.020759334948282505,-0.03058470022036641,483564,MLP,34
-0.4398297006628127,-0.35585389060156514,0.5092592592592593,0.011165079117348466,-0.011923905105127147,-0.00016562610294049152,-0.07155047647029278,-0.06905071462507628,0.9309492853749237,-0.09203929260911536,0.3477904080536973,0.017928887924234117,-0.14664785039199585,-0.17649071526656476,0.1068546816848973,-0.002077064417424292,263340,MLP,34
-0.2268405313952826,-0.2029521237311579,0.5532407407407407,0.011730973760353983,-0.01093920957574704,0.0016028594458458861,0.692435280605423,0.9985767067722582,1.9985767067722582,-0.013516373932361603,0.7412118398460734,0.017718634457699785,1.4360364475343035,1.7282701321343013,0.0959396688485785,0.059947409293973616,416809,MLP,34
-0.6153174399369163,-0.45953069846558536,0.4722222222222222,0.012550935445331418,-0.010773325832081338,0.00024090866003024115,0.10407254113306408,0.10968094950937979,1.1096809495093798,-0.3911123469188169,0.22420509301809943,0.017996113260336812,0.21250735441633747,0.2557526406291726,-0.02000877961991871,-0.07094417078021528,498465,MLP,34
-0.21041440032422543,-0.1897515908139128,0.48842592592592593,0.01287086144200321,-0.00900606166513632,0.0016791947598785882,0.7254121362675505,1.0655822259134102,2.0655822259134102,-0.03286966681480408,0.7865567815424583,0.01758774238524118,1.5156232017167937,1.8240528056195622,0.0906004174557369,0.07202820006378809,107635,MLP,34
-0.26287208078429103,-0.23115975953839785,0.49537037037037035,0.011675217617139255,-0.010499194821656828,0.0004853520808949354,0.2096720989466121,0.23327360193607127,1.2332736019360713,-0.11963794170878828,0.3724895443774585,0.017556996335409924,0.4388407492342467,0.5281449234573624,0.062064493185844824,0.04308835995934556,727464,MLP,34
-0.2803097647265531,-0.24445033743171685,0.47453703703703703,0.012042353216579281,-0.010524115782665214,0.00018450955262441868,0.07970812673374894,0.08297093127835442,1.0829709312783544,-0.07861609385508928,0.2698185536901292,0.01772519393409577,0.16524492513031566,0.1988722981786793,-0.006690706372919113,-0.07217314545229786,325348,MLP,34
-0.23387118488244596,-0.20853623817312616,0.46064814814814814,0.013132430951555767,-0.009181432843422158,0.0010974071917644315,0.4740799068422348,0.6065353550658117,1.6065353550658117,-0.11026465614486369,0.5358179021459364,0.017388173400543817,1.0018763154127446,1.2057583322440353,0.20517030759277552,0.0247348114390494,24175,MLP,34
-0.45383261183451395,-0.36481095252279816,0.48148148148148145,0.011082201277601528,-0.011283859587868912,-0.0005150154674572202,-0.22248668194151833,-0.1994743318731016,0.8005256681268984,-0.420403494634229,0.033429117200284963,0.01759162994980866,-0.46474471739043294,-0.5593203539591187,0.1391130002907481,-0.0542379963981331,996637,MLP,34
-0.3429386976058595,-0.2903182845850175,0.5324074074074074,0.01103198804455093,-0.011414744580917506,0.0005360621409754122,0.23157884490137803,0.260588713652284,1.260588713652284,-0.10296894698331016,0.28474495991758886,0.017379008766541054,0.4896552380001141,0.5893001701535817,-0.019401067044289812,0.0038883554042804746,313805,MLP,34
-0.24167395381664392,-0.21468781614508847,0.48842592592592593,0.01221874029391406,-0.010426376853329162,0.0006340854570141708,0.27392491743012215,0.3151160562385291,1.3151160562385291,-0.01974846702069044,0.49102104145640624,0.017790863721965925,0.5657844797554947,0.6809217267886982,0.03827677193131952,-0.05018030463541589,445840,MLP,34
-0.40587308182148263,-0.3336052603355727,0.5671296296296297,0.011330176608198041,-0.01244650340990324,0.0010379563225847563,0.4483971313566144,0.5658004006333706,1.5658004006333706,-0.0590688893571496,0.4997658549218613,0.01803632555071193,0.9135478155742215,1.099454966233193,0.08265791062781754,0.008693300402569588,246763,MLP,34
-0.31886501709232107,-0.2730263282962214,0.5254629629629629,0.011832731513556252,-0.011216953268935535,0.0008948023922349165,0.3865546334454848,0.4719008098824069,1.471900809882407,-0.0590688893571496,0.41764684592271806,0.01788680472693085,0.7941355558608424,0.9557422894222046,0.1680556060096748,0.023672042798187385,102940,MLP,34
-0.3281285790144466,-0.27972959790734786,0.5254629629629629,0.011455873747042504,-0.012076873951002376,0.00028871338107213165,0.12472418062316137,0.1328359518655602,1.1328359518655602,-0.12079278223609435,0.20733579677835223,0.01804263514586997,0.2540195931418592,0.3057126276688708,-0.025456737487631182,-0.022386943478183114,108714,MLP,34
-0.47779591236030683,-0.3798512512378788,0.5254629629629629,0.011211494724345721,-0.012199670016370208,0.00010202997470042888,0.044076949070586124,0.045062768403264286,1.0450627684032643,-0.37237181330056046,0.10542409905974637,0.018021656380857988,0.0898738496484511,0.10816319479498207,0.054113720309708756,-0.014151182552386649,748715,MLP,34
-0.32614904933143407,-0.27830238913159,0.5601851851851852,0.011474452394545814,-0.011982847124033325,0.0011575845507262863,0.5000765259137552,0.6488474454296527,1.6488474454296527,-0.0590688893571496,0.5387913221602503,0.017996178314445745,1.0211104121902606,1.2289065712989968,0.06650948237625862,0.037525524600822556,315767,MLP,34
-0.5408298262627795,-0.4177351268422965,0.4212962962962963,0.013020281553118756,-0.009330451464411454,8.582957538136576e-05,0.037078376564750215,0.037774354839693824,1.0377743548396938,-0.193140549792588,0.34768927647019154,0.0173652667614862,0.07846134978945662,0.09442824908858771,0.018752802826896623,-0.00346852694699234,968741,MLP,34
-0.37490601144963875,-0.3126461208502359,0.4236111111111111,0.012847005292359591,-0.008483303271806294,0.0005524524394028658,0.2386594538220379,0.2695461238795349,1.269546123879535,-0.15584295391090563,0.38930104123210185,0.017389188841626074,0.5043312068767953,0.6069627014307308,0.12450532616349473,-0.020284134946226932,998617,MLP,34
-0.40587308182148263,-0.3336052603355727,0.5671296296296297,0.011330176608198041,-0.01244650340990324,0.0010379563225847563,0.4483971313566144,0.5658004006333706,1.5658004006333706,-0.0590688893571496,0.4997658549218613,0.01803632555071193,0.9135478155742215,1.099454966233193,0.05728917080574197,-0.05752568501261369,400494,MLP,34
-0.25015934492694214,-0.22132330499581154,0.5046296296296297,0.011356093686267867,-0.010951517477751112,0.00030556408186957745,0.13200368336765678,0.141112522396452,1.141112522396452,-0.12594734839876764,0.3133540600356355,0.017545658272396812,0.2764603838748691,0.3327201234966609,0.05084922204727272,-0.06521722183307264,879764,MLP,34
-0.5468671948037809,-0.42123988406887647,0.4652777777777778,0.012130782381398747,-0.010552093465173731,1.7446023287412751e-06,0.0007536682060163002,0.0007539522852613167,1.0007539522852613,-0.32780706208359334,0.21906013272018754,0.017712489550546193,0.0015635692155125302,0.0018817558421548458,0.04613510259479763,-0.040057357541282326,320285,MLP,34
-0.18253026825550478,-0.16684057473569025,0.48842592592592593,0.01195667090399731,-0.01039497787027506,0.0005221468782700099,0.225567451412644,0.25303355014904616,1.2530335501490462,-0.09755889233201742,0.2912029327599157,0.01754426967038241,0.4724519676358977,0.5685960310653596,0.08717986805794407,-0.038759557529043906,214908,MLP,34
-0.25703880548098823,-0.2266617965777804,0.46296296296296297,0.012370504520204122,-0.009669093701412404,0.000534423993780433,0.23087116531314678,0.2596969363339978,1.2596969363339978,-0.15132767115937895,0.48343245544310776,0.017686412149571527,0.47967432973449387,0.5772881451965118,0.1373852305718403,0.029917790695944024,109776,MLP,34
-0.557665440661367,-0.4274558568923563,0.5416666666666666,0.011263462643288438,-0.01222046822133254,0.0004999943303371553,0.21599755070565152,0.24109933917935167,1.2410993391793517,-0.2164895125424664,0.34117592811890063,0.01802935037364115,0.44023571374432063,0.5298237635051116,-0.07042436955529886,0.01676301136830735,111363,MLP,34
-0.3753664998075692,-0.312962566444015,0.48148148148148145,0.0116393773991009,-0.011024267778257777,-0.00011214232249248928,-0.04844548331675469,-0.0472907235600496,0.9527092764399504,-0.33943031765011256,0.03593618215745664,0.01776482113011328,-0.10020951899956665,-0.12060217478453572,0.09735216214145677,-0.08205780546073205,901329,MLP,34
-0.2976945331902243,-0.2574718771944955,0.5393518518518519,0.01122697479636938,-0.012085324301510603,0.00048820738785522195,0.21090559155345545,0.2347957744075202,1.2347957744075202,-0.1592391621088609,0.24289649975617067,0.01797617982616381,0.43112897700635255,0.5188638041444252,0.1555893827723321,-0.021694642280121672,478636,MLP,34
-0.23493663413682953,-0.2093790535797838,0.47685185185185186,0.011603117785199677,-0.009845223041918115,0.0003824580006426843,0.16522185627763974,0.17965480350571572,1.1796548035057157,-0.17693787109965342,0.3027632586781692,0.016989090569295217,0.3573665414873946,0.4300906992557681,0.06879345074506783,-0.014796658734462592,199645,MLP,34
-0.3665992643655045,-0.3069126658066643,0.47685185185185186,0.011889690841343005,-0.00921479367142823,0.0008489188508654611,0.3667329435738793,0.44301250189179275,1.4430125018917928,-0.09780225776557927,0.3854984299505304,0.017218737275691186,0.7826456005582723,0.9419141260750373,0.024899808035032063,0.006543359787011555,312911,MLP,34
-0.19191170908743516,-0.1746202611949066,0.46296296296296297,0.012787637483197613,-0.00879302792316531,0.0011980208760767842,0.5175450184651709,0.6779033674675627,1.6779033674675627,-0.10040602926164865,0.6103927202457271,0.01725608090244991,1.1021037701948508,1.326382092746199,0.08940228815062963,-0.016031754593130186,602509,MLP,34
-0.2346608028310584,-0.20916094549262643,0.5347222222222222,0.011607590527843822,-0.011043091925590552,0.0010687313307597727,0.461691934888222,0.5867564036341588,1.5867564036341588,-0.22105606142940815,0.4862393098483153,0.017825107707567095,0.9517801628765827,1.1454676033340894,0.08094607577393013,0.041953909922015774,671582,MLP,34
-0.27068964260979556,-0.2371467831973212,0.44675925925925924,0.012237760640600566,-0.008819080638265355,0.0005882581738205772,0.25412753109048936,0.2893362242379369,1.289336224237937,-0.05422853585332632,0.5118557512578263,0.016751968662905736,0.557445467795051,0.670885724340786,-0.020807590188500057,-0.04921129000091139,120035,MLP,34
-0.2605496080359444,-0.22937207391006298,0.5462962962962963,0.011233625255368617,-0.01145996573192248,0.0009374589740976562,0.4049822768101876,0.49927592786944475,1.4992759278694447,-0.01616430189460516,0.4426061678932456,0.0177591125427531,0.8379754237664069,1.0085035786137106,0.0250211208549272,0.03280064016684676,71835,MLP,34
-0.20293128915363923,-0.1836656694786133,0.44212962962962965,0.013074800034991651,-0.008024618621981153,0.0013040595342267303,0.5633537187859474,0.7565536198466563,1.7565536198466563,-0.07754230219870806,0.6643189437272667,0.016805895801988043,1.2317881521002325,1.4824572705289099,0.1080111605779152,0.005804344402912166,36794,MLP,34
-0.4376179226201202,-0.35442760564908593,0.46064814814814814,0.011925031782404184,-0.010252728876397972,-3.658449884790492e-05,-0.01580450350229512,-0.01568026769300057,0.9843197323069994,-0.22701935430450249,0.21059856831561774,0.017649056702812183,-0.032906059770116486,-0.03960244906357777,0.08325519979988831,-0.013890045026625764,520632,MLP,34
-0.2298541399068199,-0.20535049829904173,0.5208333333333334,0.012420371664354914,-0.010728474185389527,0.00132821636135237,0.5737894681042235,0.7749805552954057,1.7749805552954057,-0.06414655083790421,0.6281668834744778,0.017926443170650994,1.1761831879216647,1.4155366857810627,0.04959277380100154,0.03580977502568635,584184,MLP,34
-0.40587308182148263,-0.3336052603355727,0.5671296296296297,0.011330176608198041,-0.01244650340990324,0.0010379563225847563,0.4483971313566144,0.5658004006333706,1.5658004006333706,-0.0590688893571496,0.4997658549218613,0.01803632555071193,0.9135478155742215,1.099454966233193,-0.008409713365161534,-0.08797682848149092,44204,MLP,34
-0.3338899232330732,-0.28386739254916493,0.5023148148148148,0.012040017868051105,-0.0103880278574273,0.0008779117778245828,0.37925788802022,0.4611998130851047,1.4611998130851047,-0.1391003506250854,0.5024076225126919,0.017430372380262352,0.7995478879643334,0.9622560321170478,0.0473056022258147,-0.0013406313366839413,924226,MLP,34
-0.40587308182148263,-0.3336052603355727,0.5671296296296297,0.011330176608198041,-0.01244650340990324,0.0010379563225847563,0.4483971313566144,0.5658004006333706,1.5658004006333706,-0.0590688893571496,0.4997658549218613,0.01803632555071193,0.9135478155742215,1.099454966233193,0.11578108839932208,0.008016046157968727,367242,MLP,34
-0.2963711209013127,-0.2564885558256379,0.45601851851851855,0.01313524401525383,-0.00915496008304391,0.0010097857673372363,0.43622745148968534,0.5468605904852701,1.5468605904852701,-0.14980678711799555,0.48365558334990055,0.01769249778274694,0.9060253845329205,1.090401719073594,0.029400960185085593,0.013661894522099267,723917,MLP,34
-0.4068344781990163,-0.3342456219543004,0.4236111111111111,0.012215092318925957,-0.009858412898134395,-0.0005078308270185508,-0.2193829172720143,-0.1969858287209757,0.8030141712790243,-0.27828690051319427,0.12854757768582203,0.01756406827016516,-0.45898047845747025,-0.5523830913294477,0.04921162482359083,-0.07826232791798676,826186,MLP,34
-0.3442993829376064,-0.2912832814079924,0.5486111111111112,0.011867163463460428,-0.011187112105723757,0.0014607196301481239,0.6310308802239888,0.8795471689033358,1.8795471689033358,0.008589763194322586,0.6387528731320344,0.017639731406940914,1.3145441234013893,1.5820540974068962,0.2054568710156497,0.06055626291840035,593678,MLP,34
-0.3333921558223665,-0.28351083634176344,0.5324074074074074,0.01091712741821855,-0.011589710993467804,0.00039309649423557944,0.16981768550976994,0.1850887727683539,1.185088772768354,-0.013897456228733063,0.37492443800510955,0.017705759633753537,0.3524397438501302,0.4241612973814814,0.11253303893086775,0.08060385003694215,241877,MLP,34
-0.40587308182148263,-0.3336052603355727,0.5671296296296297,0.011330176608198041,-0.01244650340990324,0.0010379563225847563,0.4483971313566144,0.5658004006333706,1.5658004006333706,-0.0590688893571496,0.4997658549218613,0.01803632555071193,0.9135478155742215,1.099454966233193,0.044161335449909654,0.05997522055436015,605015,MLP,34
-0.3872330940212123,-0.32106717870041435,0.5439814814814815,0.011648529768315208,-0.011645831883364053,0.001025869478081842,0.4431756145313557,0.5576458555708694,1.5576458555708694,-0.060489283827337204,0.49586017267938587,0.017946212434278446,0.9074434596902091,1.0921083727895715,0.01347178674336966,-0.02945208876692179,78107,MLP,34
-0.5560336010967148,-0.42652079397829235,0.4976851851851852,0.011360816351817595,-0.011584419975657963,-0.00016491578490045178,-0.07124361907699495,-0.06876500211981829,0.9312349978801817,-0.4424482415379316,0.11358535955878324,0.01795015586600711,-0.14584591600407337,-0.1755255870813035,0.08177761888325308,-0.07557358714261318,560650,MLP,34
-0.3286325380577182,-0.28009249324021046,0.5231481481481481,0.011527268237761295,-0.01140501136124107,0.0005919682437925747,0.25573028131839237,0.29140436507905876,1.2914043650790588,-0.22519574858233682,0.40938843925323454,0.017853832385149242,0.526341030878805,0.633451528717475,-0.06202810487089891,-0.02906765357651465,807182,MLP,34
-0.13893296575406566,-0.12971363450680207,0.5162037037037037,0.012435379568824775,-0.010386785869014563,0.001394100456536763,0.6022513972238812,0.8262257350351534,1.8262257350351534,-0.030695900321006775,0.7196324464057398,0.01785901769808746,1.2391867815998248,1.4913615225099985,0.028190393950916215,0.023664654526547063,32120,MLP,34
-0.1858517006621696,-0.16960326686328564,0.5208333333333334,0.012421016536682145,-0.010532343365368152,0.0014225315836163786,0.6145336441222753,0.8487942024389636,1.8487942024389636,-0.041050455532968044,0.6791680264468596,0.017830532958677942,1.2664786221834443,1.5242072577367252,0.004187248109928229,-0.016645320026404783,750873,MLP,34
-0.25177104328759015,-0.22257728615749117,0.5092592592592593,0.011779467944159643,-0.010984232296975262,0.0006083928258249225,0.26282570075636613,0.30060000559706923,1.3006000055970692,-0.1643500288737414,0.4405394277891901,0.01773120266142562,0.5446859349491505,0.6555296241837043,0.04694239329216067,0.0020959551545420203,328654,MLP,34
-0.13887046708259732,-0.12965924106542048,0.49537037037037035,0.011703104706153069,-0.009896256866574622,0.0008034268754710389,0.347080410203489,0.4149304956452995,1.4149304956452995,-0.06474200263619423,0.4132124702591682,0.01735193293668571,0.7350193376881643,0.8845959098383159,-0.0026723534084944077,0.02830500136746523,256363,MLP,34
-0.3648449148822692,-0.30569568120406143,0.32954545454545453,0.011683317061597963,-0.006135751246065257,-0.00026355828103987724,-0.11596564365754602,-0.10949418270526312,0.8905058172947369,-0.12214291956479428,0.24270199531747494,0.015713998400392934,-0.26625037746691455,-0.32043237888261195,-0.0485626679919719,-0.05714173016483462,483564,Linear,1
-0.37133257312962087,-0.31018551035754527,0.32727272727272727,0.011719398025585784,-0.006093003020002987,-0.00026348995053757096,-0.115935578236531,-0.10946740887046846,0.8905325911295315,-0.12211285414377926,0.2492197189858416,0.015707868680106127,-0.26628522161126666,-0.320474313816831,-0.04856267276880829,-0.05714173016483462,263340,Linear,1
-0.3379051416486618,-0.2867370563637204,0.29772727272727273,0.012337922468738815,-0.005602048061251027,-0.00026082956254950586,-0.11476500752178254,-0.10842436714081283,0.8915756328591872,-0.11982926808559569,0.21807587356306612,0.015098066002618581,-0.2742431343034548,-0.3300516632244007,-0.04856266569817665,-0.05714173016483462,416809,Linear,1
-0.3309738277530414,-0.28177603367039605,0.3386363636363636,0.011895811476376713,-0.0063064953965013704,-0.00014253238727674703,-0.06271425040176837,-0.06078818525314911,0.9392118147468509,-0.06889152630901663,0.2620823014440248,0.015394361570794657,-0.1469779368656806,-0.17688797439913787,-0.04856266481665049,-0.05714173016483462,498465,Linear,1
-0.2678314935255912,-0.2349633161235235,0.32954545454545453,0.01166076923786775,-0.005799779329686702,-4.573491537898525e-05,-0.020123362766753417,-0.01992223925534442,0.9800777607446556,-0.026300638674001675,0.24153085485158954,0.015016872149677344,-0.048346903850271475,-0.058185507790600194,-0.048562673151467554,-0.05714173016483462,107635,Linear,1
-0.38721203862223774,-0.32105288334848836,0.3659090909090909,0.011519022792543758,-0.007038530489117096,-0.00024815303832755563,-0.10918733686412452,-0.10343755743170413,0.8965624425682959,-0.14898285349772777,0.23822918512450997,0.01612793660723845,-0.24425364849405062,-0.2939593114658841,-0.04856265796675459,-0.05714173016483462,727464,Linear,1
-0.3379051416486618,-0.2867370563637204,0.29772727272727273,0.012337922468738815,-0.005719831902828576,-0.0003435459422028303,-0.151160214569245,-0.14029005043445097,0.859709949565549,-0.15622447513305815,0.18168066651560366,0.015196013580471459,-0.35888509398101964,-0.431918277464745,-0.048562676712179315,-0.05714173016483462,325348,Linear,1
-0.36655802594759734,-0.306884083392188,0.32727272727272727,0.011719398025585784,-0.006076872793036691,-0.0002526387069420625,-0.11116103105450748,-0.10520535239872286,0.8947946476012771,-0.11733830696175573,0.2492197189858416,0.015697160722891446,-0.2554930290582515,-0.30748590806874304,-0.04856267089711656,-0.05714173016483462,24175,Linear,1
-0.33555737103597494,-0.2850605112839948,0.29772727272727273,0.012337922468738815,-0.005712233939680722,-0.00033821009990126893,-0.14881244395655813,-0.13826927745192763,0.8617307225480724,-0.15387670452037128,0.18168066651560366,0.015195720413893327,-0.35331782535730594,-0.4252180686389498,-0.04856265928574582,-0.05714173016483462,996637,Linear,1
-0.37133257312962087,-0.31018551035754527,0.32727272727272727,0.011719398025585784,-0.006093003020002987,-0.00026348995053757096,-0.115935578236531,-0.10946740887046846,0.8905325911295315,-0.12211285414377926,0.2492197189858416,0.015707868680106127,-0.26628522161126666,-0.320474313816831,-0.04856266253974428,-0.05714173016483462,313805,Linear,1
-0.2878470243958873,-0.25012370375521187,0.3340909090909091,0.01178980677368414,-0.005995095271042845,-5.332117882723888e-05,-0.023461318683985155,-0.023188241697611356,0.9768117583023886,-0.029638594591233414,0.25820842980465386,0.0151900233619958,-0.05572390855275464,-0.06706373432433961,-0.048562663270930694,-0.05714173016483462,445840,Linear,1
-0.38721203862223774,-0.32105288334848836,0.3659090909090909,0.011519022792543758,-0.007038530489117096,-0.00024815303832755563,-0.10918733686412452,-0.10343755743170413,0.8965624425682959,-0.14898285349772777,0.23822918512450997,0.01612793660723845,-0.24425364849405062,-0.2939593114658841,-0.04856267428828501,-0.05714173016483462,246763,Linear,1
-0.37133257312962087,-0.31018551035754527,0.32727272727272727,0.011719398025585784,-0.0060859141890063796,-0.0002587211005943991,-0.11383728426153539,-0.10759684789286428,0.8924031521071357,-0.12001456016878365,0.2513180129608372,0.01570762888686684,-0.26146977218313044,-0.31467891953297367,-0.04856266682428398,-0.05714173016483462,102940,Linear,1
-0.3379051416486618,-0.2867370563637204,0.29772727272727273,0.012337922468738815,-0.005719831902828576,-0.0003435459422028303,-0.151160214569245,-0.14029005043445097,0.859709949565549,-0.15622447513305815,0.18168066651560366,0.015196013580471459,-0.35888509398101964,-0.431918277464745,-0.048562669113117796,-0.05714173016483462,108714,Linear,1
-0.3309738277530414,-0.28177603367039605,0.3386363636363636,0.011895811476376713,-0.006249586626539475,-0.00010489499623376596,-0.046153798342857044,-0.045104910385760255,0.9548950896142397,-0.0523310742501053,0.2786427535029361,0.01537436144679079,-0.10830735628406801,-0.13034792346502172,-0.04856266543425158,-0.05714173016483462,748715,Linear,1
-0.37133257312962087,-0.31018551035754527,0.32727272727272727,0.011719398025585784,-0.006093003020002987,-0.00026348995053757096,-0.115935578236531,-0.10946740887046846,0.8905325911295315,-0.12211285414377926,0.2492197189858416,0.015707868680106127,-0.26628522161126666,-0.320474313816831,-0.04856266688394426,-0.05714173016483462,315767,Linear,1
-0.36655802594759734,-0.306884083392188,0.32727272727272727,0.011719398025585784,-0.005880604413751162,-0.0001206036154227071,-0.053065590785990935,-0.05168219046814615,0.9483178095318539,-0.05924286669323919,0.30731515925435815,0.015451929923238045,-0.12390187188613279,-0.14911592589729084,-0.04856267273828496,-0.05714173016483462,968741,Linear,1
-0.33555737103597494,-0.2850605112839948,0.29772727272727273,0.012337922468738815,-0.005712233939680722,-0.00033821009990126893,-0.14881244395655813,-0.13826927745192763,0.8617307225480724,-0.15387670452037128,0.18168066651560366,0.015195720413893327,-0.35331782535730594,-0.4252180686389498,-0.04856267294179938,-0.05714173016483462,998617,Linear,1
-0.37133257312962087,-0.31018551035754527,0.32727272727272727,0.011719398025585784,-0.0060859141890063796,-0.0002587211005943991,-0.11383728426153539,-0.10759684789286428,0.8924031521071357,-0.12001456016878365,0.2513180129608372,0.01570762888686684,-0.26146977218313044,-0.31467891953297367,-0.0485626659474073,-0.05714173016483462,400494,Linear,1
-0.42114534869324416,-0.3437052971011346,0.35909090909090907,0.011387252072450746,-0.006896290971290903,-0.00033083687831094756,-0.14556822645681677,-0.13546909581862376,0.8645309041813762,-0.15535394159087446,0.2657914071023697,0.016005063940241,-0.32813818469251016,-0.3949143664080207,-0.04856267095547512,-0.05714173016483462,879764,Linear,1
-0.44104103057907196,-0.35663369166079406,0.35,0.011353481516817301,-0.006728147200726574,-0.00039957714958621833,-0.17581394581793575,-0.161225973764205,0.838774026235795,-0.181991221725184,0.25904980885388795,0.015945808767620407,-0.3977904599743745,-0.47874089268563236,-0.04856266956151242,-0.05714173016483462,320285,Linear,1
-0.4254360272316262,-0.3465152141614424,0.36363636363636365,0.011452044672205374,-0.007052979132926599,-0.00032387956742406347,-0.1425070096665877,-0.13281852438206487,0.8671814756179351,-0.18230252630019095,0.24313350093143526,0.016112802026130215,-0.3190896736953392,-0.3840244817372308,-0.04856266614338818,-0.05714173016483462,214908,Linear,1
-0.3648449148822692,-0.30569568120406143,0.32954545454545453,0.011683317061597963,-0.006128638385133068,-0.00025878943109670536,-0.11386734968255041,-0.10762367796601668,0.8923763220339833,-0.12004462558979867,0.24480028929247055,0.015713758721478024,-0.2614368040453275,-0.31463924237298607,-0.04856267754268357,-0.05714173016483462,109776,Linear,1
-0.32661611866933526,-0.27863939324859166,0.3386363636363636,0.011895811476376713,-0.0062346116812346435,-9.499111195261645e-05,-0.041796089259150904,-0.04093467564411979,0.9590653243558802,-0.04797336516639916,0.2786427535029361,0.015373019140625898,-0.09808985080515001,-0.11805115371767116,-0.048562671508826045,-0.05714173016483462,111363,Linear,1
-0.32661611866933526,-0.27863939324859166,0.3386363636363636,0.011895811476376713,-0.0062346116812346435,-9.499111195261645e-05,-0.041796089259150904,-0.04093467564411979,0.9590653243558802,-0.04797336516639916,0.2786427535029361,0.015373019140625898,-0.09808985080515001,-0.11805115371767116,-0.04856267211321279,-0.05714173016483462,901329,Linear,1
-0.36655802594759734,-0.306884083392188,0.32727272727272727,0.011719398025585784,-0.006076872793036691,-0.0002526387069420625,-0.11116103105450748,-0.10520535239872286,0.8947946476012771,-0.11733830696175573,0.2492197189858416,0.015697160722891446,-0.2554930290582515,-0.30748590806874304,-0.048562660670730465,-0.05714173016483462,478636,Linear,1
-0.3379051416486618,-0.2867370563637204,0.3,0.01226831038807039,-0.005670222758441935,-0.00028866281448823757,-0.12701163837482454,-0.11927657765179711,0.8807234223482029,-0.1320758989386377,0.20582924271002412,0.015116176377452297,-0.3031441288395059,-0.36483401553265626,-0.0485626689968083,-0.05714173016483462,199645,Linear,1
-0.36655802594759734,-0.306884083392188,0.32727272727272727,0.011719398025585784,-0.006076872793036691,-0.0002526387069420625,-0.11116103105450748,-0.10520535239872286,0.8947946476012771,-0.11733830696175573,0.2492197189858416,0.015697160722891446,-0.2554930290582515,-0.30748590806874304,-0.048562667389961345,-0.05714173016483462,312911,Linear,1
-0.26641303231735947,-0.23387737126131947,0.33181818181818185,0.011590616443144216,-0.005819506470263867,-4.2511139905730515e-05,-0.01870490155852167,-0.01853105053031734,0.9814689494696827,-0.024882177465769928,0.24153085485158954,0.015017034244820421,-0.04493852872949152,-0.05408352769777743,-0.04856266443494302,-0.05714173016483462,602509,Linear,1
-0.3379051416486618,-0.2867370563637204,0.29772727272727273,0.012337922468738815,-0.005602048061251027,-0.00026082956254950586,-0.11476500752178254,-0.10842436714081283,0.8915756328591872,-0.11982926808559569,0.21807587356306612,0.015098066002618581,-0.2742431343034548,-0.3300516632244007,-0.048562672758011044,-0.05714173016483462,671582,Linear,1
-0.32661611866933526,-0.27863939324859166,0.33636363636363636,0.01181744085988612,-0.006202779658289653,-0.00014143275672143848,-0.062230412957433145,-0.06033364945716069,0.9396663505428393,-0.0684076888646814,0.25820842980465386,0.015331013572155933,-0.1464466389369729,-0.17624855724295987,-0.048562674703231695,-0.05714173016483462,120035,Linear,1
-0.27431915177294286,-0.23991054735018513,0.325,0.011770174121895278,-0.00573877837908825,-4.836881626860351e-05,-0.021282279158185702,-0.0210574095263798,0.9789425904736202,-0.02745955506543396,0.2468595967075089,0.01501034100748505,-0.05115347838939262,-0.06156322077128399,-0.04856266713989494,-0.05714173016483462,71835,Linear,1
-0.37133257312962087,-0.31018551035754527,0.32727272727272727,0.011719398025585784,-0.006093003020002987,-0.00026348995053757096,-0.115935578236531,-0.10946740887046846,0.8905325911295315,-0.12211285414377926,0.2492197189858416,0.015707868680106127,-0.26628522161126666,-0.320474313816831,-0.04856266349162672,-0.05714173016483462,36794,Linear,1
-0.3309738277530414,-0.28177603367039605,0.3386363636363636,0.011895811476376713,-0.0063064953965013704,-0.00014253238727674703,-0.06271425040176837,-0.06078818525314911,0.9392118147468509,-0.06889152630901663,0.2620823014440248,0.015394361570794657,-0.1469779368656806,-0.17688797439913787,-0.04856266489297973,-0.05714173016483462,520632,Linear,1
-0.31942648639233084,-0.2734343871278252,0.3068181818181818,0.012341548652491636,-0.0057263270417680645,-0.00018277427193838297,-0.0804206796528888,-0.07727190820640861,0.9227280917935914,-0.08842043241747888,0.23100605397485197,0.01519178324799717,-0.19098821845300049,-0.2298543564883837,-0.04856267044306593,-0.05714173016483462,584184,Linear,1
-0.4285675458377227,-0.34855841309964797,0.3613636363636364,0.011504375024822412,-0.007027879563058533,-0.00033099665516519126,-0.1456385282726842,-0.1355298717747061,0.8644701282252939,-0.18543404490628745,0.24313350093143526,0.016111963866762002,-0.32611847007721506,-0.3924836394922498,-0.048562662866983804,-0.05714173016483462,44204,Linear,1
-0.3309738277530414,-0.28177603367039605,0.3386363636363636,0.011895811476376713,-0.0063064953965013704,-0.00014253238727674703,-0.06271425040176837,-0.06078818525314911,0.9392118147468509,-0.06889152630901663,0.2620823014440248,0.015394361570794657,-0.1469779368656806,-0.17688797439913787,-0.048562663211543525,-0.05714173016483462,924226,Linear,1
-0.4053173294523731,-0.3332348069496035,0.3659090909090909,0.011519022792543758,-0.007103424004637294,-0.00028930142657786293,-0.12729262769425986,-0.11952401676135194,0.8804759832386481,-0.16708814432786312,0.23822918512450997,0.01615038309231782,-0.2843596802451036,-0.34222692814983957,-0.04856266378767332,-0.05714173016483462,367242,Linear,1
-0.40236889187508496,-0.3312659903590668,0.32954545454545453,0.011683782051690725,-0.00624108574399034,-0.0003340270385954439,-0.1469718969819951,-0.13668176107658048,0.8633182389234195,-0.15314917288924335,0.2492197189858416,0.015765097717935855,-0.33634519408889363,-0.40479150374549505,-0.048562673004674234,-0.05714173016483462,723917,Linear,1
-0.36655802594759734,-0.306884083392188,0.32727272727272727,0.011719398025585784,-0.006076872793036691,-0.0002526387069420625,-0.11116103105450748,-0.10520535239872286,0.8947946476012771,-0.11733830696175573,0.2492197189858416,0.015697160722891446,-0.2554930290582515,-0.30748590806874304,-0.048562666975217564,-0.05714173016483462,826186,Linear,1
-0.32661611866933526,-0.27863939324859166,0.3386363636363636,0.011895811476376713,-0.0062346116812346435,-9.499111195261645e-05,-0.041796089259150904,-0.04093467564411979,0.9590653243558802,-0.04797336516639916,0.2786427535029361,0.015373019140625898,-0.09808985080515001,-0.11805115371767116,-0.04856266801841046,-0.05714173016483462,593678,Linear,1
-0.36655802594759734,-0.306884083392188,0.32727272727272727,0.011719398025585784,-0.006076872793036691,-0.0002526387069420625,-0.11116103105450748,-0.10520535239872286,0.8947946476012771,-0.11733830696175573,0.2492197189858416,0.015697160722891446,-0.2554930290582515,-0.30748590806874304,-0.048562669027126804,-0.05714173016483462,241877,Linear,1
-0.32661611866933526,-0.27863939324859166,0.3386363636363636,0.011895811476376713,-0.0062346116812346435,-9.499111195261645e-05,-0.041796089259150904,-0.04093467564411979,0.9590653243558802,-0.04797336516639916,0.2786427535029361,0.015373019140625898,-0.09808985080515001,-0.11805115371767116,-0.048562658535698196,-0.05714173016483462,605015,Linear,1
-0.42852596415468724,-0.3485313244988745,0.34545454545454546,0.011515102817659346,-0.006442186429340937,-0.00023875923492265756,-0.10505406336596934,-0.09972415067215823,0.9002758493278418,-0.1112313392732176,0.31729462488146964,0.015689334748012793,-0.2415771869124319,-0.29073818945379387,-0.04856266938039667,-0.05714173016483462,78107,Linear,1
-0.4053173294523731,-0.3332348069496035,0.3659090909090909,0.011519022792543758,-0.007103424004637294,-0.00028930142657786293,-0.12729262769425986,-0.11952401676135194,0.8804759832386481,-0.16708814432786312,0.23822918512450997,0.01615038309231782,-0.2843596802451036,-0.34222692814983957,-0.04856267689307561,-0.05714173016483462,560650,Linear,1
-0.4368469725668547,-0.35392970967547155,0.35454545454545455,0.011290185208427153,-0.0068241836141451,-0.00040181648614221084,-0.17679925390257267,-0.1620520175727881,0.8379479824272119,-0.18297652980982093,0.25387044275703374,0.015959129951632182,-0.39968588447118747,-0.48102203642065533,-0.04856267466064537,-0.05714173016483462,807182,Linear,1
-0.26559186192025663,-0.23324799566110965,0.32272727272727275,0.011652431270934831,-0.005682648151774848,-8.814524717308753e-05,-0.03878390875615878,-0.03804144249033181,0.9619585575096682,-0.04496118466340704,0.2206306772568496,0.014977806296719236,-0.09342238722504706,-0.112433860429491,-0.04856266083002313,-0.05714173016483462,32120,Linear,1
-0.34167459980380954,-0.28942061023385535,0.32727272727272727,0.011853677935808568,-0.0060598172540267115,-0.00019721882826243854,-0.08677628443547292,-0.08311780649197109,0.9168821935080289,-0.09295356034272118,0.24872103946108837,0.015283084734058879,-0.2048507807900081,-0.24653795284350188,-0.04856266275703851,-0.05714173016483462,750873,Linear,1
-0.3379051416486618,-0.2867370563637204,0.3,0.01226831038807039,-0.005620236528982361,-0.0002536724538665363,-0.11161587970127584,-0.10561225598653146,0.8943877440134685,-0.116680140265089,0.22122500138357282,0.015098936311716347,-0.2667025862785699,-0.3209766122716835,-0.04856267583188132,-0.05714173016483462,328654,Linear,1
-0.4018239618817461,-0.33090147783176316,0.3477272727272727,0.011338298888956927,-0.006495601587462562,-0.0002942680127076044,-0.1294779255913454,-0.12144601823818413,0.8785539817618159,-0.13565520149859367,0.2661687603831524,0.01580994325711402,-0.29546974372922674,-0.3555978916227337,-0.04856267810591075,-0.05714173016483462,256363,Linear,1
-0.4481889070084435,-0.3612159981414117,0.31662870159453305,0.0122620101403378,-0.0064787065389343,-0.0005448577498253656,-0.23919255217333557,-0.21273672147793588,0.7872632785220641,-0.24536982808058383,0.20281907892785966,0.01596127921333902,-0.5418957039756954,-0.6521715806873444,-0.024298648364192224,-0.07760859759954838,483564,Linear,4
-0.3922103747681831,-0.3244380221842553,0.3211845102505695,0.012303787604773563,-0.006433297214536785,-0.0004152358033232108,-0.18228851765888976,-0.16663913359928073,0.8333608664007193,-0.18846579356613802,0.20374458120204508,0.01615758628923404,-0.407960936012587,-0.4909810624923325,-0.021812310145046587,-0.06911283711140172,263340,Linear,4
-0.4519232546517742,-0.36359699117849975,0.3143507972665148,0.012064198888264651,-0.006355494876150266,-0.0005652494559013847,-0.24814451114070835,-0.21975281927961277,0.7802471807203872,-0.2543217870479566,0.19760146760381758,0.015874715410557405,-0.5652420658962063,-0.6802689316079954,-0.022998132512132292,-0.06961905383286479,416809,Linear,4
-0.49666543736384483,-0.39144344995991875,0.3211845102505695,0.011984647867593465,-0.006653086713620894,-0.0006669350599734572,-0.29278449132834794,-0.25381706773684776,0.7461829322631522,-0.2989617672355962,0.19770367012824863,0.01603809041718197,-0.6601325706816016,-0.7944696717948688,-0.03105869910168218,-0.07161711350090919,498465,Linear,4
-0.4140387139705126,-0.3390246382100853,0.33029612756264237,0.011823354709335474,-0.006430656052271552,-0.0004014269852259519,-0.1762264465141925,-0.16157189728227828,0.8384281027177217,-0.18240372242144076,0.23163499154907186,0.015919226534986914,-0.40029933745489277,-0.48176032720082806,-0.03479966483123823,-0.0632080154999617,107635,Linear,4
-0.4021826749158208,-0.3311414491497522,0.3234624145785877,0.011741933651111895,-0.006395704701319627,-0.0005288604050889293,-0.23216971783404006,-0.2071884423724536,0.7928115576275464,-0.24016947059863014,0.16201320431719068,0.01583133115788177,-0.5303027633671467,-0.6382194745052461,-0.023857212259127455,-0.07452520020311076,727464,Linear,4
-0.4068173237683368,-0.3342342012190148,0.31890660592255127,0.012223976478812152,-0.0063855120157879424,-0.0004508232020202581,-0.19791138568689348,-0.17955744713006905,0.820442552869931,-0.20408866159414174,0.20272866217419505,0.015928608486840707,-0.4492920064381627,-0.5407230134492949,-0.032868263911071775,-0.07034284871367906,325348,Linear,4
-0.4113246008710121,-0.3372282396104692,0.3143507972665148,0.012064072341435467,-0.006292749503984207,-0.000522267921597157,-0.2292756175811519,-0.20489064281572056,0.7951093571842794,-0.23545289348840015,0.17587170738261193,0.015823678271338713,-0.5239455762174396,-0.63056859858626,-0.026508169648323393,-0.07394678838183691,24175,Linear,4
-0.40162158903694944,-0.330766056758071,0.3234624145785877,0.012101881683994295,-0.006418200561555097,-0.00042765004021565797,-0.18773836765467422,-0.17116847199566798,0.828831528004332,-0.19391564356192248,0.20770594547502697,0.01593044964911967,-0.4261482931738567,-0.5128695502241387,-0.031983855896164884,-0.06826124697532318,996637,Linear,4
-0.4113246008710121,-0.3372282396104692,0.3120728929384966,0.01202198686027206,-0.006271912585096843,-0.0005628824620546105,-0.2471054008419742,-0.2189416350165967,0.7810583649834033,-0.25328267674922245,0.15804192412178963,0.015799329693600567,-0.5655608335938942,-0.6806525685915479,-0.02710132864934111,-0.07379232774589593,313805,Linear,4
-0.4140387139705126,-0.3390246382100853,0.33029612756264237,0.011823354709335474,-0.006331419216083453,-0.0003349676917423494,-0.1470508166748914,-0.13674989119842862,0.8632501088015714,-0.15322809258213965,0.26081062138837297,0.015859615594651415,-0.3352822283626401,-0.4035122242959234,-0.0352380336371645,-0.06247358283430302,445840,Linear,4
-0.3990511563097243,-0.3290436231767291,0.32801822323462415,0.011601694934446035,-0.006439065411159082,-0.0005213672567920282,-0.2288802257317002,-0.20457620089667772,0.7954237991033223,-0.23687997849629028,0.16217117781343404,0.015832289150546484,-0.5227575457043916,-0.6291388036424822,-0.023250514733531968,-0.07436449873339442,246763,Linear,4
-0.40120522765937494,-0.33048735557536524,0.33029612756264237,0.011916823932451422,-0.00637986768395137,-0.0003365412958456649,-0.14774162887624698,-0.13734602897307857,0.8626539710269214,-0.15391890478349524,0.2472863228758797,0.01592201928707839,-0.33553705418520274,-0.40381890722085045,-0.03285888924102722,-0.061363565445070725,102940,Linear,4
-0.469983605966263,-0.3749874853250377,0.2984054669703872,0.01235009225988263,-0.006223209425694553,-0.0006808346630280131,-0.29888641706929775,-0.25835635729033546,0.7416436427096645,-0.30755085021519335,0.16243275575106964,0.015911610157393157,-0.679247109942907,-0.8174740233567979,-0.03236794121443819,-0.0693176499289396,108714,Linear,4
-0.4980838985720766,-0.39230605189084544,0.31890660592255127,0.01206012062944605,-0.006630835587488383,-0.0006701661788988149,-0.2942029525365797,-0.2548747489632718,0.7451252510367282,-0.30038022844382795,0.19770367012824863,0.01603781220590863,-0.6633422403335459,-0.7983325098189302,-0.031131663450433594,-0.07167484121333155,748715,Linear,4
-0.39860937436606036,-0.32874714127910987,0.32574031890660593,0.011892819549693805,-0.006472696008844454,-0.0004903071139219688,-0.2152448230117443,-0.19365599555776214,0.8063440044422379,-0.22142209891899256,0.1771872754470678,0.015878656601999084,-0.49017900770775275,-0.5899305270943005,-0.028284998021133757,-0.0740023885372904,315767,Linear,4
-0.41862453212524997,-0.3420488115696745,0.3143507972665148,0.012064072341435467,-0.006317001767287323,-0.0005388964665954208,-0.23657554883538978,-0.21067375262940902,0.789326247370591,-0.24275282474263804,0.17587170738261193,0.01583133632098803,-0.5403660199421221,-0.650330605667966,-0.025549064297342,-0.07335249080186203,968741,Linear,4
-0.4009551283743349,-0.3303198900010321,0.3234624145785877,0.012101881683994295,-0.006411545995807295,-0.0004231479763726117,-0.18576196162757697,-0.1695287445183935,0.8304712554816065,-0.19193923753482522,0.20901589083950967,0.015928760656696055,-0.42170674946699155,-0.507524151545488,-0.034570781083809676,-0.0683812411883682,998617,Linear,4
-0.40920777660358,-0.3358237822940844,0.3120728929384966,0.01202198686027206,-0.006264903233217928,-0.0005580605388941723,-0.2449885765745421,-0.2172865205401141,0.7827134794598859,-0.25116585248179035,0.15804192412178963,0.015799177375437325,-0.5607213720107243,-0.6748282756746341,-0.026076446402038073,-0.0742140095371287,400494,Linear,4
-0.4593858574589831,-0.3683285372755838,0.3211845102505695,0.012074435710187023,-0.006491309201022362,-0.0005282795142785728,-0.2319147067682934,-0.2069862408714923,0.7930137591285077,-0.240579139914189,0.21880671754479408,0.015948728101968786,-0.5258210718402909,-0.6328257579177574,-0.023387797894885667,-0.07734364583835673,879764,Linear,4
-0.48401087738602655,-0.38369350192786067,0.2984054669703872,0.012213243572361311,-0.006239243258077495,-0.0007329203086754829,-0.3217520155085367,-0.27512207347293016,0.7248779265270698,-0.33223892551177414,0.1517719518742524,0.015886881163322732,-0.7323494829409765,-0.8813827391526942,-0.030315320813042262,-0.07320753325371541,320285,Linear,4
-0.36738675204105675,-0.3074582486923291,0.34851936218678814,0.012001459320624408,-0.0068137244681082424,-0.00025626861463194303,-0.11250192182342289,-0.10640437022614646,0.8935956297738535,-0.15937046978797298,0.20801628225308377,0.016269632379224824,-0.25004487157790634,-0.30092904952618177,-0.028776536979231215,-0.07277195142361928,214908,Linear,4
-0.4056719666768913,-0.33347122478331226,0.3143507972665148,0.012261280593415047,-0.006243617139104793,-0.00042658778355185835,-0.18727203697926598,-0.17078187229477015,0.8292181277052298,-0.19344931288651424,0.21222265379037708,0.015883028341084984,-0.4263589398869139,-0.5131230635825457,-0.029169142093098878,-0.07215850583092445,109776,Linear,4
-0.3906907064447296,-0.32341061158208995,0.31662870159453305,0.012417928020054434,-0.006368389334941943,-0.0004201020630865979,-0.1844248056950164,-0.16841753218579314,0.8315824678142069,-0.193089238840912,0.19760146760381758,0.01614608760304643,-0.41303588021506527,-0.497088758785453,-0.021485324986376765,-0.0689257539352712,111363,Linear,4
-0.38335474761697697,-0.3184289293186586,0.3416856492027335,0.011745287589437794,-0.006616606092094371,-0.00034261052892848275,-0.1504060221996042,-0.13964141918476025,0.8603585808152397,-0.15658329810685245,0.2267714495101245,0.015974055900702114,-0.34047542905764744,-0.4097622422998334,-0.03290073447904665,-0.07413812667190518,901329,Linear,4
-0.38788151677727,-0.3215072714930689,0.3234624145785877,0.01192659449824673,-0.006412339838746322,-0.0004803838573043781,-0.21088851335662184,-0.19013564909347447,0.8098643509065255,-0.2170657892638701,0.1708157275133999,0.015866398680745988,-0.4806293775359361,-0.5784375454034685,-0.029247958731533318,-0.07448222355233931,478636,Linear,4
-0.38950204186403425,-0.3226058955664407,0.3211845102505695,0.012165376392245979,-0.006351597564578745,-0.0004042323529334464,-0.17745800293778302,-0.16260383322379957,0.8373961667762004,-0.18363527884503128,0.20586676301900297,0.015919138747682693,-0.4030990475175326,-0.4851297787827878,-0.03496003829177839,-0.06815189054712255,199645,Linear,4
-0.44734989078278886,-0.3606798231008377,0.3120728929384966,0.011988964762001631,-0.006293358505050696,-0.0005879409934648897,-0.2581060961310868,-0.22748673290993215,0.7725132670900678,-0.2642833720383351,0.1830665187444538,0.015800870179360143,-0.5906810080574973,-0.7108847032382634,-0.022797693232528185,-0.07515013460343756,312911,Linear,4
-0.4149844640705851,-0.33964946021533426,0.32801822323462415,0.011870678497770213,-0.006395084407773477,-0.00040358131347212984,-0.17717219661426498,-0.16236446589932707,0.8376355341006729,-0.18334947252151323,0.23163499154907186,0.015924029258612606,-0.4023262348613976,-0.48419969860715795,-0.03596202810232443,-0.06603156727193299,602509,Linear,4
-0.41100287118024426,-0.3370149719515201,0.33029612756264237,0.012011700922398475,-0.006583841665091387,-0.0004418059585172872,-0.19395281578908907,-0.17630323116626,0.82369676883374,-0.20013009169633733,0.21087277948390692,0.015980004189344754,-0.4388892568986958,-0.5282033024405636,-0.03761942131787433,-0.07049050116731957,671582,Linear,4
-0.4140387139705126,-0.3390246382100853,0.33029612756264237,0.011823354709335474,-0.006331419216083453,-0.0003349676917423494,-0.1470508166748914,-0.13674989119842862,0.8632501088015714,-0.15322809258213965,0.26081062138837297,0.015859615594651415,-0.3352822283626401,-0.4035122242959234,-0.03527865473298264,-0.06227572003619684,120035,Linear,4
-0.46102296206663596,-0.36936180352449177,0.31890660592255127,0.012001450776421865,-0.006430338017151334,-0.0005523188119115896,-0.242467958429188,-0.21531111015944926,0.7846888898405507,-0.24864523433643626,0.2123777277301997,0.015894383431901495,-0.5516281497806695,-0.6638845810267391,-0.022242276506378823,-0.07291194467217184,71835,Linear,4
-0.4206856602759217,-0.34340353667528956,0.31662870159453305,0.011992331008802055,-0.00635190229069849,-0.0005435915193304354,-0.2386366769860615,-0.21229897970192924,0.7877010202980708,-0.24481395289330976,0.17587170738261193,0.01583273471459616,-0.5450257334102409,-0.6559385716949294,-0.026970010036239816,-0.07356439547596286,36794,Linear,4
-0.4923105848793057,-0.38878749701180004,0.32801822323462415,0.011868100709559966,-0.006724083537292091,-0.0006255082945889104,-0.27459814132453175,-0.2401225747876522,0.7598774252123478,-0.28077541723178,0.21153516764752567,0.016040791859249108,-0.6190240750001936,-0.7449955895839769,-0.025047395516390993,-0.0691460270001163,520632,Linear,4
-0.4593858574589831,-0.3683285372755838,0.31890660592255127,0.012063235662312113,-0.006469599136804896,-0.0005593556928951433,-0.24555714918096783,-0.2177314234914144,0.7822685765085856,-0.2542215823268634,0.20516427513211966,0.01593433802973087,-0.5572554272668823,-0.6706570105297311,-0.023844545221765844,-0.07720138319570405,584184,Linear,4
-0.3748089491855353,-0.31257940148857155,0.3348519362186788,0.012129279649931286,-0.0066392443819644886,-0.00035456776991738426,-0.1556552509937319,-0.14414580560004653,0.8558541943999535,-0.17364808467391413,0.20116086451162118,0.016218499227114772,-0.3470474532755098,-0.41767167467036764,-0.025776977509050614,-0.0741028092262217,44204,Linear,4
-0.4140387139705126,-0.3390246382100853,0.32801822323462415,0.011904604490458345,-0.006408857218196055,-0.0004017080472479154,-0.1763498327418347,-0.16167534138110196,0.838324658618898,-0.18252710864908295,0.23151160532142967,0.015919218337209575,-0.40057981622896693,-0.4820978834576782,-0.03474164098882488,-0.06314957860188301,924226,Linear,4
-0.3990511563097243,-0.3290436231767291,0.32801822323462415,0.011601694934446035,-0.006439065411159082,-0.0005213672567920282,-0.2288802257317002,-0.20457620089667772,0.7954237991033223,-0.23687997849629028,0.16217117781343404,0.015832289150546484,-0.5227575457043916,-0.6291388036424822,-0.023167271902703696,-0.07468221390741438,367242,Linear,4
-0.40467930469458224,-0.33280925850801935,0.3143507972665148,0.012149180350588986,-0.006237161548080524,-0.0004574003134190383,-0.2007987375909579,-0.18192293685326077,0.8180770631467392,-0.2094631707368535,0.19521613395772874,0.015860428545786114,-0.45780634820159355,-0.5509700253477653,-0.025481466803586747,-0.07264571637679883,723917,Linear,4
-0.4040128440319677,-0.3323644539184376,0.3097949886104784,0.01216999910556136,-0.006193792624784236,-0.0005047819748366243,-0.22159928695327835,-0.1987636341190736,0.8012363658809264,-0.23026372009917395,0.17374912393279374,0.015841113416503,-0.5058460993030108,-0.6087858747478984,-0.02682642185915777,-0.0739795527591577,826186,Linear,4
-0.36902147287037224,-0.30858943627850066,0.3462414578587699,0.01199676739988239,-0.0067328834524777725,-0.00024790183617083746,-0.10882890607899753,-0.10311614425275106,0.8968838557472489,-0.15805740379437339,0.21096406907599885,0.016238418760080173,-0.2423462349708763,-0.2916637389354017,-0.026925332160947918,-0.07108607528147579,593678,Linear,4
-0.40717144561494933,-0.33446992169374234,0.3143507972665148,0.012064072341435467,-0.006278951645990643,-0.0005128074312644396,-0.22512246232508915,-0.2015815634059558,0.7984184365940442,-0.2312997382323374,0.17587170738261193,0.015822744013657512,-0.514485072533737,-0.6191828806404769,-0.026213128120667003,-0.07369318359114595,241877,Linear,4
-0.4140387139705126,-0.3390246382100853,0.33029612756264237,0.011823354709335474,-0.006430656052271552,-0.0004014269852259519,-0.1762264465141925,-0.16157189728227828,0.8384281027177217,-0.18240372242144076,0.23163499154907186,0.015919226534986914,-0.40029933745489277,-0.48176032720082806,-0.03433926374156991,-0.06292505042310016,605015,Linear,4
-0.36738675204105675,-0.3074582486923291,0.3439635535307517,0.011875554485672882,-0.006700151609468069,-0.00031078573164054334,-0.13643493619019864,-0.12753691581486848,0.8724630841851315,-0.1859973714890657,0.18138938055199105,0.016175008583331024,-0.3050119272748362,-0.3670819112975382,-0.027670471893457713,-0.07280202089544617,78107,Linear,4
-0.397422146932513,-0.3279497382146547,0.3234624145785877,0.011741933651111895,-0.006379675987571116,-0.000518016377792101,-0.22740918985073222,-0.20340524289816297,0.796594757101837,-0.2354089426153223,0.16201320431719068,0.015830056328161184,-0.5194709919982642,-0.6251834356448885,-0.02388545531536175,-0.07447002555905105,560650,Linear,4
-0.5107219808924128,-0.3999378110531884,0.2984054669703872,0.012196058566497197,-0.006326455953660422,-0.0007992363588070102,-0.3508647615162772,-0.29592103401091496,0.704078965989085,-0.36135167151951464,0.1493703093728982,0.015907326059371927,-0.7975874648970239,-0.9598966625903234,-0.02794197757008953,-0.07351744738551616,807182,Linear,4
-0.418249215472315,-0.3418018251856859,0.3143507972665148,0.012064072341435467,-0.006315754868108137,-0.0005380415311673232,-0.23620023218245478,-0.21037744974394668,0.7896225502560533,-0.24237750808970304,0.17587170738261193,0.015831355308964533,-0.539508106050935,-0.6492981061400971,-0.02720897535709224,-0.07328994062697684,32120,Linear,4
-0.49150963634747313,-0.3882977511504615,0.30751708428246016,0.012172153446374944,-0.006417746078568598,-0.0007010343795540684,-0.30775409262423636,-0.2649039386715243,0.7350960613284757,-0.31641852577013196,0.17509111057734117,0.015964439616900056,-0.6970852745158929,-0.8389422577435516,-0.02778522464532036,-0.07193000621246634,750873,Linear,4
-0.38950204186403425,-0.3226058955664407,0.31890660592255127,0.012223976478812152,-0.0063111915792205,-0.0004002040436292217,-0.17568957515322836,-0.1611216483936494,0.8388783516063506,-0.18186685106047662,0.20763519080355763,0.0159163402842924,-0.39915219989496625,-0.4803797469337502,-0.03383141729941451,-0.0698003216866137,328654,Linear,4
-0.41313974874356063,-0.3384301771841025,0.32801822323462415,0.011904604490458345,-0.006405809878443676,-0.00039966029046670324,-0.1754508675148827,-0.1609213778213715,0.8390786221786285,-0.18162814342213096,0.23151160532142967,0.015919212045725394,-0.398537968253272,-0.47964051903854266,-0.033867019821652876,-0.06392556954700056,256363,Linear,4
-0.5411402986574103,-0.4179158759515188,0.3356164383561644,0.01155220085668273,-0.006792320688464159,-0.0006355977041340383,-0.2783917944107088,-0.24299982503155737,0.7570001749684426,-0.2789323946853983,0.262207903972012,0.015803202715967614,-0.6384655652071642,-0.7683934266699233,-0.0883806676579894,-0.12767067877064714,483564,Linear,7
-0.47437718924629735,-0.3777275061966999,0.3356164383561644,0.01190724720527833,-0.006909195172523038,-0.0005940877991513459,-0.2602104560282896,-0.22911066957637805,0.770889330423622,-0.266060701389506,0.20831648785679135,0.016151324296050595,-0.5839057694643023,-0.7027307023291582,-0.0843672377249744,-0.12009099335579698,263340,Linear,7
-0.48150739353877725,-0.3821486556229483,0.3401826484018265,0.011864346122051176,-0.007008947277987242,-0.000588580345097461,-0.25779819115268765,-0.2272488356061131,0.7727511643938869,-0.25833879142737715,0.2231686021114001,0.016130141173049617,-0.5792524205468094,-0.6971303960400588,-0.08221584779409744,-0.11925940582549699,416809,Linear,7
-0.5335602595660021,-0.4134868908027889,0.3356164383561644,0.01155220085668273,-0.006766272444163787,-0.0006182916788111887,-0.2708117553193006,-0.23723993158316292,0.7627600684168371,-0.27135235559399007,0.262207903972012,0.015799730537178133,-0.6212179439335659,-0.7476359112539979,-0.08912971412731593,-0.12806797853181742,498465,Linear,7
-0.5377214321124484,-0.41592240224492494,0.3310502283105023,0.01176688514523417,-0.006713327693693545,-0.0005954490141398495,-0.26080666819325415,-0.22957014618663485,0.7704298538133652,-0.26134726846794365,0.27637416364450473,0.015852144555971618,-0.5962890399857563,-0.7176339707086726,-0.08968925886327128,-0.12823535283810483,107635,Linear,7
-0.5356119371208479,-0.414688992999828,0.3401826484018265,0.011559094047355903,-0.006955236468246009,-0.0006569824800617971,-0.2877583262670669,-0.2500571881810283,0.7499428118189717,-0.2882989265417564,0.2473130105790915,0.01586416775327785,-0.6574106949710553,-0.7911938938701539,-0.08688710766348465,-0.12653690349964392,727464,Linear,7
-0.48942126782640116,-0.38701895659731567,0.3287671232876712,0.012155564037534027,-0.0069621166604229325,-0.0006768517734233844,-0.2964610767594422,-0.2565554360274497,0.7434445639725503,-0.2970016770341317,0.19241959079226945,0.016231537915559004,-0.6619636942281593,-0.7966734293242808,-0.0875188097905382,-0.1242822059333763,325348,Linear,7
-0.4780309678244521,-0.37999700345925913,0.3378995433789954,0.012039782466524991,-0.007090306863342291,-0.000626258413980744,-0.27430118532356573,-0.2398968911188354,0.7601031088811646,-0.27484178559825523,0.20318918222619686,0.016239740945372675,-0.6121738119204072,-0.7367512966912826,-0.08751607169067502,-0.12359885605659705,24175,Linear,7
-0.47613168913085246,-0.37881832601379817,0.3356164383561644,0.01205696088693906,-0.007001954740533626,-0.0006054693587106011,-0.26519557911524316,-0.23294408481273599,0.767055915187264,-0.26573617938993266,0.2103955097409198,0.01621864510613857,-0.5926221354994818,-0.7132208504763144,-0.08651108204392825,-0.12206835226778974,996637,Linear,7
-0.4785626143057016,-0.3803265382649623,0.3378995433789954,0.012039782466524991,-0.007092140127070738,-0.0006274722187324553,-0.2748328318048152,-0.2403008898602884,0.7596991101397116,-0.2753734320795047,0.20318918222619686,0.016239713898280023,-0.6133613396516163,-0.7381804865370235,-0.08744859154446906,-0.12346161483787504,313805,Linear,7
-0.5287779887512443,-0.4106753087632682,0.3310502283105023,0.011651642978339906,-0.0068028137956615995,-0.0006934616672821053,-0.30373621026956243,-0.2619444677560576,0.7380555322439424,-0.30427681054425193,0.22450117820699234,0.015830503753700296,-0.6953892853684366,-0.8369011344886332,-0.09242739946181394,-0.1247263476505724,445840,Linear,7
-0.43789852289046394,-0.35460872802478494,0.3424657534246575,0.011971123553521465,-0.007030804566183078,-0.0005232949361472748,-0.22920318203250645,-0.20483304654721635,0.7951669534527837,-0.22974378230719594,0.208154740583268,0.016186734953525177,-0.5132010627320217,-0.6176375746049076,-0.08346350077075712,-0.12234383438112457,246763,Linear,7
-0.4798814281311934,-0.38114323354070734,0.3356164383561644,0.01190724720527833,-0.006984798798180158,-0.0006443176052386103,-0.2822111110945116,-0.24588553420300197,0.754114465796998,-0.28806135645572795,0.19182007167546544,0.016170806570044507,-0.6325117333206807,-0.7612279888853698,-0.08527018204934848,-0.12061753692856293,102940,Linear,7
-0.4532871230694582,-0.36446436951373806,0.3401826484018265,0.011899758605055993,-0.0069752972296152705,-0.0005543307470444528,-0.24279686720547033,-0.21556915878241434,0.7844308412175857,-0.2486471125666867,0.20464001050277147,0.016225845369186087,-0.5423278482148544,-0.6526916663596785,-0.0830472753873783,-0.12187512919918318,108714,Linear,7
-0.5335602595660021,-0.4134868908027889,0.3356164383561644,0.011624619451554992,-0.006766272444163787,-0.0005939868079294021,-0.26016622187307803,-0.22907656918388963,0.7709234308161104,-0.2607068221477675,0.27285343741823453,0.01581941487529504,-0.5960554375327274,-0.7173528301129333,-0.08937429711729904,-0.12858766718418932,748715,Linear,7
-0.5137932476427522,-0.4017779349002014,0.3401826484018265,0.01190938767103944,-0.007217838145555021,-0.0007110878106861293,-0.3114564610805246,-0.26762050317684605,0.732379496823154,-0.3119970613552141,0.20179618628753815,0.016241983565397366,-0.6949994130321661,-0.8364319230593004,-0.08801908173074907,-0.12356186804863765,315767,Linear,7
-0.4811076461992343,-0.38190162181953724,0.3378995433789954,0.012039782466524991,-0.0071643745390435375,-0.0006752986558833957,-0.2957808112769271,-0.2560495242947809,0.7439504757052191,-0.2963214115516166,0.18478623464761768,0.016270763898349277,-0.6588525217349803,-0.7929291326491432,-0.08719429651146575,-0.12304946274918437,968741,Linear,7
-0.4863084163007443,-0.38510786469166547,0.3264840182648402,0.012244606422853877,-0.006882747177895892,-0.0006379719155506476,-0.2794316990111838,-0.24378662382731997,0.75621337617268,-0.2799722992858733,0.20633611701487098,0.01620789764833967,-0.6248490958961936,-0.7520060033174868,-0.08966911700003642,-0.12364284179579206,998617,Linear,7
-0.5034948097381857,-0.3955853498643098,0.3356164383561644,0.011909833979071435,-0.007022902760175625,-0.000668765087414625,-0.2929191082876059,-0.2539175098534814,0.7460824901465186,-0.2934597085622954,0.2100351011758903,0.016180242335659054,-0.6561284077638256,-0.789650660977369,-0.08611986634661808,-0.12143812802406419,400494,Linear,7
-0.47437718924629735,-0.3777275061966999,0.3356164383561644,0.011900427218761809,-0.007032827079349919,-0.0006785157053261198,-0.29718987893284066,-0.257097062648171,0.742902937351829,-0.303040124294057,0.17133706495224033,0.016193860090382917,-0.6651349858248831,-0.8004900793517343,-0.08324307686754287,-0.12270543143190932,879764,Linear,7
-0.44508642267464893,-0.3592311033225455,0.3333333333333333,0.012049933424724222,-0.0068810019859247154,-0.0005706901823750703,-0.24996229988028063,-0.22116985549237445,0.7788301445076256,-0.2505029001549701,0.1945835225196788,0.01620467598727761,-0.5590624457098561,-0.6728317575624891,-0.08303917756755808,-0.12101098079701159,320285,Linear,7
-0.5029793158246321,-0.39527369747034746,0.317351598173516,0.012110941564825886,-0.00671154168556794,-0.0007381965444612235,-0.32333008647401584,-0.27626508017225326,0.7237349198277467,-0.32387068674870534,0.17910862907592673,0.01589952944837555,-0.7370348216932338,-0.8870215452138922,-0.08791522292791734,-0.12321055337844393,214908,Linear,7
-0.4603965710339253,-0.36896665366709136,0.3401826484018265,0.011887020341315207,-0.006911595365312313,-0.0005166324879435904,-0.22628502971929265,-0.20250923929991327,0.7974907607000867,-0.2334511096632923,0.22694546137063298,0.01615857181005583,-0.5075502086631231,-0.6108367706802609,-0.0850948299789481,-0.12076163306767897,109776,Linear,7
-0.47437718924629735,-0.3777275061966999,0.3333333333333333,0.011974017717576528,-0.006885533545219877,-0.0005990164576210764,-0.2623692084380309,-0.2307730338140911,0.7692269661859089,-0.2682194537992473,0.20615773544705007,0.016150811699598356,-0.588768641816179,-0.708583170110572,-0.08460880031256568,-0.12067409002181365,111363,Linear,7
-0.5532712307831389,-0.4249344420070753,0.3310502283105023,0.011761117755166448,-0.006967954258753325,-0.000767690692501345,-0.3362485233155894,-0.28555447262049194,0.7144455273795081,-0.3367891235902789,0.21648210719285998,0.01593748435367027,-0.7646571859541061,-0.9202650657477672,-0.09314980779283388,-0.12582599113044704,901329,Linear,7
-0.4839254417529446,-0.3836408451426745,0.3356164383561644,0.012014423211625474,-0.007156729007515251,-0.0007225751805433637,-0.3164879290779936,-0.2712961923664764,0.7287038076335236,-0.3170285293526831,0.1668969124002615,0.016255845657843247,-0.7056246490663277,-0.8492193966058448,-0.08954701522538687,-0.1244071654197257,478636,Linear,7
-0.5343039704675903,-0.41392292483429416,0.3378995433789954,0.011578240455147918,-0.006808584552195028,-0.0005956847780243524,-0.26090993277466623,-0.2296497001953699,0.7703502998046301,-0.2614505330493557,0.27285343741823453,0.01582318079950309,-0.5976170540206341,-0.7192322358470509,-0.09030446920864564,-0.12818922493628673,199645,Linear,7
-0.46986284369631903,-0.37491200283739556,0.3401826484018265,0.012016445066761881,-0.007028048885463548,-0.0005494424953229344,-0.2406558129514451,-0.2138878505490397,0.7861121494509603,-0.2411964132261346,0.22866643047018442,0.01616854635336668,-0.5394504257530466,-0.6492286878908428,-0.0852885000469271,-0.12243080618362373,312911,Linear,7
-0.48445864348468604,-0.3839694013102761,0.3333333333333333,0.012034054977635131,-0.0070697700049680715,-0.0007018283441003383,-0.3074008147159475,-0.26464419959524943,0.7353558004047506,-0.307941414990637,0.17651722849404905,0.016237114425314208,-0.6861551429301435,-0.8257878423438706,-0.09243878822434459,-0.1232731045270394,602509,Linear,7
-0.5105850570180337,-0.39985564258812545,0.3287671232876712,0.011942289114510155,-0.007024603322898489,-0.0007889126585449635,-0.3455437444426934,-0.2921646327370605,0.7078353672629395,-0.3460843447173829,0.16450071230065078,0.016173818647267153,-0.7743131339042689,-0.9318860009046455,-0.0929419213938441,-0.12750159073426123,671582,Linear,7
-0.49484361848590197,-0.39033375962828654,0.3333333333333333,0.012034054977635131,-0.007105334987848948,-0.0007255383326875888,-0.3177857897171634,-0.2722413348917063,0.7277586651082937,-0.3183263899918529,0.17651722849404905,0.01623986996502301,-0.7092152827837321,-0.8535407249536591,-0.09205058254483711,-0.12116036093726468,120035,Linear,7
-0.47696480947342934,-0.3793356295848467,0.3378995433789954,0.012005818780921431,-0.0069814446838100935,-0.0005656570290606287,-0.24775777872855542,-0.21945101405016665,0.7805489859498334,-0.24829837900324492,0.22866643047018442,0.0161513190789216,-0.5559624519596766,-0.669100914506634,-0.08416152915809312,-0.12188841060744661,71835,Linear,7
-0.4328059386534733,-0.35131363545955896,0.3219178082191781,0.012319223873225595,-0.006746061626448013,-0.000608606705320207,-0.26656973693025066,-0.23399741680519226,0.7660025831948077,-0.26711033720494015,0.16569560144853313,0.01613461855818783,-0.5987951866540409,-0.7206501186908363,-0.08702147048433889,-0.12292607418209195,36794,Linear,7
-0.4355311010222067,-0.35307900457802666,0.3424657534246575,0.011947910439242454,-0.006971520760821982,-0.0004922635005259425,-0.21561141323036281,-0.19395153920761687,0.8060484607923831,-0.2161520135050523,0.2193790875171544,0.016172242117164847,-0.48320082984291174,-0.581532288733963,-0.08241484327470425,-0.11932995438121882,520632,Linear,7
-0.5095405852844124,-0.3992284813016136,0.3310502283105023,0.011634303714200886,-0.006657120557574423,-0.0006017403762789437,-0.2635622848101775,-0.2316902330790822,0.7683097669209178,-0.2694125301713939,0.2401280551130185,0.015765361956431325,-0.6059063130400448,-0.7292083606211612,-0.08665250080335453,-0.12431947956301881,584184,Linear,7
-0.4309330219475669,-0.3500975614833651,0.3219178082191781,0.012430076476319442,-0.006644060904645597,-0.0005037564052938377,-0.2206453055187012,-0.1979989047905213,0.8020010952094787,-0.2211859057933907,0.20974711615417618,0.01614438458484817,-0.49533538900487883,-0.5961362329460012,-0.08665604029525173,-0.1242053737006266,44204,Linear,7
-0.49255839776742505,-0.3889389445813154,0.3287671232876712,0.01205823890278326,-0.007007527748404148,-0.0007393304932192474,-0.3238267560300301,-0.2766244480226333,0.7233755519773667,-0.3243673563047196,0.16819104146270547,0.01620252641130972,-0.7243628204967335,-0.8717707894131704,-0.08891976015865136,-0.11986749438878351,924226,Linear,7
-0.43813765905360924,-0.35476304596505714,0.3378995433789954,0.012088646594379129,-0.0069619634885447305,-0.0005247710404334719,-0.2298497157098609,-0.20534698260535578,0.7946530173946442,-0.2303903159845504,0.20774734306905884,0.01618154595632552,-0.5148137286695442,-0.619578418361148,-0.08327101341642551,-0.12191054628788564,367242,Linear,7
-0.4629241027359967,-0.3705595965002251,0.3333333333333333,0.011974017717576528,-0.006890380438139115,-0.000602247719567235,-0.2637845011704485,-0.23186094511084243,0.7681390548891576,-0.26963474653166486,0.19328935620433185,0.01615974217660351,-0.5916174934786895,-0.7120117636171309,-0.08495142080609137,-0.12045159073069094,723917,Linear,7
-0.518197554461949,-0.4044068947982169,0.3356164383561644,0.011996386952553305,-0.0070659415476607024,-0.0006683107496436727,-0.2927201083439286,-0.2537690247061857,0.7462309752938143,-0.2932607086186181,0.22493684584333096,0.016211900782609853,-0.6544022440471626,-0.787573222622789,-0.08561175385205123,-0.12247664846375877,826186,Linear,7
-0.5028967979087611,-0.39522379465728064,0.3401826484018265,0.011633731382324724,-0.006761555060661506,-0.000503797800376236,-0.22066343656479148,-0.1980134457775209,0.8019865542224791,-0.22120403683948098,0.2816927610692801,0.015839363854428846,-0.5049156152129878,-0.6076660369722108,-0.08869502068554538,-0.12721539780781072,593678,Linear,7
-0.4785626143057016,-0.3803265382649623,0.3378995433789954,0.012039782466524991,-0.007092140127070738,-0.0006274722187324553,-0.2748328318048152,-0.2403008898602884,0.7596991101397116,-0.2753734320795047,0.20318918222619686,0.016239713898280023,-0.6133613396516163,-0.7381804865370235,-0.08721406360290372,-0.12284281546147288,241877,Linear,7
-0.4798814281311934,-0.38114323354070734,0.3356164383561644,0.01190724720527833,-0.006928110082780413,-0.0006066545545963141,-0.26571469491318567,-0.23334217232051813,0.7666578276794819,-0.27156494027440203,0.20831648785679135,0.0161530022367293,-0.5961952061902888,-0.7175210417183467,-0.08515064094017424,-0.12070922148883301,605015,Linear,7
-0.43945864786655875,-0.35561483403791627,0.3378995433789954,0.01199422019340705,-0.00688395271891154,-0.0005050267120093686,-0.22120169986010296,-0.1984450095451047,0.8015549904548953,-0.22174230013479246,0.2177163477317663,0.016130239555379074,-0.4970199286256137,-0.5981635766933773,-0.0876344667357704,-0.12353673334052623,78107,Linear,7
-0.46296152997092577,-0.37058315427322686,0.3264840182648402,0.012214353351737373,-0.006826141341298353,-0.0006097241241656845,-0.26705916638456983,-0.23437222930187263,0.7656277706981274,-0.26759976665925933,0.19536176331166644,0.016144804807267467,-0.5995160995094504,-0.7215177374466243,-0.08489113762646248,-0.12276355544441697,560650,Linear,7
-0.44508642267464893,-0.3592311033225455,0.3333333333333333,0.012049933424724222,-0.0068810019859247154,-0.0005706901823750703,-0.24996229988028063,-0.22116985549237445,0.7788301445076256,-0.2505029001549701,0.1945835225196788,0.01620467598727761,-0.5590624457098561,-0.6728317575624891,-0.08292378868475107,-0.12091044196456589,807182,Linear,7
-0.4785626143057016,-0.3803265382649623,0.3378995433789954,0.012039782466524991,-0.007092140127070738,-0.0006274722187324553,-0.2748328318048152,-0.2403008898602884,0.7596991101397116,-0.2753734320795047,0.20318918222619686,0.016239713898280023,-0.6133613396516163,-0.7381804865370235,-0.08740585585323228,-0.12264559368930314,32120,Linear,7
-0.5178654182309401,-0.40420904389413226,0.3447488584474886,0.011584282477732457,-0.006819523435325535,-0.0004748323557096515,-0.20797657180082751,-0.18777393451693158,0.8122260654830684,-0.208517172075517,0.3093482461554231,0.015855242208008567,-0.4754093231146506,-0.5721552089349801,-0.08959175676957606,-0.1285282578741078,750873,Linear,7
-0.4646577567982604,-0.3716498830497761,0.3378995433789954,0.011889146104147437,-0.00696669386156357,-0.0005953141471224084,-0.2607475964396144,-0.22952463419989055,0.7704753658001094,-0.2665978418008308,0.1980599149974296,0.016177227111408662,-0.5841742250624532,-0.7030537886915449,-0.0863167966442162,-0.12328338690763044,328654,Linear,7
-0.4629241027359967,-0.3705595965002251,0.3356164383561644,0.01190724720527833,-0.006926526202320375,-0.0006056022504550562,-0.2652537856993149,-0.23298873121798114,0.7670112687820189,-0.27110403106053127,0.19182007167546544,0.016160878403053497,-0.5948709871447553,-0.7159273438503514,-0.08515420609163513,-0.12091272693803057,256363,Linear,7
-0.4202589898559381,-0.3431233266121013,0.3424657534246575,0.011876367881583671,-0.00712369844690228,-0.0006168264165988726,-0.270169970470306,-0.23675024660844413,0.7632497533915559,-0.270169970470306,0.15008901938563213,0.015763903535598863,-0.621154257914739,-0.7475592651184754,-0.04881716637728611,-0.10203499022709707,483564,Linear,10
-0.41300805280479835,-0.33834304538790405,0.3401826484018265,0.012127802200965434,-0.007086054940014525,-0.0005498341317816168,-0.24082734972034814,-0.214022686122192,0.785977313877808,-0.24082734972034814,0.17218070308445022,0.0158476765111252,-0.5507650439512864,-0.6628458330002841,-0.043631545552764085,-0.10015160084883906,263340,Linear,10
-0.42065687006834196,-0.3433846328546931,0.3424657534246575,0.011876367881583671,-0.007125079975417571,-0.0006177348189102963,-0.27056785068270983,-0.23705386817592833,0.7629461318240717,-0.27056785068270983,0.15008901938563213,0.015763879373347865,-0.6220699873352544,-0.7486613456466615,-0.04873391786017597,-0.10207240666758112,416809,Linear,10
-0.4081658054565196,-0.3351313691640657,0.3470319634703196,0.012067841225009607,-0.007185105825441611,-0.0005037178079334258,-0.2206283998748404,-0.19798534633102272,0.8020146536689773,-0.2206283998748404,0.1875374055816792,0.01587930804755587,-0.5035655382798269,-0.6060412191316387,-0.046682431348721916,-0.09846386232349383,498465,Linear,10
-0.4221072168511455,-0.34433626257660566,0.3447488584474886,0.011813264588412168,-0.007163139896570561,-0.0006210461129349618,-0.27201819746551337,-0.2381596026006625,0.7618403973993375,-0.27201819746551337,0.15008901938563213,0.015765196022317202,-0.6253522881174041,-0.7526115952494558,-0.04942959198596272,-0.10249698329948595,107635,Linear,10
-0.39802754991251277,-0.32835647631319786,0.3470319634703196,0.012067841225009607,-0.007121469329748917,-0.00046216521028933765,-0.20242836210672976,-0.18325500960715102,0.816744990392849,-0.20242836210672976,0.195599187805783,0.01587074197566113,-0.46227487521125304,-0.5563478984363559,-0.04624334322947103,-0.10140519441589614,727464,Linear,10
-0.3572572385673993,-0.30040748758963576,0.3538812785388128,0.012151114392327144,-0.007234880734053433,-0.0003745399929826806,-0.16404851692641387,-0.15129915547510575,0.8487008445248942,-0.16404851692641387,0.19320872164098546,0.016112812460457503,-0.3690006371930105,-0.4440923356048536,-0.04751908179499734,-0.10194330566682702,325348,Linear,10
-0.4042074866083567,-0.3324943915751054,0.3447488584474886,0.01197016576076827,-0.007083421989242856,-0.0005147193630974682,-0.2254470810366911,-0.20184070290712108,0.7981592970928789,-0.2254470810366911,0.17876040557166561,0.015836077432003867,-0.5159684659005114,-0.6209681448337391,-0.045542090411467145,-0.0998705491126841,24175,Linear,10
-0.4015002506566816,-0.330684848068612,0.3493150684931507,0.012282332008076052,-0.007324520442987131,-0.00047555143610889493,-0.20829152901569614,-0.1880297106949691,0.8119702893050309,-0.20829152901569614,0.19320872164098546,0.016288909215371447,-0.46345307187657486,-0.5577658583425631,-0.04523017497510274,-0.10138477246555562,996637,Linear,10
-0.42065687006834196,-0.3433846328546931,0.3401826484018265,0.01193272885428929,-0.007100425719447268,-0.000625676789112229,-0.2740464336311561,-0.2397032288986003,0.7602967711013997,-0.2740464336311561,0.14661043643718585,0.01576268711675153,-0.6301153500676153,-0.7583439411938708,-0.04862053695259273,-0.10223235481010834,313805,Linear,10
-0.4311575469982927,-0.35024346448128785,0.3470319634703196,0.011853023727828833,-0.007204782665314167,-0.0005911146932645423,-0.2589082356498693,-0.2281061478684281,0.7718938521315719,-0.2589082356498693,0.17224931134842336,0.015808264745509504,-0.5935917065679684,-0.7143877294378645,-0.05112176159571888,-0.10238273462625225,445840,Linear,10
-0.417197584589303,-0.34110927957055615,0.3424657534246575,0.01207671023129175,-0.007117860117053472,-0.0005443771210448343,-0.2384371790176374,-0.21214181927258224,0.7878581807274178,-0.2384371790176374,0.17876040557166561,0.01586179584550202,-0.5448133978321367,-0.6556830257871239,-0.04596341570844945,-0.1010635908829273,246763,Linear,10
-0.3939125299875741,-0.3255869554220593,0.3424657534246575,0.012106665301447113,-0.00705882677400243,-0.0004953020906292988,-0.21694231569563271,-0.1950235975304353,0.8049764024695647,-0.21694231569563271,0.17697021429194137,0.015845165453142348,-0.4962193015393036,-0.59720002184585,-0.046602761322469766,-0.10105616471916712,102940,Linear,10
-0.346805214365304,-0.2930569828083015,0.3447488584474886,0.012280500904095685,-0.007064138752521293,-0.0003950963138245715,-0.17305218545516254,-0.15890627915933753,0.8410937208406625,-0.17305218545516254,0.17375302891014144,0.016057883066231772,-0.39058445723634816,-0.47006846704797356,-0.04529612043933449,-0.10416986949731083,108714,Linear,10
-0.40668253083276795,-0.33414445464412945,0.3447488584474886,0.011862345583373003,-0.007044119419286048,-0.0005261371923419465,-0.23044809024577262,-0.20582234050063664,0.7941776594993634,-0.24023896060680272,0.16644357022596523,0.01577463798417762,-0.5294681885574004,-0.6372150635662392,-0.04939956892939869,-0.10360362451059617,748715,Linear,10
-0.42065687006834196,-0.3433846328546931,0.3424657534246575,0.011876367881583671,-0.007125079975417571,-0.0006177348189102963,-0.27056785068270983,-0.23705386817592833,0.7629461318240717,-0.27056785068270983,0.15008901938563213,0.015763879373347865,-0.6220699873352544,-0.7486613456466615,-0.048625332123367254,-0.10191974187797255,315767,Linear,10
-0.3896865964125027,-0.3227309001940786,0.3470319634703196,0.011825729402756368,-0.00705050942213767,-0.0004998511998000133,-0.21893482551240595,-0.19662592405884216,0.8033740759411578,-0.21893482551240595,0.17075177090009674,0.015782771826373942,-0.5027565430546801,-0.6050675932274626,-0.0463030066127009,-0.10002964039016206,968741,Linear,10
-0.4057752162698307,-0.3335400400554003,0.3470319634703196,0.011967448465408157,-0.0071939236258404485,-0.0005443150462290606,-0.23840999024832854,-0.21212039808705185,0.7878796019129481,-0.24637838375201682,0.1593968325178139,0.015850024878162217,-0.5451558309577997,-0.656095144117653,-0.048346746822290385,-0.10117641144774561,998617,Linear,10
-0.3416372490537469,-0.2893940690650053,0.3447488584474886,0.012256252389734254,-0.007083421989242856,-0.0004160913243443547,-0.1822480000628275,-0.1666053671362585,0.8333946328637415,-0.1822480000628275,0.15938924899091944,0.016070596295993857,-0.41101430710985204,-0.4946557951767194,-0.04557402664709598,-0.10167696344735087,400494,Linear,10
-0.41300805280479835,-0.33834304538790405,0.3447488584474886,0.012018138630661052,-0.007135435113812536,-0.0005322624302154765,-0.23313094443437876,-0.20795014778629983,0.7920498522137002,-0.23313094443437876,0.1798771083704196,0.01585065449831812,-0.5330634224810515,-0.6415419282631283,-0.043903816637131714,-0.10214766798107384,879764,Linear,10
-0.3638068171640043,-0.304974551238012,0.3493150684931507,0.01215629745426959,-0.007210918172010376,-0.0004456579189947704,-0.19519816851970972,-0.17732838571452958,0.8226716142854704,-0.19519816851970972,0.1686086486442946,0.016095346326694057,-0.4395432069123728,-0.5289903314038517,-0.047452230006241734,-0.10584604034449115,320285,Linear,10
-0.39410535241040634,-0.3257169848426077,0.3493150684931507,0.012053770043588931,-0.007133130213728771,-0.0004308568361725872,-0.18871529424359323,-0.17197778416945275,0.8280222158305472,-0.19850616460462334,0.195599187805783,0.015877670491535142,-0.4307710151029397,-0.5184329969269813,-0.04852063853155223,-0.10140205257738222,214908,Linear,10
-0.4197246132607688,-0.3427722132869139,0.3378995433789954,0.011995093868667813,-0.007060248267075151,-0.0006214568604770727,-0.27219810488895746,-0.238296651015251,0.761703348984749,-0.27219810488895746,0.14752650837181136,0.01576104196640673,-0.6259308135395402,-0.7533078507027731,-0.048522214796588886,-0.10176693427752244,109776,Linear,10
-0.42065687006834196,-0.3433846328546931,0.3401826484018265,0.01193272885428929,-0.007100425719447268,-0.000625676789112229,-0.2740464336311561,-0.2397032288986003,0.7602967711013997,-0.2740464336311561,0.14661043643718585,0.01576268711675153,-0.6301153500676153,-0.7583439411938708,-0.04777998500865674,-0.10188503884347781,111363,Linear,10
-0.41203467915329384,-0.33769869239471173,0.3470319634703196,0.012067426069590607,-0.0071359908516232615,-0.0004717913721152527,-0.20664462098648073,-0.18669136854531165,0.8133086314546883,-0.21643549134751083,0.195599187805783,0.015871611070920156,-0.47187748077190955,-0.5679046360175257,-0.0511128577224921,-0.10115898852507747,901329,Linear,10
-0.4184988974084263,-0.3419661448656369,0.3447488584474886,0.011975280460994074,-0.0071332178456890915,-0.0005455848678143013,-0.23896617210266413,-0.21255848058697546,0.7874415194130245,-0.23896617210266413,0.17953272530576214,0.01584395513208647,-0.5466369478893868,-0.6578776686207432,-0.04756645817842938,-0.10139948198223446,478636,Linear,10
-0.40668253083276795,-0.33414445464412945,0.3447488584474886,0.011862345583373003,-0.007044119419286048,-0.0005261371923419465,-0.23044809024577262,-0.20582234050063664,0.7941776594993634,-0.24023896060680272,0.16644357022596523,0.01577463798417762,-0.5294681885574004,-0.6372150635662392,-0.049904151287711536,-0.10294041096247437,199645,Linear,10
-0.34548291046667146,-0.29212157098750546,0.3447488584474886,0.012263925898733813,-0.00707266976059928,-0.0004064004807835331,-0.17800341058318736,-0.16306043096812262,0.8369395690318774,-0.17800341058318736,0.1674794998834841,0.01606048975965046,-0.40169432723714676,-0.4834391976636507,-0.04370362241992963,-0.09970788756416758,312911,Linear,10
-0.4081658054565196,-0.3351313691640657,0.3447488584474886,0.0120243900177988,-0.007160070613506275,-0.0005462497109330637,-0.23925737338868203,-0.2127877511865256,0.7872122488134744,-0.23925737338868203,0.16890843206783757,0.01585287122150306,-0.546995254806383,-0.6583088910620989,-0.04630059726669236,-0.09774309600623053,602509,Linear,10
-0.42618629331263946,-0.3470053177536747,0.3493150684931507,0.011812581076572825,-0.007231248564749605,-0.0005789519092191664,-0.25358093623799505,-0.22398306550794722,0.7760169344920528,-0.26337180659902515,0.16281448671361431,0.015831228463718525,-0.580534647593672,-0.6986735565298309,-0.05086969583126254,-0.10613666040702946,671582,Linear,10
-0.4311575469982927,-0.35024346448128785,0.3470319634703196,0.011853023727828833,-0.007203083808585338,-0.000590005394121974,-0.2584223626254243,-0.22773101434169174,0.7722689856583083,-0.2584223626254243,0.1727351843728684,0.015808289194784293,-0.5924768426738135,-0.7130459905335552,-0.05091997189768216,-0.10115356171309886,120035,Linear,10
-0.42065687006834196,-0.3433846328546931,0.3424657534246575,0.011876367881583671,-0.007125079975417571,-0.0006177348189102963,-0.27056785068270983,-0.23705386817592833,0.7629461318240717,-0.27056785068270983,0.15008901938563213,0.015763879373347865,-0.6220699873352544,-0.7486613456466615,-0.048552255724201014,-0.10201885260200282,71835,Linear,10
-0.3594057880764012,-0.30190898314230175,0.3424657534246575,0.012404298617814977,-0.007094029050196898,-0.00041651957485036497,-0.18243557378445985,-0.16676167540901266,0.8332383245909873,-0.18243557378445985,0.17697021429194137,0.01611180266637341,-0.41038507014900105,-0.49389850837711147,-0.04541243672490363,-0.10074983546405919,36794,Linear,10
-0.4165037148122792,-0.34065193656339277,0.3424657534246575,0.011876367881583671,-0.007110659297445131,-0.0006082527292845825,-0.2664146954266471,-0.2338786454059193,0.7661213545940807,-0.2664146954266471,0.15008901938563213,0.015762996977630735,-0.6125556421461107,-0.7372108294390499,-0.047895823400877474,-0.10164997219829941,520632,Linear,10
-0.4016463285734062,-0.33078261309080914,0.3424657534246575,0.012041253577917814,-0.0070886449288738934,-0.0005373098238082401,-0.23534170282800915,-0.20969924451772937,0.7903007554822706,-0.23534170282800915,0.16630462574539706,0.01582572474247319,-0.53896609245576,-0.6486457926773292,-0.04759769299363956,-0.10350679876003058,584184,Linear,10
-0.42065687006834196,-0.3433846328546931,0.3424657534246575,0.011876367881583671,-0.007125079975417571,-0.0006177348189102963,-0.27056785068270983,-0.23705386817592833,0.7629461318240717,-0.27056785068270983,0.15008901938563213,0.015763879373347865,-0.6220699873352544,-0.7486613456466615,-0.04837941463886048,-0.10188618133021014,44204,Linear,10
-0.37549366785242455,-0.3130499300961326,0.3447488584474886,0.012297520566645343,-0.007193287805750851,-0.0004738538691485099,-0.20754799468704732,-0.1874257584092235,0.8125742415907765,-0.20754799468704732,0.16794567316537723,0.016081521355919587,-0.4677540642351778,-0.5629421034473961,-0.04863001990805939,-0.10120797264372643,924226,Linear,10
-0.35234625772136496,-0.29696335204136404,0.3447488584474886,0.01241435543233097,-0.007142661023384669,-0.0004004019256379533,-0.1753760434294236,-0.160858592181929,0.839141407818071,-0.1753760434294236,0.17697021429194137,0.016134914212011957,-0.3939397157454003,-0.4741065212886866,-0.04492913526459268,-0.10094362977603188,367242,Linear,10
-0.4126101725923945,-0.3380797327983037,0.3424657534246575,0.012064033593051136,-0.00710927776892984,-0.000543075247703478,-0.23786695849412354,-0.21169243825735073,0.7883075617426493,-0.23786695849412354,0.17474321409827098,0.01584837274046307,-0.5439708185117641,-0.654668981418087,-0.046312831716810804,-0.10151944308912988,723917,Linear,10
-0.3303322111678426,-0.2813150613937968,0.3493150684931507,0.01216237445581047,-0.007075248051689031,-0.0003552566278364651,-0.15560240299237194,-0.14410057422123346,0.8558994257787665,-0.15560240299237194,0.17472980817547068,0.016057019445326445,-0.3512186151594726,-0.42269166877478453,-0.045658027709216356,-0.10030597936854614,826186,Linear,10
-0.41969467729359167,-0.3427525382429686,0.3424657534246575,0.011863332174252719,-0.007049937734968302,-0.0005727905057830206,-0.25088224153296323,-0.2218860043245957,0.7781139956754043,-0.25088224153296323,0.16881243576062843,0.015743174231673724,-0.5775688724546352,-0.6951042455974902,-0.049428212057101094,-0.10221378940070786,593678,Linear,10
-0.4042074866083567,-0.3324943915751054,0.3447488584474886,0.01197016576076827,-0.00702594318721733,-0.0004770563124551711,-0.20895066485536518,-0.18856473306781552,0.8114352669321845,-0.20895066485536518,0.19525682175299153,0.015817587050404515,-0.47877303666147847,-0.5762034388152313,-0.04509610867445201,-0.1000839085099481,241877,Linear,10
-0.3939125299875741,-0.3255869554220593,0.3401826484018265,0.01202345466016223,-0.007034401767864013,-0.0005512496953162726,-0.2414473665485275,-0.2145098542415409,0.7854901457584591,-0.2414473665485275,0.1524651634390466,0.01579988753093609,-0.553853159239764,-0.6665623803252679,-0.04679064636005395,-0.10147774232339957,605015,Linear,10
-0.42065687006834196,-0.3433846328546931,0.3424657534246575,0.011876367881583671,-0.007125079975417571,-0.0006177348189102963,-0.27056785068270983,-0.23705386817592833,0.7629461318240717,-0.27056785068270983,0.15008901938563213,0.015763879373347865,-0.6220699873352544,-0.7486613456466615,-0.04858492856931277,-0.10212610354400097,78107,Linear,10
-0.41357880592840957,-0.33872058041161224,0.3447488584474886,0.012020697439434808,-0.007142661023384669,-0.0005361150693076345,-0.23481840035674395,-0.20928556995032122,0.7907144300496788,-0.23481840035674395,0.17876040557166561,0.015863022470799664,-0.5365032357912259,-0.645681744222744,-0.04564950828500191,-0.10100789465472586,560650,Linear,10
-0.3416372490537469,-0.2893940690650053,0.3447488584474886,0.012399027241233564,-0.007094823630415722,-0.00037434079566904966,-0.16396126850304427,-0.15122510443413717,0.8487748955658628,-0.16396126850304427,0.17767598055070266,0.016114103957776287,-0.3687748273890465,-0.4438205734637156,-0.044113250582793355,-0.10305865833927128,807182,Linear,10
-0.4143457421523635,-0.3392275451229998,0.3424657534246575,0.012038032257308562,-0.007036749827345072,-0.0005042902093130054,-0.22087911167909624,-0.19818639566810958,0.8018136043318904,-0.22087911167909624,0.1934666304732673,0.015823942101231073,-0.5059016800913803,-0.6088527662370553,-0.044999220556876336,-0.09939813084886263,32120,Linear,10
-0.3934847138079931,-0.3252983688832747,0.3493150684931507,0.011870195050541238,-0.007146456941432246,-0.0005036538483456175,-0.22060038557538064,-0.19796287813762992,0.8020371218623701,-0.22060038557538064,0.17288432823261246,0.015828516622405774,-0.5051172619790107,-0.6079087188926854,-0.048999676018210314,-0.10163783327676833,750873,Linear,10
-0.3551295897705131,-0.2989174158096961,0.3424657534246575,0.012433009504457004,-0.007086686600031398,-0.0004018591669874248,-0.17601431514049182,-0.1613940215112507,0.8386059784887493,-0.17601431514049182,0.1791152746300213,0.01610357088218238,-0.3961429768710582,-0.4767581464638729,-0.04572388827127203,-0.10202585033323838,328654,Linear,10
-0.41300805280479835,-0.33834304538790405,0.3447488584474886,0.012124539044568476,-0.007135435113812536,-0.0004955810089825518,-0.2170644819343579,-0.19512193246306075,0.8048780675369392,-0.2170644819343579,0.19594357087044045,0.01587640228848669,-0.4955218747027399,-0.5963606685181183,-0.04506033445606149,-0.10187746986887608,256363,Linear,10
-0.4757965229873662,-0.3786100920531865,0.33867276887871856,0.012035763411895951,-0.007290033492281635,-0.0007449123439560446,-0.3255266943087918,-0.27785309720359486,0.7221469027964051,-0.3255266943087918,0.1502698286785744,0.015967865926144617,-0.7405571238256597,-0.891260636486455,-0.05303613713324673,-0.10767328049593797,483564,Linear,13
-0.43610401749174343,-0.35344953012056524,0.34324942791762014,0.012202331397371988,-0.007296096847112938,-0.0006032725069007204,-0.26363008551561506,-0.23174232325737865,0.7682576767426214,-0.2669931736381841,0.16911084385355935,0.016079860129604346,-0.595568249921491,-0.7167664997320496,-0.04771197814406968,-0.1049058310846429,263340,Linear,13
-0.47384996602340834,-0.3773993431870234,0.34096109839816935,0.011980272937353525,-0.007296909840912728,-0.0007241404268127924,-0.31644936651719036,-0.2712680911397628,0.7287319088602372,-0.3198124546397594,0.15403751138364896,0.01596781839480202,-0.7199087951520653,-0.8664103690810986,-0.05290572365007672,-0.10681468959731784,416809,Linear,13
-0.413536510845006,-0.3386926109519265,0.34096109839816935,0.012200874236612362,-0.007026308857272549,-0.0004705873904788374,-0.20564668963925214,-0.18587933725866312,0.8141206627413369,-0.20564668963925214,0.20788982120575383,0.0158421852755122,-0.47154752340425227,-0.5675075322640807,-0.051428734843053145,-0.1064595196894981,498465,Linear,13
-0.47062855767580913,-0.37539045825185746,0.34096109839816935,0.011978332670530516,-0.007170106094362281,-0.0006412333804743479,-0.2802189872672898,-0.2443817474398361,0.7556182525601639,-0.2802189872672898,0.19040957040851936,0.015935633672566254,-0.6387737413953153,-0.7687643167697749,-0.0538947129483347,-0.10710860348055005,107635,Linear,13
-0.40973839344951557,-0.3361761118995902,0.34324942791762014,0.012144652959735443,-0.0070556376822455465,-0.0004651489035335356,-0.20327007084415527,-0.18394218176183952,0.8160578182381605,-0.20327007084415527,0.2064683226053603,0.01585728589736942,-0.46565408330120306,-0.5604147760021411,-0.050767717135820345,-0.1055989156820887,727464,Linear,13
-0.44852116244874196,-0.36142820234625195,0.34782608695652173,0.012135285012558788,-0.0073523602808116964,-0.0005740488744219625,-0.2508593581223977,-0.2218681982188344,0.7781318017811656,-0.25869996159599395,0.189821200852748,0.016082038751220426,-0.5666410530201474,-0.6819526128722833,-0.051854696808738866,-0.10751050627097768,325348,Linear,13
-0.4101362736619194,-0.3364401817516183,0.34553775743707094,0.012031285852403534,-0.007128256125241507,-0.0005079109567646166,-0.22195708810613723,-0.19905026613280785,0.8009497338671921,-0.22195708810613723,0.18817918555578217,0.015864932382227973,-0.5082175129606217,-0.6116398715266161,-0.04984974546987695,-0.10680289853155216,24175,Linear,13
-0.46725836169935064,-0.37328185047250906,0.34553775743707094,0.012107123674775492,-0.007334487633218938,-0.0006166768608913426,-0.269487788209517,-0.23622939352796202,0.763770606472038,-0.2773283916831133,0.18992997001623735,0.016077085367069494,-0.6089064936664699,-0.7328190785639831,-0.050260739665663426,-0.10840044414931631,996637,Linear,13
-0.4686820007118513,-0.37417343608140574,0.34096109839816935,0.011980272937353525,-0.007278965516914266,-0.0007123144192348581,-0.3112814012056333,-0.26749228169086803,0.732507718309132,-0.3146444893282023,0.15403751138364896,0.015966433358935505,-0.7082133246218565,-0.8523348681191817,-0.052832475123595464,-0.10695646997347585,313805,Linear,13
-0.417155799405009,-0.34108174712515327,0.34782608695652173,0.01205853060482217,-0.007169070898319325,-0.0004812095059222839,-0.21028855408803793,-0.18964961768490718,0.8103503823150928,-0.22273446294275345,0.19442133646225557,0.01587840823179354,-0.48109130182508875,-0.578993471371518,-0.054333921222174196,-0.10773309858567603,445840,Linear,13
-0.39960013790550875,-0.32941186479099627,0.34096109839816935,0.012116176489546845,-0.0070648549533921644,-0.0005248694041978565,-0.2293679296344635,-0.2049640376054256,0.7950359623945744,-0.2293679296344635,0.17023220827104524,0.015844481130408396,-0.525864079561074,-0.6328775177177319,-0.05039284361589156,-0.10570575424140452,246763,Linear,13
-0.4312390268969466,-0.35029640442115195,0.34553775743707094,0.012138841156416036,-0.007346826637273865,-0.0006137926856784994,-0.26822740364150377,-0.2352661419358577,0.7647338580641423,-0.2715904917640728,0.1596485351328738,0.01607402739190867,-0.6061739587453503,-0.7295304722773573,-0.05114550194253297,-0.10573379397096924,102940,Linear,13
-0.3822693870824878,-0.31768877738390056,0.3524027459954233,0.012407178450799123,-0.007319253288126549,-0.0003676045746378691,-0.1606431991167483,-0.14840413293586274,0.8515958670641373,-0.16400628723931732,0.2182630998431705,0.016204557390311004,-0.3601173158421516,-0.43340125670417434,-0.04991858636376313,-0.10790162455003424,108714,Linear,13
-0.4023700667967205,-0.3312667760686615,0.34782608695652173,0.012119792262398588,-0.007158937969826072,-0.00045329267166097347,-0.19808889751584502,-0.17970307246268669,0.8202969275373133,-0.20145198563841404,0.20091808115830645,0.015890252754643258,-0.452843525723987,-0.5449972675714155,-0.05359944950422435,-0.11061673313280852,748715,Linear,13
-0.4686820007118513,-0.37417343608140574,0.34324942791762014,0.011923595004094144,-0.00730432776610212,-0.0007043542751880702,-0.307802818257187,-0.26493975581977836,0.7350602441802216,-0.31116590637975605,0.15751609433209524,0.01596765638680873,-0.7002453717274278,-0.842745435326345,-0.053096144764753564,-0.10710702175221565,315767,Linear,13
-0.4101362736619194,-0.3364401817516183,0.34324942791762014,0.012144652959735443,-0.007133348484367225,-0.000516185517283929,-0.225573071053077,-0.20194125667552187,0.7980587433244781,-0.225573071053077,0.1845632026088424,0.015876304089859142,-0.5161271167559096,-0.6211590811677667,-0.05110015727603421,-0.10624037841843846,968741,Linear,13
-0.46859782090905355,-0.37412075190722893,0.34324942791762014,0.012084974176250398,-0.0072522146691649724,-0.0006147356604411609,-0.26863948361278744,-0.23558120852135522,0.7644187914786448,-0.27200257173535647,0.19659524917369708,0.01602171990122892,-0.6090872975924159,-0.733036676122542,-0.05311114507944049,-0.10861225195264362,998617,Linear,13
-0.3868184508246486,-0.3207856054529572,0.3524027459954233,0.01203548635640363,-0.007219201498098265,-0.0004337966248870711,-0.18956912507564994,-0.1726844733275279,0.8273155266724721,-0.19293221319821896,0.19388623762642965,0.01592377783213111,-0.4324544091721084,-0.5204589620028341,-0.049491935888513125,-0.10681540856474257,400494,Linear,13
-0.46650268120720284,-0.372808072803111,0.34553775743707094,0.0120817742584927,-0.007330456112823457,-0.0006227975634670738,-0.27216253523511114,-0.2382695570089346,0.7617304429910654,-0.27552562335768016,0.19097705784952268,0.016050795474875864,-0.6159573110192859,-0.7413047385616309,-0.04836302325536035,-0.10736556243815083,879764,Linear,13
-0.352125133802474,-0.2968078766336112,0.3501144164759725,0.012350055545848471,-0.007245425505074386,-0.00038476509136455266,-0.1681423449263093,-0.15476648858073838,0.8452335114192616,-0.17150543304887833,0.18061970075359568,0.01615164567494877,-0.37816310439817064,-0.4551193665931879,-0.05105935323704901,-0.10896310805591496,320285,Linear,13
-0.3902561707145651,-0.3231165454316747,0.34553775743707094,0.012132270522230607,-0.007195554145757749,-0.0005170609538441527,-0.2259556368298945,-0.20224650824548285,0.7977534917545172,-0.23114120180980535,0.15911496890475973,0.015909097396948485,-0.5159367608608165,-0.6209299878125598,-0.05272472563236312,-0.110686329179523,214908,Linear,13
-0.44945527829258936,-0.3620244238665363,0.34096109839816935,0.012014057506782147,-0.00727568839003349,-0.0006986354412336498,-0.3053036878191051,-0.26310044701071567,0.7368995529892843,-0.30866677594167413,0.14078850235091522,0.015974187813546252,-0.694275911680209,-0.835561189047435,-0.052947802497136286,-0.10570791114367872,109776,Linear,13
-0.4686820007118513,-0.37417343608140574,0.33867276887871856,0.012035763411895951,-0.007274160052877875,-0.0007344148062267851,-0.32093927032110514,-0.2745326929510217,0.7254673070489783,-0.32430235844367417,0.14437964226817712,0.015966902120861107,-0.7301650332913692,-0.8787537535924391,-0.0521765361314502,-0.10662919600173587,111363,Linear,13
-0.43460642995341914,-0.3524805388004151,0.34553775743707094,0.01217858223568352,-0.007356394893984136,-0.000606322705014305,-0.26496302209125133,-0.23276567982800267,0.7672343201719973,-0.2729314155949396,0.16167501435847953,0.016080537725510807,-0.5985542719165018,-0.7203601777593268,-0.05144103511525455,-0.10485881061506513,901329,Linear,13
-0.4077918364855577,-0.3348826824287042,0.34324942791762014,0.012084974176250398,-0.007157699142539921,-0.0005526625342594906,-0.24151352747139754,-0.21456182127537726,0.7854381787246227,-0.24487661559396656,0.16291522089159116,0.015881560290224982,-0.5524171169100964,-0.6648341031139852,-0.05170669984460326,-0.10759419407921698,478636,Linear,13
-0.4674534130099346,-0.37340408074796594,0.34096109839816935,0.012168917518215342,-0.0071715688625823126,-0.0005772153826307091,-0.2522431222096202,-0.22294420442020046,0.7770557955797995,-0.2547740805966896,0.212679332413245,0.01601906470796271,-0.5720065621319556,-0.6884100040879132,-0.054067951370321214,-0.10751151282537232,199645,Linear,13
-0.38876500778860645,-0.3221064489970181,0.34782608695652173,0.012092733089383202,-0.007129288606550912,-0.000443368016660786,-0.19375182328076335,-0.17613765764763134,0.8238623423523687,-0.19375182328076335,0.1950131845078431,0.015896479126465985,-0.442755217189468,-0.532855986370718,-0.04809744527150921,-0.10454030804590692,312911,Linear,13
-0.4073994238351588,-0.3346216307626516,0.34324942791762014,0.012117329706282666,-0.007195551152032182,-0.0005664158459744535,-0.2475237246908364,-0.21926830202695824,0.7807316979730418,-0.2475237246908364,0.15987569914432243,0.015888706522410933,-0.5659096786692771,-0.6810724037047593,-0.050574132049164965,-0.10366273640727376,602509,Linear,13
-0.4050419033228536,-0.33305113710060663,0.3501144164759725,0.01203086104295734,-0.0072126574564528815,-0.00047522420608729025,-0.2076729780601454,-0.187527310332547,0.812472689667453,-0.22065451986418338,0.18438738345867023,0.015881916010002703,-0.47500253704144735,-0.5716656418200976,-0.05439293555149365,-0.10945315625261524,671582,Linear,13
-0.3929074835687061,-0.32490879827414676,0.34553775743707094,0.011986162360843938,-0.007172334447147535,-0.00055235042424888,-0.24137713539676042,-0.21445468642667576,0.7855453135733242,-0.24137713539676042,0.15153034817194566,0.015832210383934592,-0.5538260888472519,-0.6665298011028365,-0.05517107669409658,-0.1090976987578256,120035,Linear,13
-0.4686820007118513,-0.37417343608140574,0.34096109839816935,0.011980272937353525,-0.007278965516914266,-0.0007123144192348581,-0.3112814012056333,-0.26749228169086803,0.732507718309132,-0.3146444893282023,0.15403751138364896,0.015966433358935505,-0.7082133246218565,-0.8523348681191817,-0.052907176896318714,-0.10679743437912417,71835,Linear,13
-0.41369779542583274,-0.3387992610362285,0.34553775743707094,0.012072726499770354,-0.007151739192757979,-0.0005089604294358317,-0.2224157076634583,-0.19941751312542688,0.8005824868745731,-0.22577879578602733,0.1879189996398054,0.015874550765833776,-0.5089590540192357,-0.6125323163288037,-0.05109118935548051,-0.10720897133304326,36794,Linear,13
-0.47062855767580913,-0.37539045825185746,0.34324942791762014,0.011923595004094144,-0.007343351569227292,-0.0007299831802153565,-0.3190026497541112,-0.2731263767325851,0.7268736232674149,-0.3190026497541112,0.15162590792169794,0.01597101878586607,-0.7255719808503673,-0.8732260141240297,-0.05249818801123578,-0.10672309314740644,520632,Linear,13
-0.4396670221540262,-0.3557490933491483,0.34782608695652173,0.012119792262398588,-0.007289789464317564,-0.0005386306028510772,-0.23538157344592037,-0.20973075366903726,0.7902692463309627,-0.24322217691951664,0.19644484523450956,0.016070472644560584,-0.53206249319186,-0.6403373096771181,-0.052162454454008834,-0.10741402084257805,584184,Linear,13
-0.4175800926241209,-0.34136126236939246,0.34096109839816935,0.011980272937353525,-0.007121980372201304,-0.0006088551018954237,-0.2660696795283002,-0.2336142757552775,0.7663857242447225,-0.2694327676508692,0.14814732497325167,0.01578461618303537,-0.6123224659030301,-0.7369302017870628,-0.052779610462772374,-0.10741056979893933,44204,Linear,13
-0.41749591282132315,-0.34130581595664244,0.34324942791762014,0.012185634744819254,-0.007204101930027836,-0.0005485859089132744,-0.2397320421951008,-0.21316132761551498,0.786838672384485,-0.25217795104981633,0.16531796177150682,0.015895378492679364,-0.5478656158105237,-0.6593563706927265,-0.052198172158785965,-0.10732328715357632,924226,Linear,13
-0.38878639223548817,-0.3221209452206536,0.34553775743707094,0.012098224094254735,-0.007164109347680611,-0.0005082458471491755,-0.22210343520418974,-0.1991674742253039,0.8008325257746961,-0.22210343520418974,0.16668295703129843,0.015885304924597016,-0.5079003983194276,-0.611258223996862,-0.049863016093086486,-0.10724793936746396,367242,Linear,13
-0.4686820007118513,-0.37417343608140574,0.34096109839816935,0.011978332670530516,-0.00727568839003349,-0.0007108162206421013,-0.31062668842059793,-0.26701254249399775,0.7329874575060022,-0.31398977654316695,0.15469222416868433,0.015965487223519544,-0.7067656331537503,-0.8505925711676179,-0.05035891112321384,-0.10624152876631804,723917,Linear,13
-0.40818971669796156,-0.3351472668083578,0.34553775743707094,0.012090569412156891,-0.007118739512973095,-0.0004811979850677687,-0.21028351947461488,-0.18964553787372485,0.8103544621262752,-0.21281447786168428,0.19537523883627728,0.015873726807217405,-0.4812216621855278,-0.5791503600895919,-0.05014140556730464,-0.10634304696669082,826186,Linear,13
-0.4514018352565472,-0.36326507177943335,0.34324942791762014,0.012043214770189176,-0.007262060924163226,-0.0006355360862848264,-0.2777292697064695,-0.24249812753938715,0.7575018724606128,-0.2777292697064695,0.1736725655500777,0.015978595446872586,-0.6313960845085584,-0.7598853053321406,-0.05366875351892574,-0.10670670069012245,593678,Linear,13
-0.40818971669796156,-0.3351472668083578,0.34553775743707094,0.012031285852403534,-0.007170280254018775,-0.0005354141623259406,-0.2339759889364359,-0.20861918243742827,0.7913808175625717,-0.2365069473235053,0.17168276937445626,0.015882238264657355,-0.5351535589622896,-0.6440574079076807,-0.049075963655091315,-0.10581705039875372,241877,Linear,13
-0.45889374457328813,-0.36801760710915554,0.34096109839816935,0.012116176489546845,-0.0072791767606001185,-0.0006661158126095058,-0.29109261011035414,-0.252553546285857,0.747446453714143,-0.29445569823292317,0.16443804634036496,0.01603485323140035,-0.6594547860586352,-0.7936539578748608,-0.051478033651150404,-0.10589570543501986,605015,Linear,13
-0.4686820007118513,-0.37417343608140574,0.34096109839816935,0.011980272937353525,-0.007278965516914266,-0.0007123144192348581,-0.3112814012056333,-0.26749228169086803,0.732507718309132,-0.3146444893282023,0.15403751138364896,0.015966433358935505,-0.7082133246218565,-0.8523348681191817,-0.052804913529962465,-0.10693763302694775,78107,Linear,13
-0.40918013413465815,-0.3358054225698749,0.34324942791762014,0.012142515462667992,-0.00714858828029025,-0.0005269279566203723,-0.230267517043103,-0.20567892034864377,0.7943210796513562,-0.24453590275516035,0.1646442313794978,0.015879733215096236,-0.5267545669115903,-0.633949219409972,-0.05080261705051278,-0.10635800148912533,560650,Linear,13
-0.40818971669796156,-0.3351472668083578,0.34553775743707094,0.011998198335891627,-0.0071190086082106386,-0.0005132917922851419,-0.2243085132286069,-0.20093142688775312,0.7990685731122469,-0.22767160135117592,0.18051811534678563,0.015838411210928237,-0.5144616139755539,-0.6191546482613334,-0.04977259661316511,-0.10806799361211823,807182,Linear,13
-0.4101362736619194,-0.3364401817516183,0.34553775743707094,0.012031285852403534,-0.0071043610240105245,-0.00049227251522672,-0.2151230891540763,-0.19355783021659234,0.8064421697834077,-0.2151230891540763,0.1950131845078431,0.015862050260389754,-0.4926591321480867,-0.5929153573202778,-0.04940492187974661,-0.10600426951615506,32120,Linear,13
-0.46276025597035186,-0.3704564562765802,0.34553775743707094,0.012076662959752987,-0.007361925417954026,-0.0006451591821788338,-0.28193456261215033,-0.24567695615231677,0.7543230438476832,-0.28193456261215033,0.18082569335820153,0.01605820199204757,-0.6377790314035123,-0.7675671831093304,-0.053176270865914706,-0.10624397325556215,750873,Linear,13
-0.4389943283240427,-0.3553155639393517,0.34782608695652173,0.012075451440116586,-0.007406700949063075,-0.0006303001180440627,-0.2754411515852553,-0.24076288932021706,0.759237110679783,-0.2788042397078243,0.16019008861621842,0.016099015526061376,-0.6215103132162372,-0.7479877777401597,-0.05033136292261202,-0.10538034958496885,328654,Linear,13
-0.46211478283657925,-0.3700499716592298,0.34782608695652173,0.012027076287746527,-0.007316801933139734,-0.0005884964650053823,-0.25717295520735206,-0.22676553272791256,0.7732344672720874,-0.2605360433299211,0.20157873950665817,0.01604637425642792,-0.5821933113224573,-0.700669758636425,-0.04969577816753756,-0.10608479386772553,256363,Linear,13
-0.4291050698739127,-0.3489084845164513,0.34174311926605505,0.012134039517900878,-0.007511896654852554,-0.000798033146273973,-0.34794245177545235,-0.29386048787968344,0.7061395121203166,-0.3513055398980214,0.07779952997589135,0.01636506175858232,-0.7741115582115365,-0.9316434045208895,-0.07328323182822839,-0.11930022434461185,483564,Linear,16
-0.42193057700205827,-0.3442204360034822,0.3394495412844037,0.012142307871923746,-0.007380163350843658,-0.0007532694495372919,-0.3284254799982591,-0.2799434151554939,0.7200565848445061,-0.33178856812082813,0.09014200888123014,0.01631828363576241,-0.7327842847383179,-0.8819060231967961,-0.06949008916815176,-0.1150863969270797,263340,Linear,16
-0.4402810631872853,-0.35614456841016273,0.3486238532110092,0.011874829838018885,-0.007603926296801098,-0.0008131672773225721,-0.35454093291264144,-0.29850459724625955,0.7014954027537404,-0.3581220238811511,0.08215903930613422,0.016291646841583633,-0.7923465605452154,-0.9535892332265662,-0.07473942955036528,-0.11874801372852926,416809,Linear,16
-0.48084966508758953,-0.38174214354252134,0.34174311926605505,0.011729419731575841,-0.0074821274808150855,-0.0009167134105255255,-0.39968704698912916,-0.329470142458848,0.670529857541152,-0.4030501351116982,0.07779952997589135,0.01617385452652179,-0.899746824280354,-1.0828454706399644,-0.07292106602529129,-0.1170192788685329,498465,Linear,16
-0.4181946656535729,-0.34176591961524116,0.3486238532110092,0.012018700855701593,-0.007603926296801098,-0.000763010408772637,-0.33267253822486964,-0.2829950525698981,0.7170049474301019,-0.33603562634743867,0.08215903930613422,0.01638731153964038,-0.7391337320278106,-0.8895475841925725,-0.07573819148521917,-0.11984534048765093,107635,Linear,16
-0.4858906257068156,-0.38485091486938106,0.3394495412844037,0.01172139677089797,-0.007428801144796025,-0.0009282752468081547,-0.40472800760835526,-0.3328417518499057,0.6671582481500943,-0.4080910957309243,0.07779952997589135,0.016151955468160145,-0.9123299489450268,-1.0979892635180744,-0.07228775267107666,-0.11846799922105583,727464,Linear,16
-0.39459371640259633,-0.32604619999280016,0.3463302752293578,0.012156920622062249,-0.007540793376265036,-0.0007188786658351744,-0.31343109830413596,-0.26906526008824594,0.7309347399117541,-0.316794186426705,0.07779952997589135,0.016440894492078147,-0.6941133915358025,-0.8353655960233651,-0.07236385544071038,-0.11857629852384288,325348,Linear,16
-0.42570312918542186,-0.34668973791566016,0.35091743119266056,0.012024716327669369,-0.007674140675519321,-0.0007614683785287946,-0.33200021303855465,-0.28251282999800265,0.7174871700019974,-0.3353633011611237,0.09033982802429819,0.016420375404991642,-0.7361546534000738,-0.885962262509103,-0.07007508622068694,-0.11400615481732819,24175,Linear,16
-0.3747122657368891,-0.3125129360814365,0.3440366972477064,0.012320724023763129,-0.0074717635899658845,-0.000662421521022416,-0.2888157831657736,-0.25084980123009404,0.749150198769906,-0.29691273576099775,0.07779952997589135,0.016457037735683418,-0.638973782233845,-0.7690050659562121,-0.07105635240086848,-0.11734591419886388,996637,Linear,16
-0.4227660085307434,-0.3447680661415192,0.3463302752293578,0.01195265396788893,-0.00746803304893802,-0.0007420611692571279,-0.32353866979610757,-0.27641602346347094,0.7235839765365291,-0.3326239996495133,0.09014200888123014,0.016246532522742805,-0.7250689248442961,-0.8726205861270059,-0.0744744243223147,-0.11902397425140643,313805,Linear,16
-0.4705456505398615,-0.37533867151695033,0.3463302752293578,0.011714474706019511,-0.007557576153403875,-0.0008830814750255926,-0.3850235231111583,-0.3195653699231078,0.6804346300768922,-0.3883866112337273,0.08215903930613422,0.016196437676014877,-0.8655288343260013,-1.041664113355252,-0.07542908789539972,-0.11713003951911057,445840,Linear,16
-0.4600609639528557,-0.3687548388663856,0.3440366972477064,0.01193496741366592,-0.007584417684980012,-0.0008690329033357695,-0.3788983458543953,-0.31538479689732046,0.6846152031026795,-0.3822614339769643,0.07779952997589135,0.016335306327548704,-0.8445185773399233,-1.016378265158396,-0.07189721604571417,-0.11806520689437995,246763,Linear,16
-0.4226630115081207,-0.34470057572760837,0.3440366972477064,0.011953689696989992,-0.007463474992860697,-0.0007832577830496797,-0.3415003934096603,-0.28929681197769663,0.7107031880223034,-0.34486348153222934,0.07779952997589135,0.016313407134237172,-0.7621848542194692,-0.9172896140445481,-0.07350008715732512,-0.11942705614841059,102940,Linear,16
-0.3729577638441697,-0.3113056799696937,0.3486238532110092,0.012298545873028687,-0.007553056911771345,-0.0006323146565199575,-0.27568919024270144,-0.2409511861204252,0.7590488138795748,-0.2821367514661688,0.09082101237800089,0.016496662115904115,-0.6084675747393204,-0.7322908395533902,-0.07121003222063645,-0.11831452694705279,108714,Linear,16
-0.48033645659597823,-0.38142476692736094,0.34174311926605505,0.011767548414818581,-0.007500134328590546,-0.0009155363268291694,-0.39917383849751786,-0.3291259325239031,0.6708740674760969,-0.4025369266200869,0.07779952997589135,0.01617782884786806,-0.8983707739081738,-1.0811893937606938,-0.07405061062756571,-0.12015402245762681,748715,Linear,16
-0.45203104089887347,-0.3636655829737707,0.3463302752293578,0.011846785750576419,-0.007557932734760056,-0.0008374912409852674,-0.3651461810695764,-0.30590482011419307,0.6940951798858069,-0.3742315109229821,0.07779952997589135,0.016269950183328188,-0.8171359557495407,-0.9834232749731182,-0.07482554571125237,-0.11900167733612672,315767,Linear,16
-0.46476914380764356,-0.3717198691923028,0.3463302752293578,0.011763826133001986,-0.007578751830850818,-0.0008798314809843662,-0.3836065257091832,-0.31860051238120324,0.6813994876187968,-0.3869696138317522,0.07779952997589135,0.01630528726851017,-0.8565866725301733,-1.0309022199680906,-0.07280465259030984,-0.1156125462136146,968741,Linear,16
-0.4145352811101475,-0.33935277537704867,0.3440366972477064,0.012127467092383692,-0.00748930848979532,-0.0007404178078529991,-0.32282216422390775,-0.27589738573110356,0.7241026142688964,-0.3261852523464768,0.08835002876367071,0.016353466234871883,-0.718732539411877,-0.8649947450786512,-0.0737791381758925,-0.11860930954126994,998617,Linear,16
-0.46709905456373235,-0.37318200184617967,0.3463302752293578,0.011858073312336069,-0.007621564902799212,-0.0008751764383830947,-0.3815769271350291,-0.31721614056839087,0.6827838594316091,-0.38494001525759813,0.08215903930613422,0.016334053917398776,-0.8505540220355751,-1.0236419239739876,-0.07122880726363383,-0.11484460570294283,400494,Linear,16
-0.4477493563099415,-0.3609351584700877,0.3348623853211009,0.012373670032639606,-0.007449945720371285,-0.0008117624636291062,-0.3539284341422899,-0.2980748005631324,0.7019251994368676,-0.3617690376158862,0.08598031869405531,0.016442566760450774,-0.7837176398464627,-0.9432043255580904,-0.06994979644764181,-0.11806955044930456,879764,Linear,16
-0.4533410114599974,-0.36449861658322724,0.3394495412844037,0.012029460533405064,-0.007474092195505161,-0.0008536201682604059,-0.372178393361537,-0.31076872272797285,0.6892312772720272,-0.37554148148410604,0.07779952997589135,0.01632267464635375,-0.8301825754386353,-0.9991248841994668,-0.07160688304211943,-0.1163248892212513,320285,Linear,16
-0.4489199286690564,-0.36168279244406254,0.3440366972477064,0.012020120235417077,-0.007590123587004048,-0.0008434800701160455,-0.367757310570596,-0.30771482840350195,0.692285171596498,-0.37112039869316504,0.07779952997589135,0.016379299296946086,-0.8174849708433384,-0.9838433147035236,-0.07314928179141024,-0.11946296286912074,214908,Linear,16
-0.41093833985360106,-0.3369721872676542,0.3463302752293578,0.012031266673292467,-0.0075315683839379055,-0.0007563663343007811,-0.3297757217551407,-0.28091500953240545,0.7190849904675946,-0.3331388098777097,0.07779952997589135,0.016374299743644218,-0.7332798050425959,-0.8825023819753078,-0.07497157072940984,-0.11917440603696221,109776,Linear,16
-0.4227660085307434,-0.3447680661415192,0.3463302752293578,0.01195265396788893,-0.00746803304893802,-0.0007420611692571279,-0.32353866979610757,-0.27641602346347094,0.7235839765365291,-0.3326239996495133,0.09014200888123014,0.016246532522742805,-0.7250689248442961,-0.8726205861270059,-0.07407871820626967,-0.11930978016544601,111363,Linear,16
-0.40682841973466566,-0.3342415884929164,0.3463302752293578,0.01190953143492718,-0.007452649292316525,-0.000746939912009646,-0.3256658016362053,-0.2779535461424891,0.7220464538575109,-0.3290288897587743,0.07779952997589135,0.01629462131279317,-0.7276820541761585,-0.875765487764716,-0.07131674715151709,-0.11455098139003894,901329,Linear,16
-0.47564218569459626,-0.37851418101590495,0.34174311926605505,0.01196538451272348,-0.007571297389065128,-0.0008947707758392041,-0.390120058265893,-0.32302440689674916,0.6769755931032508,-0.39348314638846205,0.08215903930613422,0.016282237828563702,-0.872364466680076,-1.0498907981668266,-0.07348388330367354,-0.11714712416848072,478636,Linear,16
-0.48842812954535475,-0.38640987925860837,0.34174311926605505,0.011722440887739665,-0.007504910117491653,-0.0009340952097405828,-0.4072655114468944,-0.3345325223899033,0.6654674776100967,-0.4106285995694634,0.07779952997589135,0.01617294475615564,-0.9168584929060587,-1.1034393670188225,-0.07555737647271067,-0.11943762546539383,199645,Linear,16
-0.45407031619834015,-0.36496192178750064,0.3463302752293578,0.012003064451266785,-0.007623965376114939,-0.0008265307340630116,-0.36036740005147294,-0.30257995316569375,0.6974200468343063,-0.36373048817404197,0.09033982802429819,0.01639115180316918,-0.8004787459266584,-0.9633763198481202,-0.06967494876797295,-0.11347913681980834,312911,Linear,16
-0.41178782287897775,-0.33753517898011576,0.3394495412844037,0.012130644002157881,-0.0073818073510412635,-0.0007583146898635729,-0.3306252047805174,-0.2815256006454999,0.7184743993545001,-0.3339882929030864,0.07779952997589135,0.016310570991757055,-0.7380411461695702,-0.8882326569086365,-0.07175173991013492,-0.11481449038879885,602509,Linear,16
-0.4842657591580064,-0.3838505672027839,0.3394495412844037,0.012013407804433145,-0.007573220472623789,-0.0009245484886686835,-0.40310314105954603,-0.3317568275398154,0.6682431724601846,-0.40646622918211506,0.07779952997589135,0.016344278949398095,-0.8979749000654585,-1.0807129595172367,-0.07363228760365859,-0.1183828655445334,671582,Linear,16
-0.39746973694855114,-0.32798172033637063,0.3463302752293578,0.011838374515369555,-0.00738211112516103,-0.0007254750432341538,-0.3163071188500908,-0.27116442335271074,0.7288355766472893,-0.3196702069726598,0.07779952997589135,0.016265678527988492,-0.7080282117264137,-0.8521120847150307,-0.07442554351870201,-0.11562934129265644,120035,Linear,16
-0.4404044494149275,-0.3562240064021357,0.3463302752293578,0.01195265396788893,-0.007557932734760056,-0.0008008258721453844,-0.3491600802553876,-0.2947197802048779,0.7052802197951221,-0.3582454101087933,0.08215903930613422,0.016290120904570098,-0.780394245165614,-0.9392046194405563,-0.07469626540393434,-0.11906263189023547,71835,Linear,16
-0.45501701071771095,-0.365562824375264,0.3394495412844037,0.01205891370107172,-0.007495047292978698,-0.0008574642032551615,-0.3738543926192506,-0.3119229063614446,0.6880770936385554,-0.3772174807418196,0.07779952997589135,0.01635340112981526,-0.8323542076457069,-1.0017384439652424,-0.0720427040345355,-0.11480623763444207,36794,Linear,16
-0.45215442712651566,-0.36374409303337685,0.3440366972477064,0.011924941747395982,-0.007550751987033259,-0.0008503986380323731,-0.37077380618211464,-0.30979995711364905,0.690200042886351,-0.3743548971506243,0.07779952997589135,0.01627141834884364,-0.8296547713045274,-0.9984896718257406,-0.07410593167104447,-0.11883937316711032,520632,Linear,16
-0.4194161827545031,-0.34256947292387685,0.3486238532110092,0.011973783871015161,-0.007584187337042621,-0.000765812053499541,-0.33389405532579985,-0.2838703516693898,0.7161296483306102,-0.3372571434483689,0.08215903930613422,0.01637759410161352,-0.7422878715900748,-0.8933435917433586,-0.07486448913885009,-0.12087577650093351,584184,Linear,16
-0.4487609992866055,-0.3615813370225478,0.3463302752293578,0.011879603957877046,-0.007583924837991506,-0.0008431155531838201,-0.36759838118814514,-0.3076047952051777,0.6923952047948223,-0.37096146931071416,0.07779952997589135,0.016273876218906885,-0.8224251125703378,-0.9897887761922923,-0.07421446912258274,-0.11883358176054416,44204,Linear,16
-0.4540701574078412,-0.3649618209494794,0.33715596330275227,0.012126248614605378,-0.007414559797879516,-0.0008262597138536457,-0.3602492352401896,-0.3024975377882715,0.6975024622117285,-0.36808983871378587,0.08598031869405531,0.016316968540022563,-0.8038543614934666,-0.9674388738116352,-0.07117973912721803,-0.11637484010288435,924226,Linear,16
-0.45711457644210896,-0.36689220333185657,0.3394495412844037,0.012123278492549001,-0.007507001342092836,-0.0008435118569391853,-0.3677711696254846,-0.30772442275520917,0.6922755772447908,-0.37113425774805364,0.08598031869405531,0.016381961911492156,-0.8173829044846436,-0.9837204778218199,-0.07165504815441452,-0.11819942274155053,367242,Linear,16
-0.40203188022132963,-0.331040581223936,0.3463302752293578,0.012137134890604976,-0.007447802696582298,-0.0006649458716619355,-0.2899164000446035,-0.25167387500569827,0.7483261249943017,-0.3118898713400995,0.09014200888123014,0.016355357182316583,-0.6453963892535548,-0.776734674700934,-0.07252888521473284,-0.11784629172617941,723917,Linear,16
-0.4789724185029627,-0.38058043102380035,0.34174311926605505,0.011908296623444786,-0.007568452952257058,-0.0009124077990928956,-0.3978098004045023,-0.32821021034226294,0.6717897896577371,-0.40117288852707134,0.07779952997589135,0.016313736165059267,-0.8878422844103228,-1.0685183546886226,-0.0716583472746238,-0.11533455869843928,826186,Linear,16
-0.4115260075413971,-0.33736171282230576,0.3463302752293578,0.011986579055346076,-0.007509953778246295,-0.0007577141959700384,-0.33036338944293675,-0.281337468401211,0.718662531598789,-0.3337264775655058,0.07779952997589135,0.016358922599513832,-0.735277026419659,-0.8849060382746761,-0.07550257065338388,-0.11965581670777359,593678,Linear,16
-0.44859515716234455,-0.3614754515354174,0.3486238532110092,0.011969135148630908,-0.0076556365619978,-0.0008139730298520114,-0.35489224101547734,-0.2987509949820544,0.7012490050179456,-0.35825532913804636,0.09033982802429819,0.016368878895788568,-0.7893895084493245,-0.9500304204782768,-0.07033695617269449,-0.11434437296079147,241877,Linear,16
-0.4226630115081207,-0.34470057572760837,0.3440366972477064,0.011953689696989992,-0.007463474992860697,-0.0007832577830496797,-0.3415003934096603,-0.28929681197769663,0.7107031880223034,-0.34486348153222934,0.07779952997589135,0.016313407134237172,-0.7621848542194692,-0.9172896140445481,-0.0737597263671419,-0.11968636637741004,605015,Linear,16
-0.4404044494149275,-0.3562240064021357,0.3463302752293578,0.01195265396788893,-0.007557932734760056,-0.0008008258721453844,-0.3491600802553876,-0.2947197802048779,0.7052802197951221,-0.3582454101087933,0.08215903930613422,0.016290120904570098,-0.780394245165614,-0.9392046194405563,-0.07458030663847749,-0.11920640355824019,78107,Linear,16
-0.4394533145605237,-0.3556113973254573,0.3394495412844037,0.012129696771586856,-0.007301889372507099,-0.000705846369466032,-0.3077490170871897,-0.26490020765476374,0.7350997923452363,-0.31111210520975874,0.12834120935076498,0.016208250112818696,-0.6913123666377712,-0.8319945620367668,-0.07109810491356856,-0.11479798488008532,560650,Linear,16
-0.44298664439702407,-0.3578842171260116,0.34174311926605505,0.012153944190875385,-0.007569838703460123,-0.0008293716134234472,-0.36160602345262305,-0.30344325919023896,0.696556740809761,-0.3651871144211327,0.07779952997589135,0.01639853853370599,-0.8028682662413832,-0.9662521079920479,-0.07343040249353244,-0.11831452694705279,807182,Linear,16
-0.45914925172837684,-0.3681790625050464,0.3440366972477064,0.012049225310741651,-0.007597308154520131,-0.0008381796687649302,-0.36544633558150963,-0.30611312465080975,0.6938868753491902,-0.36880942370407865,0.09033982802429819,0.01638874981669549,-0.8118794840409526,-0.9770971102925767,-0.07058900403671953,-0.11338603995925745,32120,Linear,16
-0.449592689248675,-0.3621120826776336,0.3440366972477064,0.01182184938043065,-0.0074884876860657765,-0.0008450230989683824,-0.36843007115021464,-0.3081804139454465,0.6918195860545535,-0.37179315927278367,0.07779952997589135,0.016283012216566247,-0.8238233597961134,-0.9914715669890002,-0.07491441323987523,-0.11978901905879509,750873,Linear,16
-0.38274601998273283,-0.3180139118697539,0.35091743119266056,0.012141183599358115,-0.007526503792370944,-0.0006247694553651048,-0.27239948253918556,-0.23845002560221507,0.7615499743977849,-0.2785272352739412,0.10421878470879165,0.016412736378696974,-0.6042811756085376,-0.7272525074195868,-0.07213509784100285,-0.11632995670199667,328654,Linear,16
-0.41677984465059126,-0.3408339771029718,0.34174311926605505,0.012085235600724805,-0.00740060924095745,-0.0007414558432265878,-0.3232747476467921,-0.27622502842237096,0.723774971577629,-0.3266378357693611,0.09014200888123014,0.01631533580283878,-0.7214222715435327,-0.868231838200183,-0.07169452798345281,-0.11769600472578776,256363,Linear,16
-0.34915492915024515,-0.2947161472229539,0.36551724137931035,0.011957584897589975,-0.0071502904428189795,-0.0001660325597729476,-0.0722241635012324,-0.06967767187489948,0.9303223281251005,-0.2463756930519594,0.10277923609828576,0.016144700096038696,-0.16325389511811464,-0.19647609318807596,-0.04859169718070527,-0.0992585324891353,483564,Linear,19
-0.3977787984040333,-0.32818938319204893,0.3701149425287356,0.01199263746943108,-0.007347394936204162,-0.00018935995388859057,-0.08237157994153677,-0.07907030389130898,0.920929696108691,-0.31011613305599894,0.08766266534803435,0.01632527333275907,-0.1841314394137119,-0.22160222163721457,-0.04519953317637443,-0.0953142927120129,263340,Linear,19
-0.34576921141706407,-0.2923242082454902,0.3724137931034483,0.011814238645231932,-0.0073699114960458405,-0.0002254693744665314,-0.09807917789294152,-0.0934228799540372,0.9065771200459628,-0.23537270397355314,0.11039650744351093,0.016255698698777136,-0.22018219117629712,-0.2649893080995696,-0.04923827832533809,-0.09913519754729662,416809,Linear,19
-0.36505880928598344,-0.30584417313096424,0.367816091954023,0.011925562485430419,-0.007273260231833609,-0.00021162428985143766,-0.09205656608537538,-0.08794644321345613,0.9120535567865439,-0.23428861545107793,0.1307701938349055,0.016256898478182513,-0.2066465173829948,-0.2486991221676986,-0.04982828366163927,-0.10054436486149602,498465,Linear,19
-0.34576921141706407,-0.2923242082454902,0.3724137931034483,0.011814238645231932,-0.007356122129746233,-0.00021681535837505313,-0.09431468089314876,-0.09000364128665062,0.9099963587133494,-0.23372503124119248,0.11204418017587159,0.01625530671589058,-0.2117362146549843,-0.25482457378272433,-0.05015033288681707,-0.1007299504181871,107635,Linear,19
-0.3877836405154085,-0.3214408599110967,0.367816091954023,0.012060107607703685,-0.0073615599800673824,-0.00021795810870331184,-0.09481177728594048,-0.09045588478040323,0.9095441152195968,-0.2781704054650618,0.1096132350503467,0.016398294122600913,-0.21099619785359067,-0.2539339634243855,-0.047648387760415155,-0.1002662052054343,727464,Linear,19
-0.36505880928598344,-0.30584417313096424,0.36551724137931035,0.012249928674790217,-0.007105418548868012,-3.070542573776255e-05,-0.013356860195926856,-0.013268053172820649,0.9867319468271794,-0.24429327533289324,0.1207655339530902,0.01632277169313993,-0.02986217853060744,-0.03593913742476803,-0.050267564983902405,-0.10015059692070845,325348,Linear,19
-0.4074497972469544,-0.3346551472970669,0.3632183908045977,0.012047825923172575,-0.007152739043595708,-0.00017874073382699758,-0.0777522192147444,-0.07480635664793056,0.9251936433520694,-0.304828534644912,0.1026212626020424,0.016261166201856442,-0.17449063307997084,-0.20999950941852077,-0.04581452296177781,-0.09617734573291717,24175,Linear,19
-0.38093846081756055,-0.31678006687766425,0.3701149425287356,0.012109791897313224,-0.007369977801072243,-0.00016022395868130115,-0.06969742202636553,-0.06732401557516388,0.9326759844248361,-0.24946361225738656,0.131474848560174,0.016371454092386516,-0.1553604510703116,-0.18697633180603387,-0.04796272475571998,-0.10033530776149996,996637,Linear,19
-0.34576921141706407,-0.2923242082454902,0.3724137931034483,0.011814238645231932,-0.0073699114960458405,-0.0002254693744665314,-0.09807917789294152,-0.0934228799540372,0.9065771200459628,-0.23537270397355314,0.11039650744351093,0.016255698698777136,-0.22018219117629712,-0.2649893080995696,-0.048955428412124476,-0.09913884219687813,313805,Linear,19
-0.36505880928598344,-0.30584417313096424,0.37471264367816093,0.012067974649067607,-0.0073345362646464575,-6.417010617429126e-05,-0.02791399618581636,-0.02752800049402615,0.9724719995059738,-0.22913591568067204,0.1359228936053114,0.016442662840868507,-0.06195279104785829,-0.07456019556760805,-0.05065602668559017,-0.10096262484747143,445840,Linear,19
-0.32362442229350563,-0.2764780699361781,0.367816091954023,0.012057584868762206,-0.007108232068263037,-5.873618338018884e-05,-0.025550239770382177,-0.02522659465651944,0.9747734053434806,-0.2156588599755196,0.10796556231798604,0.016206725984077904,-0.05753216325286315,-0.06923996919278945,-0.048342063987575616,-0.10126192347110594,246763,Linear,19
-0.38245285068114754,-0.31781394517398986,0.367816091954023,0.011875144837267726,-0.007286967300328384,-0.00023883410029303283,-0.10389283362746937,-0.09867811635753265,0.9013218836424673,-0.2530437619861914,0.12940908869495615,0.016177998712787703,-0.23435369671939063,-0.28204471766076683,-0.04866015265426967,-0.10133321281692051,102940,Linear,19
-0.36505880928598344,-0.30584417313096424,0.3724137931034483,0.012197752862347342,-0.007344055360963699,-6.641643642027635e-05,-0.028891149842820596,-0.028477790943498116,0.9715222090565019,-0.21583799742802512,0.14922081185795832,0.016458961054124536,-0.064058006999591,-0.0770938233577101,-0.0481076178703604,-0.10099703033952098,108714,Linear,19
-0.3856235116109019,-0.3199735004269335,0.3632183908045977,0.012060524711309478,-0.007272395903408731,-0.0002503235881777489,-0.10889076085732086,-0.10317161908912054,0.8968283809108795,-0.28284427551261615,0.10277923609828576,0.016365263844249234,-0.242816969374216,-0.29223026787751666,-0.04957043821664614,-0.10392951539281305,748715,Linear,19
-0.34576921141706407,-0.2923242082454902,0.3724137931034483,0.011814238645231932,-0.0073699114960458405,-0.0002254693744665314,-0.09807917789294152,-0.0934228799540372,0.9065771200459628,-0.23537270397355314,0.11039650744351093,0.016255698698777136,-0.22018219117629712,-0.2649893080995696,-0.049066885690872405,-0.09936437311298267,315767,Linear,19
-0.37798749979992863,-0.3147609337622408,0.3701149425287356,0.012008489032658482,-0.007191408813930411,-8.523972588256844e-05,-0.037079280758916866,-0.036400262597823474,0.9635997374021765,-0.2700219374819426,0.10796556231798604,0.01628488583174399,-0.08309169084955383,-0.10000086541702523,-0.04835117161235982,-0.09983948963242979,968741,Linear,19
-0.39585908663866576,-0.32689846174477055,0.36091954022988504,0.011912246244817907,-0.007291237546890855,-0.0003603250059752792,-0.15674137759924633,-0.1450748669805514,0.8549251330194486,-0.29323782403662335,0.1026212626020424,0.016211863545845827,-0.35282693600492415,-0.424627283211908,-0.04949481525271778,-0.10073665657341709,998617,Linear,19
-0.37798749979992863,-0.3147609337622408,0.367816091954023,0.012060107607703685,-0.007182858183752449,-0.00010498570873410194,-0.04566878329933388,-0.04464165956958488,0.9553583404304151,-0.2683742647495819,0.1096132350503467,0.01628653061692583,-0.1023297409594255,-0.12315386230821312,-0.04670402773655061,-0.09988147599560891,400494,Linear,19
-0.36505880928598344,-0.30584417313096424,0.3701149425287356,0.012145784807262035,-0.007168932049306845,-2.0266729979053454e-05,-0.008816027540888172,-0.008777280319216096,0.9912227196807839,-0.2374592763808323,0.12759953290515114,0.01632671256439725,-0.01970539771613317,-0.023715449822388233,-0.04992333579610618,-0.10030308905919931,879764,Linear,19
-0.37798749979992863,-0.3147609337622408,0.3701149425287356,0.012085678337611148,-0.007426706468628042,-0.00020488128746825023,-0.08912336004868848,-0.08526727485940933,0.9147327251405907,-0.2554124100570334,0.12257508974289522,0.016458353684482133,-0.19761330154527443,-0.23782764522415692,-0.047558695045636874,-0.09883487842177925,320285,Linear,19
-0.3856235116109019,-0.3199735004269335,0.3586206896551724,0.01208296489055964,-0.007220264033133399,-0.0002977267639469299,-0.12951114231691463,-0.1214752004400228,0.8785247995599772,-0.28284427551261615,0.10277923609828576,0.01634318277500261,-0.2891888270097923,-0.34803880718078944,-0.048845302469068215,-0.1032801846233692,214908,Linear,19
-0.36633391374198254,-0.3067287302477526,0.36551724137931035,0.011825608803891378,-0.007234825145317608,-0.00026790790871018474,-0.11653994028893067,-0.1100054503726623,0.8899945496273377,-0.2583683514239965,0.10796556231798604,0.016183672960775074,-0.2627899250432939,-0.3162677237461186,-0.04994081450897481,-0.10058780908450775,109776,Linear,19
-0.34576921141706407,-0.2923242082454902,0.3724137931034483,0.011814238645231932,-0.007363876064791772,-0.00022168162105880556,-0.09643150516058085,-0.09192790627809067,0.9080720937219093,-0.23372503124119248,0.11204418017587159,0.016255558508630842,-0.21648512633159311,-0.26053988987022275,-0.04865679187121442,-0.0987971198521147,111363,Linear,19
-0.36505880928598344,-0.30584417313096424,0.37701149425287356,0.011997352078185763,-0.007258032575341816,1.4687652984653535e-06,0.0006389129048329778,0.0006391170531583334,1.0006391170531583,-0.2383137032011291,0.12674510608485434,0.016347599565584483,0.001426259934421857,0.0017165040967821541,-0.046913878040550853,-0.09701707299649967,901329,Linear,19
-0.37872961767425295,-0.31526927327423193,0.367816091954023,0.012060107607703685,-0.007161965309668714,-9.177756994553296e-05,-0.03992324292630656,-0.03913681063150276,0.9608631893684972,-0.26911638262390625,0.1096132350503467,0.01627150488450444,-0.08953835348356395,-0.10775942509803904,-0.04799945927730606,-0.09666033469546037,478636,Linear,19
-0.3877836405154085,-0.3214408599110967,0.367816091954023,0.011864444767434179,-0.007427625050371386,-0.0003316913242819835,-0.14428572606266243,-0.13435962329585105,0.865640376704149,-0.2583745518204523,0.12940908869495615,0.016281484240795587,-0.32340027841770985,-0.3892122953236491,-0.05094120182551718,-0.10180920405226719,199645,Linear,19
-0.38822307482769247,-0.32173897657402306,0.367816091954023,0.012060107607703685,-0.007228350448448592,-0.00013374518641557157,-0.058179156090773176,-0.056519098055625605,0.9434809019443744,-0.2787678132735891,0.10945526155410334,0.016294047342773607,-0.13030151252058741,-0.15681789459307963,-0.04544878307735169,-0.09517885753356357,312911,Linear,19
-0.3684445270191645,-0.30819041472643427,0.3724137931034483,0.012122621773875082,-0.007285670445143073,-5.775472219837936e-05,-0.02512330415629549,-0.024810340323536906,0.9751896596764631,-0.2589892654650612,0.10945526155410334,0.016361235811340344,-0.056036585648605246,-0.06744004126744607,-0.047996299504213046,-0.09659866722454102,602509,Linear,19
-0.377458124406985,-0.31439808903022815,0.367816091954023,0.012088271745324165,-0.007400950897003482,-0.0002325011894806694,-0.10113801742409123,-0.09619171701385787,0.9038082829861421,-0.24969670844438951,0.1277614159625955,0.01644556029702238,-0.2244278634899176,-0.2700989755199605,-0.048975127725496725,-0.102562480227776,671582,Linear,19
-0.36505880928598344,-0.30584417313096424,0.3724137931034483,0.01203752015431679,-0.0072146938391630675,-4.49038002119477e-05,-0.019533153092197608,-0.019343617141748037,0.980656382858252,-0.24360099066689145,0.121457818619092,0.016331831913769843,-0.04364640375059545,-0.05252845504495926,-0.050140022459609086,-0.09984488371381044,120035,Linear,19
-0.34576921141706407,-0.2923242082454902,0.3724137931034483,0.011814238645231932,-0.0073699114960458405,-0.0002254693744665314,-0.09807917789294152,-0.0934228799540372,0.9065771200459628,-0.23537270397355314,0.11039650744351093,0.016255698698777136,-0.22018219117629712,-0.2649893080995696,-0.04906804286830242,-0.09906565763328119,71835,Linear,19
-0.36505880928598344,-0.30584417313096424,0.367816091954023,0.01221607911402316,-0.007142863205491184,-2.2332697164069437e-05,-0.009714723266370129,-0.009667687777776823,0.9903323122222232,-0.2374592763808323,0.12759953290515114,0.016326652871752664,-0.021714222724857467,-0.02613307109462248,-0.05038875514752896,-0.10036636017593452,36794,Linear,19
-0.34576921141706407,-0.2923242082454902,0.3724137931034483,0.011814238645231932,-0.0073699114960458405,-0.0002254693744665314,-0.09807917789294152,-0.0934228799540372,0.9065771200459628,-0.23537270397355314,0.11039650744351093,0.016255698698777136,-0.22018219117629712,-0.2649893080995696,-0.04867799652182915,-0.09976047362950241,520632,Linear,19
-0.38245285068114754,-0.31781394517398986,0.36551724137931035,0.0119111234606456,-0.007308968711093758,-0.0002836936414235087,-0.12340673401922686,-0.11609592441962258,0.8839040755803774,-0.25919830570637714,0.1232545449747704,0.01623536226834473,-0.2773881400356808,-0.33383667820903434,-0.04955698625675059,-0.10201986479807912,584184,Linear,19
-0.34576921141706407,-0.2923242082454902,0.37471264367816093,0.012055267292118426,-0.00739700675889895,-0.00010799372369013974,-0.04697726980521111,-0.04589091557076386,0.9541090844292361,-0.23537270397355314,0.11039650744351093,0.016440926569922677,-0.10427315084393501,-0.12549275646626834,-0.04871306641162891,-0.09943128887929942,44204,Linear,19
-0.34576921141706407,-0.2923242082454902,0.3632183908045977,0.012078559394248707,-0.006984141037072558,-6.021766201793656e-05,-0.026194682977802586,-0.02585457838470928,0.9741454216152907,-0.19288717284507584,0.15288203857198823,0.01617755986497327,-0.05908961285743199,-0.07111436008203352,-0.047145900189429484,-0.09918724314332072,924226,Linear,19
-0.38245285068114754,-0.31781394517398986,0.3701149425287356,0.012018310602899693,-0.007395079825949782,-0.00020989394308825338,-0.09130386524338974,-0.08725968130261685,0.9127403186973831,-0.27283961563080084,0.1096132350503467,0.016400629331247373,-0.20316068263998507,-0.2445039194050919,-0.047017810011482315,-0.10199858004452304,367242,Linear,19
-0.34650892722129356,-0.2928474936478196,0.3724137931034483,0.011989299859797702,-0.007222187855041496,-6.756484399793143e-05,-0.029390707139100414,-0.02896300074639091,0.9710369992536091,-0.23689569217094686,0.1096132350503467,0.016220602345160966,-0.06612323172180978,-0.07957932169564197,-0.047621907865918106,-0.09804136531489042,723917,Linear,19
-0.37798749979992863,-0.3147609337622408,0.3701149425287356,0.012005169923371717,-0.0071931210458102334,-8.754668710151282e-05,-0.038082808889157604,-0.03736677699729285,0.9626332230027072,-0.2683742647495819,0.1096132350503467,0.01628470469418317,-0.08534146606696227,-0.10270847031029873,-0.04676866941194407,-0.09775547900171591,826186,Linear,19
-0.38245285068114754,-0.31781394517398986,0.367816091954023,0.011771515379678021,-0.007331277592642106,-0.0003049629361565418,-0.13265887722809566,-0.12423621586987454,0.8757637841301255,-0.2744872883631615,0.10796556231798604,0.016210197550318113,-0.2986475959929718,-0.35942243741416974,-0.04984824945010661,-0.10142695320415723,593678,Linear,19
-0.4074497972469544,-0.3346551472970669,0.3632183908045977,0.012047825923172575,-0.007170922458719249,-0.0001903195981700339,-0.08278902520396514,-0.07945466140028701,0.920545338599713,-0.304828534644912,0.1026212626020424,0.01626434234035197,-0.1857578926374553,-0.22355965839499026,-0.0461543392030721,-0.09654341433688517,241877,Linear,19
-0.38245285068114754,-0.31781394517398986,0.367816091954023,0.011875144837267726,-0.007286967300328384,-0.00023883410029303283,-0.10389283362746937,-0.09867811635753265,0.9013218836424673,-0.2530437619861914,0.12940908869495615,0.016177998712787703,-0.23435369671939063,-0.28204471766076683,-0.04875612963121862,-0.101725814469842,605015,Linear,19
-0.34576921141706407,-0.2923242082454902,0.3724137931034483,0.011814238645231932,-0.007363876064791772,-0.00022168162105880556,-0.09643150516058085,-0.09192790627809067,0.9080720937219093,-0.23372503124119248,0.11204418017587159,0.016255558508630842,-0.21648512633159311,-0.26053988987022275,-0.049048427351347096,-0.09899597193328251,78107,Linear,19
-0.36505880928598344,-0.30584417313096424,0.3632183908045977,0.012078559394248707,-0.007055515156150417,-0.00010566738841924061,-0.04596531396236969,-0.04492491061332404,0.955075089386676,-0.21382444344635587,0.15123436583962757,0.016203899304110512,-0.1035193910552348,-0.12458560642014578,-0.04795226189163081,-0.09860803543182538,560650,Linear,19
-0.3926884257089114,-0.3247608980415677,0.367816091954023,0.012070807677537232,-0.007244729485643224,-0.0001401640922894928,-0.06097138014592929,-0.059149833614845604,0.9408501663851544,-0.28472286339092534,0.10796556231798604,0.016298993368859597,-0.1365137058025752,-0.16429427036525404,-0.04851141515062726,-0.10045485226777386,807182,Linear,19
-0.38822307482769247,-0.32173897657402306,0.367816091954023,0.012060107607703685,-0.00722065290565793,-0.00012887892373181914,-0.05606233182334108,-0.05451979945119145,0.9454802005488085,-0.2787678132735891,0.10945526155410334,0.016293769821411303,-0.12556268506407048,-0.15111471486634045,-0.04624269316715281,-0.09503103054653705,32120,Linear,19
-0.3877836405154085,-0.3214408599110967,0.3701149425287356,0.011814041489533507,-0.007450448403528587,-0.0003203728339125026,-0.13936218275193824,-0.13008709605413293,0.8699129039458671,-0.260022224552813,0.1277614159625955,0.016282365428700454,-0.3123478031733872,-0.3759106393080831,-0.04992491753577,-0.1029081387940875,750873,Linear,19
-0.36505880928598344,-0.30584417313096424,0.367816091954023,0.011947581820004416,-0.007317187431379517,-0.00023129529293945076,-0.10061345242866082,-0.09571748645452216,0.9042825135454778,-0.24326492710679304,0.1217938821791904,0.016216377145993395,-0.2264191880942344,-0.27249553505223,-0.04807191966446904,-0.10267007028342252,328654,Linear,19
-0.37608361574530136,-0.3134550753233468,0.367816091954023,0.011915858406518964,-0.007161965309668714,-0.00014483474739278648,-0.06300311511586187,-0.061059451224019345,0.9389405487759807,-0.2726249244151404,0.10345869133016095,0.01615483016429106,-0.14232154181943638,-0.17128400209351868,-0.04696727920979984,-0.0986615388876821,256363,Linear,19
-0.5128463766741334,-0.40121122753693694,0.335632183908046,0.012242556453227187,-0.007270959915633448,-0.0007215958010273497,-0.3138941734468972,-0.26940365943906863,0.7305963405609314,-0.3731421784796112,0.13970419819452218,0.016466103025086797,-0.6956702628611485,-0.8372392909534568,-0.06037429270179876,-0.11504904969406812,483564,Linear,22
-0.539188571201521,-0.4167786970142814,0.335632183908046,0.011953986863137625,-0.007376443400559504,-0.0008885288752726508,-0.3865100607436034,-0.32057611016930243,0.6794238898306976,-0.3994315890449798,0.1397569821565412,0.016369062595663963,-0.8616839564022722,-1.0370368020577616,-0.058623486289535655,-0.11491813388109987,263340,Linear,22
-0.5014803953672526,-0.3943665811666175,0.335632183908046,0.012381843615850364,-0.007155324402041182,-0.000598022032817812,-0.26013958427574835,-0.22905603336245628,0.7709439666375437,-0.3194153065160208,0.18206508885123185,0.016410204046031107,-0.5785001476892319,-0.6962250355158194,-0.06037836846930465,-0.11351100757066611,416809,Linear,22
-0.5186001741531072,-0.40464664404316697,0.3333333333333333,0.01207192451622867,-0.007312521301066917,-0.0008510393619683889,-0.3702021224562486,-0.3094052681736664,0.6905947318263336,-0.37889597595858504,0.13970419819452218,0.01637180960946933,-0.8251886241309966,-0.9931146628703743,-0.06030795100536861,-0.116085150677103,498465,Linear,22
-0.49251045093114953,-0.3889096454345419,0.335632183908046,0.012381843615850364,-0.007270864008340858,-0.0006747828287272514,-0.2935305304963549,-0.25437354182926997,0.74562645817073,-0.35280625273662736,0.13970419819452218,0.016523216993877737,-0.6482905433429214,-0.7802177896866538,-0.061125675926568014,-0.11343578200330351,107635,Linear,22
-0.5382432187179802,-0.4162270866150003,0.3333333333333333,0.011977159727770225,-0.007314795339497605,-0.0008841436504083292,-0.38460248792762286,-0.31927882268474805,0.680721177315252,-0.398539020523458,0.13970419819452218,0.01635386689506062,-0.8582279300354788,-1.0328774736814843,-0.05928678675468213,-0.1152337605348596,727464,Linear,22
-0.5313241665062378,-0.41217392550063336,0.3333333333333333,0.012040441293080724,-0.007355440471041345,-0.0008901465496673235,-0.3872137491052854,-0.3210540446750284,0.6789459553249716,-0.3915671843496966,0.1397569821565412,0.016369916496978998,-0.86320772665758,-1.0388706598438957,-0.06117566823245389,-0.11604651739153887,325348,Linear,22
-0.5093614113720832,-0.3991208290742452,0.3333333333333333,0.012349067813945645,-0.0072864266216191905,-0.0007412618097642461,-0.3224488872474467,-0.2756270444436515,0.7243729555563485,-0.37744779962304165,0.1319136117490416,0.016500289813374976,-0.7131490757584659,-0.858275045531598,-0.0573931270849146,-0.11215811364600538,24175,Linear,22
-0.5437436671272735,-0.4194292845719684,0.3333333333333333,0.012201850561942937,-0.007528206737785287,-0.0009515209712092128,-0.4139116224760073,-0.33894062852517914,0.6610593714748209,-0.41826505772041855,0.12547860940685496,0.016499614890816493,-0.9154714969075191,-1.1017701170761893,-0.057019057243241196,-0.1122731387867982,996637,Linear,22
-0.5046119139733491,-0.39626016703903266,0.33793103448275863,0.012360309237288786,-0.00721434188132106,-0.0005994597791701469,-0.2607650039390137,-0.2295380461326234,0.7704619538673766,-0.3133305351548188,0.19128137881853036,0.016418487336910006,-0.5795983993377062,-0.6975467815793573,-0.05971153293761723,-0.11228684266922473,313805,Linear,22
-0.5089783497824101,-0.39889061125284164,0.335632183908046,0.012241433550901105,-0.007352318502674068,-0.0007760247099798711,-0.3375707488412445,-0.2864985064831118,0.7135014935168882,-0.398454783095076,0.1105235666873341,0.016512772398676153,-0.7460291988324265,-0.8978462797765203,-0.06199058900735393,-0.1159231824497002,445840,Linear,22
-0.5332353535777656,-0.4132962982207725,0.3333333333333333,0.012008981449340856,-0.0073404866390523365,-0.000890663942921273,-0.3874388151707535,-0.3212068351752356,0.6787931648247644,-0.40132174182872404,0.1319136117490416,0.01636641669084443,-0.8638941580975963,-1.039696780209834,-0.06011274467547064,-0.11643955640241012,246763,Linear,22
-0.5230361285357503,-0.4072817554337099,0.335632183908046,0.01198985342549125,-0.007309025111649496,-0.0008317003612528318,-0.3617896571449819,-0.3035711587327993,0.6964288412672007,-0.3818534428573912,0.14118268567835912,0.01636020393561496,-0.8070091289292453,-0.9712356370083131,-0.05964899871109875,-0.11659583897646576,102940,Linear,22
-0.5395112784390221,-0.41696687638476426,0.3310344827586207,0.012035324124351772,-0.007414848626852,-0.0009761707505914407,-0.4246342765072768,-0.34599107217351255,0.6540089278264875,-0.42898771175168804,0.1105235666873341,0.016384507638412232,-0.9457855311362257,-1.1382530629177983,-0.05983533052655273,-0.1158244853390326,108714,Linear,22
-0.5163683347564074,-0.4033164271052637,0.3264367816091954,0.011851808652761359,-0.007137481776344151,-0.0009386789236246504,-0.40832533177672303,-0.335237424750608,0.664762575249392,-0.41267876702113426,0.10368956773527316,0.016165330477452354,-0.9217916069130746,-1.109376370645282,-0.060926463431603954,-0.1166526955099375,748715,Linear,22
-0.4871796610968886,-0.3856433529601866,0.33793103448275863,0.012333877263594653,-0.007296110063925375,-0.0006625281394530896,-0.288199740662094,-0.25038815068243214,0.7496118493175679,-0.3474754629023664,0.13970419819452218,0.016525695253595922,-0.63642152418142,-0.7659334229146451,-0.06024557997290759,-0.11324903015874635,315767,Linear,22
-0.5231297251812066,-0.4073372292769787,0.3333333333333333,0.011935717374154624,-0.007266245413082853,-0.0008655911506703614,-0.3765321505416068,-0.3137629455608726,0.6862370544391274,-0.3833727430246654,0.1397569821565412,0.016235433074146342,-0.8463484446419419,-1.018580510797271,-0.05992819928683151,-0.11495982867231247,968741,Linear,22
-0.527888649077795,-0.4101509658098723,0.32873563218390806,0.011961358769611989,-0.007198777815674101,-0.0009001582025800524,-0.39156881812232314,-0.3240044718490185,0.6759955281509815,-0.39592225336673437,0.1319663957110606,0.01621169415195968,-0.8814358532740382,-1.0608082136226162,-0.06041502501262767,-0.11402227901396192,998617,Linear,22
-0.5512900342437206,-0.4237939947616076,0.3333333333333333,0.012298860046952353,-0.007373941872406406,-0.0008163412326201531,-0.3551084361897665,-0.29890258524578217,0.7010974147542178,-0.41010734856536146,0.14118268567835912,0.016506299574740917,-0.7850951244527216,-0.9448621285383417,-0.058194801216121445,-0.11478022034093509,400494,Linear,22
-0.5313241665062378,-0.41217392550063336,0.32873563218390806,0.012004778713213404,-0.007305241508780853,-0.0009573498036195213,-0.4164471645744925,-0.34061464921932705,0.659385350780673,-0.4208005998189037,0.1105235666873341,0.016329594503673203,-0.9306695879695068,-1.1200610225006238,-0.06108088317386961,-0.11631315995492297,879764,Linear,22
-0.5055392334979842,-0.39681976726972634,0.3310344827586207,0.01203150096757276,-0.007287667400886835,-0.0008923564927071073,-0.3881750743275916,-0.3217064189243142,0.6782935810756858,-0.39501566681065015,0.1105235666873341,0.016350378677368185,-0.8663848368667348,-1.042694312572494,-0.05909081127080897,-0.11471622029428359,320285,Linear,22
-0.5333572771560284,-0.41336782687487017,0.3264367816091954,0.011773177481303156,-0.0070042915652765705,-0.0008746350029447975,-0.38046622628098703,-0.31645735063628844,0.6835426493637116,-0.3873068187640456,0.14605045839198283,0.016030297843611443,-0.8661348884417911,-1.0423934995965098,-0.06015184828105238,-0.11677355209006075,214908,Linear,22
-0.5108011319971411,-0.3999853047587347,0.3333333333333333,0.011974782719184516,-0.007209049608768666,-0.0008144388327842728,-0.35428089226115844,-0.2983221562046996,0.7016778437953004,-0.37888752024809946,0.1319136117490416,0.016324647279918073,-0.7919813173317343,-0.9531496629510986,-0.061116803671611646,-0.11574459462020564,109776,Linear,22
-0.4992811241390882,-0.39303316327741855,0.33793103448275863,0.012333877263594653,-0.007191042606930548,-0.0005929662368909976,-0.2579403130475839,-0.22735865266199118,0.7726413473380088,-0.31721603528785636,0.18206508885123185,0.01641307116930218,-0.5735091924559398,-0.6902184199627612,-0.05994599275463727,-0.11282610502130662,111363,Linear,22
-0.4952571477551828,-0.39058582234192574,0.34022988505747126,0.011804332830129046,-0.0074126181347823564,-0.0008744371168354888,-0.3803801458234375,-0.3163985084397313,0.6836014915602687,-0.3847335810678487,0.1105235666873341,0.0163571612904975,-0.8486349583121348,-1.0213323304253148,-0.057889215633145405,-0.11312744464870679,901329,Linear,22
-0.4764511696266709,-0.37901674974505295,0.3333333333333333,0.01228902760887085,-0.007101219059956653,-0.0006378035036808194,-0.2774445241011563,-0.24228240149812397,0.757717598501876,-0.3366941874701297,0.1397569821565412,0.01637240383255727,-0.6184074641658329,-0.7442534983299521,-0.05941500102183151,-0.1135143606482811,478636,Linear,22
-0.5413747373240767,-0.41805232298259354,0.3333333333333333,0.011963838876469927,-0.00733013805004483,-0.0008988124078732453,-0.3909833974248613,-0.32360861421512677,0.6763913857848732,-0.4094083416130161,0.1319663957110606,0.016352040594884654,-0.8725641644782872,-1.0501311345041766,-0.062070586610008936,-0.11806186282413692,199645,Linear,22
-0.4729662043246208,-0.37684886936488027,0.33793103448275863,0.012296746322686378,-0.007210471282153069,-0.0006183770570693933,-0.2689940198251861,-0.23585217462788555,0.7641478253721145,-0.32399293220078107,0.1489732721238397,0.01642286462595419,-0.597729548432621,-0.7193676228928343,-0.057209314924563805,-0.1124109065409797,312911,Linear,22
-0.539188571201521,-0.4167786970142814,0.335632183908046,0.012241611234171551,-0.0073853280317298315,-0.0007978955424847688,-0.3470845609808748,-0.29325443736713996,0.70674556263286,-0.3994843730069988,0.13970419819452218,0.01649982514135045,-0.7676565634618197,-0.9238748171370702,-0.059630711034322534,-0.1122105965999793,602509,Linear,22
-0.5292779255396454,-0.4109698602220405,0.3310344827586207,0.011969394154928321,-0.0071912659163508984,-0.0008484267203412253,-0.3690656233484333,-0.30861996171156425,0.6913800382884357,-0.3763934681956016,0.15288445734404377,0.016216582153741856,-0.8305299179828989,-0.9995429110161963,-0.06032489157967316,-0.11764024976054653,671582,Linear,22
-0.5395135005674092,-0.41696817195777935,0.3310344827586207,0.011935579306838109,-0.007322323843742272,-0.0009472938352742839,-0.4120728183443134,-0.33772395154911006,0.6622760484508899,-0.4289899338800751,0.1105235666873341,0.01633150686762632,-0.9207860341198079,-1.1081661636012519,-0.061123634001789946,-0.11521276735327005,120035,Linear,22
-0.5046119139733491,-0.39626016703903266,0.335632183908046,0.012381843615850364,-0.007166160106560546,-0.0006052209261651594,-0.26327110288184485,-0.23146648258512414,0.7685335174148759,-0.3225468251221173,0.18206508885123185,0.016410627966900383,-0.5854489159518643,-0.7045878794144201,-0.060111836775786416,-0.11255086108491012,71835,Linear,22
-0.528502467488579,-0.4105129149097664,0.3310344827586207,0.01194100732643872,-0.007330345431491441,-0.000950863139211112,-0.41362546555683366,-0.33875143474378333,0.6612485652562167,-0.4179789008012449,0.1105235666873341,0.01633053608122898,-0.9243104028051473,-1.112407741970631,-0.06165112285462784,-0.11589810726057931,36794,Linear,22
-0.49251045093114953,-0.3889096454345419,0.335632183908046,0.012381843615850364,-0.007124286532020063,-0.0005774014708957347,-0.25116963983964524,-0.22210960083718978,0.7778903991628102,-0.3104453620799177,0.18206508885123185,0.016401349157005828,-0.5588542810749714,-0.6725812313856253,-0.05993836815450092,-0.11402052958216279,520632,Linear,22
-0.5248783211427508,-0.4083726514730628,0.32873563218390806,0.012162120158924929,-0.007237544116646423,-0.0008601832168608978,-0.3741796993344906,-0.31214670605686257,0.6878532939431374,-0.3929119254316902,0.1319663957110606,0.01636370923360858,-0.8344676043587717,-1.0042819173031314,-0.0606912236731343,-0.11747784417519393,584184,Linear,22
-0.48937893232505303,-0.38699300518819724,0.335632183908046,0.012381843615850364,-0.0071134508275006985,-0.0005702025775483873,-0.24803812123354874,-0.21966980443860207,0.7803301955613979,-0.3073138434738212,0.18206508885123185,0.016400912757310048,-0.551901314071188,-0.6642133343012673,-0.060028440221458854,-0.11298311652527857,44204,Linear,22
-0.4558592607936589,-0.3660969541676138,0.34022988505747126,0.012141693780781556,-0.007206789245408654,-0.000623857089371526,-0.2713778338766133,-0.23767159151402573,0.7623284084859743,-0.28158475838790764,0.17427450240575126,0.016312832108998705,-0.6070941088927695,-0.7306378731511961,-0.05798902227374997,-0.11276312547653793,924226,Linear,22
-0.5512900342437206,-0.4237939947616076,0.3333333333333333,0.01206160279819822,-0.007246846548652433,-0.0008106967663688829,-0.35265309337046347,-0.2971790356561772,0.7028209643438228,-0.3600086554251902,0.19128137881853036,0.016261595299143172,-0.7913991191046226,-0.9524489872763089,-0.05887346319429821,-0.11546074931079676,367242,Linear,22
-0.528855812663096,-0.4107211705314968,0.3333333333333333,0.012009050908341907,-0.00711678151910119,-0.0007415040432868251,-0.3225542588297685,-0.2757033687468927,0.7242966312531073,-0.34679072381186415,0.18206508885123185,0.016215888201161276,-0.725893742118419,-0.8736132538700724,-0.059075663818069064,-0.11461956418738165,723917,Linear,22
-0.5349265566837857,-0.41428769478076755,0.32873563218390806,0.012006233341383774,-0.007236338822971049,-0.0009106196976773947,-0.39611956848966656,-0.32707376964611223,0.6729262303538878,-0.40296016097272513,0.1319663957110606,0.016296824464868433,-0.887021860315776,-1.0675309741379944,-0.05820518502995883,-0.11339802343363894,826186,Linear,22
-0.516131921831402,-0.4031753467205369,0.3310344827586207,0.012020921558663153,-0.0072233713078535605,-0.0008528467727307865,-0.3709883461378922,-0.30994801671740924,0.6900519832825908,-0.3842183100823604,0.1319136117490416,0.016325545999560626,-0.8292845337547955,-0.9980440908656647,-0.06107847234535461,-0.11554967876058587,593678,Linear,22
-0.5258578275534092,-0.40895187053296433,0.3333333333333333,0.01228902760887085,-0.007286244607957056,-0.0007611538690144217,-0.331101933021273,-0.2818680360511324,0.7181319639488676,-0.38610084539686795,0.1397569821565412,0.016484611520923356,-0.732983186523036,-0.8821454015317587,-0.05784895732298847,-0.11383611031333782,241877,Linear,22
-0.5227263089473126,-0.40709809126120877,0.3310344827586207,0.012091262633980982,-0.007249302067578877,-0.0008469082353383716,-0.3684050823721918,-0.30816312600337736,0.6918368739966226,-0.3815436232689535,0.14118268567835912,0.0163551537291641,-0.8220192647907625,-0.989300338313966,-0.06003942342653376,-0.11701934725783854,605015,Linear,22
-0.5046119139733491,-0.39626016703903266,0.33793103448275863,0.012360309237288786,-0.007346764995456094,-0.0006871330133561004,-0.29890286080990336,-0.25836855258574964,0.7416314474142504,-0.35569142581152846,0.14892048816182069,0.016539263605291444,-0.6595153621160138,-0.793726861171201,-0.05987917680579815,-0.1124060956035321,78107,Linear,22
-0.4854339493176667,-0.38456992665093626,0.335632183908046,0.011958944835410651,-0.007156915271391985,-0.0007410173964651221,-0.3223425674623286,-0.2755500251724078,0.7244499748275922,-0.33254949197362293,0.15288445734404377,0.01621353253562284,-0.7255227362371783,-0.8731667482228826,-0.05926740019707368,-0.11410566859638714,560650,Linear,22
-0.5379592905956088,-0.41606131353510556,0.3310344827586207,0.01208136191507947,-0.007307009719484414,-0.0008887901439046456,-0.3866237125985208,-0.32065332356685083,0.6793466764331492,-0.39820230843906756,0.1397569821565412,0.016364438371361183,-0.862180895598217,-1.0376348684726584,-0.05920557362391225,-0.11663899162751097,807182,Linear,22
-0.5258578275534092,-0.40895187053296433,0.3310344827586207,0.012320266783616616,-0.007261205966692599,-0.0007790632631419622,-0.3388925194667536,-0.28744096880178216,0.7125590311982178,-0.39389143184234854,0.1319663957110606,0.016479530421498433,-0.750461061865385,-0.9031800277623209,-0.0578136507822575,-0.11263220966356968,32120,Linear,22
-0.5296288915487821,-0.41117655350617943,0.32873563218390806,0.012066492766172013,-0.0072477067428673315,-0.0008984411571371555,-0.39082190335466294,-0.3234993721964575,0.6765006278035425,-0.3976624958377215,0.1319663957110606,0.0163445545187116,-0.872603239209261,-1.050178160950183,-0.060977445168887624,-0.11817688796492971,750873,Linear,22
-0.5605287970247446,-0.429092909956194,0.3310344827586207,0.012081205853873043,-0.007367331978707547,-0.0009291953168877659,-0.4041999628461781,-0.33248936940276197,0.667510630597238,-0.41155552490090486,0.1489732721238397,0.01637592200868401,-0.9007442976049369,-1.0840459299719245,-0.058295992924977225,-0.11535476290096612,328654,Linear,22
-0.5214952128444565,-0.4063677225471912,0.3333333333333333,0.012069646103793338,-0.0071165995054390556,-0.0007211843023615912,-0.3137151715272921,-0.2692728695861837,0.7307271304138163,-0.33795163650938775,0.1835435763350688,0.01622434047392849,-0.7056339762686339,-0.849230621895558,-0.058252114712588725,-0.11518812952209896,256363,Linear,22
-0.5410009275583434,-0.41783474459384884,0.33410138248847926,0.011780976118010083,-0.007397022065611385,-0.0009896263591019075,-0.42949783985022805,-0.3491641635007656,0.6508358364992344,-0.4345159554759448,0.1064849720823986,0.016320309079182915,-0.9625939892514717,-1.1584820453908327,-0.05945531819967473,-0.11465497974398034,483564,Linear,25
-0.5315684681918356,-0.4123175148611964,0.3433179723502304,0.011742026874527566,-0.007538685768272364,-0.0009192705982788395,-0.3989634396530164,-0.32898476654524156,0.6710152334547584,-0.40398155527873314,0.12758691291310242,0.016400590825945423,-0.8897830876086746,-1.0708541116994015,-0.05763095930512521,-0.11379695684453085,263340,Linear,25
-0.5051456298533594,-0.3965823066021317,0.34101382488479265,0.012079727699971487,-0.007272444763466601,-0.0006730864118794175,-0.2921195027556678,-0.2533206995924835,0.7466793004075165,-0.34850918066877057,0.15663644918458886,0.01638885477556692,-0.6519623052653946,-0.7846367558443821,-0.05915330026210558,-0.11154040799759546,416809,Linear,25
-0.5102129456790863,-0.399632280512524,0.3433179723502304,0.011740735622342431,-0.007350803333630258,-0.0007963348902202795,-0.34560934235560126,-0.2922110637369303,0.7077889362630697,-0.36329249696063926,0.146920448718447,0.016348553743791665,-0.7732442072364504,-0.9305995474607898,-0.05748556782118814,-0.11201881631740826,498465,Linear,25
-0.4990053456131136,-0.39286575177468397,0.3387096774193548,0.01210890553163469,-0.007225710516066906,-0.0006768889515228176,-0.29376980496090255,-0.25455192985810027,0.7454480701418997,-0.35015948287400533,0.14884586273910827,0.016381763409762513,-0.6559293231653112,-0.7894110626259684,-0.059717731737632805,-0.11309013387432569,107635,Linear,25
-0.5320053565519629,-0.4125742104206702,0.34101382488479265,0.01176742581948339,-0.007450242416456018,-0.0008967518659513344,-0.3891903098228795,-0.32239469720266123,0.6776053027973388,-0.41220903008434107,0.11979632646762184,0.01639249931164938,-0.8684151378994213,-1.0451377802435675,-0.05939593114891091,-0.11441027073228105,727464,Linear,25
-0.5426922204133007,-0.41881852436636546,0.34101382488479265,0.011767793350520299,-0.007559434795229418,-0.000968582800826288,-0.42036493555860943,-0.34319291618640857,0.6568070838135914,-0.42289589394567884,0.11979632646762184,0.016410233727825126,-0.9369626018728476,-1.1276346659056529,-0.060096760256605826,-0.11521163035727588,325348,Linear,25
-0.5372466755652567,-0.4156450417471762,0.3433179723502304,0.011940715672083406,-0.007399222313918137,-0.0007594740191848876,-0.32961172432624153,-0.2807970717723285,0.7192029282276715,-0.4174503490976349,0.11979632646762184,0.016454697334604793,-0.732695111110473,-0.8817987027190721,-0.05634528773972765,-0.11008257644679431,24175,Linear,25
-0.48266431164665846,-0.38286304570614327,0.3433179723502304,0.011913141996413001,-0.007533802160724646,-0.0008573167242879884,-0.3720754583409871,-0.3106977730407421,0.6893022269592579,-0.37709357396670384,0.10557073767995462,0.016443705799030612,-0.8276407550722282,-0.9960658029149669,-0.05581158391245157,-0.10963000423139607,996637,Linear,25
-0.4731816593412077,-0.3769831159394992,0.34101382488479265,0.012079727699971487,-0.007160682628808728,-0.0005994367102385156,-0.26015553224351606,-0.2290683282539474,0.7709316717460526,-0.31654521015661885,0.15663644918458886,0.01631958714402032,-0.5830884499776987,-0.7017470581747681,-0.058511527139989784,-0.11087718345358986,313805,Linear,25
-0.5024306680279551,-0.3949418246845605,0.3433179723502304,0.01202562785421845,-0.007555687403356914,-0.0008330699531755104,-0.36155235967817134,-0.30340587832341703,0.696594121676583,-0.40402438662204077,0.09840628140591434,0.016568438698522068,-0.7981787400472078,-0.9606082623437213,-0.06054438209021146,-0.11341352556765114,445840,Linear,25
-0.5338618160312762,-0.41366373095784925,0.3433179723502304,0.011733734897113617,-0.007533365184491758,-0.0009186234514060414,-0.3986825779102219,-0.3287962775688996,0.6712037224311004,-0.4140654895636544,0.11979632646762184,0.016407724979949474,-0.88877008990665,-1.069634968776298,-0.05913180880641866,-0.11436960822703769,246763,Linear,25
-0.531662836598116,-0.41237297090402747,0.3387096774193548,0.011654107515929032,-0.007354126573088603,-0.000915853736485857,-0.39748052163486136,-0.3279889678036306,0.6720110321963694,-0.42512508055369835,0.10653775604441762,0.016304741901210774,-0.8916870584271887,-1.0731455409341837,-0.05843482611826587,-0.11407308021046149,102940,Linear,25
-0.5531109510193346,-0.4248422632482708,0.33640552995391704,0.011689032349525792,-0.007090464216907498,-0.0007729377222087412,-0.33545497143859393,-0.2849872980197581,0.7150127019802419,-0.38493155247488176,0.16817939854445285,0.016108042304744392,-0.7617316691437034,-0.9167442057214377,-0.05811035680837096,-0.11467876070372557,108714,Linear,25
-0.5116114406191627,-0.40047130490798055,0.33640552995391704,0.011703765093231708,-0.007367875935048889,-0.0009520704278392876,-0.4131985656822508,-0.33846908755150484,0.6615309124484952,-0.42003915816530935,0.0915722824538534,0.016330226895295757,-0.9255015005605042,-1.1138412283410988,-0.059517050366950784,-0.11479326162101737,748715,Linear,25
-0.5051456298533594,-0.3965823066021317,0.3387096774193548,0.01210890553163469,-0.007247105234674035,-0.0006910370718920481,-0.29991008920114837,-0.25911516876579765,0.7408848312342023,-0.35629976711425115,0.14884586273910827,0.016383828864066884,-0.6695549327773392,-0.8058094863324304,-0.059045047685183746,-0.11182255000148629,315767,Linear,25
-0.5372466755652567,-0.4156450417471762,0.3433179723502304,0.011709827745443479,-0.0075212738542304895,-0.0009188910469691497,-0.39879871438461123,-0.32887422427650426,0.6711257757234957,-0.4096069786901353,0.12763969687512144,0.01640237699720781,-0.8893188564040445,-1.070295409358145,-0.058592145848419805,-0.11450539457126194,968741,Linear,25
-0.531709062976006,-0.41240013414529886,0.33640552995391704,0.011867256826830371,-0.007428868463888547,-0.0009375452094070678,-0.40689462088266737,-0.3342856610052084,0.6657143389947916,-0.4119127365083841,0.11979632646762184,0.016379473179705794,-0.9086414830647065,-1.0935501941439651,-0.059136613750198616,-0.11310818978820633,998617,Linear,25
-0.5435933935077628,-0.41934203355358013,0.34101382488479265,0.011980875473995725,-0.007532693682609075,-0.0008782968273613545,-0.38118082307482837,-0.3169456335385009,0.6830543664614991,-0.42374428307812195,0.11984911042964086,0.016533076422115364,-0.8433112833326597,-1.0149252865957412,-0.05722503258215213,-0.11325527942811194,400494,Linear,25
-0.542549001162115,-0.41873528202981203,0.3387096774193548,0.011807050006040435,-0.007511700582562257,-0.0009682528025516685,-0.4202217163074238,-0.3430988420312371,0.6569011579687629,-0.4227526746944932,0.11979632646762184,0.016405068666742444,-0.9369382745662336,-1.127605387987611,-0.0601759323634058,-0.11520355657464633,879764,Linear,25
-0.5200332878084737,-0.4054992419865562,0.3387096774193548,0.011703274644880404,-0.007439609012950941,-0.0009557290643306474,-0.4147864139195008,-0.33951866473955694,0.6604813352604431,-0.42162700640255935,0.09840628140591434,0.016345363820665402,-0.9281976660972509,-1.1170860640668563,-0.057841601126036916,-0.11347224398677513,320285,Linear,25
-0.5530802420034888,-0.4248246004490168,0.3294930875576037,0.011662704722041596,-0.00714801804694782,-0.0009500149226033807,-0.4123064764098672,-0.3378786796120198,0.6621213203879802,-0.41914706889292574,0.13393317311056308,0.01612854319730093,-0.9350515528629201,-1.125334718066186,-0.058859288745479445,-0.1158399174419027,214908,Linear,25
-0.5130657702538883,-0.401342583539386,0.33410138248847926,0.011780976118010083,-0.007287556141516525,-0.0009167331515825194,-0.3978621877868136,-0.32824540272898006,0.6717545972710199,-0.40658079817148973,0.1064849720823986,0.016280826076923112,-0.8938543755345638,-1.0757539074766707,-0.06006101593376993,-0.11419844403529124,109776,Linear,25
-0.5051456298533594,-0.3965823066021317,0.3387096774193548,0.01210890553163469,-0.007232390831239122,-0.0006813065792979928,-0.29568705541532836,-0.2559797713071197,0.7440202286928803,-0.35629976711425115,0.14884586273910827,0.016382980362751823,-0.6601611192232992,-0.7945040299701205,-0.0587971088925927,-0.1115114891761769,111363,Linear,25
-0.5155796786930296,-0.4028456633766482,0.34101382488479265,0.011634911161653124,-0.0074619655020491645,-0.0009496665476069087,-0.4121552816613985,-0.3377785627771489,0.6622214372228511,-0.4171733972871152,0.09840628140591434,0.01634454905322018,-0.9223557671333135,-1.1100553375754398,-0.0568492956777539,-0.11128424889416702,901329,Linear,25
-0.5347203183773672,-0.4141668860096207,0.34101382488479265,0.011884672835967157,-0.007420559765762788,-0.0008372085559562618,-0.36334851328501827,-0.3046559453752756,0.6953440546247244,-0.42044475984948804,0.11427555852787918,0.016446017097101563,-0.8081150426188543,-0.9725666043397838,-0.0583667725103235,-0.11077574738455315,478636,Linear,25
-0.5317117800514097,-0.4124017306962726,0.3456221198156682,0.011652294822755115,-0.007587118173842741,-0.0009375514699494726,-0.40689733795807115,-0.3342874697988075,0.6657125302011925,-0.4119154535837879,0.11979632646762184,0.016411250958346005,-0.9068880990627479,-1.0914399961709609,-0.060729938204834404,-0.11587030422379938,199645,Linear,25
-0.5405189465818694,-0.4175540843845714,0.3433179723502304,0.011940715672083406,-0.007563704237065649,-0.0008674863419891295,-0.3764890724232828,-0.3137333831231006,0.6862666168768994,-0.42072262011424755,0.11979632646762184,0.016533572644075165,-0.832906417526464,-1.0024030286596075,-0.05624530485274551,-0.1102850081967243,312911,Linear,25
-0.5354280070678215,-0.41458132681405346,0.33640552995391704,0.011899172362798908,-0.00746659683049226,-0.000951844982057904,-0.4131007222131302,-0.3384043579054654,0.6615956420945346,-0.4156316806001996,0.11979632646762184,0.01640555294913801,-0.9210339146815304,-1.108464487903464,-0.0590438231599325,-0.11165578969117412,602509,Linear,25
-0.5457415420605685,-0.4205880343473326,0.33640552995391704,0.011616007391102644,-0.0073172993437538025,-0.0009480302578343536,-0.4114451319001091,-0.33730811935871463,0.6626918806412854,-0.4182857243831677,0.12745581767740077,0.016189274921546107,-0.929597765094201,-1.1187710834705178,-0.05946078630875903,-0.11532069982079872,671582,Linear,25
-0.5282708440645365,-0.41037636007865064,0.33640552995391704,0.011776331545125649,-0.007428812992796136,-0.0009680961666749827,-0.42015373633694253,-0.34305418439201396,0.656945815607986,-0.42986456265862216,0.09840628140591434,0.016366650303358155,-0.9389856768766166,-1.1300694370495783,-0.05997685764529172,-0.11285893009902492,120035,Linear,25
-0.5051456298533594,-0.3965823066021317,0.34101382488479265,0.012079727699971487,-0.007272444763466601,-0.0006730864118794175,-0.2921195027556678,-0.2533206995924835,0.7466793004075165,-0.34850918066877057,0.15663644918458886,0.01638885477556692,-0.6519623052653946,-0.7846367558443821,-0.05894357160523199,-0.11120688737697114,71835,Linear,25
-0.5369498163854587,-0.41547154486276106,0.34101382488479265,0.011767793350520299,-0.007539356459467733,-0.0009553514551400161,-0.41462253153076745,-0.3394104146107182,0.6605895853892818,-0.41715348991783685,0.11979632646762184,0.016408369130667858,-0.9242682236737133,-1.1123569793780925,-0.06040316082101855,-0.11462885004747014,36794,Linear,25
-0.48349108172988053,-0.38337306521371695,0.3387096774193548,0.011874876272659526,-0.007171653847484212,-0.000720409774532302,-0.3126578421470185,-0.2684998417217146,0.7315001582782854,-0.3268546325452917,0.15663644918458886,0.016227572232375344,-0.7047357712584661,-0.8481496319984896,-0.05879342740839646,-0.11102500707373454,520632,Linear,25
-0.5165002004869166,-0.40339510403297696,0.34101382488479265,0.011768725796345452,-0.007459640476408059,-0.0009025017474506387,-0.391685758393578,-0.32408351832749915,0.6759164816725008,-0.39670387401929474,0.11979632646762184,0.016378141051709354,-0.8747495240211289,-1.0527612151211088,-0.05953307739106457,-0.11587602926966396,584184,Linear,25
-0.5051456298533594,-0.3965823066021317,0.3387096774193548,0.01210890553163469,-0.007247105234674035,-0.0006910370718920481,-0.29991008920114837,-0.25911516876579765,0.7408848312342023,-0.35629976711425115,0.14884586273910827,0.016383828864066884,-0.6695549327773392,-0.8058094863324304,-0.05885906824658342,-0.11103058532355131,44204,Linear,25
-0.5029987550733495,-0.39528545278109073,0.3433179723502304,0.011915749090199435,-0.007407965041273743,-0.0007737866873808782,-0.3358234223233012,-0.28525069655468815,0.7147493034453118,-0.34084153794901795,0.1621572171243315,0.016357435609379058,-0.7509418437625139,-0.903758648865083,-0.057099308306958224,-0.11173770188585211,924226,Linear,25
-0.5372466755652567,-0.4156450417471762,0.3387096774193548,0.01177535158256148,-0.007298079180104382,-0.0008377235992014292,-0.36357204205341986,-0.30481135740524434,0.6951886425947557,-0.3750894584409252,0.1621572171243315,0.016266786716097353,-0.8175216222772282,-0.9838874247110381,-0.057694076051181646,-0.11299809275234882,367242,Linear,25
-0.4918707049655495,-0.3885185777669481,0.3433179723502304,0.011771770663838365,-0.007252193357029076,-0.0007209246033211287,-0.3128812778413703,-0.2686632667093303,0.7313367332906697,-0.3219229013957374,0.1699478035698121,0.016239199242108673,-0.7047344586313188,-0.8481480522514733,-0.05808062578859609,-0.11286553592117639,723917,Linear,25
-0.5372466755652567,-0.4156450417471762,0.34101382488479265,0.011736309105578362,-0.007494975693901012,-0.0009368417069817777,-0.4065893008300918,-0.3340823740360114,0.6659176259639886,-0.4173975651356159,0.11984911042964086,0.016397085517239875,-0.9069844169200597,-1.0915559147301794,-0.057178095893434554,-0.11200310914029259,826186,Linear,25
-0.5478696320060408,-0.42181976404508037,0.33410138248847926,0.011780976118010083,-0.007389029088708758,-0.0009843038468326471,-0.427187869525369,-0.34765901427636114,0.6523409857236389,-0.4413846599236422,0.1064849720823986,0.01633163942221267,-0.9567526416367207,-1.1514519824482645,-0.059648825287014116,-0.1132778860194747,593678,Linear,25
-0.5379942087311065,-0.41608170322929483,0.3433179723502304,0.011940715672083406,-0.007445648161369159,-0.0007899610388243843,-0.34284309084978304,-0.29025043097477987,0.7097495690252201,-0.41819788226348464,0.11979632646762184,0.016464824596213724,-0.7616384038394881,-0.9166319609104397,-0.0570239397762155,-0.11137115215447052,241877,Linear,25
-0.531662836598116,-0.41237297090402747,0.3387096774193548,0.011654107515929032,-0.00737905211405255,-0.0009323367555104023,-0.4046341518915142,-0.33277913229572353,0.6672208677042765,-0.42512508055369835,0.10653775604441762,0.016307429597945428,-0.9075855315258771,-1.0922793562702653,-0.05885706012765102,-0.11499716133142546,605015,Linear,25
-0.5051456298533594,-0.3965823066021317,0.34101382488479265,0.012079727699971487,-0.007272444763466601,-0.0006730864118794175,-0.2921195027556678,-0.2533206995924835,0.7466793004075165,-0.34850918066877057,0.15663644918458886,0.01638885477556692,-0.6519623052653946,-0.7846367558443821,-0.058790718162070335,-0.11121143805445324,78107,Linear,25
-0.5325734435973573,-0.4129078246319329,0.34101382488479265,0.01179643193186289,-0.007382063065604954,-0.0008419311309845832,-0.365398110847309,-0.3060796613338075,0.6939203386661925,-0.37041622647302574,0.1621572171243315,0.016292186414408424,-0.8203467614359865,-0.9872874802149136,-0.05785993750695191,-0.1118871402625227,560650,Linear,25
-0.5381456407922087,-0.41617012048571744,0.3387096774193548,0.011854870572031261,-0.007359042214514657,-0.0008511040126200726,-0.36937914147711126,-0.3088366879118021,0.6911633120881979,-0.3911724081117427,0.14697323268046603,0.016370842179849427,-0.8253000789465564,-0.993248798761664,-0.05691985834218062,-0.11275646645765355,807182,Linear,25
-0.5372466755652567,-0.4156450417471762,0.3433179723502304,0.011940715672083406,-0.007399222313918137,-0.0007594740191848876,-0.32961172432624153,-0.2807970717723285,0.7192029282276715,-0.4174503490976349,0.11979632646762184,0.016454697334604793,-0.732695111110473,-0.8817987027190721,-0.056593670215190406,-0.10997438775955834,32120,Linear,25
-0.5281072374637006,-0.4102798858674569,0.34101382488479265,0.01161588425561235,-0.007442847854423502,-0.0009435567201255607,-0.40950361653449363,-0.3360202430785396,0.6639797569214604,-0.421622265381302,0.1064849720823986,0.01631760682800372,-0.9179347642027049,-1.1047346597248404,-0.059644684466759426,-0.11543314559342119,750873,Linear,25
-0.5281919223998557,-0.41032982416313113,0.33640552995391704,0.011898368049340406,-0.007405193906606655,-0.0009113689168180131,-0.3955341098990175,-0.3266796838544789,0.6733203161455211,-0.40055222552473424,0.12763969687512144,0.016377609044589014,-0.8833727194134335,-1.0631392323822078,-0.057139769027299406,-0.11289283998606904,328654,Linear,25
-0.4897322678443743,-0.3872095640718308,0.33640552995391704,0.011906356263801309,-0.007149511709270782,-0.0007390123450575908,-0.32073135775499395,-0.27438184350037864,0.7256181564996214,-0.3275750507200428,0.1621572171243315,0.016227069886377832,-0.7229559844825997,-0.8700776620080736,-0.057186657993941986,-0.11303934244178343,256363,Linear,25
-0.5874059721827507,-0.44423290822664563,0.3348729792147806,0.011507985162536679,-0.007482480460263711,-0.0011230866604806707,-0.4862965239881305,-0.3851005521586873,0.6148994478413127,-0.5004371196700959,0.08696885251265485,0.01604536147360484,-1.1111278518569818,-1.3372425767077172,-0.07003406543013996,-0.12632974792141893,483564,Linear,28
-0.5224728265311569,-0.4069477820032662,0.3394919168591224,0.011706202868772131,-0.007463944377784676,-0.0009558343425794778,-0.4138762703369139,-0.3389172582492376,0.6610827417507624,-0.4280168660188792,0.09445596051227767,0.01629429372926026,-0.9312094186073162,-1.1207107087737953,-0.06816783250115087,-0.12374223820994289,263340,Linear,28
-0.5241574872634374,-0.4079460326941541,0.3394919168591224,0.011795859001153212,-0.007542095497336851,-0.000977016256509971,-0.42304803906881716,-0.344952835499863,0.655047164500137,-0.4371886347507825,0.08696885251265485,0.01633184307406977,-0.9496571929582691,-1.1429126086418997,-0.0694694618542566,-0.1224098296101574,416809,Linear,28
-0.5459443910513073,-0.42070555555985456,0.3394919168591224,0.011783038802642129,-0.007568052709770187,-0.0009985135589050355,-0.43235637100588065,-0.3510219414934549,0.6489780585065451,-0.446496966687846,0.09944742436346132,0.016338160500396087,-0.9701772329356376,-1.1676084805774487,-0.06823859133560012,-0.12252970795211723,498465,Linear,28
-0.6028825606335886,-0.45276806883198295,0.3371824480369515,0.011457251540838887,-0.007576765983977164,-0.001158829358981451,-0.5017731124389684,-0.3945438344637129,0.6054561655362871,-0.5159137081209337,0.08696885251265485,0.016078590040358564,-1.144120580770877,-1.3769493321019786,-0.07007378621036314,-0.1229101849585348,107635,Linear,28
-0.5640163210919127,-0.43108049428419615,0.3348729792147806,0.011441946906089814,-0.0073578502714452855,-0.0010623061819704824,-0.45997857679321896,-0.36870283022813277,0.6312971697718672,-0.4741191724751843,0.08989714861672837,0.015995143938107394,-1.054294222512505,-1.268843293203804,-0.06988855401713326,-0.12451546090635711,727464,Linear,28
-0.5685750972479582,-0.433668168167051,0.3371824480369515,0.011394905878174317,-0.007394804635477814,-0.001059244046578943,-0.45865267216868233,-0.36786523522844283,0.6321347647715572,-0.48803996031347197,0.08053513693448622,0.015994435905844297,-1.051301718224241,-1.2652418137353891,-0.06979170808036707,-0.12399115945268072,325348,Linear,28
-0.4817787630017847,-0.38231629886283347,0.3394919168591224,0.0117746720445496,-0.007292544469644374,-0.0008193785860727484,-0.35479092776949983,-0.29867994557005506,0.7013200544299449,-0.3689315234514652,0.1128472395503195,0.016195980522129776,-0.803114809405247,-0.9665488227356879,-0.06683622849542921,-0.12121193308334781,24175,Linear,28
-0.4619032119953772,-0.36991667850184295,0.3441108545034642,0.011647038275533006,-0.007333082875973073,-0.0008018171679490416,-0.3471868337219348,-0.2933267144770104,0.7066732855229896,-0.36491928294708487,0.09698392904829234,0.016185219571479403,-0.7864244833873579,-0.94646201226383,-0.06713012329890078,-0.12074838378570778,996637,Linear,28
-0.5282583636580966,-0.4103690012900577,0.3371824480369515,0.011848564361471664,-0.0075141234815815135,-0.000985364994085523,-0.4266630424390314,-0.3473165582002735,0.6526834417997265,-0.44080363812099677,0.08745472553709988,0.016330131711868673,-0.9578725160253836,-1.1527997514836477,-0.06876809994257164,-0.12216282996846209,313805,Linear,28
-0.6134774188976735,-0.45853530809092047,0.3394919168591224,0.01140472189759674,-0.007583659756489072,-0.001137257670690887,-0.49243257140915375,-0.3888620521565852,0.6111379478434148,-0.5065731670911191,0.10690425180655438,0.016070424393221733,-1.1233932220923002,-1.3520039520709028,-0.0710328448666787,-0.12390926968517671,445840,Linear,28
-0.5598399374866858,-0.4286994996752168,0.3371824480369515,0.011378757593127077,-0.007398514920774237,-0.0010671482070800297,-0.462075173665653,-0.3700250193667157,0.6299749806332843,-0.47621576934761833,0.08362416813906748,0.01599358194115827,-1.0592031647581288,-1.274751206110925,-0.06891421947992675,-0.12344468567928299,246763,Linear,28
-0.5008236964931712,-0.3939687317630336,0.3348729792147806,0.01185323948508273,-0.007343000066207929,-0.0009146981379466223,-0.3960642937308876,-0.3270365727830391,0.6729634272169609,-0.41020488941285294,0.09061880708031822,0.01626618157715114,-0.8926731032315695,-1.0743322460399516,-0.06879982069465924,-0.12383477069091313,102940,Linear,28
-0.528322177240625,-0.41040662655594085,0.3441108545034642,0.011721635726143782,-0.007682138062360972,-0.0010050888834066815,-0.43520348651509266,-0.3528670291537537,0.6471329708462463,-0.449344082197058,0.07897809504356701,0.016364809308048796,-0.9749756985075688,-1.1733834347871992,-0.06826982641144254,-0.12480621392563582,108714,Linear,28
-0.5456041876459494,-0.4205084440900556,0.3371824480369515,0.01144434353274896,-0.0073127671621921585,-0.0009881986599718276,-0.4278900197678013,-0.3481168948883323,0.6518831051116677,-0.44203061544976663,0.1035735721961828,0.015929473415284622,-0.9847888246088714,-1.1851935338782558,-0.06978720765216793,-0.12505188322814784,748715,Linear,28
-0.5263802006957121,-0.4092605375749011,0.3371824480369515,0.011848564361471664,-0.0075092722971287626,-0.0009821495438824294,-0.4252707525010919,-0.3464072007138539,0.6535927992861461,-0.43941134818305727,0.08696885251265485,0.016330092583345276,-0.9547490671443986,-1.1490406801734985,-0.06945992472222963,-0.12269452219537892,315767,Linear,28
-0.5005674656713381,-0.3938134279771581,0.3348729792147806,0.01183176029459493,-0.007336051149953467,-0.0009172690264903777,-0.39717748847033363,-0.32778529531574596,0.672214704684254,-0.411318084152299,0.08924938151903916,0.01626837704260625,-0.8950612798363317,-1.0772064170286888,-0.06904508825345779,-0.12264899503221785,968741,Linear,28
-0.6075150835094973,-0.455297270456245,0.3348729792147806,0.011507985162536679,-0.007494648486802665,-0.0011311799437213601,-0.4898009156313492,-0.38725162933527646,0.6127483706647235,-0.5039415113133145,0.1035735721961828,0.01605951475410985,-1.1181486607687898,-1.3456921215410214,-0.06921973432649739,-0.12321039816756124,998617,Linear,28
-0.5185514772310853,-0.40461765146129747,0.3348729792147806,0.011903998607886023,-0.007361889324076603,-0.0009102640350821898,-0.39414432719058823,-0.3257432643627812,0.6742567356372188,-0.4082849228725536,0.11026655435853172,0.016291173846938154,-0.886982959065144,-1.0674841564756117,-0.06749870068083154,-0.1225597144914734,400494,Linear,28
-0.5272342490497977,-0.40976484225953247,0.3394919168591224,0.011733937458642821,-0.007601580568312479,-0.0010373284898773077,-0.44916323611687403,-0.3618380808825482,0.6381619191174518,-0.4633038317988394,0.06393041725095827,0.016332030476846858,-1.0082689532039402,-1.2134518730166575,-0.07042139434084595,-0.12456823102729382,879764,Linear,28
-0.4583659926429391,-0.3676839891553445,0.3464203233256351,0.011683037692079476,-0.007341787220692992,-0.0007512012231967562,-0.32527012964419555,-0.2776677960558428,0.7223322039441572,-0.3445635728276102,0.1138024198153289,0.016200005438030466,-0.7361077607345939,-0.885905827177462,-0.06817195341792047,-0.122076357921549,320285,Linear,28
-0.5433476089383475,-0.4191992992450928,0.3348729792147806,0.011414528019617889,-0.00727440257247104,-0.0010159847067599667,-0.43992137802706566,-0.3559129415122113,0.6440870584877887,-0.454061973709031,0.08928563522931654,0.015900913853027963,-1.0142975031915715,-1.220707234049862,-0.06975913893431049,-0.1255908184128403,214908,Linear,28
-0.5002920500119217,-0.39364645170981116,0.3371824480369515,0.011865727047372947,-0.007432661585319943,-0.000925583662980076,-0.4007777260703733,-0.3302010766680331,0.6697989233319669,-0.41491832175233867,0.085373728259583,0.016300124244601883,-0.9014155302431489,-1.0848537585770601,-0.07026025825247735,-0.12322651005322538,109776,Linear,28
-0.5241574872634374,-0.4079460326941541,0.3394919168591224,0.011795859001153212,-0.007540396640608022,-0.0009758941479084812,-0.42256216604437213,-0.34463448842102684,0.6553655115789732,-0.4367027617263375,0.08745472553709988,0.016331893588371626,-0.9485635724913739,-1.1415964362062552,-0.06911687712503034,-0.12228507335785888,111363,Linear,28
-0.4529997557401657,-0.36428171109316076,0.3464203233256351,0.011648863933999868,-0.007316330280985894,-0.0007464015690970618,-0.3231918794190278,-0.27616504798797425,0.7238349520120257,-0.33896425225248095,0.11403550348768476,0.016188190547910198,-0.7319383562386421,-0.8808879480898438,-0.0673036902087066,-0.11915877627715518,901329,Linear,28
-0.5220725475810468,-0.40671034816737295,0.3371824480369515,0.011865727047372947,-0.007508551820752435,-0.0009758850430473401,-0.42255822363949846,-0.3446319046997469,0.6553680953002531,-0.4366988193214638,0.085373728259583,0.016324079616181437,-0.9490087745705811,-1.14213223699152,-0.06848403661701861,-0.12173032191843187,478636,Linear,28
-0.597126787819434,-0.44960924414158954,0.3348729792147806,0.01144487782319253,-0.007536382795782022,-0.001180071503053823,-0.5109709608223056,-0.40008719589723796,0.599912804102762,-0.525111556504271,0.07201523131516296,0.016050485370111278,-1.167133200408494,-1.4046450241229922,-0.07065728496179556,-0.1254682793925139,199645,Linear,28
-0.5636781768407673,-0.43088808489474284,0.3348729792147806,0.011503787021301205,-0.007356663123371416,-0.0010408079940930548,-0.45066986144229304,-0.3627988278670047,0.6372011721329953,-0.4648104571242584,0.09886771971650887,0.016014010171396354,-1.0317412386274611,-1.24170077289664,-0.06647801121727552,-0.12094689995494584,312911,Linear,28
-0.5715878100018017,-0.4353717957408896,0.3371824480369515,0.011425640594795481,-0.007338535344229771,-0.0010115845657131723,-0.43801611695380416,-0.35468461774472315,0.6453153822552768,-0.4521567126357695,0.11943109736603219,0.015989073414470364,-1.0043363195391215,-1.2087189476684173,-0.06947779365711598,-0.12250797907879035,602509,Linear,28
-0.5348344873054884,-0.4142337661304144,0.3371824480369515,0.011386181690833014,-0.007279646496705464,-0.000985856853794106,-0.4268760176928481,-0.3474555488206461,0.6525444511793539,-0.4481295372679597,0.08670495003752876,0.015903204161091287,-0.9840779393988928,-1.1843379833956118,-0.06997896116115519,-0.12406092835207042,671582,Linear,28
-0.5161104669095948,-0.4031625417569039,0.3394919168591224,0.011269828141211583,-0.007227457408920269,-0.0009477784808154602,-0.4103880821930943,-0.33660725073921705,0.663392749260783,-0.42968152537650894,0.08642894153308589,0.015868707533879582,-0.948124912956886,-1.1410685093747786,-0.07040750137554808,-0.12222875566576674,120035,Linear,28
-0.5894909118651412,-0.44539044197711164,0.3348729792147806,0.011507985162536679,-0.007488032775048244,-0.0011267796550717682,-0.487895590646076,-0.3860830316292865,0.6139169683707135,-0.5020361863280414,0.08745472553709988,0.016052868829442013,-1.1142601791722215,-1.3410123332151458,-0.0689775291042295,-0.12236326773874266,71835,Linear,28
-0.5272342490497977,-0.40976484225953247,0.3394919168591224,0.011733937458642821,-0.007601580568312479,-0.0010373284898773077,-0.44916323611687403,-0.3618380808825482,0.6381619191174518,-0.4633038317988394,0.06393041725095827,0.016332030476846858,-1.0082689532039402,-1.2134518730166575,-0.0703215879570185,-0.12369183313644312,36794,Linear,28
-0.5287900101393461,-0.410682393221517,0.3371824480369515,0.011848564361471664,-0.007515975908345449,-0.000986592815058385,-0.4271946889202809,-0.3476634628319918,0.6523365371680082,-0.44133528460224625,0.08745472553709988,0.016330077439770503,-0.9590692672052551,-1.1542400417515721,-0.06949228208161523,-0.12358392784713279,520632,Linear,28
-0.61476931766083,-0.4592343739982717,0.3325635103926097,0.011402740627191734,-0.007496598203848583,-0.0012113677380984548,-0.5245222305966308,-0.40816194105365866,0.5918380589463413,-0.5386628262785962,0.0761064913822338,0.016013230094394194,-1.2008736884548905,-1.445251707772523,-0.0692587480554687,-0.12383713573835006,584184,Linear,28
-0.5241574872634374,-0.4079460326941541,0.3394919168591224,0.011795859001153212,-0.007542095497336851,-0.000977016256509971,-0.42304803906881716,-0.344952835499863,0.655047164500137,-0.4371886347507825,0.08696885251265485,0.01633184307406977,-0.9496571929582691,-1.1429126086418997,-0.06924070130305422,-0.12233370464578093,44204,Linear,28
-0.5177427396993153,-0.4041359486509649,0.3394919168591224,0.011344233396020401,-0.007411165387814187,-0.0010438591032329299,-0.45199099169985857,-0.3636400977797358,0.6363599022202642,-0.4661315873818239,0.05161115231749136,0.015933942989670945,-1.0399654094666493,-1.251598564033727,-0.06710702954998327,-0.12182152406021882,924226,Linear,28
-0.44943603209685534,-0.36201214514556557,0.3371824480369515,0.011782978421849779,-0.0072725912420572355,-0.0008473876140423992,-0.36691883688035887,-0.30713412208151214,0.6928658779184879,-0.3824165836413158,0.06701944845553953,0.016107669338229134,-0.8351215227065448,-1.0050689081564985,-0.06782753494624191,-0.12393336360594051,367242,Linear,28
-0.5250592967495322,-0.4084797119034955,0.3348729792147806,0.011791598956313402,-0.007433508781307157,-0.0009955396774850292,-0.431068680351018,-0.3501857202307006,0.6498142797692994,-0.4452092760329833,0.0798500207165489,0.01627467251904804,-0.9710611640904111,-1.1686722918868908,-0.06848052077976371,-0.12241352499677761,723917,Linear,28
-0.5144570070551708,-0.402174878674471,0.3348729792147806,0.01183176029459493,-0.007355367924901657,-0.0009301171354628461,-0.40274071965541225,-0.3315145980190194,0.6684854019809806,-0.4168813153373776,0.09757569171779323,0.016278701082738704,-0.9070227230367407,-1.0916020161487412,-0.06756924294502574,-0.12231611460546869,826186,Linear,28
-0.541650012426544,-0.41821249664209337,0.3371824480369515,0.011865727047372947,-0.007576765983977164,-0.0010210985877251626,-0.4421356884849956,-0.35733757235205377,0.6426624276479462,-0.456276284166961,0.085373728259583,0.01635528448027045,-0.9910825814588502,-1.1927680714197022,-0.06992448178857921,-0.12307588609458532,593678,Linear,28
-0.5327829937450588,-0.41303083699491616,0.3302540415704388,0.01153601842765107,-0.007134904197401142,-0.0009687565406287027,-0.41947158209222835,-0.3426058931308402,0.6573941068691598,-0.4336121777741937,0.09917081597086508,0.01581651606962119,-0.9723085195963163,-1.170173484470624,-0.06753106990449749,-0.12269067899329389,241877,Linear,28
-0.5008236964931712,-0.3939687317630336,0.3371824480369515,0.011815693652538792,-0.007398514920774237,-0.0009198210369319683,-0.3982825089915423,-0.3285276960994862,0.6714723039005138,-0.4124231046735076,0.08840059181966353,0.01627402879817851,-0.8972397964589808,-1.0798282621898943,-0.0692789200873625,-0.12418701494355222,605015,Linear,28
-0.5282583636580966,-0.4103690012900577,0.3371824480369515,0.011848564361471664,-0.0075141234815815135,-0.000985364994085523,-0.4266630424390314,-0.3473165582002735,0.6526834417997265,-0.44080363812099677,0.08745472553709988,0.016330131711868673,-0.9578725160253836,-1.1527997514836477,-0.06903038302245039,-0.12204280381103742,78107,Linear,28
-0.5371134278248064,-0.4155671725815381,0.3394919168591224,0.011344233396020401,-0.007391707923050019,-0.0010310072904787678,-0.44642615677730646,-0.3600889884680364,0.6399110115319636,-0.4605667524592718,0.07654667536553461,0.0159372695977583,-1.0269471343642333,-1.2359310675227266,-0.06804428842621804,-0.12137201723173562,560650,Linear,28
-0.5460842422180576,-0.4207865648990442,0.3348729792147806,0.01174506566714062,-0.007496706110638722,-0.001053156670042868,-0.4560168381285621,-0.36619683505047473,0.6338031649495253,-0.47015743381052744,0.07592680840753019,0.016292294060729483,-1.0261503862388217,-1.2349721810053633,-0.06751146315510878,-0.12227457845985744,807182,Linear,28
-0.5291096470755292,-0.41087073079436054,0.3348729792147806,0.011827476274177977,-0.007430871373394944,-0.0009817711218982382,-0.42510689578193706,-0.34630009636745585,0.6536999036325442,-0.4392474914639024,0.0898621556116268,0.01629561256097206,-0.9564005856945845,-1.1510282830563174,-0.06705371224663514,-0.1211248697745755,32120,Linear,28
-0.5122223045909777,-0.400837423552152,0.3394919168591224,0.01174620275758286,-0.007492113532824116,-0.0009608606582517708,-0.41605266502301674,-0.34035447067740965,0.6596455293225904,-0.4301932607049821,0.08202904388599563,0.016298138216108284,-0.9358854291003951,-1.1263382882733342,-0.07015819284053877,-0.12455138006430562,750873,Linear,28
-0.46240807487629354,-0.37023470389638835,0.3394919168591224,0.011717899025874815,-0.007253927763606832,-0.0008131459205264575,-0.35209218358795624,-0.29678470592056116,0.7032152940794388,-0.3662327792699216,0.09617529560637195,0.016167788954067855,-0.798395584491498,-0.9608692346728217,-0.06759227769480357,-0.1240576764118446,328654,Linear,28
-0.5946270002023084,-0.44823166303278383,0.3302540415704388,0.011432677460691917,-0.007425525971961304,-0.0011975280715700552,-0.5185296549898339,-0.40460465874228624,0.5953953412577138,-0.5336572387459455,0.0609697614563629,0.015997426290897038,-1.1883266999752353,-1.4301514047998138,-0.06760348473985675,-0.12254833270068313,256363,Linear,28
-0.5262829995263019,-0.40920311421757305,0.3472222222222222,0.011711506082501728,-0.007817108191968585,-0.0010363393466663933,-0.4476985977598815,-0.3609027196420703,0.6390972803579297,-0.4545391902429401,0.07174380928336177,0.016288085050616925,-1.0100252460481522,-1.2155655717818556,-0.08391192492979561,-0.12844388598047043,483564,Linear,31
-0.5536314021082944,-0.4251415268359017,0.3449074074074074,0.011264950431857552,-0.007705027429871763,-0.0011621415470067908,-0.5020451483069337,-0.3947085178563091,0.6052914821436909,-0.5133632561410195,0.040268145967274904,0.016101464294864077,-1.1457607079686305,-1.3789232254900226,-0.0816589426222131,-0.12782618195804138,263340,Linear,31
-0.5247576990150264,-0.408301283819291,0.3449074074074074,0.011546925056687456,-0.0077672819576364805,-0.0011056688901960486,-0.47764896056469297,-0.37976011256936903,0.620239887430631,-0.48448955304775154,0.040268145967274904,0.016206335073794265,-1.0830301493283796,-1.3034269864800758,-0.08359496094548612,-0.12537724598671,416809,Linear,31
-0.5569418376908288,-0.42704141232106163,0.3472222222222222,0.011277856138670661,-0.007781531364337668,-0.0011636884813486644,-0.5027134239426232,-0.39511288427715374,0.6048871157228463,-0.514031531776709,0.04291030591411982,0.01614281290693627,-1.1443471505053777,-1.377222008819659,-0.08252497983467467,-0.1268372601447839,498465,Linear,31
-0.5419865576914162,-0.41840826152778987,0.35185185185185186,0.01154832705488891,-0.007929028815358055,-0.001075885083234123,-0.4647823559571407,-0.3717281700684808,0.6282718299315192,-0.4761004637912265,0.06588609390018973,0.016295763265085663,-1.0480727990030312,-1.2613558088511307,-0.08428739947196927,-0.12785922540213276,107635,Linear,31
-0.5375051701194025,-0.4157960748001208,0.35185185185185186,0.01149015873929066,-0.007972939445322222,-0.001124812306291763,-0.48591891631804174,-0.38486831756682693,0.6151316824331731,-0.49723702415212756,0.040268145967274904,0.016288092241136688,-1.0962512699517972,-1.3193386076133908,-0.08438989442611805,-0.1295815032921392,727464,Linear,31
-0.5791005552382558,-0.439597809234629,0.3425925925925926,0.011307840576419776,-0.0077660289510494696,-0.0012314625388609316,-0.5319918167879223,-0.4125662567602427,0.5874337432397573,-0.5388324092709809,0.040268145967274904,0.016114407068331192,-1.2131294485372535,-1.4600015173148366,-0.08132974249361923,-0.12942313291144894,325348,Linear,31
-0.541246935397794,-0.4179779441957,0.3449074074074074,0.011349290035389233,-0.007675318493551612,-0.0011135900888937745,-0.4810709184021107,-0.3818789200108099,0.6181210799891901,-0.4923890262361965,0.04885790916159749,0.016132619962436333,-1.0957733255501396,-1.3187634014369571,-0.08099380359246476,-0.12369679335701746,24175,Linear,31
-0.5710137716014287,-0.43504758442374114,0.34953703703703703,0.011212925978189193,-0.00787394783098447,-0.0012023785134260834,-0.519427517800068,-0.40513900215715104,0.594860997842849,-0.5307456256341538,0.040268145967274904,0.016139977097897655,-1.182601874462632,-1.423261576228888,-0.08215204991548267,-0.12544720282780436,996637,Linear,31
-0.5199992834022851,-0.4054790259975869,0.3472222222222222,0.011531387489424864,-0.007794825510677745,-0.001084334885642117,-0.46843267059739446,-0.3740173792185646,0.6259826207814354,-0.47527326308045303,0.04472602032183204,0.016213858363917644,-1.061640128190012,-1.2776840920551913,-0.08272774535600773,-0.12513418317499272,313805,Linear,31
-0.5231069356450462,-0.40732372261342964,0.3541666666666667,0.011470103762215278,-0.007855915711713015,-0.001011283814696744,-0.4368746079489938,-0.3539475638281291,0.6460524361718709,-0.4481927157830796,0.07491421986196656,0.016268634264769564,-0.9867842997932966,-1.1875950886344588,-0.08508363625411906,-0.12983558058522024,445840,Linear,31
-0.5752703280522837,-0.4374472255456282,0.34953703703703703,0.011307790993681233,-0.007956007222945967,-0.001222596272226738,-0.5281615896019503,-0.4103119375455824,0.5896880624544176,-0.5350021820850088,0.040268145967274904,0.016232819353589042,-1.1956095683765706,-1.4389163382775847,-0.08292215296201269,-0.12883460238019967,246763,Linear,31
-0.5363467316274182,-0.41511891833967396,0.35185185185185186,0.011300357425792945,-0.007847822653613029,-0.0011105000330812976,-0.4797360142911202,-0.3810532366586037,0.6189467633413963,-0.49105412212520605,0.045292609502212144,0.016169327520995657,-1.0902519902501902,-1.3121184733748692,-0.08311319941155715,-0.12737146249092793,102940,Linear,31
-0.6112993536153226,-0.45735467736519664,0.3449074074074074,0.011303790483522954,-0.007929250465932446,-0.001295632175495283,-0.5597130998139619,-0.42862703265365254,0.5713729673463475,-0.5710312076480477,0.040268145967274904,0.01620683483168245,-1.2690647726993303,-1.5273196903643813,-0.08249958363195878,-0.12858766961557078,108714,Linear,31
-0.5472318916363292,-0.42145091756599884,0.3541666666666667,0.01137448835224324,-0.008012519876697346,-0.0011462877956142205,-0.4951963277053437,-0.3905487566141096,0.6094512433858904,-0.5065144355394295,0.040717456096899696,0.016318953858965868,-1.1150686977783457,-1.3419853855082393,-0.08431213644333285,-0.1299181891954487,748715,Linear,31
-0.538346834386175,-0.4162875715018496,0.3425925925925926,0.011533126338346503,-0.007739932373278606,-0.0011371252220737076,-0.49123809593584156,-0.388131626716285,0.611868373283715,-0.49807868841890013,0.040268145967274904,0.016190927293088804,-1.1149023744045878,-1.3417852152969365,-0.08373743314668744,-0.12617579588558514,315767,Linear,31
-0.5271113315029652,-0.40969228754285625,0.35648148148148145,0.011311784227414195,-0.007740376096139469,-0.0009486337585763579,-0.40980978370498633,-0.33622350076497753,0.6637764992350225,-0.42112789153907215,0.10598343996389303,0.016175192634671556,-0.9309993644565308,-1.1204579085641928,-0.08295342530554563,-0.1266851412264893,968741,Linear,31
-0.6074476981521002,-0.45526056423142236,0.3402777777777778,0.011301915837134247,-0.007779800254068329,-0.001286716306367452,-0.5558614443507395,-0.4264220571654388,0.5735779428345612,-0.5671795521848253,0.040268145967274904,0.01613604544347289,-1.2658608454465936,-1.5234637633188362,-0.08343052811224794,-0.12815229991301538,998617,Linear,31
-0.5530710307866684,-0.4248193023593009,0.3449074074074074,0.011269933690497457,-0.007675318493551612,-0.001140960680071725,-0.4928950137909851,-0.38914460290805686,0.6108553970919431,-0.5042131216250709,0.04885790916159749,0.01610068409009946,-1.1249329028308135,-1.3538569581265387,-0.08160676939728245,-0.1253516447597563,400494,Linear,31
-0.5459475311436108,-0.42070737459502505,0.3449074074074074,0.011546030105697148,-0.007825864887247791,-0.0011443548086626154,-0.4943612773422501,-0.39003962158492234,0.6099603784150777,-0.5056793851763359,0.040268145967274904,0.01627846093249723,-1.115957429107292,-1.3430549738281927,-0.08488684929954844,-0.1287348766705545,879764,Linear,31
-0.532274153061735,-0.41273208720334453,0.34953703703703703,0.011304178282395714,-0.0077657717407949925,-0.0011001179132445376,-0.4752509385216399,-0.3782709788732218,0.6217290211267782,-0.4820915310046985,0.0501826220570365,0.01615212876776155,-1.0812092151352068,-1.301235491839361,-0.0824063663070094,-0.12626986551020566,320285,Linear,31
-0.6403670321669779,-0.4729010737258541,0.3425925925925926,0.011249537033330165,-0.007905360901775207,-0.0013430347573409594,-0.5801910151712946,-0.44020857230319665,0.5597914276968033,-0.5915091230053804,0.04885790916159749,0.016186271373480946,-1.3171665869368137,-1.585210232760332,-0.08397062575198566,-0.1313153910408804,214908,Linear,31
-0.5371884358246461,-0.41561100807493656,0.3449074074074074,0.011634153285319292,-0.007827183828828403,-0.0011148245001061652,-0.4816041840458638,-0.38220845487382804,0.617791545126172,-0.4884447765289224,0.048743659295723774,0.016257660204806637,-1.0885508783942115,-1.31007118493929,-0.08450801164326394,-0.12781918627393196,109776,Linear,31
-0.5199992834022851,-0.4054790259975869,0.3449074074074074,0.01163833296727686,-0.0077672819576364805,-0.001074141624738129,-0.4640291818868718,-0.3712547937720977,0.6287452062279023,-0.4708697743699304,0.04912950903235469,0.01624697063977683,-1.0495168637637144,-1.2630937410596355,-0.08330874626382727,-0.12583568656239227,111363,Linear,31
-0.570468759535288,-0.43473959461900047,0.3472222222222222,0.01117582194924277,-0.0077845950287955415,-0.0012011169114211281,-0.5188825057339272,-0.4048147073713918,0.5951852926286082,-0.5302006135680131,0.040268145967274904,0.01611421483603897,-1.1832496992756178,-1.424041233512003,-0.08182341572980806,-0.12567538120524624,901329,Linear,31
-0.5515298610916943,-0.4239321678621556,0.3449074074074074,0.011456768790509195,-0.0077369294375151994,-0.001116880743127156,-0.48249248103093123,-0.38275699357205817,0.6172430064279418,-0.49381058886501705,0.057719272226677276,0.01616907054115997,-1.096533786370435,-1.319678616175853,-0.0826311032312231,-0.12427401171821742,478636,Linear,31
-0.5420456939391443,-0.4184426536639918,0.34953703703703703,0.011368319192814134,-0.007820843866251755,-0.001113520667365299,-0.4810409283018089,-0.3818603822196486,0.6181396177803514,-0.4923590361358947,0.049686657803249545,0.01618670805456898,-1.0920437023935836,-1.3142747992732309,-0.08195005195995336,-0.12942997975121562,199645,Linear,31
-0.5402872542836121,-0.4174191205173313,0.3472222222222222,0.011280025975914517,-0.007702535935018107,-0.0011113686048331685,-0.4801112372879288,-0.3812854361519904,0.6187145638480096,-0.49142934512201464,0.04885790916159749,0.016114076917246346,-1.0948458140346962,-1.31764714115533,-0.08046969039468142,-0.12370066330992906,312911,Linear,31
-0.5376660295660258,-0.4158900419622882,0.3472222222222222,0.011514775328784406,-0.007786684215684125,-0.0010847885405214407,-0.46862864950526273,-0.3741400465884286,0.6258599534115714,-0.47994675733934855,0.057719272226677276,0.016233660143028548,-1.0607887603997865,-1.2766594707610488,-0.08319349962822235,-0.12816569590386326,602509,Linear,31
-0.5252855281942175,-0.4086135172567724,0.3541666666666667,0.011449360922781683,-0.007942375875359583,-0.0010744690926845508,-0.4641706480397261,-0.37134373364640916,0.6286562663535908,-0.4754887558738119,0.04979677232040558,0.01627051507639223,-1.048317645995094,-1.261650482251692,-0.0845710714257774,-0.12963211036867556,671582,Linear,31
-0.5707172613256262,-0.4348800453898882,0.34953703703703703,0.011306326362494817,-0.007921219432008332,-0.00120048004550376,-0.5186073796576238,-0.4046509338490072,0.5953490661509928,-0.5299254874917096,0.04079177383391652,0.016230691221600667,-1.1741354490453622,-1.4130722316619486,-0.08426634420645887,-0.1288727065319447,120035,Linear,31
-0.542792093801836,-0.4188765660312339,0.3472222222222222,0.011531387489424864,-0.007875651079470478,-0.0011370960208262624,-0.4912254809969454,-0.38812390798545804,0.611876092014542,-0.498066073480004,0.04472602032183204,0.016244842335380972,-1.111173586962434,-1.337297618915649,-0.08292766478595627,-0.12551358740467264,71835,Linear,31
-0.5437312239300809,-0.41942206037112606,0.3449074074074074,0.011530854212156896,-0.007825864887247791,-0.0011495890867586744,-0.4966224854797474,-0.39141731074815445,0.6085826892518456,-0.503463077962806,0.040268145967274904,0.01627701252410356,-1.1211615751870845,-1.3493181646047305,-0.08451925840975723,-0.12866878978237173,36794,Linear,31
-0.5699446703292779,-0.4344432700984967,0.3425925925925926,0.01131962744683905,-0.007709686728228173,-0.0011903846497329207,-0.5142461686846218,-0.4020488209115778,0.5979511790884222,-0.5210867611676804,0.04885790916159749,0.016118348963409156,-1.1723763103225069,-1.4109551078812732,-0.08358568204962673,-0.12747089051188762,520632,Linear,31
-0.5582719422745868,-0.4278030005565533,0.34953703703703703,0.011411732059131709,-0.007935434980078699,-0.0011728835381324678,-0.506685688473226,-0.39751089000226125,0.6024891099977387,-0.5180037963073119,0.040268145967274904,0.016247163994248956,-1.1459814746149486,-1.3791889181899943,-0.08251811189281828,-0.12948609406843387,584184,Linear,31
-0.5254774634158821,-0.40872701426004243,0.3449074074074074,0.011581798186724937,-0.007786639484186293,-0.001106321861580337,-0.4779310442027054,-0.37993504741896655,0.6200649525810334,-0.48477163668576395,0.04070582673011813,0.016226271140617556,-1.0823383229712977,-1.3025943733304437,-0.08349869359255895,-0.12598646588160206,44204,Linear,31
-0.5203811046885676,-0.4057059834292559,0.3472222222222222,0.011505283998461286,-0.007782225002327658,-0.0010851732659426091,-0.46879485088720685,-0.3742440567340347,0.6257559432659653,-0.48011295872129267,0.040268145967274904,0.01621316010970576,-1.0625067186184742,-1.2787270337972871,-0.0811779964379347,-0.12680689589886204,924226,Linear,31
-0.557066460045462,-0.4271128113203173,0.3449074074074074,0.0113694972022485,-0.007772209503106459,-0.0011700930700094935,-0.5054802062441013,-0.39678416214616585,0.6032158378538341,-0.5167983140781871,0.040268145967274904,0.016148711461273915,-1.1502250002308214,-1.3842960020592459,-0.08205277728091773,-0.1258754280019076,367242,Linear,31
-0.5342890460960916,-0.4139141779370267,0.3449074074074074,0.011572568448734681,-0.007814462920520232,-0.0011277321936244405,-0.48718030764575815,-0.38564375017165387,0.6143562498283461,-0.4940209001288167,0.040268145967274904,0.01624390048626665,-1.1020871245797774,-1.326362059745357,-0.0826936096644789,-0.12674155323239306,723917,Linear,31
-0.5289190278053866,-0.4107584206991508,0.35185185185185186,0.011238183438188954,-0.007750846323974006,-0.0010695210372870384,-0.4620330881080008,-0.36999850596043704,0.630001494039563,-0.47335119594208663,0.055567831863299944,0.016143732570191412,-1.0516849214307042,-1.2657029988657567,-0.08172978715448764,-0.12470714875563153,826186,Linear,31
-0.5601093148943619,-0.428853374396881,0.3472222222222222,0.01140150666188371,-0.007824408953683491,-0.0011487438093893245,-0.4962573256561882,-0.39119504022106266,0.6088049597789373,-0.507575433490274,0.05253388140408788,0.01618379889778499,-1.1267899924974152,-1.356091965886261,-0.08400181354402755,-0.12761110188276187,593678,Linear,31
-0.5375645334497676,-0.4158307540613846,0.3449074074074074,0.011396269785414526,-0.007676724430697916,-0.0010983074441220974,-0.47446881586074596,-0.37778452030652676,0.6222154796934732,-0.4857869236948318,0.05177760975493584,0.016139434810675573,-1.0802788552357259,-1.300115803527014,-0.0814412608402663,-0.1242973802800298,241877,Linear,31
-0.5599289762540138,-0.4287503653029996,0.34953703703703703,0.011292936989173311,-0.007877495401486915,-0.0011767192649366973,-0.5083427224526531,-0.39850840824070854,0.6014915917592915,-0.5196608302867389,0.040268145967274904,0.016172360324191597,-1.1550471825578195,-1.390099499388138,-0.0834614801981472,-0.12730165449417633,605015,Linear,31
-0.5516864319433807,-0.4240223562326433,0.3472222222222222,0.011531387489424864,-0.007922999350733251,-0.0011680039201227947,-0.5045776934930473,-0.3962395064184653,0.6037604935815347,-0.5114182859761058,0.040268145967274904,0.01625537258124197,-1.1406374923301916,-1.3727574345147309,-0.08293422218006985,-0.1257877586840255,78107,Linear,31
-0.5564151400831179,-0.42673955691733234,0.34953703703703703,0.011351188707503873,-0.007818924036736433,-0.001118259628448734,-0.48308815948985284,-0.38312456244760784,0.6168754375523922,-0.49440626732393866,0.06200887275917921,0.016177387867194488,-1.0973230916019072,-1.3206285451689734,-0.0825651021786385,-0.12741968805798023,560650,Linear,31
-0.5825650990227587,-0.441535987770594,0.3472222222222222,0.011277856138670661,-0.007881763354687934,-0.0012291176972717543,-0.5309788452213979,-0.4119709015931041,0.5880290984068959,-0.5422969530554838,0.040268145967274904,0.016175494037428108,-1.2062468391326455,-1.4517182956141936,-0.08168109116837452,-0.12510649812724048,807182,Linear,31
-0.5371666532373638,-0.4155982784320713,0.3449074074074074,0.011396269785414526,-0.007675318493551612,-0.0010973864251119028,-0.47407093564834213,-0.3775369038217222,0.6224630961782778,-0.48538904348242795,0.05177760975493584,0.0161394862269656,-1.0793695160382466,-1.2990214136334421,-0.08104691673391465,-0.12362281771866872,32120,Linear,31
-0.5485085929176421,-0.4221890806137252,0.3541666666666667,0.011270423521256543,-0.00786797058004256,-0.0010897893358324598,-0.47078899307962274,-0.37549065969776907,0.6245093403022309,-0.48210710091370856,0.06640149200393353,0.016178244598160096,-1.0693292019051994,-1.2869378937038571,-0.08438756378308346,-0.1282122841831452,750873,Linear,31
-0.5556680654626689,-0.4263111285753537,0.3472222222222222,0.011188324315298814,-0.007708300339580879,-0.0011469723344143192,-0.4954920484669856,-0.39072895735412405,0.609271042645876,-0.5068101563010714,0.04885790916159749,0.01609237116463301,-1.1314442824438933,-1.3616934047039195,-0.08126250319848877,-0.12610822055397483,328654,Linear,31
-0.5374052938059322,-0.4157377237518617,0.3472222222222222,0.011520301949058193,-0.007832377440039546,-0.0011126970966028318,-0.4806851457324228,-0.3816404197911166,0.6183595802088834,-0.49200325356650865,0.04540204023942351,0.016234885936701596,-1.0879977156474492,-1.3094054534705102,-0.08180495463616101,-0.12687774580601296,256363,Linear,31
-0.5580466381870792,-0.42767406770971583,0.3587962962962963,0.01139500824079263,-0.007962997260711821,-0.0010174165830886964,-0.4395239638943167,-0.35565692134280036,0.6443430786571996,-0.45488481194115593,0.1031618262459233,0.01631736575496477,-0.9898036113286545,-1.1912288306297456,-0.09064662032333262,-0.1328691771348893,483564,Linear,34
-0.5539493777687312,-0.42532428878009887,0.35185185185185186,0.011390684187350225,-0.0077683563890267185,-0.0010272124825237202,-0.4437557924502471,-0.35837790934480995,0.64162209065519,-0.45911664049708634,0.09483273727164487,0.016234596562028383,-1.0044285715367913,-1.2088299729647989,-0.08873482154674046,-0.1330125142369614,263340,Linear,34
-0.5658942403169931,-0.4321478766189155,0.3587962962962963,0.011470374123159526,-0.007919401099918715,-0.0009624215638605509,-0.41576611558775767,-0.34016542253898596,0.659834577461014,-0.4311269636345969,0.1347672766823962,0.01632876725360736,-0.9356474036893447,-1.126051824646792,-0.09067717009598428,-0.13110328785245595,416809,Linear,34
-0.5479114239933551,-0.4218439268412577,0.3541666666666667,0.011543481567630307,-0.0077356527369788815,-0.0009076260040964601,-0.392094433769671,-0.32435969231325656,0.6756403076867434,-0.40745528181651025,0.14045614217684488,0.016277126736232925,-0.8851756440339464,-1.0653090524988713,-0.0897602386822974,-0.13279460611916957,498465,Linear,34
-0.5700558580356301,-0.4345061495583302,0.3587962962962963,0.011470374123159526,-0.007934424990599716,-0.0009720549382092472,-0.41992773330639466,-0.3429056958679847,0.6570943041320153,-0.4352885813532339,0.1347672766823962,0.01633045497997526,-0.9449151160874105,-1.137205518244395,-0.09131989584029884,-0.13235268726553295,107635,Linear,34
-0.5610301066553802,-0.4293790394529027,0.3587962962962963,0.01146651252028307,-0.00796253725502374,-0.0009914661550872693,-0.42831337899770006,-0.3483928172064452,0.6516071827935548,-0.4396314868317859,0.12139861982359434,0.016339456968650273,-0.9632533876974981,-1.1592756315434682,-0.09105725957789475,-0.13457612405759206,727464,Linear,34
-0.5633328843759955,-0.43069154090821915,0.35185185185185186,0.011406760614830235,-0.007835070234159502,-0.0010647964169223723,-0.459992052110465,-0.36871133710045545,0.6312886628995446,-0.47535290015730425,0.08797998421869124,0.016243172073983358,-1.0406291960428806,-1.2523974313018817,-0.08866431479287389,-0.13383845149490328,325348,Linear,34
-0.5502303414104972,-0.4231830697481368,0.3541666666666667,0.011347349833075438,-0.00786819663344464,-0.0010626905932187786,-0.4590823362705123,-0.3681367825031484,0.6318632174968516,-0.47444318431735155,0.07578715709314565,0.016260501706551196,-1.0374643098983172,-1.2485884902372963,-0.08792910579117286,-0.12906025040381472,24175,Linear,34
-0.5424332439797581,-0.4186679925693122,0.35648148148148145,0.011336879608846518,-0.007957697405184937,-0.0010795380066644655,-0.46636041887904867,-0.37271884067231364,0.6272811593276864,-0.4817212669258879,0.060711977053870214,0.01628798853989962,-1.0521332659879805,-1.266242581623963,-0.08919472056460108,-0.13081051103025887,996637,Linear,34
-0.5640890424037934,-0.431121865352709,0.3611111111111111,0.01142893664795198,-0.007941554010015523,-0.0009466546057494809,-0.40895478968377574,-0.3356557331423373,0.6643442668576627,-0.424315637730615,0.13977340467317845,0.016330297866802013,-0.9202328156103025,-1.1075003650220003,-0.09002602855887581,-0.13077746758616748,313805,Linear,34
-0.5685442809844972,-0.4336507156672058,0.35648148148148145,0.011461238764878815,-0.007934706991350696,-0.0010204115134355464,-0.4408177738041559,-0.3564900397386689,0.6435099602613311,-0.4561786218509951,0.11236565913350205,0.01630234796605397,-0.9936317535802114,-1.195836000542659,-0.09196770734049771,-0.13489651652501594,445840,Linear,34
-0.5603315721091349,-0.4289803017493321,0.35648148148148145,0.011445371122171274,-0.007933978024751752,-0.001025598930709748,-0.4430587380666111,-0.35793050794044146,0.6420694920595585,-0.45841958611345035,0.10191198599568452,0.016303669897130894,-0.9986020568397084,-1.2018177614414076,-0.08953609679801641,-0.13362858097162014,246763,Linear,34
-0.5637030473808409,-0.4309022388394249,0.3541666666666667,0.011527111493123337,-0.007888915089576478,-0.0010124056748702934,-0.4373592515439668,-0.3542605931433832,0.6457394068566168,-0.45272009959080606,0.11098294779003481,0.01630947929075853,-0.9854049637752968,-1.1859350574798324,-0.0905474997197174,-0.13489107868685948,102940,Linear,34
-0.5684694527008105,-0.4336083351366806,0.3541666666666667,0.011451401353149456,-0.007877998822319132,-0.00103216959350734,-0.4458972643951711,-0.35975045489276947,0.6402495451072305,-0.4612581124420103,0.10721134025880019,0.016268870388140618,-1.0071494787691266,-1.2121045853258063,-0.08974886525330283,-0.1336144407590585,108714,Linear,34
-0.5671737583252252,-0.4328739890007963,0.35648148148148145,0.01153514473258696,-0.007988411534249196,-0.0010286252724603824,-0.44436611770288437,-0.3587693880325701,0.6412306119674299,-0.4597269657497236,0.1074467925755016,0.01633225416345035,-0.9997958527843364,-1.2032544950831658,-0.09120213168316224,-0.13491027960707475,748715,Linear,34
-0.5658942403169931,-0.4321478766189155,0.3587962962962963,0.011470374123159526,-0.007919401099918715,-0.0009624215638605509,-0.41576611558775767,-0.34016542253898596,0.659834577461014,-0.4311269636345969,0.1347672766823962,0.01632876725360736,-0.9356474036893447,-1.126051824646792,-0.09088345395793339,-0.13165669111881528,315767,Linear,34
-0.5594815181466402,-0.4284946978266434,0.34953703703703703,0.011557727180469922,-0.007769084661211251,-0.001013648114697693,-0.4378959855494031,-0.35460709044493277,0.6453929095550672,-0.45325683359624236,0.1062246845503978,0.016274642476845867,-0.988726172842846,-1.1899321332113533,-0.09000065808198604,-0.1315587515412832,968741,Linear,34
-0.5689144439893425,-0.4338603184241,0.35185185185185186,0.01156875789332078,-0.007889822983309256,-0.0010432852674579478,-0.45069923554183333,-0.3628175448027642,0.6371824551972358,-0.46606008358867257,0.10285436040066998,0.016305105902125045,-1.01573337116375,-1.2224353014218738,-0.09099548090958397,-0.13454605750035575,998617,Linear,34
-0.5560391904145945,-0.4265239993269143,0.35185185185185186,0.011390684187350225,-0.007843839934828014,-0.001076137002950485,-0.4648911852746096,-0.3717965407424828,0.6282034592575172,-0.48025203332144883,0.07578715709314565,0.016258076694344075,-1.0507482305450768,-1.2645756912104027,-0.08855393975462748,-0.13137894757523635,400494,Linear,34
-0.5967604411125649,-0.44940757336223214,0.35648148148148145,0.011461238764878815,-0.00804674975701372,-0.0010925131080057335,-0.4719656626584765,-0.3762250686771249,0.6237749313228751,-0.48732651070531574,0.10943393040724914,0.01636988092274389,-1.0594522958974277,-1.2750510354834832,-0.09181192324405357,-0.1337018123882551,879764,Linear,34
-0.5666706844058353,-0.4325886109185385,0.35185185185185186,0.011493804467375556,-0.007943993117195142,-0.0011047680411424895,-0.47725979377355543,-0.37951868882863793,0.6204813111713621,-0.48857790160764125,0.0780927827981941,0.016308012207200278,-1.075400774590224,-1.2942450325613892,-0.08934385318948798,-0.13260899722375535,320285,Linear,34
-0.5703888987554819,-0.4346944506796422,0.35648148148148145,0.011433363676977544,-0.007951888093858746,-0.001041404823699514,-0.44988688383818953,-0.3622997182495882,0.6377002817504118,-0.46524773188502877,0.10514116687045316,0.016296285325665984,-1.0144513756073588,-1.2208924195309274,-0.09090415070837057,-0.1357521432096913,214908,Linear,34
-0.5652414618889452,-0.4317770739896397,0.3611111111111111,0.011438865839105953,-0.007958857533818788,-0.000954124093595965,-0.41218160843345686,-0.3377959967004883,0.6622040032995117,-0.4275424564802961,0.1376990054086491,0.016334171614904015,-0.9272738640433364,-1.1159742681228704,-0.09163077937798221,-0.13347512245424079,109776,Linear,34
-0.5695672224173904,-0.43422976160010784,0.3587962962962963,0.011470374123159526,-0.007932660963097046,-0.0009709238372411005,-0.419439097688155,-0.3425845377281803,0.6574154622718197,-0.43479994573499425,0.1347672766823962,0.016329221206378357,-0.9438869066166231,-1.135968067954752,-0.0904423597715395,-0.131570361400018,111363,Linear,34
-0.5591794004722033,-0.42832200988909686,0.3611111111111111,0.011347930582045453,-0.007925982609091421,-0.000965958401180883,-0.4172940293101419,-0.3411728230378861,0.6588271769621139,-0.43265487735698116,0.1265245231152221,0.016287685843473163,-0.9414544451257196,-1.1330406000972935,-0.08919411834207071,-0.13268788472541493,901329,Linear,34
-0.5640142141201068,-0.431079295585575,0.35648148148148145,0.011426436334493867,-0.007884151361441,-0.001000284451316072,-0.4321228829685424,-0.35087039518886254,0.6491296048111375,-0.44748373101538164,0.11653048310472514,0.016301661369359302,-0.9740739321753081,-1.1722981588383286,-0.0897507415461267,-0.12977008907440848,478636,Linear,34
-0.5579192166114808,-0.4276011363912544,0.35648148148148145,0.011445371122171274,-0.00794457602906935,-0.001032418942747461,-0.44600498326690285,-0.35981941813700713,0.6401805818629929,-0.4613658313137421,0.09655338529773871,0.01630988205839983,-1.004859665408275,-1.20934879451944,-0.08863392333985526,-0.13322595702447063,199645,Linear,34
-0.5640607825625921,-0.43110578871980043,0.35185185185185186,0.011406760614830235,-0.007946687769344863,-0.0011371411156536242,-0.4912449619623658,-0.3881358278063429,0.6118641721936571,-0.506605810009205,0.05745497255338705,0.01628316473307018,-1.108602405094784,-1.334203201058933,-0.08764383254113954,-0.12927205590355365,312911,Linear,34
-0.5605312970365048,-0.42909433722884904,0.3611111111111111,0.011438865839105953,-0.00796317231756341,-0.0009568807609883628,-0.4133724887469725,-0.3385841330303849,0.6614158669696151,-0.42873333679381176,0.13179796024269308,0.016334640936920768,-0.9299262362829828,-1.1191663986074092,-0.08999389190181813,-0.13199903310714947,602509,Linear,34
-0.5660506090207491,-0.4322366639774108,0.34953703703703703,0.01142833351775532,-0.00785155373792882,-0.0011125190721688553,-0.48060823917694506,-0.3815928620570288,0.6184071379429712,-0.4959690872237843,0.07008152179696481,0.016252642288713384,-1.0866351728491004,-1.307765632958862,-0.09143164522009956,-0.13479299026498462,671582,Linear,34
-0.5616149898050935,-0.4297126884552488,0.35648148148148145,0.011459643959635476,-0.007941447915871046,-0.0010253179417321484,-0.4429373508282879,-0.35785256416739475,0.6421474358326053,-0.4542554586623737,0.10735953114271979,0.016313358192312787,-0.9977355698132762,-1.200774944143674,-0.09123397064881208,-0.13495880286281253,120035,Linear,34
-0.5658942403169931,-0.4321478766189155,0.3611111111111111,0.01142893664795198,-0.007948094582164798,-0.0009508333046226291,-0.4107599875969754,-0.33685392421512017,0.6631460757848798,-0.42612083564381464,0.13977340467317845,0.01633122805136406,-0.9242422386352305,-1.1123257063794374,-0.0900656211123532,-0.13067759303217955,71835,Linear,34
-0.5647964706004132,-0.4315241634703053,0.3541666666666667,0.011416954092899782,-0.007903342157482661,-0.001060737235472212,-0.45823848572399584,-0.3676033593486834,0.6323966406513166,-0.4735993337708351,0.09119713682957808,0.016275730698552517,-1.0345883635302073,-1.2451272882475009,-0.09155537446227881,-0.13275933000993687,36794,Linear,34
-0.5678265367532731,-0.4332440758212732,0.35648148148148145,0.011405960675506617,-0.007897864752207785,-0.0010164084654762633,-0.4390884570857452,-0.3553762444310724,0.6446237555689276,-0.4544493051325844,0.11337723162068869,0.016293687992790802,-0.9902597980153304,-1.1917778513921453,-0.09072382206382648,-0.13283925942199576,520632,Linear,34
-0.5637030473808409,-0.4309022388394249,0.3541666666666667,0.011503429031376178,-0.007971183844112543,-0.0010739251173769535,-0.46393565070684417,-0.37119598374077956,0.6288040162592204,-0.4792964987536834,0.08440654862715746,0.016315236756163268,-1.0449148227819327,-1.2575551838807226,-0.08979677782782695,-0.13372309712926894,584184,Linear,34
-0.5695672224173904,-0.43422976160010784,0.35648148148148145,0.011405960675506617,-0.007904126211431228,-0.0010204378304394966,-0.4408291427498625,-0.3564973557268811,0.6435026442731189,-0.45618999079670175,0.11337723162068869,0.016293651288105233,-0.9941877409820878,-1.196505131484395,-0.09062677856807731,-0.1314185401704089,44204,Linear,34
-0.5609012919376255,-0.4293055303404988,0.35185185185185186,0.011386082165604182,-0.007859134200862173,-0.0010876691830314176,-0.46987308706957265,-0.3749184058142728,0.6250815941857272,-0.4852339351164119,0.07566735682121362,0.016253675461648145,-1.0622959122569273,-1.2784733283018932,-0.08820517923894487,-0.13155383967797227,924226,Linear,34
-0.5592751987642259,-0.4283767730409863,0.35648148148148145,0.011465846781158523,-0.007911910755760702,-0.001004099041210794,-0.4337707858030626,-0.351939216805643,0.648060783194357,-0.44913163384990185,0.11014356491432409,0.016307667712261435,-0.9774284348673761,-1.1763353034531605,-0.08909074127637523,-0.1329833407457816,367242,Linear,34
-0.5623759148074896,-0.4301464692708882,0.3587962962962963,0.01139500824079263,-0.007930364119056978,-0.0009964920917961235,-0.43048458365592523,-0.3498060549876506,0.6501939450123494,-0.44584543170276447,0.11653048310472514,0.016307290091521764,-0.970046001587647,-1.1674505436256941,-0.08990205118126564,-0.13171354965774731,723917,Linear,34
-0.554990869393805,-0.4259224971518899,0.34953703703703703,0.011449148910353731,-0.007812195233918343,-0.0010796420723787996,-0.4664053752676409,-0.37274704033398676,0.6272529596660132,-0.48176622331448016,0.07322464607932488,0.016257296788498774,-1.054221177962688,-1.2687553840744916,-0.0887911901450673,-0.12996373556433144,826186,Linear,34
-0.5652414618889452,-0.4317770739896397,0.3611111111111111,0.011438865839105953,-0.00796947973934869,-0.0009609105026845135,-0.41511333715970977,-0.339734556145896,0.660265443854104,-0.430474185206549,0.1347672766823962,0.016334383308102267,-0.9338571922818389,-1.123897304884351,-0.09118925801009863,-0.13270961599945702,593678,Linear,34
-0.5582060098240618,-0.42776527296247424,0.35185185185185186,0.011390684187350225,-0.00785157857557611,-0.0010811527886205484,-0.4670580046840769,-0.37315627051465916,0.6268437294853408,-0.4824188527309161,0.07578715709314565,0.01625840233280897,-1.055624537786826,-1.270444327884281,-0.08864859590086399,-0.1307689834586305,241877,Linear,34
-0.5637030473808409,-0.4309022388394249,0.3541666666666667,0.011527111493123337,-0.007888915089576478,-0.0010124056748702934,-0.4373592515439668,-0.3542605931433832,0.6457394068566168,-0.45272009959080606,0.11098294779003481,0.01630947929075853,-0.9854049637752968,-1.1859350574798324,-0.09068842385642166,-0.13439111053954886,605015,Linear,34
-0.5641535546528758,-0.4311585637768671,0.3587962962962963,0.011470374123159526,-0.00791311703614934,-0.0009583921988973168,-0.41402542992364033,-0.33901585772407783,0.6609841422759222,-0.42938627797047957,0.1347672766823962,0.01632878952979444,-0.9317288628602611,-1.1213358600289844,-0.09016479445079507,-0.1312801149316477,78107,Linear,34
-0.5489796608744655,-0.4224612047234444,0.35648148148148145,0.011292463337360767,-0.007903174119583259,-0.001060284840950436,-0.45804305129058775,-0.36747975519166776,0.6325202448083322,-0.473403899337427,0.07557576153703849,0.016257719839152848,-1.0352927848925346,-1.2459750594882921,-0.08904916882909887,-0.1321462401621332,560650,Linear,34
-0.5479114239933551,-0.4218439268412577,0.3541666666666667,0.011442248480758947,-0.0077356527369788815,-0.0009434793890300665,-0.4075830960609892,-0.33474383106600447,0.6652561689339955,-0.42294394410782843,0.1249674798855267,0.016243884381889482,-0.9220252145866452,-1.109657517523944,-0.08898556155460842,-0.13187192003843756,807182,Linear,34
-0.554990869393805,-0.4259224971518899,0.35185185185185186,0.011390684187350225,-0.00790042691443367,-0.0011128137489911883,-0.48073553956419346,-0.3816715805146148,0.6183284194853852,-0.4960963876110327,0.058894481782772345,0.01627587576826818,-1.0853714333839808,-1.3062447222771618,-0.08806111066479166,-0.12907632559283214,32120,Linear,34
-0.5539303730838583,-0.42531336714552226,0.3541666666666667,0.011503429031376178,-0.0077943724588219595,-0.0009597344310434521,-0.4146052742107713,-0.3393990145064897,0.6606009854935103,-0.42996612225761055,0.12396425082624773,0.016280947496198996,-0.9357754994787092,-1.1262059879531559,-0.09119282583470995,-0.1342062458658484,750873,Linear,34
-0.5424332439797581,-0.4186679925693122,0.3587962962962963,0.011295962490558234,-0.007950771846852096,-0.0010451148507905194,-0.45148961554150446,-0.3633209620998048,0.6366790379001952,-0.4668504635883437,0.07558278039141442,0.016285344553145162,-1.0187493341642815,-1.2260650134548734,-0.08834368483771582,-0.13156366340459408,328654,Linear,34
-0.5392015232137055,-0.41678625085478516,0.3541666666666667,0.011444372688690231,-0.007849012339367398,-0.0010159384752636532,-0.4388854213138984,-0.3552453494615788,0.6447546505384212,-0.45424626936073764,0.08495525385296787,0.016274333200170816,-0.9909790538864814,-1.1926434759670697,-0.08902551207265223,-0.13297961963721278,256363,Linear,34
