max_drawdown_log,drawdown_percentage,win_rate,average_win,average_loss,expected_value_per_trade,total_log_return,compounded_return,equity_multiplier,equity_trough,equity_peak,return_std,annualized_sharpe_stocks,annualized_sharpe_crypto,seed,model,lag
-1.2026660325936973,-0.6996077122208624,0.42896174863387976,0.03325605262842053,-0.0211608908529077,0.0021818963781538615,0.7985740744043142,1.2223697341991624,2.2223697341991624,-0.3213257386814803,1.405585291562602,0.06263836004295656,0.5529603775528716,0.665487917398772,627832,MLP,1
-0.42235338129103184,-0.34449764380930703,0.4207650273224044,0.03405651231538263,-0.021425586990036844,0.0019193400401123339,0.7024784546811134,1.0187498923850509,2.018749892385051,0.03464912623167038,0.8948503218125552,0.06309316636263529,0.4829140828012045,0.5811871886158487,820417,MLP,1
-0.924076430965215,-0.6031021876163167,0.4262295081967213,0.03462043076526756,-0.0197110533814079,0.00344662838602754,1.26146598928608,2.530593507631649,3.530593507631649,-0.03140474087558687,1.8684772064443678,0.06230803528077542,0.8781135399303812,1.056809808894594,620351,MLP,1
-1.0847630291245878,-0.6620181317350602,0.42349726775956287,0.03419383005689709,-0.020426549843922965,0.0027050318080636734,0.9900416417513043,1.6913465423992418,2.6913465423992418,-0.1977570371236652,1.597052858909592,0.06250721068939144,0.6869775221504668,0.8267775758887351,737923,MLP,1
-0.42235338129103184,-0.34449764380930703,0.4207650273224044,0.03405651231538263,-0.021425586990036844,0.0019193400401123339,0.7024784546811134,1.0187498923850509,2.018749892385051,0.03464912623167038,0.8948503218125552,0.06309316636263529,0.4829140828012045,0.5811871886158487,155556,MLP,1
-1.2026660325936973,-0.6996077122208624,0.43169398907103823,0.03395127310252548,-0.02126262590508514,0.0025728824096757277,0.9416749619413167,1.564272882791967,2.564272882791967,-0.3213257386814803,1.5486861790996045,0.06306983225372464,0.6475876118930924,0.7793718115558319,581261,MLP,1
-1.2210152219049633,-0.7050694051166739,0.4262295081967213,0.03335160944455614,-0.02106012470598909,0.0021317619811285493,0.7802248850930482,1.1819629012578763,2.1819629012578763,-0.33967492799274623,1.387236102251336,0.06263272753238787,0.5403033473385265,0.650255179177863,682245,MLP,1
-1.2393644112162292,-0.7104317942337213,0.4262295081967213,0.034047092749880485,-0.02127956160942891,0.002302291068309521,0.8426385310012847,1.3224868530508425,2.3224868530508425,-0.3511511858087033,1.4496497481595725,0.06307929230328442,0.5793935908296532,0.6973002945017608,370312,MLP,1
-1.2393644112162292,-0.7104317942337213,0.42349726775956287,0.032520543961154835,-0.022494042770036658,0.0008044843975444412,0.2944412895012647,0.3423761494829449,1.342376149482945,-0.3580241173040122,0.9014525066595525,0.06311729265703302,0.20233431060801774,0.24350938051067006,407259,MLP,1
-1.2026660325936973,-0.6996077122208624,0.42896174863387976,0.03325605262842053,-0.02184558409471154,0.0017909103466319989,0.6554731868673116,0.9260536850925856,1.9260536850925856,-0.3213257386814803,1.2624844040255994,0.06309695280661219,0.45057358748749643,0.5422653964809204,190027,MLP,1
-1.2210152219049633,-0.7050694051166739,0.4262295081967213,0.03335160944455614,-0.02106012470598909,0.0021317619811285493,0.7802248850930482,1.1819629012578763,2.1819629012578763,-0.33967492799274623,1.387236102251336,0.06263272753238787,0.5403033473385265,0.650255179177863,617148,MLP,1
-1.2026660325936973,-0.6996077122208624,0.42896174863387976,0.03394710610377466,-0.02129358252951581,0.0024025598623601523,0.8793369096238166,1.4093015919296659,2.409301591929666,-0.3144528071861714,1.4863481267821044,0.06307554260796477,0.6046631365750187,0.7277121975139044,153340,MLP,1
-1.2026660325936973,-0.6996077122208624,0.42896174863387976,0.03394710610377466,-0.021326467369206285,0.002383781361006849,0.8724639781285077,1.3927994013093272,2.3927994013093272,-0.3213257386814803,1.4794751952867955,0.06307728290599851,0.5999205137520691,0.7220044500629564,296164,MLP,1
-1.2393644112162292,-0.7104317942337213,0.4262295081967213,0.034047092749880485,-0.02127956160942891,0.002302291068309521,0.8426385310012847,1.3224868530508425,2.3224868530508425,-0.3511511858087033,1.4496497481595725,0.06307929230328442,0.5793935908296532,0.6973002945017608,279478,MLP,1
-0.4274196671321988,-0.3478102078318598,0.4453551912568306,0.04130648861016415,-0.015044185689655064,0.010051879640592289,3.678987948456779,38.6062901752969,39.6062901752969,0.03464912623167038,3.678987948456779,0.06231472132354554,2.5606893369235095,3.0817900940317,455928,MLP,1
-0.4274196671321988,-0.3478102078318598,0.4453551912568306,0.04130648861016415,-0.015044185689655064,0.010051879640592289,3.678987948456779,38.6062901752969,39.6062901752969,0.03464912623167038,3.678987948456779,0.06231472132354554,2.5606893369235095,3.0817900940317,890739,MLP,1
-1.334474918898195,-0.7367036088752117,0.4207650273224044,0.03176325425058119,-0.023091444263524673,-1.0505544474662468e-05,-0.003845029277727008,-0.0038376466178658974,0.9961623533821341,-0.453134624985978,0.881340293912217,0.06312243254159328,-0.0026420139669652864,-0.003179664301437371,919834,MLP,1
-1.2393644112162292,-0.7104317942337213,0.4262295081967213,0.03386123006482823,-0.019991650690679395,0.0029620361887172965,1.084105245070532,1.956793029663579,2.956793029663579,-0.3580241173040122,1.6911164622288197,0.06202051823025828,0.7581501754588207,0.912433877404466,358060,MLP,1
-1.0847630291245878,-0.6620181317350602,0.4207650273224044,0.03399923202799415,-0.02033019819371578,0.002529725997932662,0.9258797152433544,1.5240877624302804,2.5240877624302804,-0.1977570371236652,1.5328909324016422,0.06242429663998249,0.6433096953513129,0.7742233382008448,357774,MLP,1
-2.904928426258266,-0.945247290682474,0.40710382513661203,0.026013734250410692,-0.027239082650440286,-0.005559657190804233,-2.034834531834349,-0.8692978922471528,0.13070210775284716,-2.047257056692615,0.8576713695656508,0.06287644334889395,-1.4036548047114117,-1.6892988189644047,724450,MLP,1
-1.2026660325936973,-0.6996077122208624,0.42896174863387976,0.03325605262842053,-0.02184558409471154,0.0017909103466319989,0.6554731868673116,0.9260536850925856,1.9260536850925856,-0.3213257386814803,1.2624844040255994,0.06309695280661219,0.45057358748749643,0.5422653964809204,474154,MLP,1
-1.2393644112162292,-0.7104317942337213,0.4262295081967213,0.034023791315774314,-0.02127956160942891,0.0022923593095101683,0.8390035072807223,1.3140598836452217,2.3140598836452217,-0.35478620952926576,1.44601472443901,0.0630782829486558,0.5769033998757785,0.6943033492248617,309648,MLP,1
-1.2393644112162292,-0.7104317942337213,0.42896174863387976,0.03455702406146629,-0.020087304521735277,0.0033530222202391626,1.2272061326075345,2.411684414756856,3.411684414756856,-0.3580241173040122,1.8342173497658223,0.062451361508709044,0.8523045186762831,1.025748647007189,836489,MLP,1
-1.2393644112162292,-0.7104317942337213,0.4180327868852459,0.03150930431872314,-0.021578049830471475,0.0006142047728803744,0.2247989468742162,0.2520709581045071,1.252070958104507,-0.3580241173040122,0.881340293912217,0.062029976136128845,0.1571852692199144,0.1891725007890358,882319,MLP,1
-2.779125797562301,-0.9379072346955106,0.4016393442622951,0.02661586702376807,-0.026530744107099904,-0.005184974062734899,-1.8977005069609731,-0.8500870530407131,0.14991294695928692,-1.9101230318192393,0.8690027657430619,0.06281882850786717,-1.3102586199230462,-1.5768964931723413,220757,MLP,1
-0.4274196671321988,-0.3478102078318598,0.4426229508196721,0.04067812812296145,-0.015671914620279316,0.009269907577548565,3.392786173382774,28.748722008836832,29.748722008836832,0.03464912623167038,3.392786173382774,0.06243616729294272,2.356890679564718,2.8365183719336735,79504,MLP,1
-1.2026660325936973,-0.6996077122208624,0.43169398907103823,0.03395127310252548,-0.02126262590508514,0.0025728824096757277,0.9416749619413167,1.564272882791967,2.564272882791967,-0.3213257386814803,1.5486861790996045,0.06306983225372464,0.6475876118930924,0.7793718115558319,111548,MLP,1
-1.6768386247567832,-0.8130358935664446,0.4207650273224044,0.03189036393743734,-0.02291611116489325,0.00014453682898355608,0.05290047940798104,0.05432471287837726,1.0543247128783773,-0.7954983308445662,0.881340293912217,0.06311554806213208,0.03635318236361464,0.043751061747035365,257743,MLP,1
-1.2393644112162292,-0.7104317942337213,0.42349726775956287,0.03311118373887673,-0.02101401826786098,0.0019078568989268508,0.6982756250072271,1.0102832348556907,2.0102832348556907,-0.3580241173040122,1.3052868421655148,0.06249310301691157,0.4846341098114477,0.5832572414431093,60618,MLP,1
-1.2393644112162292,-0.7104317942337213,0.42896174863387976,0.03405064943240611,-0.021248686017076437,0.002472613615625093,0.9049765833187848,1.4718740392933691,2.471874039293369,-0.3580241173040122,1.5119878004770726,0.06307385379345475,0.6223105444026422,0.7489508561220776,874503,MLP,1
-1.2026660325936973,-0.6996077122208624,0.43169398907103823,0.03395127310252548,-0.02126262590508514,0.0025728824096757277,0.9416749619413167,1.564272882791967,2.564272882791967,-0.3213257386814803,1.5486861790996045,0.06306983225372464,0.6475876118930924,0.7793718115558319,832765,MLP,1
-0.4274196671321988,-0.3478102078318598,0.4453551912568306,0.04130648861016415,-0.015044185689655064,0.010051879640592289,3.678987948456779,38.6062901752969,39.6062901752969,0.03464912623167038,3.678987948456779,0.06231472132354554,2.5606893369235095,3.0817900940317,475278,MLP,1
-2.941626804880798,-0.9472202035706866,0.40437158469945356,0.026065521716215723,-0.027198303323196366,-0.005659925984854866,-2.071532910456881,-0.8740075016183845,0.12599249838161553,-2.083955435315147,0.8576713695656508,0.06286747228902353,-1.4291737252721883,-1.720010844613353,769664,MLP,1
-1.0671673039905727,-0.6560184662436905,0.42349726775956287,0.03401491031230938,-0.02031020512605766,0.0026963328328136315,0.9868578168097883,1.682791392427994,2.682791392427994,-0.16641544899903238,1.593869033968076,0.06247442776179482,0.6851276321905653,0.824551232977368,49587,MLP,1
-1.2144308774732053,-0.7031210732915236,0.4262295081967213,0.03405140932255353,-0.02106012470598909,0.0024300373389635026,0.8893936660606414,1.433653597071665,2.433653597071665,-0.3330905835609883,1.4964048832189292,0.06304265192543387,0.6118975911517557,0.7364188649447518,979213,MLP,1
-2.904928426258266,-0.945247290682474,0.40710382513661203,0.026013734250410692,-0.027239082650440286,-0.005559657190804233,-2.034834531834349,-0.8692978922471528,0.13070210775284716,-2.047257056692615,0.8576713695656508,0.06287644334889395,-1.4036548047114117,-1.6892988189644047,354181,MLP,1
-1.2393644112162292,-0.7104317942337213,0.4262295081967213,0.03386123006482823,-0.019991650690679395,0.0029620361887172965,1.084105245070532,1.956793029663579,2.956793029663579,-0.3580241173040122,1.6911164622288197,0.06202051823025828,0.7581501754588207,0.912433877404466,269912,MLP,1
-1.2210152219049633,-0.7050694051166739,0.4262295081967213,0.03335160944455614,-0.021741557503784342,0.0017407759496066814,0.6371239975560457,0.8910344314140208,1.8910344314140208,-0.33967492799274623,1.2441352147143334,0.06309104969526076,0.4380012955740266,0.5271346408209013,115225,MLP,1
-0.42235338129103184,-0.34449764380930703,0.4207650273224044,0.03405651231538263,-0.021425586990036844,0.0019193400401123339,0.7024784546811134,1.0187498923850509,2.018749892385051,0.03464912623167038,0.8948503218125552,0.06309316636263529,0.4829140828012045,0.5811871886158487,736342,MLP,1
-1.6082209474407136,-0.7997564588408472,0.4207650273224044,0.030814893153653322,-0.02369379529944744,-0.0007584455131700672,-0.2775910578202456,-0.2423934245413435,0.7576065754586565,-0.7268806535284966,0.881340293912217,0.06311055647952658,-0.19077552055733174,-0.22959837453132176,358468,MLP,1
-1.2393644112162292,-0.7104317942337213,0.42896174863387976,0.03405064943240611,-0.021248686017076437,0.002472613615625093,0.9049765833187848,1.4718740392933691,2.471874039293369,-0.3580241173040122,1.5119878004770726,0.06307385379345475,0.6223105444026422,0.7489508561220776,396280,MLP,1
-0.4274196671321988,-0.3478102078318598,0.43989071038251365,0.039923540351229796,-0.016386523619067013,0.008383750422511637,3.068452654639259,20.50859568718877,21.50859568718877,0.03464912623167038,3.068452654639259,0.06256166367372043,2.1273077507351457,2.560215274317074,935943,MLP,1
-1.2026660325936973,-0.6996077122208624,0.43169398907103823,0.03395127310252548,-0.02126262590508514,0.0025728824096757277,0.9416749619413167,1.564272882791967,2.564272882791967,-0.3213257386814803,1.5486861790996045,0.06306983225372464,0.6475876118930924,0.7793718115558319,547730,MLP,1
-1.2026660325936973,-0.6996077122208624,0.43169398907103823,0.03395127310252548,-0.02126262590508514,0.0025728824096757277,0.9416749619413167,1.564272882791967,2.564272882791967,-0.3213257386814803,1.5486861790996045,0.06306983225372464,0.6475876118930924,0.7793718115558319,165255,MLP,1
-0.4274196671321988,-0.3478102078318598,0.4453551912568306,0.04130648861016415,-0.015044185689655064,0.010051879640592289,3.678987948456779,38.6062901752969,39.6062901752969,0.03464912623167038,3.678987948456779,0.06231472132354554,2.5606893369235095,3.0817900940317,502122,MLP,1
-1.2393644112162292,-0.7104317942337213,0.42349726775956287,0.03311118373887673,-0.02101401826786098,0.0019078568989268508,0.6982756250072271,1.0102832348556907,2.0102832348556907,-0.3580241173040122,1.3052868421655148,0.06249310301691157,0.4846341098114477,0.5832572414431093,90938,MLP,1
-1.1903753955848515,-0.6958929178196156,0.41530054644808745,0.03139982425215605,-0.02136615515473325,0.0005475849268164069,0.20041608321480453,0.2219110690888455,1.2219110690888455,-0.3090351016726345,0.881340293912217,0.06147332308069169,0.14140509724603761,0.17018106087870402,27145,MLP,1
-1.2393644112162292,-0.7104317942337213,0.42349726775956287,0.032520543961154835,-0.021725479929412216,0.0012475629750629026,0.4566080488730222,0.5787099858102844,1.5787099858102844,-0.3580241173040122,1.06361926603131,0.06253664085610552,0.31668551412953555,0.38113107525190265,591094,MLP,1
-0.4274196671321988,-0.3478102078318598,0.4453551912568306,0.04130648861016415,-0.015044185689655064,0.010051879640592289,3.678987948456779,38.6062901752969,39.6062901752969,0.03464912623167038,3.678987948456779,0.06231472132354554,2.5606893369235095,3.0817900940317,869122,MLP,1
-1.2393644112162292,-0.7104317942337213,0.42896174863387976,0.03455702406146629,-0.020087304521735277,0.0033530222202391626,1.2272061326075345,2.411684414756856,3.411684414756856,-0.3580241173040122,1.8342173497658223,0.062451361508709044,0.8523045186762831,1.025748647007189,586873,MLP,1
-0.6072191507555544,-0.4551360512235617,0.3825136612021858,0.034611949274715566,-0.019747367746864274,0.0010458136275105275,0.382767787668854,0.4663374888844569,1.466337488884457,0.03464912623167038,0.7768937316723168,0.061980999016518885,0.26785267937140755,0.3223607495231705,627832,MLP,4
-1.202865996863693,-0.6996677739401014,0.3797814207650273,0.0369827003358937,-0.019604598655106935,0.001886206152950683,0.6903514519799501,0.9944163516594942,1.9944163516594942,-0.1645674433093518,1.0382985535543412,0.06303871535539599,0.47498738265581075,0.5716474035141608,820417,MLP,4
-0.7178905066102743,-0.5122198595970984,0.4344262295081967,0.03547750706872288,-0.01822284277829967,0.005105997729013403,1.868795168818906,5.480483804846439,6.480483804846439,0.03464912623167038,1.868795168818906,0.06143721007669049,1.319317739425359,1.587799145181046,620351,MLP,4
-1.0249287150800228,-0.641177956905083,0.4207650273224044,0.034002182512338476,-0.021407876731520344,0.0019067383601579588,0.697866239817813,1.0094604231077766,2.0094604231077766,0.03464912623167038,1.7103724300395697,0.06309035938828118,0.4797647911812764,0.5773970155645672,737923,MLP,4
-0.784217331558466,-0.5435231679791594,0.43169398907103823,0.032547047025748066,-0.022273930240771733,0.0013919561201849017,0.5094559399876744,0.6643854230173241,1.664385423017324,0.03464912623167038,0.8583976931404322,0.06310416298770266,0.35016102477815225,0.42141885855384137,155556,MLP,4
-0.5826504337601364,-0.441583642117098,0.43989071038251365,0.035419240102218176,-0.01951246926356561,0.0046514793918747965,1.7024414574261755,4.487328128840661,5.487328128840661,0.03464912623167038,1.7024414574261755,0.06292909858320289,1.1733831861428483,1.4121668831186305,581261,MLP,4
-1.4503930658102036,-0.7655218953482751,0.3989071038251366,0.031071538635057537,-0.022405847364147618,-0.0010733381950657796,-0.3928417793940753,-0.3248644405067076,0.6751355594932924,-0.6183575105387717,0.8320355552714318,0.06194056145787248,-0.2750817109149783,-0.3310608903325921,682245,MLP,4
-1.9675049590878189,-0.8601947587865275,0.3989071038251366,0.02852122924826427,-0.02415318669624288,-0.0031409879861389357,-1.1496016029268503,-0.6832370583271071,0.3167629416728929,-1.1620241277851164,0.8054808313027024,0.06260735558920043,-0.7964182167565034,-0.9584894722353815,370312,MLP,4
-0.606454314198345,-0.4547191599503114,0.3825136612021858,0.03658658576730107,-0.01945679647378228,0.0019805628534080716,0.7248860043473542,1.0644957430122974,2.0644957430122974,0.03464912623167038,1.1132092787884176,0.06295971480314506,0.4993742537526683,0.600997007422387,407259,MLP,4
-1.466138691175729,-0.7691849852394218,0.36065573770491804,0.033001002030108466,-0.019581918937002875,-0.0006175867849299334,-0.2260367632843554,-0.2023112245326657,0.7976887754673343,-0.4461187091656029,1.0200199820101261,0.060626241730073596,-0.161710275876857,-0.19461834714365342,190027,MLP,4
-0.43015675246715546,-0.3495928661906672,0.38524590163934425,0.03834284509611415,-0.01821538080254363,0.0035734439289064994,1.3078804779797792,2.698326714296478,3.698326714296478,0.024141171015799046,1.5000989749096334,0.0627491186682587,0.9040232749629981,1.087992179833209,617148,MLP,4
-1.2853656383231282,-0.7234505519328723,0.39344262295081966,0.03174140181605859,-0.02169887467207773,-0.0006731921193683585,-0.2463883156888187,-0.2183813487968631,0.7816186512031369,-0.2588108405470848,1.0265547977760434,0.061657119528217556,-0.17332294593509773,-0.20859419772213142,153340,MLP,4
-0.7875973922200501,-0.5450634827168886,0.3442622950819672,0.04333114571728936,-0.01660921327129472,0.0040259922821522555,1.4735131752677262,3.3645416378535895,4.3645416378535895,-0.07109159859828651,1.6543379798531532,0.06288069947009588,1.0163793770047906,1.2232127695719142,296164,MLP,4
-1.7349054291844368,-0.8235831166139986,0.35792349726775957,0.033164718270102755,-0.02183125039087014,-0.0021469009521066142,-0.7857657484710217,-0.5442294374851142,0.45577056251488585,-0.7981882733292878,0.936717155855149,0.06297941414267405,-0.5411450156612128,-0.6512681271610148,279478,MLP,4
-0.6888518002815545,-0.4978476906765209,0.40437158469945356,0.03370929517896493,-0.020010284303021063,0.0017123871814978663,0.626733708428219,0.8714877605533027,1.8714877605533027,0.03464912623167038,0.8622748868074268,0.05980154468571741,0.45455855573378434,0.5470613065077087,455928,MLP,4
-0.6306970431469381,-0.46777930910320464,0.41530054644808745,0.03590472526296875,-0.019873021308672134,0.003291507322173261,1.2046916799154133,2.3357304468082067,3.3357304468082067,0.03464912623167038,1.6172576833050698,0.06300026333764183,0.8293784201834012,0.9981570831999823,890739,MLP,4
-1.758107403293252,-0.8276292163141205,0.4262295081967213,0.03001223122462248,-0.02400408257575085,-0.000980735710017954,-0.35894926986657083,-0.30159021912573425,0.6984097808742658,-0.37137179472483695,1.386735608568415,0.06302537860329115,-0.24702266116516747,-0.2972918187314271,919834,MLP,4
-0.6318562664091587,-0.46839591424816407,0.366120218579235,0.04189763282105994,-0.01681045915505945,0.004683760311607211,1.714256274048239,4.552544404973667,5.552544404973667,0.03464912623167038,2.3212674912065268,0.06281476853002331,1.1836768908150086,1.4245553586092434,358060,MLP,4
-0.5238271947018802,-0.4077504493746329,0.3442622950819672,0.04300173598947742,-0.015746017362107522,0.004478619037618441,1.6391745677683502,4.150916024883948,5.150916024883948,0.03464912623167038,1.82638513087295,0.06216544264667202,1.1436558659657998,1.376390047747494,357774,MLP,4
-1.2681804960593581,-0.7186569388372473,0.3770491803278688,0.035901185604271246,-0.0196743335190899,0.0012803704126692177,0.46861557103693485,0.5977806475174712,1.5977806475174712,-0.5581262432970107,0.7100542527623475,0.06253391665887267,0.32502762138957597,0.3911708028934562,724450,MLP,4
-1.0367678585462272,-0.6454010542966412,0.3879781420765027,0.030809056302401383,-0.021297810700031863,-0.0010814852510003855,-0.39582360186614096,-0.32687457646602025,0.6731254235339797,-0.6139546416234225,0.4228132169228047,0.05891251237088713,-0.29141595619459076,-0.350719157569598,474154,MLP,4
-0.9198617218062282,-0.6014258486121122,0.36065573770491804,0.03505406497667233,-0.01865881802633596,0.0007130414173719488,0.26097315875813365,0.29819281985857593,1.298192819858576,-0.28436947986483574,0.6354922419413924,0.05847873811474946,0.19356063338644805,0.23295025834001654,309648,MLP,4
-0.6920328810811043,-0.49944253972941643,0.412568306010929,0.0350187715969437,-0.020789907046398798,0.0022349849621933274,0.8180044961627573,1.2659735639942395,2.2659735639942395,0.03464912623167038,1.4851923279929906,0.0630762659269627,0.5624823512012909,0.676947614458543,836489,MLP,4
-1.399421639740467,-0.753260372922961,0.36885245901639346,0.03767995999574109,-0.01797971028221763,0.002550495967849113,0.933481524232775,1.5433485109861138,2.543348510986114,-0.6000657961703837,0.933481524232775,0.06175474496316679,0.6556236015379739,0.7890431265905135,882319,MLP,4
-1.22637032950297,-0.7066445688363476,0.3989071038251366,0.034032003542612474,-0.020915363133165308,0.0010035317702870306,0.36729262792505324,0.44382035945918097,1.443820359459181,0.03464912623167038,1.5688179081771523,0.0622978068594511,0.25571643344575434,0.30775477529072187,220757,MLP,4
-1.0005256957374513,-0.6323139006587368,0.4207650273224044,0.03220394971272485,-0.02277131642781655,0.00036035293186480535,0.13188917306251824,0.14098186073451102,1.140981860734511,-0.08120403368957341,0.9193216620478779,0.06312140200151055,0.09062576669996608,0.10906812710655892,79504,MLP,4
-0.42235338129103184,-0.34449764380930703,0.4207650273224044,0.03405651231538263,-0.021425586990036844,0.0019193400401123339,0.7024784546811134,1.0187498923850509,2.018749892385051,0.03464912623167038,0.8948503218125552,0.06309316636263529,0.4829140828012045,0.5811871886158487,111548,MLP,4
-1.0673269904218614,-0.656073391041756,0.3524590163934426,0.037875683438538234,-0.018940104462426423,0.001085132256766038,0.39715840597637,0.4875915547813061,1.4875915547813061,-0.4276928019244224,0.639634188497439,0.06291110870702193,0.2738139718110013,0.329535166084782,257743,MLP,4
-2.5482171992771327,-0.9217790057879429,0.3524590163934426,0.030910843746852157,-0.02257920165923483,-0.003726152868564826,-1.3637719498947263,-0.7443055110963368,0.25569448890366314,-1.7502062520943582,0.7980109471827745,0.062361789435452994,-0.9485109962185801,-1.141533160652153,60618,MLP,4
-0.5833089449442923,-0.4419512444857602,0.41530054644808745,0.03829600847032117,-0.01792957142504611,0.005420942629860521,1.9840650025289506,6.272244675310343,7.272244675310343,0.03464912623167038,1.9840650025289506,0.06280369371684355,1.370218713710418,1.649058477215724,874503,MLP,4
-0.7751526138745248,-0.539366523425209,0.40437158469945356,0.03423101874383015,-0.018388681253631932,0.0028892302207516422,1.0574582607951015,1.8790439026809542,2.8790439026809542,0.03464912623167038,1.3054422822315246,0.059173899929239014,0.7750901651230139,0.9328211581211622,832765,MLP,4
-0.7938518333248794,-0.5478999767816362,0.3907103825136612,0.03741050167725636,-0.018531798889376058,0.003325438763707101,1.2171105875167996,2.3774148768073267,3.3774148768073267,0.03464912623167038,1.6122213581111282,0.06248586913294337,0.8448262710620923,1.0167485746103484,475278,MLP,4
-1.2977918372489512,-0.7268657474926477,0.38524590163934425,0.03617351590193385,-0.019953735534929566,0.00166905805140306,0.6108752468135208,0.8420429356422983,1.8420429356422983,-0.45579022564925253,0.8420016115996987,0.06302103427017446,0.42042272827303756,0.5059788317993574,769664,MLP,4
-1.5825434038415551,-0.7945481139991399,0.3879781420765027,0.031276226465091844,-0.021147481138801334,-0.0008082284618810311,-0.29581161704845726,-0.256072441910166,0.743927558089834,-0.5337498725857586,1.0487935312557966,0.061556304090678256,-0.2084307897541833,-0.2508464942988254,49587,MLP,4
-1.799966812133789,-0.8346956257699925,0.39344262295081966,0.03173405943056827,-0.02301528809596323,-0.0014745612002787043,-0.5396893993020058,-0.41707071749948155,0.5829292825005185,-0.9719910589046776,0.8279757532291114,0.06307851512910129,-0.37109201643991924,-0.4466093109181223,979213,MLP,4
-2.1099472851492465,-0.8787556423568578,0.37158469945355194,0.030969890019418123,-0.02151290026250417,-0.00201109840911228,-0.7360620177350938,-0.521003514009605,0.478996485990395,-1.1621330799534917,0.9478142051957548,0.06206504805044502,-0.5143828695594388,-0.6190598793418691,354181,MLP,4
-0.442534938454628,-0.35759410409322356,0.4180327868852459,0.03405292421348052,-0.021487464477907114,0.0017302389914434554,0.6332674708683044,0.8837556510884419,1.883755651088442,0.03464912623167038,0.8576713695656508,0.06309865031581602,0.4352976227371841,0.52388077005808,269912,MLP,4
-1.033048049081117,-0.6440795574476459,0.38524590163934425,0.03393499112311513,-0.018003479272334113,0.002005603584929119,0.7340509120840579,1.0835036257175363,2.0835036257175363,-0.10881063644774258,0.9242374126333743,0.05785508631860072,0.550305459929394,0.662292723544318,115225,MLP,4
-0.9978095926344395,-0.6313138698247429,0.3989071038251366,0.03327833902575586,-0.021099415369628168,0.0005922571487490657,0.21676611644215882,0.24205357225549862,1.2420535722554986,0.003672909690067172,1.0014825023245066,0.06252729562886819,0.15036298423245087,0.18096187953566414,736342,MLP,4
-0.5707082767039537,-0.4348749679780872,0.41530054644808745,0.036795039027071506,-0.01850833644041635,0.004459185611655111,1.6320619338657707,4.114409427870076,5.114409427870076,0.03464912623167038,1.8242804307956249,0.06229800549572332,1.1362703590046825,1.3675015887439044,358468,MLP,4
-0.8209523782134056,-0.5599876033285429,0.3633879781420765,0.033716002206101006,-0.019757357104221766,-0.00032578117997879123,-0.11923591187223792,-0.11240161893524747,0.8875983810647525,-0.3368479860946536,0.4851553048938513,0.061636721409620655,-0.08390478575142252,-0.10097942528289992,396280,MLP,4
-0.5887052975594997,-0.4449545615797639,0.43169398907103823,0.03669031676423701,-0.018927817807147782,0.005082196570663137,1.8600839448627084,5.424276033764322,6.424276033764322,0.03464912623167038,2.4239441931713372,0.06286845184389941,1.2832727238112909,1.5444189621744997,935943,MLP,4
-0.7837926712818444,-0.5433292792358924,0.3333333333333333,0.04064392891796458,-0.017749338939434804,0.0017150836796983229,0.6277206267695874,0.8733356778715962,1.8733356778715962,-0.07214442477561533,1.2347318439278752,0.06288215480209704,0.43297036258649274,0.5210799120331654,547730,MLP,4
-1.472207611426711,-0.7705815410772614,0.3333333333333333,0.03496134240890197,-0.018236082690370987,-0.0005036076572800044,-0.1843204025644809,-0.16833070784056703,0.831669292159433,-0.39118301193229854,1.0810245994944125,0.06131371322960459,-0.13038720534062145,-0.15692102591795476,165255,MLP,4
-0.8955516391433775,-0.5916177431454539,0.42349726775956287,0.03026188779021463,-0.022039356635954074,0.0001100774789534395,0.040288357296958566,0.041110942849711174,1.0411109428497112,-0.03556203539483249,0.859989603748545,0.05985825026460738,0.029192731124512872,0.035133457346818345,502122,MLP,4
-0.8050232380628586,-0.5529224627772698,0.34153005464480873,0.04036804812029004,-0.018505035780748948,0.0016018917810813084,0.5862923918757588,0.7973123171186678,1.7973123171186678,-0.006616210797801614,1.153377374401316,0.06296283327641936,0.4038770550276438,0.4860661109661457,90938,MLP,4
-1.1035646200180054,-0.668313362925032,0.3825136612021858,0.035703143093269316,-0.018865887357944013,0.0020075122682031606,0.7347494901623577,1.084959624181613,2.084959624181613,0.03464912623167038,1.825891585322097,0.06169462376326361,0.5165485637086695,0.6216662926539269,27145,MLP,4
-0.5945140630938113,-0.44816934439326916,0.43989071038251365,0.03327437536790967,-0.02066144835680905,0.0030644194565235,1.1215775210876018,2.06969289099161,3.06969289099161,0.03464912623167038,1.4979605444241315,0.062223363699594095,0.7817987951173826,0.9408949955691709,591094,MLP,4
-0.6412684754468501,-0.47337600941481806,0.3524590163934426,0.03964231757793662,-0.01904569105107636,0.00163942674439543,0.6000301884487271,0.8221738081607848,1.8221738081607848,-0.051435561850667,0.998322575353086,0.06306273076006494,0.4126857882080807,0.4966674229898267,869122,MLP,4
-0.5802949224598706,-0.44026673569076447,0.3442622950819672,0.03855619304037342,-0.018723570638879514,0.0009956922670928074,0.36442336975596845,0.43968360364635206,1.439683603646352,0.03464912623167038,0.7265872524585575,0.0628326396427159,0.2515591389498213,0.3027514705903822,586873,MLP,4
-1.5352877583354712,-0.7846062990817831,0.3561643835616438,0.034762851095113616,-0.020085908949097737,-0.0005507341388306802,-0.2010179606731981,-0.1821022585721057,0.8178977414278943,-0.4265723612625152,1.108715397072956,0.06201398220557728,-0.14097842306229977,-0.16966755841908815,627832,MLP,7
-1.1052102465182543,-0.6688587463729749,0.39452054794520547,0.03664815687483901,-0.019644193317555732,0.002564295525471232,0.9359678667970002,1.549680014526285,2.549680014526285,-0.30825113132596016,0.9359678667970002,0.06310275408864535,0.6450895856883087,0.7763654365530042,820417,MLP,7
-0.9622701634652913,-0.6179753575654815,0.3972602739726027,0.03489829266829223,-0.021272292776583608,0.0010420493864492612,0.38034802605398,0.46279359113747054,1.4627935911374705,0.08352092653512955,1.136948335217312,0.0631711732095432,0.26186028123115695,0.3151488972450236,620351,MLP,7
-1.4498040433973074,-0.7653837418055296,0.39452054794520547,0.03131772333290428,-0.023449745826735015,-0.0018428538843019808,-0.6726416677702218,-0.4896414023865261,0.5103585976134739,-0.685064192628488,0.7647398507688195,0.06312474786640164,-0.4634378666330545,-0.5577475588291537,737923,MLP,7
-0.4241096265614033,-0.3456478563987314,0.42191780821917807,0.03390337091979462,-0.021163722494687728,0.0020700648637514,0.755573675269261,1.128832431637802,2.128832431637802,0.08352092653512955,0.9479455424007028,0.06307339327129845,0.5210003657518071,0.6270240372421925,155556,MLP,7
-2.6399030033499002,-0.9286318083038133,0.36164383561643837,0.02865933114839153,-0.023714058774687317,-0.00477354515866976,-1.7423439829144627,-0.824890534402708,0.17510946559729204,-1.7547278373967856,0.8851751659531146,0.06277210767832697,-1.2071871245773493,-1.4528499293220654,581261,MLP,7
-0.6389893307350576,-0.4721743883175399,0.4383561643835616,0.03708662427525269,-0.01735362924817132,0.006510591474425504,2.37636588816531,9.765707901136405,10.765707901136405,-0.021015910431742668,2.391729206079617,0.0621309453136359,1.6634615014125747,2.0019762268450076,682245,MLP,7
-0.9954555700533092,-0.6304449520241524,0.4,0.034282980776991545,-0.020490790016685516,0.0014187183007853092,0.5178321797866374,0.6783852656037992,1.6783852656037992,-0.33913647779263556,0.7111942095216364,0.06285638823598906,0.35830017374605494,0.431214325852997,370312,MLP,7
-0.42235338129103184,-0.34449764380930703,0.4191780821917808,0.03405263902181212,-0.021425586990036844,0.0018296693930121722,0.667829328449443,0.9499999139538877,1.9499999139538877,0.08352092653512955,0.8602011955808848,0.06315641483349373,0.4598915446488702,0.553479559660525,407259,MLP,7
-1.2642702334560454,-0.7175546598909108,0.3972602739726027,0.032597666365447746,-0.02248670455830341,-0.000603872273525553,-0.22041337983682752,-0.19781287856835605,0.802187121431644,-0.4458904406055808,0.8183797928504646,0.06315074566289887,-0.15179828924817604,-0.1826892693894799,190027,MLP,7
-0.9241558653302491,-0.6031337136898834,0.3863013698630137,0.03674384833194633,-0.019683390856828607,0.0021145289393830827,0.7718030628748238,1.163663960985021,2.163663960985021,-0.2312817177735269,0.9652424324303865,0.06309614168767451,0.5319993486780509,0.6402613152429852,617148,MLP,7
-1.656794146168977,-0.8092504839991668,0.3863013698630137,0.03387988766932741,-0.020516163464760342,0.0004971056034762979,0.18144354526884854,0.19894684857707268,1.1989468485770727,0.060108998557552695,1.8382376914378256,0.06287663559596261,0.12550459702580727,0.15104480590146915,153340,MLP,7
-1.4769106819294393,-0.771657978998353,0.38904109589041097,0.03408444820883566,-0.02125269807186061,0.0002757259606294433,0.10063997562974691,0.10587842689997595,1.105878426899976,-0.10502987867221236,1.371880803257227,0.0631096141345591,0.0693557390740326,0.08346964489624288,296164,MLP,7
-1.9000067277811468,-0.8504323870389165,0.36164383561643837,0.034154069343595904,-0.021257291148244824,-0.0012181142032503672,-0.4446116841863841,-0.3589268334466138,0.6410731665533862,-0.4446116841863841,1.4553950435947627,0.06302768828978136,-0.3068010905421616,-0.3692351696230769,279478,MLP,7
-1.390152516309172,-0.7509626805177491,0.34794520547945207,0.03423975832672335,-0.019628557551675672,-0.0008853353145340942,-0.3231473898049444,-0.276132844133936,0.723867155866064,-0.3231473898049444,1.0670051265042275,0.06192296641834539,-0.22696364899596336,-0.27315079384889135,455928,MLP,7
-1.5546018392778933,-0.7887265132995798,0.39452054794520547,0.03108144927278368,-0.023022034261333525,-0.0016770982917092038,-0.612140876473859,-0.45781113372210547,0.5421888662778945,-0.8302719162311405,0.7243299230467528,0.06303785158431728,-0.42233530101882844,-0.5082806134552199,890739,MLP,7
-2.1864242502488196,-0.8876823487600844,0.3424657534246575,0.030946605203673243,-0.022081819706363602,-0.003921400216624956,-1.4313110790681094,-0.761004625087426,0.23899537491257408,-1.4436949335504323,0.7427293166983873,0.06164032845637487,-1.0098956339942855,-1.2154095836508807,919834,MLP,7
-0.42851871624588966,-0.3485266026962184,0.4410958904109589,0.03506225566466495,-0.019621587423470747,0.0044992310345836305,1.6422193276230246,4.1666232274066,5.1666232274066,0.04805625695735216,2.0621751479338855,0.06292558551987337,1.135040347437621,1.3660212695938005,358060,MLP,7
-2.2886855360120535,-0.8986003395055934,0.37534246575342467,0.030875029358469003,-0.023068260361661055,-0.002821052987256073,-1.0296843403484672,-0.642880328949945,0.3571196710500551,-1.2303936921525747,1.0582918438594788,0.06299951277009307,-0.7108440346375469,-0.8555009281131537,357774,MLP,7
-0.9311745427548885,-0.6059094377834305,0.3835616438356164,0.03403324238024652,-0.019930183595667283,0.0007681167786558179,0.2803626242093742,0.32360969824340025,1.3236096982434002,-0.11504479218274355,0.9984439602121711,0.06294841147538326,0.193705854671876,0.23312503218408312,724450,MLP,7
-0.5026232223026454,-0.3950583200064578,0.43561643835616437,0.039165934603427,-0.016929671461061006,0.0075064966601817145,2.7398712809663266,14.484991754877065,15.484991754877065,0.06907216738909483,2.7398712809663266,0.06271314269855921,1.9001111274846718,2.2867840959094776,474154,MLP,7
-1.8541005477309227,-0.8434062720654333,0.39452054794520547,0.03100584107515816,-0.023898040596606437,-0.0022373311151431454,-0.8166258570272475,-0.5580797561776601,0.44192024382233985,-1.017335208831355,0.8367653388995677,0.06314247620005144,-0.5624823815038243,-0.6769476509276477,309648,MLP,7
-1.012659561354667,-0.636748396183386,0.4328767123287671,0.03339651827641492,-0.020586129515274353,0.002781701583593881,1.015321078011766,1.760249510537765,2.760249510537765,0.08352092653512955,2.027980639366433,0.06211412794184659,0.710919482151406,0.8555917292101387,836489,MLP,7
-0.5751666985452175,-0.4373889254581602,0.4136986301369863,0.03477920258158682,-0.020098429977258442,0.0026043714374967223,0.9505955746863037,1.5872501012136317,2.5872501012136317,0.08352092653512955,1.3251302612479776,0.06225662233712021,0.6640757773151167,0.7992153217129049,882319,MLP,7
-1.0002757064066827,-0.6322219715666624,0.41643835616438357,0.033260209654384344,-0.021182309815380284,0.001489643498055946,0.5437198767904192,0.7224020836271272,1.7224020836271272,0.08352092653512955,1.543995583197102,0.062566456327633,0.37795583793608784,0.4548699213674585,220757,MLP,7
-1.9871238307096064,-0.8629108494310374,0.3561643835616438,0.03153323071399847,-0.021961192228890796,-0.0029083840574507854,-1.0615601809695363,-0.6540843019859661,0.3459156980140338,-1.2622695327736437,0.7248542979359627,0.06173000049374863,-0.7479210307661369,-0.9001230998611801,79504,MLP,7
-1.7322123367339373,-0.823107369309013,0.35342465753424657,0.03606041894084955,-0.02065669150699435,-0.0006114661706330821,-0.22318515228107572,-0.2000332800812462,0.7999667199187538,-0.22318515228107572,1.5090271844528615,0.0630568491214518,-0.15393608578584245,-0.18526210792082276,111548,MLP,7
-1.1439514816738665,-0.6814422436126051,0.39452054794520547,0.035213230014455296,-0.02067680942733262,0.0013729595579206923,0.5011302386410534,0.6505857726561963,1.6505857726561963,-0.47468898072838783,1.212780060712248,0.06308148368851577,0.3455064153225025,0.4158170352068353,257743,MLP,7
-1.1874475963413715,-0.6950012486572711,0.38904109589041097,0.03612656426176586,-0.019131719729875638,0.002366023631256122,0.8635986254084855,1.3716801437832773,2.3716801437832773,0.019146443577483296,2.0385850274469703,0.06206358307024891,0.6051771246259033,0.7283307822288976,60618,MLP,7
-1.2649533222429454,-0.7177475292547021,0.40821917808219177,0.032650857701297574,-0.022459048668948794,3.787201369972147e-05,0.013823285000398755,0.01391926836302293,1.013919268363023,0.013823285000398755,1.2787766072433442,0.06317350474583651,0.009516641221837352,0.011453279483386295,874503,MLP,7
-1.6439273818396032,-0.8067802973550776,0.40273972602739727,0.03129620456649941,-0.023322383667034773,-0.001325308405857992,-0.48373756813816726,-0.38352503664191007,0.6164749633580899,-0.7142524619121104,0.9296749199274927,0.06314720451858229,-0.3331678555618596,-0.40096757623628654,832765,MLP,7
-1.6020811959169805,-0.7985232312725095,0.3232876712328767,0.037960782516905565,-0.019439143212587547,-0.000882454894559636,-0.3220960365142673,-0.27537140381634917,0.7246285961836508,-0.3220960365142673,1.2799851594027132,0.06222875740058088,-0.22511356084523662,-0.27092421241482906,475278,MLP,7
-0.607164588291198,-0.45510632129271567,0.4191780821917808,0.03324929089741964,-0.02194818556813945,0.0011893867585195637,0.43412616685964167,0.5436136087128354,1.5436136087128354,0.04497953690588474,1.0412907551508397,0.0631685637600497,0.29889755806411167,0.3597232668133533,769664,MLP,7
-3.618556602858007,-0.9731786375557779,0.36712328767123287,0.02770934578677667,-0.02562709615033652,-0.006046046233697703,-2.2068068752996624,-0.889948503781943,0.11005149621805699,-2.419900082051754,1.198656520806253,0.06286768572674398,-1.52666679849721,-1.837343776402163,49587,MLP,7
-1.4769886960275471,-0.771675792200332,0.4246575342465753,0.03302784025548927,-0.02206172844106775,0.001332471964319475,0.4863522669766098,0.6263728127468302,1.6263728127468302,0.06907216738909483,1.7203648744616657,0.06316889473804839,0.33485367706757935,0.4029964627324808,979213,MLP,7
-0.949964726343751,-0.6132453345349796,0.34794520547945207,0.035265241478254473,-0.01851492507496708,0.00019762602711275064,0.07213349989615381,0.07479882001744653,1.0747988200174465,-0.7713828200940043,0.5045505140442401,0.05871088655431088,0.05343499487275118,0.0643090262840417,354181,MLP,7
-0.9960936973802745,-0.6306806999724799,0.3643835616438356,0.038177824286828026,-0.018259918829024738,0.0023050670186695564,0.8413494618143886,1.319494935620194,2.319494935620194,-0.1577248063404113,1.2364602324087173,0.062390058257251406,0.5865005666374323,0.7058535412104187,269912,MLP,7
-0.6696807630360126,-0.4881280398431803,0.42191780821917807,0.03638203828535103,-0.018282949932193232,0.004781182082880239,1.7451314602512866,4.726654253347211,5.726654253347211,0.08352092653512955,1.7451314602512866,0.062001393113140665,1.2241485033539903,1.473262951839577,115225,MLP,7
-0.8042822927236557,-0.5525910800067033,0.410958904109589,0.0365656279368947,-0.01921208287957449,0.0037102640313032564,1.3542463714256883,2.8738404194388534,3.8738404194388534,0.08352092653512955,1.9329742635600269,0.06301659957511635,0.9346523923603753,1.1248543283270114,736342,MLP,7
-0.49714088905602694,-0.3917327204289075,0.4191780821917808,0.03824886519559263,-0.018332115619417,0.005385391407148679,1.9656678636092693,6.1396793302216555,7.1396793302216555,0.06599544733762741,2.3856236829888076,0.0629482710098722,1.3581062177696683,1.6344810860945314,358468,MLP,7
-2.018564804457128,-0.8671540117013237,0.3835616438356164,0.031954074582816766,-0.022576287385697166,-0.001660532110102782,-0.606094220187515,-0.4545227722286902,0.5454772277713098,-0.606094220187515,1.412470584269613,0.0630830613517858,-0.4178638366520793,-0.5028992052568247,396280,MLP,7
-1.0842044209130108,-0.6618292795458023,0.34794520547945207,0.03888644456064079,-0.018499658536948578,0.0014675608970071766,0.5356597274076194,0.7085750643135462,1.7085750643135462,0.025062310975044966,1.418216825230047,0.06297164205168951,0.3699571147409541,0.44524345651199093,935943,MLP,7
-1.1544570997357368,-0.6847713718380013,0.42191780821917807,0.03391281749097655,-0.021467792979216478,0.001898272808207431,0.6928695749957114,0.9994448659292507,1.9994448659292507,0.08352092653512955,1.6342334679793566,0.063154384506897,0.4771505076286117,0.5742507248219066,547730,MLP,7
-0.31237107515335083,-0.2682900415400118,0.4191780821917808,0.04293085924301029,-0.014416515510880723,0.009622247057188659,3.5121201758738607,32.519259224899976,33.519259224899976,0.08352092653512955,3.5245813701767474,0.06240757310395986,2.4475945627178,2.94568051220611,165255,MLP,7
-1.7372086690738797,-0.8239889794378394,0.3506849315068493,0.03487175261579978,-0.02137233242628318,-0.001648379315634909,-0.6016584502067417,-0.4520977863529494,0.5479022136470506,-0.807328304508701,0.9298803645651788,0.06310460016564723,-0.41466407114772813,-0.49904828687623703,502122,MLP,7
-0.6817531925626099,-0.4942704266420117,0.3863013698630137,0.03793765569819098,-0.01848066869466233,0.0033138073036727868,1.2095396658405662,2.351941284270142,3.351941284270142,0.05972685059532523,1.891292858403176,0.06296565367288122,0.8354564280891872,1.0054719668468997,90938,MLP,7
-0.862745972815901,-0.5779983153176826,0.4,0.03394601711435626,-0.020139084609021266,0.0014949560803297467,0.5456589693203568,0.7257452209197743,1.7257452209197743,0.08352092653512955,1.1953117353841662,0.062265989424268496,0.3811341034893907,0.4586949645529543,27145,MLP,7
-1.709531031548977,-0.8190493671401275,0.3863013698630137,0.032430587392564575,-0.021705356672880174,-0.0007925673215713781,-0.2892870723735541,-0.25120278444865674,0.7487972155513433,-0.49495691736228764,1.2145741141866893,0.06256465277809072,-0.20109783435627823,-0.2420212811113519,591094,MLP,7
-1.1695186733268201,-0.6894836348892543,0.3506849315068493,0.03715899486633134,-0.0177599872808259,0.0014992722118758184,0.5472343573346734,0.7284660818997337,1.7284660818997337,0.06747101247310638,1.7043305058032274,0.062193009196487146,0.38268301902046,0.46055908468315176,869122,MLP,7
-0.39438088797032833,-0.32590274819735465,0.42191780821917807,0.0378337240076394,-0.01852816103966421,0.005251921966595395,1.9169515178073198,5.800196561092607,6.800196561092607,0.08352092653512955,1.9169515178073198,0.06296055157220538,1.3241891071547962,1.5936618371509361,586873,MLP,7
-1.4118631738238037,-0.756311174722515,0.4368131868131868,0.03203358991458168,-0.02229162257778027,0.0014383466153119022,0.5235581679735333,0.688023246958084,1.688023246958084,-0.035464669577777386,1.910576292546466,0.06310077816898468,0.36185044498521884,0.4354870779507295,627832,MLP,10
-0.50358906108886,-0.3956423140769333,0.4010989010989011,0.03918767968282001,-0.016840237680899508,0.005632498404548431,2.050229419255629,6.769683416836742,7.769683416836742,-0.06223811488598585,2.4825310779269785,0.06266186926595105,1.4269146656147442,1.717292065894767,820417,MLP,10
-2.416631536092609,-0.9107783482379512,0.3983516483516483,0.0297690041909187,-0.02437702250309697,-0.002807863517843479,-1.0220623204950243,-0.6401479558542863,0.3598520441457137,-1.2600005760323256,1.1566309600602835,0.06305317794627205,-0.7069183973523141,-0.8507764229090485,620351,MLP,10
-1.3669467640575022,-0.745116006314425,0.3983516483516483,0.030191763832458647,-0.02364536486438488,-0.002199255905477435,-0.8005291495937854,-0.5509087352268152,0.4490912647731849,-1.240654180990532,0.1262925830669701,0.06304510259156719,-0.5537639521007075,-0.6664550195167946,737923,MLP,10
-0.819384713191539,-0.5592972703210175,0.43131868131868134,0.03500074062164232,-0.017987875931486846,0.004867104285110077,1.7716259597800672,4.880406897550905,5.880406897550905,-0.024559897370636463,1.7716259597800672,0.059658060350219706,1.2950954960141257,1.5586476707231376,155556,MLP,10
-1.3215453871525824,-0.7332772066729367,0.4230769230769231,0.030131517177713767,-0.023945255430104832,-0.0010666208652584993,-0.3882499949540943,-0.32175723520074373,0.6782427647992563,-0.3882499949540943,0.9332953921984881,0.06310886919216233,-0.26829955175463643,-0.3228985605196366,581261,MLP,10
-0.7226005303673446,-0.5145119135949279,0.39285714285714285,0.04115531510035214,-0.0160514458495601,0.0064226388093339935,2.3378405265975744,9.358842746617945,10.358842746617945,0.010507955215871334,2.350301720900461,0.062271652282200884,1.637281597085237,1.9704687071098648,682245,MLP,10
-3.2842975822277367,-0.9625331067356374,0.4065934065934066,0.023699776074421162,-0.027673885164808273,-0.006785693232374327,-2.469992336584255,-0.9154144927870113,0.08458550721298871,-2.482414861442521,0.8018827207852155,0.06218377818874511,-1.7322771908335985,-2.084795921883246,370312,MLP,10
-0.5071892933920026,-0.39781423009337347,0.4258241758241758,0.03469432591791115,-0.020438955713544735,0.0030381284976521376,1.1058787731453776,2.0218788483175203,3.0218788483175203,0.0,1.3353708521462977,0.06304240895368757,0.7650214440648204,0.9207034504518715,407259,MLP,10
-1.9039789247326553,-0.8510253206509959,0.35714285714285715,0.03424281091787494,-0.01892735872270428,6.198757750258688e-05,0.022563478210940957,0.022819958884876312,1.0228199588848763,-0.8000555804464966,1.1039233442861587,0.058791377428699554,0.0167375273334345,0.020143617263910236,190027,MLP,10
-1.5082921832799911,-0.7787124259459599,0.4065934065934066,0.033092887312287114,-0.020888293360325473,0.0010600987812862395,0.3858759563881904,0.47090220347608525,1.4709022034760852,-0.2459803104866296,1.2623118727933615,0.06207105300324207,0.2711174634301319,0.326289917746059,617148,MLP,10
-0.9135551999788731,-0.5989042892493132,0.3901098901098901,0.03394770953463207,-0.020899076464686642,0.0004971971943882377,0.18097977875731885,0.19839094609403984,1.1983909460940398,-0.8254066745284945,0.8192218041513115,0.06288275266669245,0.12551551003654632,0.15105793971192666,153340,MLP,10
-1.6045983340591192,-0.7990297383902006,0.41483516483516486,0.032814376867246746,-0.021985685313994967,0.0007473075139377231,0.272019935073331,0.31261316809005013,1.3126131680900501,-0.010507955215871334,1.864195744274184,0.06310622550023023,0.18798682561947275,0.22624217965408785,296164,MLP,10
-2.4091324398759753,-0.9101067514496619,0.3516483516483517,0.027851475311763352,-0.02414794459098445,-0.005862434295512694,-2.133926083566621,-0.8816283566046494,0.1183716433953506,-2.3470192903187126,0.06211314955726266,0.06218769004394118,-1.4964900493094186,-1.801026053132871,279478,MLP,10
-2.510027621872723,-0.9187340055090668,0.3543956043956044,0.028018796495198048,-0.024125190857956384,-0.005645590944338464,-2.054995103739202,-0.8719065372450032,0.12809346275499675,-2.054995103739202,0.4550325181335211,0.06256966988334767,-1.4323389914537332,-1.7238202430525165,455928,MLP,10
-1.0278572123497725,-0.6422272291332964,0.40934065934065933,0.03453791795623482,-0.02093556174510267,0.0017719890117635015,0.6450040002819151,0.9059946537726162,1.9059946537726162,0.0,1.6728612126316875,0.06308731381346658,0.4458813001543188,0.5366182278012903,890739,MLP,10
-2.721589781343937,-0.9342298888272347,0.3269230769230769,0.02729659984005662,-0.02340732520275122,-0.006831042015679427,-2.486499293707311,-0.9167992813612509,0.08320071863874916,-2.699592500459403,0.02199728088453412,0.06067870986282793,-1.7871083689595286,-2.1507852549725905,919834,MLP,10
-0.8628279850818217,-0.5780329232129104,0.41208791208791207,0.03477975415997207,-0.020774369483822348,0.002118813336422604,0.7712480544578284,1.1624634424548863,2.1624634424548863,-0.021015910431742668,1.0022197735961527,0.06308142866264341,0.5332016044900717,0.6417082303367267,358060,MLP,10
-1.8033797363750637,-0.835258835433343,0.40934065934065933,0.03125826863028209,-0.02226545643277986,-0.0003560195250979087,-0.1295911071356386,-0.12154544870763173,0.8784545512923683,-0.1357830346096307,1.667596701765433,0.06257198386304345,-0.09032212825670535,-0.10870269818352823,357774,MLP,10
-1.3528133174404502,-0.7414880395504686,0.41208791208791207,0.03474715227882067,-0.01964951572813546,0.0027666936153904163,1.007076476002112,1.7375859064507635,2.7375859064507635,-0.038541389629244804,2.121951537905261,0.06292964172124679,0.6979206993732301,0.8399476917149926,724450,MLP,10
-2.1097440496087074,-0.8787309986901453,0.3516483516483517,0.03106999494775664,-0.023066922785493278,-0.004029764901273523,-1.4668344240635633,-0.769345514986809,0.23065448501319094,-1.4668344240635633,0.6429096255451441,0.06285687368015042,-1.0177174090852092,-1.2248230914299671,474154,MLP,10
-0.95275335945189,-0.6143223490027734,0.40384615384615385,0.035943429532213786,-0.01899772758428265,0.0031900474050716807,1.1611772554460913,2.193690853818589,3.193690853818589,-0.007017523981630802,1.87095452635549,0.06179960019463288,0.8194297773201055,0.986183889660621,309648,MLP,10
-0.42235338129103184,-0.34449764380930703,0.4175824175824176,0.03372718976185608,-0.021425586990036844,0.0016052428624019621,0.5843084019143134,0.7937500024906563,1.7937500024906563,0.0,0.7766802690457553,0.06309743482587746,0.4038585802573954,0.48604387657671,836489,MLP,10
-1.4178227330558002,-0.7577591338263937,0.38186813186813184,0.03346747353090067,-0.021668814791159497,-0.0006140233714716867,-0.2235045072156936,-0.20028871261179182,0.7997112873882082,-0.44163554697297513,0.9761871860828251,0.06301601724793263,-0.154680020513243,-0.1861574335038408,882319,MLP,10
-0.7148990114219487,-0.5107584828932602,0.41483516483516486,0.03564333150915752,-0.019330592424840504,0.003474524371955383,1.2647268713917583,2.542125148265073,3.542125148265073,0.0,1.277188065694645,0.062436117388289296,0.8834047788645208,1.0631778159375638,220757,MLP,10
-0.42235338129103184,-0.34449764380930703,0.4175824175824176,0.03372718976185608,-0.021425586990036844,0.0016052428624019621,0.5843084019143134,0.7937500024906563,1.7937500024906563,0.0,0.7766802690457553,0.06309743482587746,0.4038585802573954,0.48604387657671,79504,MLP,10
-0.8045257553458214,-0.5526999940967523,0.36538461538461536,0.0316515420020831,-0.019465456750985734,-0.0007880918219798135,-0.286865423200652,-0.24938726290006008,0.7506127370999399,-0.45056292205117643,0.35396283329464495,0.05724877586281268,-0.21852990983481943,-0.2630007871972891,111548,MLP,10
-0.8822986166924238,-0.5861694203005319,0.41208791208791207,0.032667563784246643,-0.022156123421154916,0.0004360553722797915,0.15872415550984442,0.17201460831512905,1.172014608315129,-0.07302217255346477,0.809276444138959,0.06311232046866426,0.10968008125882499,0.13199999822787387,257743,MLP,10
-1.4657005125191063,-0.7690838248647857,0.34615384615384615,0.031189199538886665,-0.021388305368747154,-0.003188399823796987,-1.160577535862103,-0.6866948163578985,0.31330518364210147,-1.3736707426141948,0.09202976990491152,0.05880396679015147,-0.860728975388287,-1.0358874822295219,60618,MLP,10
-1.2496177039574832,-0.713385652550764,0.3543956043956044,0.034192511907511554,-0.02137234305586428,-0.0016804026979646003,-0.6116665820591152,-0.4575539155773507,0.5424460844226493,-1.2079919697716832,0.07326507894322276,0.06300135450728012,-0.4234125767003217,-0.5095771149385884,874503,MLP,10
-1.186872068559751,-0.6948256628801139,0.3598901098901099,0.03326236341639159,-0.020527033774829728,-0.0011687617087583185,-0.4254292619880289,-0.3465107931627245,0.6534892068372755,-1.1302016589324921,0.05667040962725878,0.0598096342087136,-0.3102095036206296,-0.3733371953979843,832765,MLP,10
-0.8715209667570889,-0.5816851777885228,0.4258241758241758,0.03351564371748076,-0.01869928423743071,0.0035350944246881847,1.2867743705864996,2.621087411281688,3.621087411281688,-0.021454073954373598,2.1582953373435885,0.06063865994100671,0.9254473022281581,1.1137760006380235,475278,MLP,10
-0.704494075383991,-0.5056413808065501,0.41208791208791207,0.033198243783166013,-0.020754934892397825,0.0014785178585213377,0.5381805005017668,0.7128874273258232,1.7128874273258232,0.0,1.2426745758857578,0.06193846023267905,0.378936500641457,0.45605014911606306,769664,MLP,10
-0.7566506550647318,-0.5307645707132453,0.3791208791208791,0.03635617061619363,-0.01889885832716307,0.0020494768216919434,0.7460095630958676,1.1085690943395625,2.1085690943395625,-0.5820991746149957,0.9871643525548279,0.06245553649680733,0.5209215668108275,0.6269292027020437,49587,MLP,10
-1.0722015891224146,-0.6577458157316214,0.41483516483516486,0.03419422379553022,-0.021065546430323816,0.0018581494600716803,0.6763664034660906,0.9667184717532704,1.9667184717532704,-0.010507955215871334,1.7423373952042311,0.06308656476162633,0.46756719647499223,0.5627172080632002,979213,MLP,10
-0.9596260958351195,-0.616963922011742,0.38461538461538464,0.037007774622179565,-0.018857715591106432,0.0026290114140035663,0.956960154697299,1.6037693748472872,2.603769374847287,-0.8713640016503632,0.9693826795555651,0.06280647320693829,0.66448982471781,0.7997136278391814,354181,MLP,10
-0.7482643537223339,-0.526812874103651,0.4230769230769231,0.03380260727967003,-0.020272646986302875,0.0026053452031472007,0.9483456539455801,1.5814355371564535,2.5814355371564535,-0.038541389629244804,1.4660951138939708,0.06252039991928349,0.6615212470715316,0.7961409440888534,269912,MLP,10
-3.8895734681282192,-0.979545931510278,0.28296703296703296,0.026533155243174688,-0.02526985645700974,-0.010611311937452059,-3.8625175452325493,-0.9789849734098611,0.02101502659013887,-3.8625175452325493,0.027055922895669937,0.06194456282286343,-2.7193565851045274,-3.2727461567765097,115225,MLP,10
-1.7814625389873981,-0.8316083123242339,0.3983516483516483,0.030723265394696903,-0.022542059349244862,-0.001323729437509821,-0.48183751525357366,-0.38235258810512085,0.6176474118948792,-0.707314576022327,1.0741479629650712,0.0629198728838731,-0.33397323302769044,-0.4019368481664519,736342,MLP,10
-1.1825445941649377,-0.6935021671186926,0.31043956043956045,0.035479500300489956,-0.020445552307637446,-0.00308420355841108,-1.1226500952616334,-0.67458373319379,0.32541626680621005,-1.1351112895645201,0.047433304600417614,0.0616676883138091,-0.793936257191817,-0.9555024334369042,358468,MLP,10
-2.7585180178284645,-0.9366143648307559,0.39285714285714285,0.03093269320002959,-0.023616348471222823,-0.0021863678146593762,-0.795837884536013,-0.5487969795387517,0.4512030204612483,-0.802068481920287,1.9564495359081775,0.06307384683081517,-0.550267897338239,-0.6622475169588653,396280,MLP,10
-0.3073040461167693,-0.2645730368014403,0.4065934065934066,0.042251336797316734,-0.014199051433630908,0.008753304220710443,3.1862027363386005,23.196372768720245,24.196372768720245,-0.035464669577777386,3.1862027363386005,0.06164506212229747,2.2541042530361954,2.7128148884579733,935943,MLP,10
-0.7603857181966305,-0.532513925656053,0.42032967032967034,0.035232407859605706,-0.019972298415686707,0.003231877573653237,1.1764034368097782,2.2426906633126764,3.2426906633126764,-0.03994479775428772,1.743349785450846,0.06302285391338208,0.8140612933313381,0.9797229181800164,547730,MLP,10
-0.5017876625061035,-0.39455264382748023,0.41208791208791207,0.03372693077661097,-0.021426148683259212,0.0013017686765774018,0.47384379827417433,0.6061560830800332,1.6061560830800332,0.0,0.7575004210229963,0.06309784635053486,0.32750621917810824,0.3941537957937058,165255,MLP,10
-0.7910028914920986,-0.5466101336412623,0.3873626373626374,0.03810716174536299,-0.017557002660388236,0.004005214870411002,1.4578982128296047,3.296918822000709,4.296918822000709,-0.2271667185705155,1.4578982128296047,0.062289179122524366,1.0207361192197888,1.228456109639305,502122,MLP,10
-1.012506190687418,-0.6366926797700068,0.4010989010989011,0.03532461460348066,-0.018282685920151823,0.0032191434107557114,1.1717682015150785,2.2276948106024976,3.2276948106024976,-2.4435343220829964e-05,2.1594293429516256,0.06236145317689672,0.8194536014437079,0.9862125619978148,90938,MLP,10
-1.1504631373099983,-0.6835098429691187,0.4010989010989011,0.03281352381470728,-0.02105801147857356,0.0005498021280720515,0.2001279746182263,0.2215590767140363,1.2215590767140363,-0.3380782245658338,1.0963215148076415,0.06256046294587365,0.13951044791000963,0.16790085004983019,27145,MLP,10
-0.42235338129103184,-0.34449764380930703,0.4175824175824176,0.03372718976185608,-0.021425586990036844,0.0016052428624019621,0.5843084019143134,0.7937500024906563,1.7937500024906563,0.0,0.7766802690457553,0.06309743482587746,0.4038585802573954,0.48604387657671,591094,MLP,10
-2.7038187053985894,-0.9330506359251456,0.3598901098901099,0.02945536112000469,-0.024229213409525514,-0.004908665982689093,-1.7867544176988304,-0.8324970670462759,0.16750293295372404,-1.9874637695029378,0.7163549358956516,0.06285132139258119,-1.2397934526936571,-1.4920916512844458,869122,MLP,10
-0.9298288435675204,-0.6053787534434487,0.3791208791208791,0.03375396469736175,-0.0207628769083031,-9.440399186972336e-05,-0.03436305304057896,-0.0337793483932054,0.9662206516067946,-0.2524940927978605,0.6773347507696599,0.061854658798671844,-0.024228036184503015,-0.029158446061617403,586873,MLP,10
-0.7469343258999288,-0.5261831033475286,0.4049586776859504,0.03759697286513488,-0.018653302770366684,0.0041257344704562614,1.4976416127756238,3.4711319658543323,4.471131965854332,-0.028045643586665392,1.913463951088488,0.06303142883991594,1.0390690090846988,1.2505197460070545,627832,MLP,13
-1.0999243473634124,-0.6671037327742068,0.41046831955922863,0.03245182455073567,-0.022378238826494003,0.00012776514928346597,0.04637874918989837,0.04747106465324191,1.047471064653242,-0.18413615389727056,0.9157881934661418,0.06319648797937295,0.03209369590304698,0.038624768998220094,820417,MLP,13
-0.4105029068887234,-0.33668342023658016,0.4214876033057851,0.03702628950351009,-0.017428475162679594,0.005523533085053246,2.005042509874329,6.426409585786034,7.426409585786034,-0.02803343441337347,2.005042509874329,0.061670818675464874,1.4217967475079683,1.7111326504998183,620351,MLP,13
-1.7404835275374353,-0.8245644478151533,0.3691460055096419,0.031537487593813064,-0.02190432578984111,-0.002176493852073455,-0.7900672683026642,-0.5461857330598894,0.4538142669401106,-1.0218135963659734,0.7186699311714619,0.062274795493957806,-0.5548114369839475,-0.6677156677689154,737923,MLP,13
-0.8475776957347989,-0.5715484840845727,0.43526170798898073,0.03530883080844732,-0.019695913908639697,0.004245545224417462,1.541132916463539,3.669877856732712,4.669877856732712,-0.010507955215871334,2.158118378603831,0.06304837093585687,1.068956105633328,1.2864888722711538,155556,MLP,13
-1.65217858646065,-0.8083680332833449,0.4049586776859504,0.029488780909553678,-0.024530896085909464,-0.0026551591208045563,-0.9638227608520538,-0.6185680278188055,0.38143197218119457,-0.9762452857103199,0.6759333007503301,0.06313868060832616,-0.667567708789979,-0.803417861893432,581261,MLP,13
-0.4199558198451996,-0.34292415111348296,0.38292011019283745,0.04686933346494711,-0.01294176080305728,0.009961110004801148,3.615882931742817,36.18416251352433,37.18416251352433,-0.06328756199218333,4.023454897105694,0.06227655615531889,2.5391211218358642,3.0558327431556633,682245,MLP,13
-1.0792331737466156,-0.6601439637200328,0.4214876033057851,0.035104417382112514,-0.020415587957194517,0.0029854060287943934,1.083702388452366,1.9556021059248931,2.955602105924893,-0.11217323201708496,1.08993298583664,0.06313187041213254,0.7506803010757898,0.9034438821928863,370312,MLP,13
-1.3281914750114083,-0.7350439921821694,0.371900826446281,0.030050401687967004,-0.02190923432844054,-0.0025854027520906264,-0.938501199008897,-0.6087862522813611,0.3912137477186389,-0.9633462482597679,0.36484522675164044,0.058993360775965245,-0.6957053435505197,-0.8372815105696505,407259,MLP,13
-1.4632563069462776,-0.7685187279374651,0.3581267217630854,0.036270417989446566,-0.020400523279030115,-0.00010514486332221205,-0.03816758538596332,-0.037448382210496955,0.962551617789503,-0.6576399973127991,0.8056163096334785,0.06310710427520984,-0.026449050056863006,-0.03183143667076699,190027,MLP,13
-1.0072350814007223,-0.634772591127619,0.39118457300275483,0.037270735913205524,-0.019081905916147775,0.0029623782154449742,1.0753432922065258,1.930998916930545,2.930998916930545,-0.010921666398644447,1.6627379087731242,0.06306175584304695,0.7457181560459414,0.8974719397250397,617148,MLP,13
-1.0569675485603511,-0.6524919846751756,0.4049586776859504,0.0350848885987993,-0.020663508347718528,0.0019122887628548087,0.694160820916295,1.0020283085267203,2.0020283085267203,-0.06046962831169367,1.444806067738682,0.06316818619513147,0.4805685399129417,0.5783643273128609,153340,MLP,13
-1.4271966107189655,-0.7600192604460321,0.371900826446281,0.029967676675705997,-0.022160512768957568,-0.002773996033338888,-1.0069605601020157,-0.634672314661629,0.365327685338371,-1.200169219635427,0.22702739108353853,0.058972847080104585,-0.7467135136404529,-0.8986698527754647,296164,MLP,13
-1.1200610692612827,-0.6737401304345791,0.371900826446281,0.03214395083831968,-0.021087104647640922,-0.0012904311198043347,-0.4684264964889735,-0.3740135143220631,0.6259864856779369,-1.0490986660588533,0.07096240320242941,0.05907283364555305,-0.34677461191854114,-0.41734331004642683,279478,MLP,13
-0.9680795767344534,-0.620188262528999,0.349862258953168,0.03577596486150104,-0.01958250196184963,-0.00021466370684815848,-0.07792292558588088,-0.07496427961777374,0.9250357203822263,-0.2835927789565176,0.6844867977779359,0.06251104903679282,-0.05451325414461219,-0.065606711518601,455928,MLP,13
-1.26479966705665,-0.717704156366578,0.4462809917355372,0.03221831364516905,-0.02198837645032179,0.002203038964194784,0.7997031440027058,1.2248803613721275,2.2248803613721275,-0.010507955215871334,2.039657761808485,0.06316055030477946,0.5537025753941534,0.6663811526390225,890739,MLP,13
-0.7790983370505273,-0.5411804745814048,0.39118457300275483,0.035959228605989525,-0.017100574877492374,0.003655601691803576,1.3269834141246974,2.769654731557563,3.769654731557563,-0.6074176244437695,1.3269834141246974,0.05867966825088732,0.9889435223935161,1.190193713436076,919834,MLP,13
-1.4550731116905808,-0.7666166997702512,0.3939393939393939,0.033177049216729676,-0.021382115555884824,0.0001108887484784632,0.040252615697681904,0.04107373254457114,1.0410737325445711,-0.33436053851619363,1.1207125731743872,0.06302251180529031,0.027931357535442885,0.03361539399738471,358060,MLP,13
-0.6513760485686362,-0.47867208956012275,0.4022038567493113,0.03417925618282736,-0.02049074744191965,0.0014977388644524282,0.5436792077962309,0.7223320366911772,1.7223320366911772,-0.04360709758475423,0.7360510749276727,0.06236366815867621,0.3812454925686833,0.45882902133063413,357774,MLP,13
-1.349151632282883,-0.7405397149684031,0.3691460055096419,0.03301085439100584,-0.020277443968215104,-0.0006062814885026916,-0.2200801803264767,-0.1975455456771643,0.8024544543228357,-0.4207895321305841,0.9283621001522988,0.06137079068136249,-0.15682412026351714,-0.18873785795273135,724450,MLP,13
-1.9490566388703883,-0.8575916492576903,0.4049586776859504,0.028929117639378017,-0.024756807354235747,-0.0030162261584748013,-1.0948900955263525,-0.6654236236314516,0.3345763763685484,-1.1197351447772235,0.8293214940931648,0.06311539689689225,-0.7586279772229357,-0.9130089119165907,474154,MLP,13
-1.5873725349083543,-0.7955378763151056,0.3884297520661157,0.031248990603200827,-0.022194529258486657,-0.0014354760890708564,-0.5210778203327209,-0.40611989316239117,0.5938801068376088,-0.533500345190987,1.0538721897173673,0.06197671532749112,-0.3676780279102442,-0.4425005750866485,309648,MLP,13
-0.8904600511305034,-0.5895331264405815,0.39669421487603307,0.03439580454465209,-0.02117482615745367,0.0008697215590841526,0.31570892594754696,0.37123106774850556,1.3712310677485056,-0.030860809609293938,0.8595992415212095,0.0631786437263506,0.2185295681725728,0.26300037600671156,836489,MLP,13
-1.4232519478537142,-0.7590707477829316,0.3884297520661157,0.034047186982335775,-0.021579421811258874,2.7608050715907315e-05,0.0100217224098742,0.010072108046195405,1.0100721080461954,-0.20307148341089487,1.2201804644428194,0.06318494454834843,0.006936212754447255,0.00834773334216075,882319,MLP,13
-0.808292890433222,-0.5543818637395195,0.3746556473829201,0.03587046845795532,-0.020656755925381826,0.0005214879207169412,0.1893001152202487,0.20840355836847668,1.2084035583684767,-0.2975291353650391,0.510763755068183,0.06317940243786206,0.13102947764960374,0.15769400076146722,220757,MLP,13
-1.9217962184920907,-0.8536561396412247,0.371900826446281,0.030821022786269033,-0.0232937612842458,-0.003168428365459292,-1.1501394966617227,-0.6834073973126291,0.3165926026873708,-1.794456957373768,0.1273392611183226,0.06307725123622279,-0.7973911358820472,-0.9596603805842238,79504,MLP,13
-0.45773304207250476,-0.36728363768760663,0.42699724517906334,0.038345465289368746,-0.01785914524337456,0.006140068620469001,2.228844909230247,8.28913009172911,9.28913009172911,-0.010507955215871334,2.228844909230247,0.0629028277896593,1.5495419052021984,1.8648739715831402,111548,MLP,13
-1.5896923681721091,-0.7960116446066166,0.35537190082644626,0.035914614193805657,-0.020073885899076924,-0.00017714619664757972,-0.06430406938306987,-0.06228017571206701,0.937719824287933,-0.6714686567429453,0.9182237114291638,0.06262295287622745,-0.044905399107268144,-0.0540436561912597,257743,MLP,13
-1.6085156523622572,-0.7998154629031133,0.4132231404958678,0.03618743372615427,-0.019718316569487113,0.0033832331394556044,1.228113629622385,2.41478191345169,3.41478191345169,-0.017525479197502136,2.623536076163873,0.06310431543760567,0.8510853927131803,1.0242814286834772,60618,MLP,13
-2.314571770373732,-0.9011915123346108,0.4049586776859504,0.028277415606402317,-0.025150229173488223,-0.00351424079154908,-1.275669407332316,-0.7207560223241924,0.27924397767580755,-1.300514456583187,1.0140573137905449,0.06302227534651643,-0.8851924622380282,-1.0653292932106169,874503,MLP,13
-1.9830846940167248,-0.8623560078265724,0.4049586776859504,0.031465248407504594,-0.023214795323804504,-0.0010716371185636297,-0.38900427403859794,-0.32226862664226785,0.6777313733577321,-0.6195965076331049,1.36348818638362,0.06318605216699494,-0.26923207393288046,-0.3240208511348778,832765,MLP,13
-1.2195929256267846,-0.704649627976283,0.4297520661157025,0.0352075266941355,-0.020067144785940214,0.003687259486489021,1.3384751935955137,2.813224640818728,3.813224640818728,-0.010507955215871334,2.3449749124702066,0.06309152619678783,0.9277542207666892,1.1165523775289137,475278,MLP,13
-2.705437389202416,-0.9331589181154933,0.4022038567493113,0.027147057297167508,-0.02621110711002096,-0.004750247596385928,-1.7243398774880916,-0.8217092933555686,0.17829070664443136,-1.925049229292199,0.7803881599102169,0.06302228965386453,-1.1965265503725304,-1.4400199262805513,769664,MLP,13
-1.0645810826681554,-0.6551277025069799,0.38292011019283745,0.03496406800549129,-0.019695857758051716,0.0012345270384564854,0.4481333149597049,0.5653873712977471,1.565387371297747,-0.13092506024986506,0.9336560224182904,0.06247174230968048,0.31370197882585404,0.37754038995810346,49587,MLP,13
-1.2586231869645417,-0.715955165966266,0.4132231404958678,0.03384994911029935,-0.021352813914724288,0.0014582451865251481,0.5293430027086288,0.6978164812814711,1.6978164812814711,-0.18511838535778224,1.0735048016067594,0.06317619627892222,0.3664184621437635,0.4409846874520379,979213,MLP,13
-3.1814936911687255,-0.9584764146365621,0.3939393939393939,0.025415635519576343,-0.02621480782029473,-0.005875542262163703,-2.1328218411654234,-0.8814975734220343,0.11850242657796577,-2.1452443660236895,1.036249325145036,0.06163657578613478,-1.5132466505543882,-1.8211926258528672,354181,MLP,13
-0.6435060929507017,-0.47455307507161737,0.39118457300275483,0.036437634667250474,-0.019001359975479578,0.0026855194715387897,0.9748435681685805,1.6507525164769494,2.6507525164769494,-0.010507955215871334,1.6183496611192822,0.0623072269582367,0.684211159081985,0.8234482574204569,269912,MLP,13
-1.2771073337644339,-0.7211572660720715,0.39944903581267216,0.03444822054067306,-0.020514475342971402,0.0014403205334155011,0.5228363536298275,0.6868052472036508,1.6868052472036508,-0.039844542276114225,1.7750986381433904,0.063133262412399,0.36216059117093,0.4358603389430116,115225,MLP,13
-1.7135949633084238,-0.8197832459371898,0.3278236914600551,0.036437563177495566,-0.019141015130072284,-0.000921040423183651,-0.33433767361566424,-0.28418796942357216,0.7158120305764278,-0.33433767361566424,1.3792572896927595,0.06156462774896376,-0.23749129943104186,-0.28582082310875956,736342,MLP,13
-1.9176360573619604,-0.8530460574615295,0.38016528925619836,0.03019378567620626,-0.023856026294330757,-0.0033081638923084192,-1.2008634929079562,-0.6990657548978001,0.30093424510219985,-1.2070940902922302,0.7105419670697302,0.06303403841358103,-0.8331288150567628,-1.0026706841287538,358468,MLP,13
-0.6697974228300154,-0.48818775123758074,0.371900826446281,0.03507846334983629,-0.020251695132046416,0.0003256365347694655,0.11820606212131679,0.12547600544740245,1.1254760054474024,-0.16293685347773135,0.6029477396514267,0.062490952326551934,0.0827210906591458,0.09955484801882812,396280,MLP,13
-1.1342179286293685,-0.6783264053043847,0.3608815426997245,0.03542659051168909,-0.020741275007884693,-0.00047132904903024464,-0.1710924447979778,-0.15725633739718825,0.8427436626028117,-0.3593406018335372,0.7748773267958313,0.06307453196610593,-0.11862341999633401,-0.1427633080645675,935943,MLP,13
-0.4350431002676487,-0.35276322960117446,0.4132231404958678,0.03744005199677,-0.017624210324706815,0.005129617080862117,1.862051000352949,5.436925378109796,6.436925378109796,-0.010507955215871334,1.862051000352949,0.06241596154395454,1.3046365815314227,1.5701303689206634,547730,MLP,13
-2.456745956093073,-0.9142865871331359,0.3168044077134986,0.027232989018944942,-0.0203648527188512,-0.005285646658667851,-1.9186897370964289,-0.8532008183041823,0.14679918169581774,-2.149281970690936,0.30746398540213704,0.05784702484235237,-1.4504987886695218,-1.7456755623848017,165255,MLP,13
-0.4105029068887234,-0.33668342023658016,0.42424242424242425,0.03787938550767767,-0.018200596572795623,0.005590910976496081,2.0295006844680756,6.610285476198444,7.610285476198444,-0.02803343441337347,2.209488697582856,0.0629508997826214,1.409875960202894,1.6967859807573755,502122,MLP,13
-0.42235338129103184,-0.34449764380930703,0.41597796143250687,0.03388095952706128,-0.021425586990036844,0.0015807174840177466,0.5738004466984421,0.7750000421936374,1.7750000421936374,-0.010507955215871334,0.7661723138298839,0.06318278848948836,0.3971510712723728,0.4779713882636582,90938,MLP,13
-0.38626017794013023,-0.32040631260910324,0.3939393939393939,0.038873309264662904,-0.01782136730299416,0.004512899223658622,1.6381824181880802,4.145808080053518,5.145808080053518,-0.031892169965431094,1.818772751139477,0.06298832882084042,1.1373544205300474,1.3688062569916366,27145,MLP,13
-1.1454419209621847,-0.6819166809604652,0.4132231404958678,0.031134488936513664,-0.021516770278562754,0.0002399484053531211,0.08710127114318311,0.0910071616663497,1.0910071616663497,-0.02803343441337347,1.202660309849307,0.06171547434826013,0.061719737043755746,0.0742797150302538,591094,MLP,13
-1.258495982736349,-0.7159190319642303,0.36639118457300274,0.034150338479618826,-0.021449975061999714,-0.0010785103208557304,-0.39149924647063017,-0.3239574400875682,0.6760425599124318,-0.39149924647063017,0.8669967362657189,0.06315290291187803,-0.27110108614158895,-0.32627020767624654,869122,MLP,13
-1.486929923761636,-0.7739343700281381,0.42424242424242425,0.031451558338949914,-0.023036886824286014,7.942324496559329e-05,0.028830637922510505,0.029250263750115302,1.0292502637501153,-0.8406500064302236,0.6462799173314124,0.06320256328655859,0.01994863596376436,0.024008187098726503,586873,MLP,13
-0.6310194744728506,-0.4679508860638687,0.4325068870523416,0.03513318992658833,-0.020052318861346365,0.0038157937549229103,1.3851331330370158,2.995357783526219,3.995357783526219,-0.031986447516828775,2.0161526075098664,0.06308407581420106,0.9602082173232096,1.1556107684307113,627832,MLP,16
-1.225642565637827,-0.7064309976486332,0.3939393939393939,0.033613618079025846,-0.02174356729215519,6.380876315855051e-05,0.023162581026554108,0.02343291679618109,1.023432916796181,-0.3842940288595855,0.8413485367782414,0.06318759283112906,0.01603056339575977,0.019292786033214677,820417,MLP,16
-1.8811507965438068,-0.8475853934081556,0.3774104683195592,0.032502702556305774,-0.02243261342658043,-0.001699450094196385,-0.6169003841932863,-0.4603855544689913,0.5396144455310087,-0.6231309815775603,1.2580198149662465,0.06313887495662249,-0.4272792935792391,-0.5142307094227164,620351,MLP,16
-0.7927542505785823,-0.5474034871771822,0.4325068870523416,0.03403031687803899,-0.020206855156784425,0.0032510952825193645,1.1801475875545293,2.254854543465072,3.254854543465072,-0.010507955215871334,1.3725194546859711,0.06280535831069703,0.8217378106724205,0.9889616082301078,737923,MLP,16
-1.9003485781140625,-0.8504835080388374,0.39944903581267216,0.027523900407912402,-0.0243060894122501,-0.0036026499524055774,-1.3077619327232242,-0.7295753919151593,0.2704246080848407,-1.3201844575814903,0.5801641205325723,0.061817101823267,-0.9251532880465371,-1.1134221545156693,155556,MLP,16
-1.4163332283496857,-0.7573980460620124,0.3746556473829201,0.035396725947708436,-0.02123159321234254,-1.5473637227023107e-05,-0.005616930313408375,-0.005601184854511221,0.9943988151454888,-0.15441201999783516,1.3858712487854064,0.06319900893953234,-0.00388671246596645,-0.004677659176866688,581261,MLP,16
-0.6995205264538527,-0.5031765396016832,0.4049586776859504,0.03447167071051338,-0.021254230259391653,0.0013124569102393093,0.47642185841687024,0.6103021922237464,1.6103021922237464,-0.010507955215871334,0.9329662963282317,0.06318894705501223,0.32971917585127697,0.39681708956212763,682245,MLP,16
-2.6729995026253164,-0.9309551857018354,0.38292011019283745,0.027232738012421154,-0.026108555325273692,-0.005683101402575115,-2.0629658091347665,-0.8729234742630227,0.1270765257369773,-2.0753883339930326,0.5976111686322838,0.06294067190468274,-1.4333567658330753,-1.725045134707661,370312,MLP,16
-2.079153854865581,-0.8749640339749906,0.3939393939393939,0.0296255824859482,-0.024644504704470323,-0.003265379447638786,-1.1853327394928783,-0.69435553740645,0.30564446259355005,-1.3860420912969857,0.693111763568595,0.06311797029017402,-0.821260434864646,-0.9883870863565184,407259,MLP,16
-1.2814721069298685,-0.7223716990641911,0.3774104683195592,0.03413830651140289,-0.02091035292487987,-0.00013441258666847117,-0.048791768960654736,-0.04762057599041436,0.9523794240095856,-1.2066368842497468,0.07483522268012166,0.06307015500851228,-0.03383111495638727,-0.040715753152588054,190027,MLP,16
-3.6936442784499377,-0.9751188372642202,0.349862258953168,0.022929499314467267,-0.027911654209828603,-0.01012425339003363,-3.6751039805822074,-0.9746532301861863,0.025346769813813723,-3.6751039805822074,0.01854029786773026,0.06234069453376369,-2.578051805219223,-3.1026858278601366,617148,MLP,16
-1.1715181320905685,-0.6901038792735912,0.3581267217630854,0.03654083950588336,-0.017370211004475413,0.001936776781603488,0.7030499717220664,1.0199039721066714,2.0199039721066714,-0.5374215724878013,0.7030499717220664,0.059318574094341235,0.5183094624982618,0.6237855346752482,153340,MLP,16
-1.2979478482156992,-0.7269083561076413,0.42424242424242425,0.030036708040695106,-0.02239710944882955,-0.0001524596047887839,-0.05534283653832972,-0.05383928612111577,0.9461607138788842,-0.293281092075631,1.0046667561400682,0.061879779673124385,-0.039111664720051294,-0.04707089577689904,296164,MLP,16
-1.114760510623455,-0.6720061794701406,0.371900826446281,0.037961242213431334,-0.01924201570198005,0.0020319231921812064,0.7375881187617779,1.090886458260035,2.090886458260035,-0.279822354670614,0.834938155952841,0.06313675867842443,0.5108874983979584,0.6148531994978566,279478,MLP,16
-1.7668232680298388,-0.8291250485441821,0.39118457300275483,0.028679252452951606,-0.02442251890054925,-0.003649925147940101,-1.324922828702256,-0.7341765277602732,0.26582347223972674,-1.33115342608653,0.4356698419433087,0.06302346255347628,-0.9193523034939141,-1.1064406685258916,455928,MLP,16
-1.2321241018362343,-0.7083276226026443,0.4022038567493113,0.03101345266323945,-0.02203580716513269,-0.0006991902644651049,-0.2538060660008341,-0.22415775035225194,0.7758422496477481,-0.4917443215381354,0.7403797802980989,0.0620002839111762,-0.17902016979880522,-0.2154508077034691,890739,MLP,16
-3.5079186353832483,-0.9700407943803704,0.3581267217630854,0.021381364110857247,-0.026679017129374163,-0.009467310349125999,-3.436633656732738,-0.9678271920477408,0.03217280795225924,-3.449056181591004,0.058862453792244196,0.0582011766310921,-2.582231173148583,-3.1077156979417184,919834,MLP,16
-0.7858462729491293,-0.5442661366941854,0.418732782369146,0.03446034173861048,-0.018562093234766645,0.0036401384896226734,1.3213702717330307,2.748554397772236,3.748554397772236,-0.03653961489908397,1.9137771751265973,0.058983320373362985,0.979690643430634,1.1790578718804798,358060,MLP,16
-2.2890401394106448,-0.8986362897953964,0.39669421487603307,0.027818157433001842,-0.025394019738826306,-0.004285056893803568,-1.5554756524506956,-0.7889110462199326,0.21108895378006745,-1.5679368467535824,0.7211032926570624,0.0630188329935466,-1.0794101721237646,-1.299070343239937,357774,MLP,16
-1.6692033694125712,-0.811602911242203,0.3608815426997245,0.03198357544242198,-0.022627940201722405,-0.00291965218689344,-1.0598337438423187,-0.6534865844696338,0.34651341553036624,-1.2729269505944103,0.3962764188181609,0.06305156113416036,-0.7350815867879417,-0.8846708266414948,724450,MLP,16
-0.9019155269488692,-0.5942083899737245,0.4132231404958678,0.033341073443492256,-0.021029738081890233,0.0014375394079372411,0.5218268050812185,0.6851031947114212,1.6851031947114212,-0.010507955215871334,1.2230329802259803,0.06266592463512789,0.36415692854470005,0.43826293134425204,474154,MLP,16
-1.4558323938399553,-0.7667938362872699,0.41046831955922863,0.03508320709084154,-0.020627035584222422,0.0022402541088479104,0.813212241511792,1.2551404199682028,2.255140419968203,-0.02803343441337347,2.262852707877755,0.06316062115528535,0.5630554421904578,0.6776373295707695,309648,MLP,16
-0.4347456358373165,-0.35257067104573714,0.39669421487603307,0.03982866359486555,-0.017407398845268984,0.005297816007015791,1.923107210546732,5.842185584865494,6.842185584865494,-0.010507955215871334,2.1645668470300734,0.06295595606222554,1.335858068693636,1.6077054345368023,836489,MLP,16
-1.0731870215386152,-0.6580829179763605,0.418732782369146,0.031171197710423974,-0.022513652893480673,-3.4046029035750616e-05,-0.01235870853997767,-0.012282653338692384,0.9877173466613076,-0.21802856284193695,0.8551584586966783,0.06274744281970585,-0.008613322415388522,-0.010366135131541127,882319,MLP,16
-1.174078568816185,-0.6908963337345391,0.38016528925619836,0.03272209808473354,-0.020999394710072214,-0.0005763478624601099,-0.20921427407301962,-0.18877860669294078,0.8112213933070592,-0.6745738449972123,0.4995047238189727,0.062069469087087936,-0.1474032050050504,-0.17739978468409487,220757,MLP,16
-1.5207847119309008,-0.7814596715540997,0.3691460055096419,0.03086212876864445,-0.021366821463711917,-0.0020867131134756824,-0.757476860191673,-0.5311520953212114,0.46884790467878856,-0.9954151157289743,0.5253695962019265,0.06064309283258017,-0.5462377030507792,-0.6573971773831014,79504,MLP,16
-1.9650392732582986,-0.8598496176544357,0.39944903581267216,0.030077264579976427,-0.02408130017510795,-0.002447713702691326,-0.8885200740769506,-0.5887360572266216,0.41126394277337835,-1.1140744746662676,0.850964798592031,0.06312495771655821,-0.6155449735508609,-0.7408084903415649,111548,MLP,16
-1.7014812636189163,-0.8175868780873521,0.4132231404958678,0.02946505366979788,-0.024346418976084166,-0.002110273254645306,-0.766029191436246,-0.53514474035797,0.46485525964203,-0.9945790825877339,0.7069021810311824,0.06313386144996157,-0.5306114438706576,-0.6385909715487272,257743,MLP,16
-1.955196242313832,-0.8584633015206091,0.3856749311294766,0.03362822116053264,-0.022026704073019092,-0.0005619946165528588,-0.2040040458086878,-0.18454092801077926,0.8154590719892207,-0.6239598661195487,1.3312363761942834,0.06319201429759704,-0.1411790407458978,-0.1699090018386725,60618,MLP,16
-1.1483615832403302,-0.6828440224076966,0.35537190082644626,0.03107765764395107,-0.02092651795878465,-0.0024456952239281567,-0.8877873662859201,-0.5884346105088887,0.4115653894911114,-1.0507191368378699,0.1890631327405572,0.05889569070949733,-0.6592028653256511,-0.7933507712257828,874503,MLP,16
-3.157861698186025,-0.957483442818864,0.3415977961432507,0.02194910279602834,-0.02458375785304974,-0.008688235207083676,-3.1538293801713735,-0.9573116564234978,0.04268834357650216,-3.1538293801713735,0.004032318014651537,0.05656525822231586,-2.4382715199108365,-2.9344602284510906,832765,MLP,16
-0.6989846364594996,-0.5029102255291457,0.36363636363636365,0.03944042173327145,-0.017185526128930897,0.0034057276391426822,1.236279133008793,2.442779478272667,3.442779478272667,-0.07379560288973153,1.411181872477755,0.06295895209751393,0.8587222054554945,1.0334723342415544,475278,MLP,16
-3.444915668107569,-0.968092547254977,0.3085399449035813,0.026516993598696508,-0.025303513702168406,-0.009314817234683914,-3.3812786561902612,-0.9659960524328775,0.03400394756712253,-3.3812786561902612,0.06363701191730797,0.06235746702585462,-2.3712980420555416,-2.8538576353754026,769664,MLP,16
-2.536850627977401,-0.92088482904545,0.4049586776859504,0.026099437999786163,-0.025360171110757317,-0.0045211558511157445,-1.6411795739550143,-0.8062486366164302,0.19375136338356977,-1.6411795739550143,0.8956710540223867,0.061774158395885057,-1.1618308688845176,-1.3982636671460875,49587,MLP,16
-2.401288946159184,-0.9093989019418197,0.3746556473829201,0.027294615968404448,-0.024062213282786016,-0.004821087172147163,-1.7500546434894204,-0.8262355519047633,0.1737644480952367,-1.7500546434894204,0.6512343026697636,0.0605428470693641,-1.264102861748587,-1.5213480296107813,979213,MLP,16
-1.2512755182106048,-0.7138604122606739,0.36363636363636365,0.03152255487106176,-0.022979858545062345,-0.003160799121017216,-1.1473700809292495,-0.6825294055770578,0.31747059442294223,-1.1659845327958465,0.08529098541475832,0.06301472727845771,-0.7962603771803025,-0.958299512276019,354181,MLP,16
-2.2822252507321537,-0.8979431482356414,0.4022038567493113,0.029097921047551073,-0.02427084312435188,-0.0028057203444680455,-1.0184764850419015,-0.638855269341082,0.361144730658918,-1.0247070824261755,1.2575181683059782,0.0630400213157388,-0.7065262471290074,-0.8503044700422432,269912,MLP,16
-1.0764054213650525,-0.6591815749467671,0.41046831955922863,0.03223054072094594,-0.0209365055350169,0.0008868825975959452,0.32193838292732835,0.3797997541161533,1.3797997541161533,-0.6074242307804525,0.46898119058459997,0.06213468233281678,0.22658560796509042,0.2726958213978085,115225,MLP,16
-0.8932600705884397,-0.5906808341216208,0.4022038567493113,0.0331952695604031,-0.021769972349632925,0.0003372599337424474,0.12242535594850779,0.13023475162425013,1.1302347516242501,-0.23215488623827696,0.6611051843501627,0.06316742920717637,0.08475626661411735,0.10200418265978,736342,MLP,16
-2.5498426114208996,-0.9219060438692435,0.38016528925619836,0.02700476777787064,-0.024638734832406042,-0.005005667724366973,-1.8170573839452118,-0.8374967673119367,0.16250323268806338,-1.8295185782480985,0.7203240331728011,0.061862748107492684,-1.2844969565353244,-1.5458923264859425,358468,MLP,16
-1.0244108284823596,-0.6409920796505029,0.3884297520661157,0.03283734043815721,-0.02205216219053008,-0.000731446293436671,-0.26551500451751053,-0.23318906282882268,0.7668109371711773,-0.4836460442747921,0.5407647842075676,0.06315094610292701,-0.18386660304464172,-0.22128349101770084,396280,MLP,16
-2.763158999849111,-0.936907854856195,0.39118457300275483,0.02809130012641438,-0.02549395822325713,-0.004532231816498578,-1.6452001493889838,-0.8070260646869853,0.19297393531301463,-1.875715043162927,0.8874439566861838,0.06302867196848597,-1.1414955666410316,-1.3737901271076818,935943,MLP,16
-1.3837231528013945,-0.7493563708226205,0.3691460055096419,0.03380035672253415,-0.02180638694708687,-0.0012793796420477073,-0.4644148100633174,-0.3714972088953693,0.6285027911046307,-0.6775080168154091,0.7062151359859854,0.06314917384722005,-0.32161184310848234,-0.3870599130958168,547730,MLP,16
-2.0320578180253506,-0.8689344655672558,0.3939393939393939,0.03465511438996902,-0.02096020475410941,0.0009488603632548196,0.34443631186150014,0.4111942219820037,1.4111942219820037,-0.03001019195653498,2.3640716050285846,0.06317343856223874,0.23843393114896141,0.2869552805568836,165255,MLP,16
-1.0508584945928305,-0.650362541636849,0.4214876033057851,0.028830325329871058,-0.02424961527521234,-0.0018770783259623152,-0.6813794323243201,-0.4940813697073816,0.5059186302926184,-0.8995104720816016,0.15134802251122892,0.06307332099348065,-0.4724294548307401,-0.5685689369001584,502122,MLP,16
-1.0992420390248299,-0.6668765173685276,0.371900826446281,0.03149139735571764,-0.02050703272362354,-0.0011687736032074004,-0.4242648179642856,-0.3457493983464536,0.6542506016535464,-0.44910986721515656,0.6501321718096733,0.058579380630303886,-0.3167275850052931,-0.3811817075587144,90938,MLP,16
-1.1780217713676393,-0.6921127921528415,0.42424242424242425,0.03061547636526165,-0.02365294722595105,-0.000629979641800206,-0.22868260997347534,-0.20441899708704436,0.7955810029129556,-0.47165869851596653,0.7063630728516728,0.0631994648773372,-0.15823894709917893,-0.19044060231302581,27145,MLP,16
-1.2732129874639213,-0.7200692387001679,0.4214876033057851,0.029315914941975982,-0.022285408296045802,-0.0005360902370448867,-0.19460075604729354,-0.17683676459578035,0.8231632354042197,-0.42007781681604683,0.8531351706478745,0.061010282247529295,-0.13948744984550943,-0.16787317187491976,591094,MLP,16
-1.1313530299812555,-0.6774035217050445,0.36363636363636365,0.032513076106128705,-0.021677496334037934,-0.001971833628522792,-0.7157756071537733,-0.5111871620023982,0.4888128379976018,-0.7341192835010588,0.3972337464801967,0.0629821979435024,-0.49699580943922644,-0.5981345492480669,869122,MLP,16
-2.9281529285945,-0.9465042425697887,0.3415977961432507,0.02549890023017783,-0.023629814770197394,-0.006847553998719355,-2.4856621015351266,-0.9167295972054416,0.08327040279455845,-2.7112165021244437,0.21693642647005618,0.05813009242093016,-1.8699703594320298,-2.2505096759430407,586873,MLP,16
-0.8781129769049585,-0.5844336444287678,0.42265193370165743,0.03183751825389324,-0.022586134680141316,0.00041612747153627234,0.15063814469613135,0.16257589770449,1.16257589770449,0.003490431234240532,1.0225591941270977,0.06327359796886654,0.10440087228124555,0.12564646923986547,627832,MLP,19
-0.7254882911220193,-0.5159118647029084,0.4198895027624309,0.036450836979048815,-0.01943932114324222,0.004028369560040204,1.458269780734554,3.298515715784003,4.298515715784003,-0.03527887281961739,1.6506416478659958,0.06314532233817066,1.0127176788662657,1.2188059151800426,820417,MLP,19
-2.047808432020247,-0.8709826557386942,0.4005524861878453,0.030398883852015796,-0.02335366862611459,-0.0018229500920568381,-0.6599079333245754,-0.48310107853369166,0.5168989214663083,-0.6847529825754464,1.3630554494448006,0.06319930526671667,-0.4578916722938778,-0.5510727129087248,620351,MLP,19
-0.4450622075237334,-0.3592155868191439,0.425414364640884,0.03430699436719735,-0.02005813659791154,0.0030695710502287067,1.1111847201827914,2.0379553903635053,3.0379553903635053,-0.017525479197502136,1.3159404422622174,0.06239686806967269,0.7809355067129523,0.9398560278136124,737923,MLP,19
-1.5197135754860938,-0.7812254596295704,0.35359116022099446,0.031933248430505046,-0.022943993139828946,-0.003539885623246763,-1.2814385956153274,-0.7223623952189818,0.2776376047810182,-1.2876691929996014,0.2320443824864924,0.06312829007779722,-0.890154669215519,-1.0713013102324624,155556,MLP,19
-1.91873825667426,-0.8532079407657133,0.39779005524861877,0.030154558286691707,-0.0239818920092999,-0.0024469504550932945,-0.8857960647437721,-0.5876142431858247,0.4123857568141753,-1.0988892714958638,0.8198489851783961,0.06320211295042162,-0.6146018295070301,-0.7396734163091113,581261,MLP,19
-1.0192057499662042,-0.6391185435157698,0.3756906077348066,0.03343803365543649,-0.02016364192936273,-2.5995853305565975e-05,-0.009410498896613717,-0.009366358720744539,0.9906336412792555,-0.22584673040546477,0.7933590195607394,0.06209654446098593,-0.006645641579169309,-0.007998030878581714,682245,MLP,19
-1.0789646920748055,-0.6600527063533206,0.3756906077348066,0.036315138472298926,-0.019222226405961322,0.0016426399571419746,0.594635664485395,0.8123705137144139,1.812370513714414,-0.21515932073816657,1.455469316802919,0.06199830144026372,0.42059379556418147,0.5061847113161181,370312,MLP,19
-1.4574461814481765,-0.7671698779970938,0.3370165745856354,0.03272509016669126,-0.021710644359700382,-0.0033648995745628654,-1.2180936459917575,-0.7042064830622476,0.2957935169377524,-1.436224685749039,0.02122149569913745,0.06145152954416147,-0.8692399548430344,-1.0461304475888653,407259,MLP,19
-0.9363633645698428,-0.6079490074318943,0.39226519337016574,0.03535696842976597,-0.02039939129555767,0.001471887933712928,0.5328234320040792,0.7037359065965043,1.7037359065965043,-0.11372038698755205,0.8226429775822908,0.06321710245582923,0.3696072055579045,0.4448223407450043,190027,MLP,19
-2.230871880892664,-0.8925652809894524,0.4088397790055249,0.028297234902384918,-0.025468527926915438,-0.003486945333720815,-1.262274210806936,-0.7169903295742335,0.2830096704257665,-1.487828611396253,0.7430432694964111,0.06319025697065896,-0.8759822128198759,-1.0542447563200448,617148,MLP,19
-0.5560911851935089,-0.42655381630961164,0.40607734806629836,0.03536145587698841,-0.02007763544855596,0.0024349237361264257,0.8814423924777657,1.4143796791583068,2.4143796791583068,0.003490431234240532,1.1108897931408137,0.06315117052177013,0.6120744189510747,0.7366316772341746,153340,MLP,19
-1.00708549330011,-0.6347179533667566,0.39502762430939226,0.03589347956239708,-0.0195680378838421,0.002340793593539673,0.8473672808613628,1.3334953200622377,2.3334953200622377,-0.10987363755702972,1.5231908180285245,0.06306595937971726,0.5892076594047002,0.7091115278601441,296164,MLP,19
-0.5267596147023141,-0.4094846298866286,0.4281767955801105,0.03360932628293672,-0.021441042518855077,0.0021302479901994225,0.7711497724521905,1.1622509216542993,2.1622509216542993,0.003490431234240532,0.9759054945316166,0.0632517132702605,0.5346359288844243,0.643434440012538,279478,MLP,19
-0.42235338129103184,-0.34449764380930703,0.4171270718232044,0.03388095952706128,-0.021477329320720093,0.0016141116074981036,0.5843084019143134,0.7937500024906563,1.7937500024906563,0.003490431234240532,0.7766802690457553,0.06326703079254427,0.40500126352500915,0.48741909610215955,455928,MLP,19
-0.42235338129103184,-0.34449764380930703,0.4171270718232044,0.03388095952706128,-0.021477329320720093,0.0016141116074981036,0.5843084019143134,0.7937500024906563,1.7937500024906563,0.003490431234240532,0.7766802690457553,0.06326703079254427,0.40500126352500915,0.48741909610215955,890739,MLP,19
-0.9291174286045134,-0.6050979140991166,0.40607734806629836,0.03383030104419204,-0.021414276874126042,0.0010192948219865505,0.3689847255591303,0.4462655126089716,1.4462655126089716,-0.3185102434363216,0.6106071851681918,0.06317019823342955,0.2561461594595842,0.308271950628422,919834,MLP,19
-1.0553919724188745,-0.6519440277767059,0.3839779005524862,0.031180878751073702,-0.02199063260492455,-0.001573947305245663,-0.5697689244989306,-0.4343438671268186,0.5656561328731814,-0.5821527789812535,0.473239193437621,0.061711174167898564,-0.40488030272156117,-0.4872735197526755,358060,MLP,19
-1.1320729102008045,-0.6776356689595315,0.4171270718232044,0.032132507201641895,-0.022444048638221636,0.00032131028945624543,0.11631432478316128,0.1233489130491019,1.123348913049102,-0.12666176375932992,1.0054111464414746,0.06327161915560438,0.08061501800642049,0.09702018918892188,357774,MLP,19
-2.940584249794483,-0.9471651490317564,0.39502762430939226,0.026146056601074295,-0.025771697617420868,-0.005262750509009796,-1.9051156842615455,-0.8511945728195756,0.14880542718042442,-1.9299607335124165,1.0106235162820667,0.06273309283436093,-1.3317305202008398,-1.6027379291567792,724450,MLP,19
-1.6143913315609097,-0.8009882342355413,0.39502762430939226,0.03421669142724542,-0.02121300128773365,0.0006832585416641571,0.24733959208242595,0.28061392529432183,1.2806139252943218,-0.20980711630545557,1.4045842152554542,0.06325243298977756,0.1714778796916328,0.20637366015439432,474154,MLP,19
-1.1403679992072284,-0.6802986496773449,0.3701657458563536,0.034569346566628946,-0.020749739664320817,-0.0002725088495493574,-0.0986482035368681,-0.09393859884098921,0.9060614011590108,-0.27947300812229514,0.8608949910849333,0.06304456989901222,-0.06861723194814391,-0.08258085143265549,309648,MLP,19
-0.42235338129103184,-0.34449764380930703,0.4171270718232044,0.03388095952706128,-0.021477329320720093,0.0016141116074981036,0.5843084019143134,0.7937500024906563,1.7937500024906563,0.003490431234240532,0.7766802690457553,0.06326703079254427,0.40500126352500915,0.48741909610215955,836489,MLP,19
-1.0005753845907748,-0.6323321701054985,0.3701657458563536,0.034648623103762405,-0.0198244302954296,0.00033962814515528517,0.12294538854621351,0.13082266339154724,1.1308226633915472,-0.09055151580832899,0.9228887611534446,0.062325627909094315,0.0865042173305965,0.10410784167269756,882319,MLP,19
-2.0348472334444523,-0.8692995523638221,0.35082872928176795,0.03313260963259954,-0.022538767696576232,-0.0030076491308156685,-1.088768985355273,-0.6633693640104064,0.3366306359895936,-1.1011528398375958,0.9336943936068565,0.06317020120508028,-0.7558144326858222,-0.9096228105420247,220757,MLP,19
-2.7927455794997513,-0.9387471916195934,0.3370165745856354,0.03112032010265794,-0.023451209677538522,-0.00505969964111872,-1.8316112700849771,-0.8398446936874487,0.16015530631255126,-2.044704476837069,0.7480411026626825,0.06298757786038503,-1.2751759074230635,-1.5346744421428695,79504,MLP,19
-1.0740696298889816,-0.6583845637109836,0.40331491712707185,0.033708561210229686,-0.021070628263125266,0.0010226359996090527,0.370194231858477,0.4480158381585089,1.4480158381585089,-0.3632853829767555,0.7107842469122261,0.06315470647045271,0.25704882703936077,0.30935831122884583,111548,MLP,19
-1.9421675875782967,-0.8566072037706762,0.35911602209944754,0.03077570240264042,-0.022526436878753633,-0.003384784650628695,-1.2252920435275882,-0.706328077185533,0.29367192281446697,-1.2252920435275882,0.7168755440507084,0.06256970301497544,-0.858750928537616,-1.0335069024762387,257743,MLP,19
-0.8045742884278297,-0.552721702417831,0.4088397790055249,0.03477148280944675,-0.02097652255335527,0.0018154796391715265,0.657203629380092,0.9293894956529667,1.9293894956529667,-0.014448759146034718,1.2486847110558301,0.06325980617839466,0.45557910392614764,0.5482895364473411,60618,MLP,19
-1.8509788238443434,-0.8429166658743882,0.4005524861878453,0.029979925318460526,-0.023584066354776927,-0.002128876319916621,-0.7706532278098166,-0.5372892859374481,0.4627107140625519,-0.9962076283991337,0.8547711954452097,0.06312933611299706,-0.5353274082685131,-0.6442666355801081,874503,MLP,19
-0.5440544048324227,-0.4196096617573096,0.4419889502762431,0.03294900414475706,-0.0216628748123617,0.002474972240508468,0.8959399510640651,1.4496372468009318,2.4496372468009318,0.003490431234240532,1.0634667694102973,0.06323912794258518,0.6212762190002515,0.7477060453076104,832765,MLP,19
-0.7803315594792366,-0.5417459523592749,0.4281767955801105,0.03293571178050291,-0.021945439851595368,0.0015533957919826279,0.5623292766977102,0.7547550538089105,1.7547550538089105,0.003490431234240532,1.1047225806396455,0.06326855487393346,0.3897574991016772,0.4690732227788387,475278,MLP,19
-1.386885602492839,-0.7501477666560523,0.35082872928176795,0.032013692995753344,-0.020958112975820266,-0.0023740815990527277,-0.8594175388570875,-0.5765913704170165,0.4234086295829835,-1.0775485776830465,0.30933702480979264,0.06172343541755556,-0.6105845658890414,-0.7348386387964648,769664,MLP,19
-3.043615704867989,-0.9523377550446692,0.35911602209944754,0.027556954671700412,-0.02538343579990083,-0.0063716933653478955,-2.3065529982559383,-0.9003960043527452,0.09960399564725479,-2.5072623500600457,0.5363533548079431,0.06291785726787955,-1.607611906104465,-1.9347612284871831,49587,MLP,19
-1.1152356807142496,-0.6721619953011788,0.42265193370165743,0.03285421300801187,-0.022072744795286127,0.0011422401326271116,0.41349092801101506,0.5120871696962082,1.5120871696962082,-0.017525479197502136,1.2857505201827735,0.06327599095605448,0.28656208613604733,0.34487752404988803,979213,MLP,19
-1.198821781668812,-0.6984507064052785,0.40607734806629836,0.03420847977296177,-0.02129180811475529,0.0012456016076049532,0.4509077819529921,0.5697365173823956,1.5697365173823956,-0.017525479197502136,1.4191373300272971,0.06325403741508016,0.3126015876038881,0.37621606891746984,354181,MLP,19
-0.42235338129103184,-0.34449764380930703,0.4171270718232044,0.03388095952706128,-0.021477329320720093,0.0016141116074981036,0.5843084019143134,0.7937500024906563,1.7937500024906563,0.003490431234240532,0.7766802690457553,0.06326703079254427,0.40500126352500915,0.48741909610215955,269912,MLP,19
-0.7846284471452236,-0.5437107941491329,0.4171270718232044,0.0363673204525269,-0.018607584798214206,0.004323936452785537,1.5652649959083647,3.7839424931256413,4.783942493125641,-0.017525479197502136,1.9372076143044978,0.06218899861733378,1.1037380366239233,1.3283489326980435,115225,MLP,19
-0.42235338129103184,-0.34449764380930703,0.4171270718232044,0.03388095952706128,-0.021477329320720093,0.0016141116074981036,0.5843084019143134,0.7937500024906563,1.7937500024906563,0.003490431234240532,0.7766802690457553,0.06326703079254427,0.40500126352500915,0.48741909610215955,736342,MLP,19
-2.6352081638760865,-0.9282959583363077,0.34806629834254144,0.03217285577326067,-0.022810147886788,-0.003672417331080452,-1.3294150738511235,-0.7353679937814959,0.26463200621850413,-2.1421449163462967,0.4930632475297898,0.06311534774087026,-0.9236710229379583,-1.1116382481813558,358468,MLP,19
-2.5505629619583488,-0.92196227863571,0.3812154696132597,0.027775570672626298,-0.02583367804826204,-0.005397003121514549,-1.953715129988268,-0.8582535144512153,0.14174648554878472,-1.966098984470591,0.5844639774877578,0.06305139987767067,-1.3588083480084974,-1.6353260999677655,396280,MLP,19
-1.9810223700478673,-0.8620718484086698,0.35082872928176795,0.035149312077647474,-0.021591007866044627,-0.001684873521158172,-0.6099242146592587,-0.4566079513343604,0.5433920486656396,-1.0298800349701196,0.9511423350777477,0.06324277227936531,-0.4229184933156429,-0.5089824854930821,935943,MLP,19
-1.5251772901974618,-0.7824175217950005,0.34806629834254144,0.030721009963945972,-0.02171310934956359,-0.003462559533259158,-1.253446551039815,-0.7144809568443224,0.2855190431556776,-1.278291600290686,0.24688568990677595,0.05902475154005196,-0.9312437090270435,-1.1207519773003252,547730,MLP,19
-1.6238819840364158,-0.8028680512878068,0.4143646408839779,0.028973521262717742,-0.02457218378439616,-0.002384736941669406,-0.8632747728843242,-0.5782214108457534,0.4217785891542466,-0.8756972977425903,0.7481846862938255,0.063216470244423,-0.5988395934386369,-0.7207035622643704,165255,MLP,19
-2.6011244198307395,-0.92580988953472,0.4281767955801105,0.028280483917783827,-0.02532618902038765,-0.0023730555800103564,-0.8590461199637502,-0.5764340792437388,0.42356592075626115,-1.0845231807325035,1.516601239098236,0.06323885052311017,-0.5956953543689514,-0.7169194699582472,502122,MLP,19
-3.551129955565557,-0.9713077995813076,0.3314917127071823,0.025341813693133493,-0.026828308587832268,-0.009534345400771792,-3.45143303507939,-0.9682998236517909,0.031700176348209055,-3.4762780843302608,0.07485187123529613,0.06253422848281939,-2.4203231532150484,-2.9128593657890143,90938,MLP,19
-1.286624891217798,-0.7237985784531793,0.3867403314917127,0.03222128369213481,-0.022298987149386794,-0.0012137995311187685,-0.4393954302649945,-0.355574096265582,0.644425903734418,-1.0588678421918303,0.22775704902596772,0.06316305589399931,-0.3050591826541592,-0.36713878315535686,27145,MLP,19
-0.57367406738922,-0.4365485275936021,0.4171270718232044,0.03666105262922826,-0.019453809877981152,0.003953218405412828,1.4310650627594441,3.1831521397289846,4.183152139728985,-0.02454300317913294,1.6846037071663886,0.06316261697478905,0.993552827289002,1.1957410127364847,591094,MLP,19
-0.709566478151828,-0.5081426178311332,0.4171270718232044,0.03453546690766928,-0.020350958028658165,0.0025436556878762114,0.9208033590111881,1.5113070609296875,2.5113070609296875,-0.026935865869745612,1.1743420034181327,0.0631204721195997,0.6397176838294601,0.7699003516651203,869122,MLP,19
-1.3223830740898848,-0.7335005433166331,0.3756906077348066,0.03577818856266437,-0.01971085047538895,0.0011358603234377096,0.4111814370844513,0.5085990475412521,1.508599047541252,-0.023500541923567653,1.733564511174336,0.06306649059405317,0.28590814979055884,0.34409051153626735,586873,MLP,19
-1.609726709779352,-0.8000577511294624,0.407202216066482,0.03070886177485999,-0.023889132668742926,-0.0016567083385223488,-0.5980717102065682,-0.45012907504986166,0.5498709249501383,-0.8111649169586599,0.7985617928206921,0.06335000827074953,-0.4151448479656481,-0.49962690186617015,627832,MLP,22
-1.6436473615467548,-0.8067261843413416,0.38227146814404434,0.035684807182195175,-0.020953965700135437,0.0006974211634701716,0.25176904001273215,0.2862989193929435,1.2862989193929435,-0.9476861630100757,0.6959611985366791,0.06335744598622207,0.1747421723423002,0.2103022369675947,820417,MLP,22
-0.42235338129103184,-0.34449764380930703,0.4155124653739612,0.034036779555802546,-0.021477329320720093,0.001589474921602333,0.5738004466984421,0.7750000421936374,1.7750000421936374,-0.007017523981630802,0.7661723138298839,0.06335310183421809,0.39827777039913864,0.4793273708726196,620351,MLP,22
-1.5134244803339243,-0.7798452300801406,0.40443213296398894,0.030641129342456386,-0.023703778661830828,-0.0017249516019251943,-0.6227075282949954,-0.46351009221238304,0.536489907787617,-0.8284547131042928,0.6849697672296315,0.06326847445332606,-0.43280256099899944,-0.5208779627913566,737923,MLP,22
-2.51559696206823,-0.9191853454791732,0.37950138504155123,0.028826637841067718,-0.02534867391971472,-0.0047890680714399465,-1.72885357378982,-0.822512229989509,0.17748777001049099,-1.753698623040691,0.7618983390275389,0.06319025027674051,-1.203098554599685,-1.4479293345922652,155556,MLP,22
-2.9695234408136457,-0.9486722347776133,0.3074792243767313,0.027162503421742906,-0.022625176847912373,-0.00731649953508208,-2.6412563321646303,-0.9287283276081818,0.07127167239181817,-2.8791945877019316,0.09032885311171412,0.060822349685868526,-1.90959129372581,-2.298193477746797,581261,MLP,22
-1.7656736124772578,-0.8289284882407714,0.40166204986149584,0.02765614728860814,-0.0256109980088055,-0.0042156072383762,-1.5218342130538076,-0.7816889095603903,0.21831109043960967,-1.7399652528110892,0.02570835966616869,0.06314614674511126,-1.0597747244551263,-1.2754390783127405,682245,MLP,22
-0.9047582619823515,-0.5953603099225067,0.37950138504155123,0.03437697033255096,-0.021082128714104847,-3.532381274239625e-05,-0.012751896400004625,-0.012670935469625388,0.9873290645303746,-0.23088294453918934,0.6738753174431622,0.06328152804997579,-0.008861166291798867,-0.010664415282973112,370312,MLP,22
-1.0723943463526666,-0.6578117813423445,0.4265927977839335,0.03083592999043161,-0.022963345994506987,-1.2962333342048452e-05,-0.004679402336478233,-0.00466847099073342,0.9953315290092666,-0.22281044209375978,0.8495839042589068,0.06315372877199443,-0.003258250409061117,-0.003921304974301624,407259,MLP,22
-2.506546672899276,-0.9184506298069264,0.39058171745152354,0.028745765304060797,-0.025248413302258334,-0.004159274289817898,-1.501498018624261,-0.777203842753363,0.22279615724663707,-1.507728616008535,0.998818056890741,0.06322874163610387,-1.0442471370405437,-1.2567516239665744,190027,MLP,22
-1.4218258587643504,-0.7587269160959994,0.40443213296398894,0.03621126238530987,-0.019567079282214128,0.0029914744115767406,1.0799222625792027,1.944450648169425,2.944450648169425,-0.038427663734182715,2.476903072092682,0.0631421617690581,0.7520835959395821,0.9051327478228876,617148,MLP,22
-1.1345221470110118,-0.6784242494410333,0.40166204986149584,0.03292222585657547,-0.02157157899798929,0.0003165143646475226,0.11426168563775718,0.12104544799626993,1.12104544799627,-0.307384253712371,0.8271378932986408,0.06324002960193559,0.07945141397068493,0.09561979151514023,153340,MLP,22
-0.8719970816746354,-0.5818842963101978,0.296398891966759,0.03857416246591188,-0.017043392118946538,-0.0005584105660937644,-0.2015862143598497,-0.18256689994938513,0.8174331000506149,-0.22102874889969826,0.6641802699305117,0.061299238209063515,-0.14461016454881012,-0.17403835997467954,296164,MLP,22
-1.100836378056556,-0.6674072059780757,0.3961218836565097,0.03322703666802678,-0.022330028860436734,-0.00032265941287362536,-0.11648004804737866,-0.10995214500784312,0.8900478549921569,-0.322227232856676,0.77860914519988,0.0633684380188803,-0.0808298191964312,-0.09727870246111622,279478,MLP,22
-2.5870823063887656,-0.9247607547918149,0.3961218836565097,0.0270864120456618,-0.026157560242433955,-0.005066457646318462,-1.8289912103209645,-0.8394245270228603,0.16057547297713967,-1.8414524046238512,0.7456299017649144,0.0631255966514755,-1.274087312081221,-1.533364317446162,455928,MLP,22
-2.7871534624136984,-0.9384036992135385,0.40166204986149584,0.027312553452392075,-0.025955150336139248,-0.00455953524102279,-1.6459922220092267,-0.8071788535396458,0.19282114646035414,-1.8715466225985438,0.9156068398151547,0.06319191041383486,-1.145405758057933,-1.378496043206373,890739,MLP,22
-2.260230856947601,-0.8956736024991642,0.4182825484764543,0.028611342384116046,-0.024930018856234495,-0.002534601827722218,-0.9149912598077208,-0.5994798733015602,0.40052012669843984,-0.9274137846659869,1.332817072281614,0.06324968347033474,-0.6361384665459678,-0.7655927629976461,919834,MLP,22
-0.8772556390613317,-0.5840772108954525,0.43213296398891965,0.03368640014340576,-0.021376365842297674,0.002418070428532617,0.8729234247002751,1.3938990173792591,2.393899017379259,-0.007017523981630802,1.5122408082243055,0.06332681623105917,0.6061520272732983,0.7295040777466572,358060,MLP,22
-1.3852895214222372,-0.7497486638204491,0.3961218836565097,0.031073460887817966,-0.023623878741850478,-0.0019570655367463583,-0.7065006587654352,-0.5066323580245848,0.4933676419754152,-0.7189231836237013,0.6663663377985358,0.06333468554601948,-0.4905282467304929,-0.5903508363232299,357774,MLP,22
-0.6897863438352942,-0.49831675466569214,0.4293628808864266,0.039146889411213415,-0.017240034436662364,0.006970417630985132,2.5163207647856325,11.382952951533104,12.382952951533104,-0.04661392280831933,2.5411658140365034,0.06298035747482215,1.756927936766881,2.1144630992062683,724450,MLP,22
-0.7603857181966305,-0.532513925656053,0.4182825484764543,0.03575997091891454,-0.020043013718289635,0.0032984009083525546,1.1907227279152721,2.2894577314181457,3.2894577314181457,-0.007017523981630802,1.7205935523379594,0.06328193426203238,0.8274160987136177,0.9957954289455268,474154,MLP,22
-1.1812266600318253,-0.6930979568602729,0.3988919667590028,0.037078372647455476,-0.019185394299761627,0.0032577703550839762,1.1760550981853157,2.2415613056183337,3.2415613056183337,-0.06976287951692939,1.7708846491295844,0.0630672847211232,0.8200051953615118,0.9868764053806511,309648,MLP,22
-2.2556311949156225,-0.8951926310245194,0.39058171745152354,0.025800422558904433,-0.023724982856815173,-0.004381264952060423,-1.5816366476938128,-0.7943617347509491,0.2056382652490509,-1.5878672450780869,0.6677639498375356,0.05804826227787984,-1.1981482686470437,-1.4419716645260465,836489,MLP,22
-1.046071043703705,-0.64868465628379,0.39058171745152354,0.034027924954376,-0.021068800842939793,0.0004509729449314742,0.16280123312026262,0.17680275702812387,1.1768027570281239,-0.4135202099569142,0.6325508337467909,0.06322893392806958,0.11322306287793539,0.13626397726651387,882319,MLP,22
-0.7907058312557638,-0.5464754295337835,0.4265927977839335,0.03471603908563976,-0.020488373781126983,0.0030614311537264186,1.105176646495238,2.01975785133601,3.01975785133601,-0.007017523981630802,1.5375163208227605,0.06328538958982254,0.7679294264793387,0.9242032078294875,220757,MLP,22
-0.42235338129103184,-0.34449764380930703,0.4155124653739612,0.034036779555802546,-0.021477329320720093,0.001589474921602333,0.5738004466984421,0.7750000421936374,1.7750000421936374,-0.007017523981630802,0.7661723138298839,0.06335310183421809,0.39827777039913864,0.4793273708726196,79504,MLP,22
-1.3724589543417096,-0.7465171102646062,0.42382271468144045,0.031019605525763206,-0.02328392048926057,-0.000268852676798971,-0.09705581632442772,-0.09249464889350012,0.9075053511064999,-0.4450844887178391,0.9273744656238705,0.06335535468948823,-0.06736453380558113,-0.08107322898470948,111548,MLP,22
-0.4604759546928108,-0.3690167454147426,0.42382271468144045,0.035973854429922465,-0.019578029635550383,0.003966120674746974,1.4317695635836571,3.186100212197042,4.186100212197042,-0.05881167924962938,1.5998987017665058,0.06323514860164275,0.9956521846250156,1.1982675896814776,257743,MLP,22
-1.1544570997357368,-0.6847713718380013,0.42382271468144045,0.03181183112334777,-0.02291406052021417,0.0002800154395226056,0.10108557366766036,0.10637131396377209,1.106371313963772,-0.12446882692165673,1.0299882728140801,0.06337213987842069,0.07014292567584898,0.08441702411817803,60618,MLP,22
-0.42235338129103184,-0.34449764380930703,0.4155124653739612,0.034036779555802546,-0.021477329320720093,0.001589474921602333,0.5738004466984421,0.7750000421936374,1.7750000421936374,-0.007017523981630802,0.7661723138298839,0.06335310183421809,0.39827777039913864,0.4793273708726196,874503,MLP,22
-2.937659735325724,-0.9470104065826693,0.4099722991689751,0.02574501702612316,-0.027118017712275677,-0.005445637819524906,-1.965875252848491,-0.8599667315543987,0.1400332684456013,-2.191429653437808,0.7462300818879157,0.06311801358095885,-1.36960616310689,-1.648321272450263,832765,MLP,22
-0.42235338129103184,-0.34449764380930703,0.4155124653739612,0.034036779555802546,-0.021477329320720093,0.001589474921602333,0.5738004466984421,0.7750000421936374,1.7750000421936374,-0.007017523981630802,0.7661723138298839,0.06335310183421809,0.39827777039913864,0.4793273708726196,475278,MLP,22
-0.7443592194467783,-0.5249614020690333,0.4293628808864266,0.03292695012304091,-0.020981781920463353,0.0021646265746700557,0.7814301934558898,1.1845944249703586,2.1845944249703586,-0.0428627070505172,1.3126962061505765,0.06234916456393582,0.5511281799478562,0.6632828672398062,769664,MLP,22
-2.1043878085911274,-0.8780797100187052,0.3850415512465374,0.030356449188945964,-0.021409022836811707,-0.0014771651870047371,-0.53325663250871,-0.41330878251550085,0.5866912174844992,-0.9531744371633977,1.1512133714277297,0.05912382261420046,-0.3966128938257866,-0.47732369160643184,49587,MLP,22
-1.5144183686934412,-0.7800639306432812,0.41274238227146814,0.03315573752913999,-0.02209639056686769,0.0007085044090468402,0.2557700916659087,0.2914557773589801,1.29145577735898,-0.007017523981630802,1.7577272660564631,0.06336738154222597,0.1774912982208296,0.21361081047455394,979213,MLP,22
-0.655520997941494,-0.4808284951721473,0.4099722991689751,0.03517138819222817,-0.0206909705436583,0.002211049104295159,0.798188726650551,1.2215135139959186,2.2215135139959186,-0.007017523981630802,1.4412871997337788,0.0633288273349613,0.5542391652612476,0.6670269386440346,354181,MLP,22
-1.5240720510482788,-0.7821769081786112,0.407202216066482,0.030273683646339037,-0.02351333031639735,-0.0016111390351722845,-0.5816211916971952,-0.4410086006352536,0.5589913993647464,-0.8195594472344965,0.7045126038137823,0.06282261773370158,-0.4071151475428895,-0.4899631559114852,269912,MLP,22
-1.7455996321514249,-0.8254597023923695,0.3961218836565097,0.032095738196537105,-0.022967668171168878,-0.0011558479202493331,-0.417261099210009,-0.34115112743576126,0.6588488725642387,-1.046939253108576,0.698660379042849,0.06334897763261367,-0.2896418788122547,-0.34858405510945434,115225,MLP,22
-3.0295784815680236,-0.9516639916489984,0.39058171745152354,0.024040391642256832,-0.027914581664795563,-0.007621918960378978,-2.751512744696811,-0.9361687722170338,0.06383122778296628,-2.977067145286128,0.05251133628189564,0.06288753860609879,-1.9239775506457892,-2.3155073406300835,736342,MLP,22
-0.9982155323959887,-0.6314635038112656,0.37950138504155123,0.034130721006297715,-0.019124722301577485,0.001085792194762963,0.39197098230943084,0.47989476765078454,1.4798947676507845,-0.04925854760222137,0.9578848551027477,0.061738750308061245,0.27918311677870633,0.33599693305366124,358468,MLP,22
-1.3121797475032508,-0.7307674426771228,0.3296398891966759,0.03477492441517152,-0.021157947340056545,-0.002720241692211283,-0.9820072508882731,-0.6254414891160307,0.3745585108839693,-1.0701902352739125,0.2419895122293383,0.06262481861386811,-0.6895428856686656,-0.8298649913608024,396280,MLP,22
-1.7413769215345383,-0.8247211108930069,0.37119113573407203,0.030930168443679143,-0.023771462135328728,-0.003466701754201152,-1.2514793332666159,-0.7139187258739779,0.2860812741260221,-1.2577099306508899,0.4836669908836484,0.06325263265554583,-0.8700378459687813,-1.0470907097073452,935943,MLP,22
-0.9970404556952417,-0.6310301906229636,0.43213296398891965,0.03129071307231266,-0.02299442619948489,0.00046397193458829096,0.16749386838637292,0.18233804052265468,1.1823380405226547,0.007017523981630802,1.152073129778728,0.06335829665749465,0.1162488026662192,0.13990545566539442,547730,MLP,22
-1.7870391458272934,-0.8325447530537919,0.41274238227146814,0.031603774179285705,-0.023217886675342497,-0.0005906637741247608,-0.2132296224590391,-0.1920294122790458,0.8079705877209542,-0.2194602198433131,1.5675789259839803,0.06336952306754852,-0.14796539842565687,-0.17807638457052874,165255,MLP,22
-0.8702345611527562,-0.5811467089864687,0.3545706371191136,0.032430309716801275,-0.020955202521460506,-0.0020262674342097914,-0.7314825437497348,-0.5188049317300677,0.4811950682699323,-0.7377131411340088,0.13252142001874745,0.059179073131539923,-0.5435367034605537,-0.6541465238730817,502122,MLP,22
-1.1130822631530464,-0.6714552625123367,0.41274238227146814,0.03322959193122267,-0.021451340214006673,0.0011177979844397886,0.40352507238276303,0.49709276739129793,1.497092767391298,-0.21308099548332393,1.127710723085329,0.06332350611638127,0.28021968436822253,0.33724444234075157,90938,MLP,22
-1.532445733435452,-0.7839932741169814,0.42105263157894735,0.03087046769704964,-0.02365991545497979,-0.0006997541278095046,-0.2526112401392311,-0.22323019994759108,0.7767698000524089,-0.2650337649974972,1.2674119684379548,0.06336921921888647,-0.17529413401922506,-0.21096652294860163,27145,MLP,22
-0.9773050360381603,-0.6236760871270648,0.4099722991689751,0.03307471158631096,-0.022247235862398303,0.00043323012765424974,0.1563960760831833,0.16928923888696001,1.16928923888696,-0.08658001245930791,0.8907250235788524,0.06337133763178524,0.1085240635027089,0.13060873064302755,591094,MLP,22
-1.2001538909971714,-0.6988521355990875,0.4099722991689751,0.03335988873496299,-0.019591913278708715,0.002116858737976641,0.7641860044095665,1.147245814467074,2.147245814467074,-0.08562534931115806,1.1145285416860133,0.059212860312168596,0.5675133832562983,0.6830024624740019,869122,MLP,22
-0.42235338129103184,-0.34449764380930703,0.4155124653739612,0.034036779555802546,-0.021477329320720093,0.001589474921602333,0.5738004466984421,0.7750000421936374,1.7750000421936374,-0.007017523981630802,0.7661723138298839,0.06335310183421809,0.39827777039913864,0.4793273708726196,586873,MLP,22
-1.4119995199143887,-0.7563443984761449,0.41388888888888886,0.03037393238901742,-0.02306249084268913,-0.0009457490051216991,-0.3404696418438107,-0.28856387588116594,0.7114361241188341,-0.35896874289028347,1.0530307770241052,0.06242877404026107,-0.24048686286471602,-0.28942598425924565,627832,MLP,25
-0.42235338129103184,-0.34449764380930703,0.4166666666666667,0.034036779555802546,-0.021546185536620518,0.0016133832518890941,0.5808179706800729,0.7874999554806099,1.78749995548061,0.0035026574041694403,0.7731898378115147,0.06343964512938219,0.4037170301217409,0.4858735209620797,820417,MLP,25
-0.7137263719923794,-0.510184442494295,0.4111111111111111,0.036558731087810686,-0.019818420885438275,0.003358852703564074,1.2091869732830673,2.350759287978907,3.350759287978907,-0.018058970337733626,1.369551039999351,0.06336387893123574,0.8414909971441217,1.012734571828725,620351,MLP,25
-1.3648500135168433,-0.7445810174898062,0.39166666666666666,0.036984922361051574,-0.019570049000521228,0.0025806481160947844,0.9290333217941225,1.5320603066590466,2.5320603066590466,-0.1250845491886139,1.8490824662148952,0.06330915928392206,0.6470867609472217,0.7787690373491704,737923,MLP,25
-2.2851995094679296,-0.898246240757322,0.3638888888888889,0.02891299516524238,-0.02403611578982665,-0.0047685226367320845,-1.7166681492235512,-0.8203362353725492,0.1796637646274508,-1.7290906740818173,0.5561088353861123,0.06289864596355974,-1.203490932884407,-1.4484015619310264,155556,MLP,25
-0.9623557250015438,-0.6180080427824559,0.39166666666666666,0.03618195630669435,-0.0195754436014824,0.002262871362553492,0.8146336905192584,1.2583482664348264,2.2583482664348264,-0.2900041544344276,1.0194667524192482,0.06258986308041031,0.5739263113473968,0.6907204226263369,581261,MLP,25
-0.5343581484630704,-0.41395467645529616,0.41388888888888886,0.03702082496992744,-0.018479324593672186,0.004491570642373212,1.616965431254357,4.037779609066724,5.037779609066724,-0.03507499676197767,1.62934928573668,0.06278396673398776,1.1356637244169259,1.3667715039045263,682245,MLP,25
-0.6011278219521046,-0.4518069768085531,0.4166666666666667,0.03507854941301048,-0.020063258322798424,0.0029124949004552883,1.0484981641639024,1.8533626163258519,2.853362616325852,0.0035026574041694403,1.6372034612577409,0.06286208428546332,0.7354898224203913,0.8851621383012002,370312,MLP,25
-2.5832834746688604,-0.9244743899790495,0.40555555555555556,0.02675429687592877,-0.026568529638896967,-0.004943161107884309,-1.7795379988383502,-0.8312839237112051,0.16871607628879487,-1.791921853320673,0.7913616213481873,0.06325987688618898,-1.240442658987568,-1.4928729711801114,407259,MLP,25
-2.7894117482937872,-0.938542644321932,0.4027777777777778,0.027301650953575455,-0.026335199347285683,-0.0047314679761055,-1.703328471397981,-0.8179235220037979,0.18207647799620205,-1.9288828719872981,0.8605288763064891,0.06328208672232558,-1.1869034271233856,-1.4284384956574636,190027,MLP,25
-1.399033613037318,-0.7531646127813855,0.3861111111111111,0.03347332173080699,-0.021691307073619166,-0.00039163095191017787,-0.14098714268766344,-0.13149952179220514,0.8685004782077949,-0.7522293005604297,0.6468043124768883,0.06334858478868265,-0.09813871371487419,-0.11810996023862716,617148,MLP,25
-1.0052541345357895,-0.6340483779599504,0.425,0.03047152261669729,-0.023715746268441064,-0.0006861569922572627,-0.24701651721261442,-0.21887220862898626,0.7811277913710137,-0.25947771151550114,0.7457764230202883,0.06340519342204792,-0.17179041626229175,-0.20674979797540644,153340,MLP,25
-0.6371727320365608,-0.47121466955031754,0.42777777777777776,0.03727785507277525,-0.01818604527823446,0.005540178760808581,1.9944643538910896,6.348265903493804,7.348265903493804,0.0035026574041694403,2.6254064885433763,0.0627644672429536,1.4012324995799696,1.6863835742874504,296164,MLP,25
-2.224126814864576,-0.8918381772914764,0.425,0.028481401850049402,-0.0251080222790026,-0.002332517024155498,-0.8397061286959797,-0.5681625905932802,0.4318374094067198,-0.8582825695630163,1.3658442453015596,0.0633691678612273,-0.5843150714796554,-0.7032232973808868,279478,MLP,25
-0.42235338129103184,-0.34449764380930703,0.4166666666666667,0.034036779555802546,-0.021546185536620518,0.0016133832518890941,0.5808179706800729,0.7874999554806099,1.78749995548061,0.0035026574041694403,0.7731898378115147,0.06343964512938219,0.4037170301217409,0.4858735209620797,455928,MLP,25
-1.1082248464226723,-0.6698555016005406,0.3416666666666667,0.039374730297992745,-0.016589875117863848,0.002531365065887156,0.9112914237193763,1.4875329189688733,2.4875329189688733,-0.6173493582755327,1.0613491144031286,0.061872086615186464,0.6494717868665044,0.781639416487346,890739,MLP,25
-0.9279765579849482,-0.6046471248144771,0.4027777777777778,0.03473752571815818,-0.02124551314167505,0.0013032108435355547,0.46915590367279947,0.5986442138317987,1.5986442138317987,-0.4502086907159537,0.6625179334077984,0.06343961483948002,0.3261027173574857,0.39246468109112087,919834,MLP,25
-2.705748713342473,-0.9331797241189579,0.39166666666666666,0.023693777292187437,-0.027203045951279058,-0.007268456847588017,-2.616644465131685,-0.9269524343029331,0.07304756569706695,-2.616644465131685,0.08910424821078777,0.06169810137445492,-1.8701252199521798,-2.2506960506078912,358060,MLP,25
-1.754711083136499,-0.8270427946729298,0.40555555555555556,0.02999879871431279,-0.024146137958192312,-0.002187358085454132,-0.7874489107634872,-0.5449959280649763,0.4550040719350236,-1.0130033113528043,0.7417077717836946,0.06330935781757871,-0.5484692047295832,-0.6600827900692602,357774,MLP,25
-1.4301579566672444,-0.7607288752107864,0.4027777777777778,0.030557492243704097,-0.02388046725956333,-0.0019540669040806168,-0.7034640854690224,-0.5051319340969549,0.4948680659030451,-0.7158866103272885,0.7142713463399559,0.06339832110081974,-0.4892850457498033,-0.5888546437113675,724450,MLP,25
-0.9020585166290402,-0.5942664098380384,0.3861111111111111,0.03506609797310218,-0.020268126237058665,0.0010970325551978837,0.3949317198712379,0.4842828404373769,1.484282840437377,-0.8254187416750938,0.4073155743535608,0.06324945462327523,0.27533600140741016,0.33136692898760695,474154,MLP,25
-1.0034837336279452,-0.6333999230328398,0.4166666666666667,0.033519071554765106,-0.02132192124013922,0.0015284924244042507,0.5502572727855295,0.7336989940656389,1.7336989940656389,0.0035026574041694403,1.5413184815552086,0.06313539244032945,0.3843179566492995,0.46252673242404124,309648,MLP,25
-1.6341576161794364,-0.804883334787903,0.3888888888888889,0.02778918910937916,-0.02445597503736446,-0.00413841120251972,-1.4898280329070985,-0.7745885844475409,0.2254114155524592,-1.5022892272099853,0.1318683889694512,0.06290842871160789,-1.0442995085748106,-1.2568146531178213,836489,MLP,25
-1.4554648012854159,-0.7667080956799774,0.37222222222222223,0.03123548872935683,-0.02033969890264448,-0.0011422679507328802,-0.41121646226383746,-0.3371565645200737,0.6628434354799263,-1.233165364479646,0.2222994368057698,0.05869737093629204,-0.3089225510476834,-0.3717883477366904,882319,MLP,25
-1.8604506668634713,-0.8443975103218295,0.3638888888888889,0.03133157689749967,-0.022444910098347145,-0.0028762439970806634,-1.0354478389490396,-0.6449326676674176,0.3550673323325824,-1.0479090332519263,0.812541633611545,0.06306300148075827,-0.7240213260581699,-0.8713598007927404,220757,MLP,25
-2.346296479459852,-0.9042769812803325,0.4222222222222222,0.02605078088756847,-0.026698313600858316,-0.004426473705744782,-1.5935305340681225,-0.7967930851469387,0.20320691485306136,-1.6183755833189934,0.7279208961408585,0.06320396034152478,-1.1117672260172797,-1.338012063628748,79504,MLP,25
-0.9031570651568472,-0.5947118831443702,0.4222222222222222,0.034308717567718736,-0.020090977485569265,0.0028777826480412255,1.0360017532948405,1.817927690535857,2.817927690535857,-0.07010760507546365,1.9267362935934216,0.06234608656309469,0.7327385855702764,0.8818510242395445,111548,MLP,25
-1.4773435397073627,-0.7717567972295073,0.3972222222222222,0.033853024591112155,-0.021494876616956315,0.0004905396962486576,0.17659429064951837,0.19314692405423273,1.1931469240542327,0.0035026574041694403,1.641553975874558,0.06340389118756928,0.12281700887786165,0.1478102930647317,257743,MLP,25
-1.8049632399342954,-0.8355194972198858,0.38055555555555554,0.032941087298639066,-0.02294747504998717,-0.0016787721562044073,-0.6043579762335867,-0.45357486803162594,0.5464251319683741,-1.2902070980053395,0.5147561419289559,0.06343794372509154,-0.4200905678000172,-0.5055790766081975,60618,MLP,25
-0.8816675371490419,-0.5859081778635489,0.39444444444444443,0.03668807443185434,-0.020250014939405227,0.002208898090369376,0.7952033125329763,1.2148912661834141,2.214891266183414,-1.2209173291921616e-05,1.4637776429299265,0.06342086034481188,0.5528964747714207,0.6654110103893911,874503,MLP,25
-2.544629409443587,-0.9214978612579757,0.39444444444444443,0.0275462564494146,-0.025583596531634962,-0.004626821189109859,-1.6656556280795485,-0.8109333400730342,0.18906665992696584,-1.8912100286688656,0.6534193807747215,0.06298027099665832,-1.1662145653007774,-1.4035394465997177,832765,MLP,25
-1.73143114708364,-0.8229691286276388,0.39166666666666666,0.03064066843222166,-0.02392331088922884,-0.0025524189883273946,-0.9188708357978612,-0.6010307113265321,0.398969288673468,-1.1568090913351625,0.5746220557484776,0.06331729893042826,-0.6399261496141985,-0.7701512402758891,475278,MLP,25
-2.084074823651463,-0.875577820609859,0.375,0.030107351273505223,-0.024667699609158766,-0.00412705552815977,-1.4857399901375175,-0.7736652068223625,0.22633479317763747,-1.4919705875217915,0.5921042361296713,0.0633220724633402,-1.034630941441783,-1.2451785307720142,769664,MLP,25
-1.636582400649786,-0.8053558775089604,0.4,0.030236138984845538,-0.02419472576649342,-0.0024223798659578372,-0.8720567517448217,-0.5819092445592435,0.4180907554407564,-1.072766103548929,0.5638162971008569,0.06339560468675491,-0.6065734119507596,-0.7300112142844838,49587,MLP,25
-2.0005252864211798,-0.864735787881997,0.39444444444444443,0.02993922191672027,-0.024673607265533998,-0.0031318801992003716,-1.1274768717121333,-0.6761506601218642,0.3238493398781358,-1.3281862235162407,0.672339062904939,0.0633826698284199,-0.7843951192554097,-0.9440196721529693,979213,MLP,25
-1.2356355641968548,-0.7093500230665868,0.41944444444444445,0.03078639431893579,-0.023715145008094858,-0.0008547771237014459,-0.30771976453252137,-0.2648787037933815,0.7351212962066185,-0.32629620539955795,0.9093393587972969,0.063446613693694,-0.21386746091313255,-0.2573895290514468,354181,MLP,25
-1.999772681389004,-0.8646339490378774,0.37222222222222223,0.029635851368752877,-0.023694839231686388,-0.0038439710637451063,-1.3838295829482377,-0.7493830454413621,0.2506169545586378,-1.3900601803325117,0.6097125010564923,0.06316447740605456,-0.9660675017907877,-1.1626624183789984,269912,MLP,25
-0.42235338129103184,-0.34449764380930703,0.4166666666666667,0.034036779555802546,-0.021546185536620518,0.0016133832518890941,0.5808179706800729,0.7874999554806099,1.78749995548061,0.0035026574041694403,0.7731898378115147,0.06343964512938219,0.4037170301217409,0.4858735209620797,115225,MLP,25
-2.7972425213083625,-0.9390220235198143,0.38333333333333336,0.024884350839124967,-0.027439261620931396,-0.007381876844576456,-2.6574756640475243,-0.9298749823921887,0.07012501760781134,-2.6637062614317983,0.13353625987656415,0.06292458260372644,-1.8622874747681413,-2.2412633228187664,736342,MLP,25
-2.360282488865778,-0.9056064456984446,0.3472222222222222,0.02801854512654245,-0.02380514814458946,-0.005810810203224215,-2.091891673160717,-0.8765466186544606,0.12345338134553946,-2.329829928698018,0.030452560167759657,0.062187000391853986,-1.4833285365095534,-1.785186170026306,358468,MLP,25
-1.1334076672792435,-0.678065660001592,0.3611111111111111,0.040282578805748086,-0.018441106059143078,0.002764669030956509,0.9952808511443436,1.7054840728865863,2.7054840728865863,-0.7603883533738554,1.1702609304338694,0.06330568867805605,0.6932672433763468,0.8343472565558269,396280,MLP,25
-1.583782332483679,-0.7948024966117938,0.44722222222222224,0.031442769283937834,-0.02275530817735959,0.0014832764650539784,0.533979527419433,0.7057067268757293,1.7057067268757293,-0.0016721603460609913,1.9046686531510204,0.06343202742565957,0.3712049711815128,0.44674525197067305,935943,MLP,25
-1.5523463571444154,-0.7882494519255888,0.4111111111111111,0.032666451393664385,-0.022146928631524853,0.0003874609343862776,0.13948593637906015,0.1496826369035602,1.1496826369035602,-1.0996564647648484,0.452689892379567,0.06341513586680118,0.09699185481131874,0.11672971533454381,547730,MLP,25
-0.6542976135388017,-0.4801929601782846,0.39166666666666666,0.03797400955123999,-0.019267527782039284,0.003152074340161763,1.134746762458235,2.1103857767153142,3.1103857767153142,-0.030854580691084266,1.483614627737552,0.06337229865465195,0.7895820409011334,0.9502621333198966,165255,MLP,25
-2.028223007451743,-0.8684308891269719,0.4,0.02914126259404131,-0.025025481414222332,-0.0033587838109168724,-1.2091621719300747,-0.7015527778291295,0.2984472221708705,-1.452138260472566,0.576084746979177,0.0633672080901162,-0.8414295285357782,-1.0126605943471323,502122,MLP,25
-0.7603857181966305,-0.532513925656053,0.4388888888888889,0.03436391466279526,-0.020795630590787324,0.0034132809371739195,1.2287811373826116,2.4170620678040997,3.4170620678040997,-0.005574336275458336,1.3448493948671967,0.06336809836980865,0.8550699244775467,1.0290768134041917,90938,MLP,25
-1.6484254784882069,-0.8076474664846015,0.41944444444444445,0.034961019075222755,-0.019740981348393638,0.003203468829289905,1.1532487785443664,2.168469863788666,3.168469863788666,-0.6834870390594006,1.1532487785443664,0.06318757888936415,0.8048020200193119,0.9685793810240343,27145,MLP,25
-2.591291486751288,-0.9250767847650605,0.375,0.02833465630085104,-0.025187283230738506,-0.005116555906392425,-1.8419601263012737,-0.8414935712105078,0.15850642878949212,-2.042669478105381,0.548622008645907,0.0632070223752428,-1.2850282125717079,-1.5465316932247009,591094,MLP,25
-0.45928582921624184,-0.3682653491289307,0.4083333333333333,0.040476532559525095,-0.01653720621246967,0.006743403786094858,2.4276253629941493,10.331940858739591,11.331940858739591,-0.18536516302265227,2.4276253629941493,0.06298604267353008,1.6995545664528222,2.045414237344912,869122,MLP,25
-1.2155732638202608,-0.7034600300774587,0.4083333333333333,0.034237048237071355,-0.02071257217398062,0.0017251894938656032,0.6210682177916169,0.8609148428331328,1.8609148428331328,-0.09388663154095411,1.8117964323610067,0.0633149585484908,0.4325444542525324,0.5205673312738994,586873,MLP,25
-1.7524921442382038,-0.8266585870933608,0.39444444444444443,0.031177370389267593,-0.022262076229933616,-0.0011831833968042518,-0.42594602284953,-0.3468484035687963,0.6531515964312037,-1.1677819513715804,0.5847101928666234,0.06279566521842808,-0.29910431037899593,-0.3599720932628334,627832,MLP,28
-1.7047328553162515,-0.8181790478112261,0.38055555555555554,0.030984658581361065,-0.023815177397744004,-0.002960795372362355,-1.0658863340504467,-0.6555775539015525,0.3444224460984475,-1.2715561790391803,0.43317667627707124,0.0633757238843543,-0.7416273384915658,-0.8925486400362489,820417,MLP,28
-2.2013201802037656,-0.8893430252582581,0.39444444444444443,0.029438019969539955,-0.024733086286428802,-0.003365594374352238,-1.2116139747668058,-0.7022836152742928,0.2977163847257072,-1.2178445721510798,0.9834756080526859,0.06335334720170678,-0.8433201516665074,-1.014935959637179,620351,MLP,28
-1.005201029125601,-0.6340289434329182,0.4166666666666667,0.034466795604676005,-0.02109692678343327,0.002054624211612262,0.739664716180414,1.0952328990238405,2.0952328990238405,0.0035026574041694403,1.732443220447749,0.06342130870816752,0.5142774388304099,0.6189329934398415,737923,MLP,28
-1.7910521738231182,-0.8332154090671142,0.3388888888888889,0.03516136905842568,-0.022005041118147745,-0.0026319798916423064,-0.9475127609912306,-0.6122958619340699,0.3877041380659301,-0.9536280070897192,0.837424166733399,0.06338251363701498,-0.6591942019423094,-0.793340344842317,155556,MLP,28
-0.7988234693184495,-0.5501420754623199,0.3861111111111111,0.03546837302722144,-0.020570004690750356,0.0010670355947998648,0.38413281412795186,0.4683404450878499,1.4683404450878499,-0.5370834651403129,0.5759450662881136,0.06340023114151623,0.26717039730591857,0.3215396229302486,581261,MLP,28
-2.559329599607736,-0.9226434170527074,0.39444444444444443,0.028086896065924263,-0.025734401258870686,-0.00450488953631268,-1.621760233072564,-0.8024493423446485,0.1975506576553515,-1.8150462231133133,0.7442833764944226,0.0632932395573013,-1.129866394603799,-1.359794416394413,682245,MLP,28
-1.6931444755755365,-0.8160597818595295,0.41944444444444445,0.03176705246723399,-0.023126272600518458,-0.00010157236376673318,-0.03656605095602572,-0.035905587564403985,0.964094412435596,-0.8831512641627342,0.8099932114128023,0.0634601330339614,-0.02540825571165574,-0.030578840482414996,370312,MLP,28
-1.4936692551709712,-0.7754527789513098,0.40555555555555556,0.03150260547169625,-0.02342521011716225,-0.0011489293505696375,-0.4136145662050694,-0.33874422752378996,0.66125577247621,-0.6143239180091769,0.8793453371617943,0.06344591798721207,-0.28746826576325,-0.3459681114000434,407259,MLP,28
-1.9415694600902498,-0.8565214109426971,0.3638888888888889,0.03022046615760631,-0.023417998446908058,-0.00389955716026533,-1.4038405776955187,-0.7543482945267125,0.2456517054732875,-1.4286856269463897,0.5128838331438601,0.062357413311549606,-0.9927215952139938,-1.194740624779358,190027,MLP,28
-1.1858388748951256,-0.694510195747137,0.4166666666666667,0.03161955348526438,-0.02321064313762777,-0.0003647278780893725,-0.1313020361121744,-0.1230471370466395,0.8769528629533605,-0.39722794969566166,0.788610925199464,0.06345728658274243,-0.09124051596929092,-0.10980797796671624,617148,MLP,28
-0.7603857181966305,-0.532513925656053,0.40555555555555556,0.034737873878266205,-0.02130133789641974,0.0014256757677584483,0.513243276393041,0.6707009625096692,1.6707009625096692,-0.05789376609027386,1.05549795483239,0.063444153531065,0.3567216194179032,0.4293145354249893,153340,MLP,28
-2.2576186610385776,-0.8954007252611733,0.41388888888888886,0.027096596126125864,-0.026506270489421502,-0.004320639584653287,-1.5554302504751831,-0.7889014621468557,0.2110985378531442,-1.5740066913422197,0.6836119696963578,0.06331254934178258,-1.083324361243813,-1.3037810705751103,296164,MLP,28
-1.2008362249471247,-0.6990575489227122,0.41388888888888886,0.03053788429801196,-0.02345670123752295,-0.0011089422242043356,-0.39921920071356,-0.3291563641680604,0.6708436358319396,-0.5999285525176674,0.6009076724294573,0.06332615415216813,-0.2779880177027663,-0.3345586310931261,279478,MLP,28
-0.42235338129103184,-0.34449764380930703,0.4166666666666667,0.034036779555802546,-0.021546185536620518,0.0016133832518890941,0.5808179706800729,0.7874999554806099,1.78749995548061,0.0035026574041694403,0.7731898378115147,0.06343964512938219,0.4037170301217409,0.4858735209620797,455928,MLP,28
-1.1704304101876915,-0.6897666150838897,0.4166666666666667,0.03412906267214567,-0.021108401958121074,0.001907208304490069,0.6865949896164238,0.9869384557080203,1.9869384557080203,-1.2209173291921616e-05,1.6563160480000079,0.06335562565937854,0.4778737944321049,0.5751212006246557,890739,MLP,28
-0.7846284471452236,-0.5437107941491329,0.4166666666666667,0.035215351895118756,-0.02053492533242596,0.002694356845717673,0.9699684644583613,1.6378612716585055,2.6378612716585055,0.0035026574041694403,1.524004678009078,0.06338747831839041,0.674764008237746,0.812078609619456,919834,MLP,28
-1.983237886801362,-0.8623770922779879,0.4,0.0290748691331828,-0.024701171191366115,-0.0031907550615465474,-1.1486718221567571,-0.6829424012732577,0.3170575987267423,-1.3493811739608645,0.6338567128404975,0.06327457528279133,-0.8005058287291607,-0.9634089140059772,358060,MLP,28
-0.9843761087395251,-0.6263277148994186,0.4361111111111111,0.03131715812168683,-0.02321882793574314,0.0005649215393027096,0.20337175414897501,0.2255279786840665,1.2255279786840665,-0.014759285608306527,0.9696168231312186,0.06345769303296821,0.1413201613694584,0.1700788405354178,357774,MLP,28
-2.0068380157463253,-0.8655869847261173,0.38055555555555554,0.030761973148918827,-0.02396152038837161,-0.0031361909033471944,-1.1290287252049893,-0.6766528370977856,0.32334716290221444,-1.3297380770090967,0.6770999387372285,0.06336087390163718,-0.7857449574159313,-0.9456442026306254,724450,MLP,28
-0.9906238336116076,-0.6286550387191879,0.4111111111111111,0.03659127885475755,-0.019880691629983835,0.0033355629026320666,1.2008026449475437,2.3227828675702864,3.3227828675702864,-0.3067478977609426,1.3757827242370695,0.06337224833400147,0.8355458568802809,1.0055795944136412,474154,MLP,28
-1.7227558917365968,-0.8214266596318185,0.41388888888888886,0.029548964130335906,-0.023533201904446594,-0.0015630831844949504,-0.5627099464181811,-0.4303367865758483,0.5696632134241517,-0.9826657667290419,0.7400901250075549,0.06268996449458161,-0.39580779010056427,-0.47635474912313974,309648,MLP,28
-0.42235338129103184,-0.34449764380930703,0.4166666666666667,0.034036779555802546,-0.021546185536620518,0.0016133832518890941,0.5808179706800729,0.7874999554806099,1.78749995548061,0.0035026574041694403,0.7731898378115147,0.06343964512938219,0.4037170301217409,0.4858735209620797,836489,MLP,28
-1.4462586394511163,-0.7645504561035371,0.39444444444444443,0.03254388513299308,-0.022976991776035193,-0.0010770903285851532,-0.3877525182906538,-0.32141974131240236,0.6785802586875976,-0.7794843253213912,0.6667743141297251,0.06345104786568338,-0.2694719704256031,-0.3243095666085611,882319,MLP,28
-1.928748476319015,-0.8546700313876371,0.4,0.030487525082814198,-0.0240100767405238,-0.0022110360111886,-0.7959729640278965,-0.5488579236972463,0.4511420763027537,-1.0215273646172136,0.9072211117018014,0.06339127711186271,-0.553689878980389,-0.6663658725026919,220757,MLP,28
-1.0344560095109046,-0.6445803267325183,0.40555555555555556,0.03529161754325798,-0.020712319072814674,0.00200038855481479,0.720139879733324,1.054720604313331,2.054720604313331,-0.02982423920184374,1.5166576337069273,0.06341990156678214,0.5007132314104951,0.6026084672830266,79504,MLP,28
-1.5406456412747502,-0.7857572671875788,0.41388888888888886,0.029708305464419944,-0.02463334649072969,-0.002141940542626092,-0.7710985953453928,-0.5374953163848131,0.462504683615187,-0.7835211202036589,0.7571245210710913,0.06342315385456664,-0.5361173313963801,-0.6452173082116549,111548,MLP,28
-0.6409049853682518,-0.4731845520247657,0.42777777777777776,0.034938874291618925,-0.020370253487218857,0.003289762284839527,1.1843144225422293,2.268445280772409,3.268445280772409,-0.01335599459707737,1.812796883052215,0.06335899866231869,0.8242453064569781,0.9919793798739575,257743,MLP,28
-0.7886593057774007,-0.5455463295561491,0.42777777777777776,0.0336969875437268,-0.021528158845488452,0.002095931554342515,0.754535359563306,1.1266231786382126,2.1266231786382126,0.0035026574041694403,0.9113383984658867,0.06342468545443454,0.5245888364826541,0.6313427624352819,60618,MLP,28
-1.1266301781870425,-0.675876342867751,0.39444444444444443,0.03599624575319057,-0.020326489435269608,0.0018897005557341248,0.6802922000642866,0.9744545837046137,1.9744545837046137,-0.0631082730833441,1.6135603485163301,0.06341258690482195,0.47306170275222126,0.5693298473914458,874503,MLP,28
-2.0106198210269213,-0.8660943485966832,0.39444444444444443,0.030284908516529267,-0.0230402802822069,-0.002006455811594303,-0.7223240921739489,-0.5143776875936651,0.4856223124063349,-0.7409772139508277,1.2696426070760936,0.062169961287565,-0.5123293935697462,-0.6165885206057212,832765,MLP,28
-2.6507324427366257,-0.9294005159608247,0.4083333333333333,0.026647300321646795,-0.02655524075984465,-0.004830869818235644,-1.7391131345648319,-0.8243238673600622,0.17567613263993778,-1.751535659423098,0.8991967833135277,0.06325889674304487,-1.2122829337757535,-1.4589827366416699,475278,MLP,28
-1.5249458360485733,-0.7823671555991868,0.38055555555555554,0.03211440738582861,-0.023376429925417955,-0.002259083504193569,-0.8132700615096837,-0.5565942711062972,0.44340572889370283,-0.8195006588939577,0.7054451771546155,0.0634160744239676,-0.5655007690698914,-0.6805802809257208,769664,MLP,28
-1.3278402122668922,-0.7349509066599063,0.36944444444444446,0.033608313000417854,-0.021851644937424933,-0.0013622715881663472,-0.4904177717398852,-0.3876294903557955,0.6123705096442045,-0.7085488198790699,0.6192913923878223,0.06332400403497974,-0.34150384790193017,-0.4109999445705172,49587,MLP,28
-1.4270646679215133,-0.7599875946269283,0.4083333333333333,0.03174637931044258,-0.023302808156927847,-0.0008243899410849236,-0.2967803787905723,-0.2567927814922977,0.7432072185077023,-0.3030109761748463,1.124053691746667,0.06345484472053886,-0.20623775319849605,-0.2482071743955035,979213,MLP,28
-3.261808577226475,-0.9616809676194,0.3611111111111111,0.02531762210508952,-0.02724037304945776,-0.008261097021426798,-2.9739949277136475,-0.9489012338426975,0.05109876615730246,-3.174704279517755,0.08710429770871997,0.0629004536984159,-2.084895130969987,-2.509171678528436,354181,MLP,28
-1.227083041332662,-0.7068535722339984,0.39444444444444443,0.03466844956659463,-0.021459673266481915,0.0006797529621204983,0.24471106636337936,0.2772522187571065,1.2772522187571065,-0.518782266182825,0.7083007751498371,0.06345112012286738,0.17006388103924375,0.20467191251282285,269912,MLP,28
-2.5078698620200157,-0.9185584636883265,0.3611111111111111,0.028012321629704764,-0.02412922785050519,-0.005300334982651594,-1.9081205937545747,-0.8516410485148431,0.14835895148515688,-2.108829945558682,0.39903991646133363,0.06290376904330512,-1.337602033332324,-1.6098042963043553,115225,MLP,28
-2.8871035473421216,-0.9442625801679455,0.4,0.025232942616437666,-0.02673125438956992,-0.005945575587166884,-2.1404072113800794,-0.8823930576157164,0.11760694238428354,-2.1466378087643534,0.7404657385777682,0.0625589591403964,-1.5087061505749406,-1.8157281332817286,736342,MLP,28
-1.637461400590837,-0.8055268945081786,0.39444444444444443,0.031702530616238504,-0.02304423303843194,-0.001449676263534155,-0.5218834548722953,-0.40659815081251716,0.5934018491874828,-0.5343059797305614,1.1031554208602756,0.06338273492877318,-0.3630783252734228,-0.4369648321063312,358468,MLP,28
-2.117785018403083,-0.8797022089766289,0.3861111111111111,0.028362764107572627,-0.024860271195801,-0.004310265898109516,-1.5516957233194262,-0.7881116350272455,0.21188836497275448,-1.5641182481776923,0.5536667702253908,0.06279194385837077,-1.0896835756525158,-1.3114343863006754,396280,MLP,28
-0.6758672432042658,-0.49128495042245457,0.425,0.0348875450283849,-0.020530512990600967,0.003022161667468026,1.0879782002884895,1.9682667609379867,2.9682667609379867,-1.2209173291921616e-05,1.3134552610572428,0.06338145778427447,0.7569300366521264,0.9109654401233035,935943,MLP,28
-0.987814512103796,-0.627610344578871,0.425,0.0363602441358167,-0.01838690595552865,0.004880632833293123,1.7570278199855238,4.795187431839178,5.795187431839178,0.0035026574041694403,2.732381137786433,0.06221564249679033,1.2453081121690261,1.4987285449904075,547730,MLP,28
-1.1009383327327669,-0.6674411136401486,0.4222222222222222,0.03281190866714736,-0.02113021144200152,0.0016453503818613397,0.5923261374700814,0.8081896248475013,1.8081896248475013,-1.2209173291921616e-05,1.4925551183987409,0.06226658711560589,0.4194726062523402,0.5048353597704449,165255,MLP,28
-2.680648783687502,-0.9314813140750104,0.37777777777777777,0.03233831309412113,-0.02325484727251543,-0.0022529866895638403,-0.8110752082429826,-0.5556199917848079,0.444380008215192,-0.8235364025458694,1.8571123811416328,0.06341608698684321,-0.5639744838524602,-0.6787433963822025,502122,MLP,28
-1.4686768488027155,-0.7697700872748483,0.3611111111111111,0.03296038974972012,-0.021904632388411657,-0.002092263282975182,-0.7532147818710655,-0.529149564390567,0.4708504356094329,-0.896408781176433,0.5722680676262826,0.0628228725146941,-0.5286872219409383,-0.6362751700978367,90938,MLP,28
-0.6558212153613567,-0.48098433610754066,0.4222222222222222,0.03425709035792878,-0.019772280654601324,0.003040120439578055,1.0944433582480997,1.9875192425210013,2.9875192425210013,0.0035026574041694403,1.7378420487511903,0.06266871741531958,0.7700878177067968,0.9268008320738315,27145,MLP,28
-1.0747319445945323,-0.6586107457279748,0.4027777777777778,0.036007375811258784,-0.019861377726937104,0.0026413146703917964,0.9508732813410461,1.5879686975590968,2.5879686975590968,-0.028815449913963675,1.5899740173481405,0.06337244469540372,0.6616372575536835,0.7962805627257356,591094,MLP,28
-1.0650886641815305,-0.6553027088909027,0.3611111111111111,0.03462575094487805,-0.01860069783363977,0.0006199642252694426,0.22318712109699845,0.25005446341495685,1.2500544634149569,0.0035026574041694403,1.0825286004692316,0.06207269044155991,0.15855003063197823,0.19081499140270317,869122,MLP,28
-1.910559386946261,-0.8520024244759208,0.38055555555555554,0.031322133142745845,-0.023473057801931294,-0.0026204434702069394,-0.9433596492744982,-0.6106823350762138,0.3893176649237861,-1.1689140498638153,0.7416453370824456,0.06338201359133382,-0.6563100180034614,-0.7898692289346038,586873,MLP,28
-1.52600665576756,-0.7825979024000091,0.3649025069637883,0.03257270745456731,-0.02067803954623901,-0.0012467084679503547,-0.4475683399941772,-0.3608194668362187,0.6391805331637813,-0.6533155248034745,0.8726911309640855,0.0620614428314806,-0.3188917704557614,-0.3837863051515305,627832,MLP,31
-2.5399639941751957,-0.9211307605084287,0.3983286908077994,0.02745871626531015,-0.026389429688505415,-0.00494016820829476,-1.7735203867778182,-0.8302655949349068,0.1697344050650932,-1.785981581080705,0.7539824130944908,0.06335566498908397,-1.2378173143216928,-1.4897133683856416,820417,MLP,31
-1.9662681948393583,-0.8600217456962983,0.42618384401114207,0.02738494529948856,-0.026325057576030708,-0.0034347220886924122,-1.2330652298405766,-0.7086019945153093,0.2913980054846907,-1.2392958272248507,0.7269723676145077,0.06345322951708755,-0.8592868043244299,-1.0341518290855003,620351,MLP,31
-1.5672383992932737,-0.791379485867677,0.41225626740947074,0.03061478753492387,-0.023320822116932104,-0.0010855290014037365,-0.3897049115039408,-0.322743304325978,0.677256695674022,-1.0215611783787608,0.5456772209145129,0.06308077279657412,-0.2731773551276357,-0.32876899778775287,737923,MLP,31
-1.8386644488200545,-0.8409703233880893,0.35376044568245124,0.028156950789335087,-0.022349766195663413,-0.004482487485092912,-1.6092130071483552,-0.799955013884233,0.20004498611576702,-1.8099223589524627,0.028742089867591858,0.05791068401349358,-1.228741881662303,-1.478791083489356,155556,MLP,31
-1.6486782785505056,-0.8076960870711549,0.3732590529247911,0.03216774473244797,-0.023354963864096336,-0.0026306102375310506,-0.9443890752736479,-0.6110829025897342,0.38891709741026576,-0.9506196726579219,0.6980586058925837,0.06348264864964598,-0.6578119186480911,-0.7916767666402125,581261,MLP,31
-0.9982752003706992,-0.631485492981569,0.38997214484679665,0.031608266222091126,-0.023061128269421728,-0.0017415872420908102,-0.6252298199106008,-0.4648615710802402,0.5351384289197598,-0.844580547651276,0.36062285560183227,0.06342329970300666,-0.435909839192112,-0.5246175726756387,682245,MLP,31
-1.25573664996773,-0.715134075560274,0.4178272980501393,0.0338146160574009,-0.021762879128661452,0.001458915517325604,0.5237506707198918,0.6883482273478456,1.6883482273478456,-0.02780531719326973,1.5613562809303403,0.06353090674747972,0.3645401434019183,0.4387241304963053,370312,MLP,31
-1.6244831029325724,-0.802986515418133,0.40668523676880225,0.030158611580614662,-0.022488185957712535,-0.0010775106357187418,-0.3868263182230294,-0.3207909490821649,0.6792090509178351,-0.5875356700271368,1.0369474329054356,0.061718172509860225,-0.27714610409277246,-0.333545387906654,407259,MLP,31
-1.985048433765769,-0.8626260395823979,0.38440111420612816,0.03182515477174488,-0.0230897614254081,-0.001980406452686344,-0.7109659165143967,-0.508830460511678,0.4911695394883219,-1.3220611670985818,0.6629872666671872,0.06341654579690525,-0.4957377828886448,-0.5966205140600774,190027,MLP,31
-1.1868815305642784,-0.6948285504274124,0.3370473537604457,0.03669425254410579,-0.018460800541572647,0.00012906414747217675,0.046334028942510486,0.04742422253550216,1.0474242225355022,-0.14702800079248846,1.03985352977179,0.06210295276034065,0.03299086006783349,0.039704506237678086,617148,MLP,31
-0.9844805188477039,-0.6263667280264116,0.42618384401114207,0.03203335791990599,-0.02288437270428262,0.0005206768375024991,0.18692298466339707,0.20553443683416317,1.2055344368341632,-0.15475402842275798,1.1404432076960802,0.06354350486669132,0.13007605687032026,0.15654655867598177,153340,MLP,31
-1.0843095076270401,-0.6618648149284148,0.4178272980501393,0.034922163190009695,-0.02092142654337773,0.0024115496683440353,0.865746330935508,1.376779288106591,2.376779288106591,-0.4583179447799921,1.0158040216192603,0.06349711526783787,0.6028961161280044,0.7255855880767351,296164,MLP,31
-2.1337344688363373,-0.8816056726809094,0.40947075208913647,0.028388799503952466,-0.025681333151812893,-0.003541195267697273,-1.2712891011033207,-0.7195301653349178,0.2804698346650823,-1.2837116259615868,0.8500228428747505,0.06344853387517208,-0.8859894579135733,-1.0662884776546118,279478,MLP,31
-1.0368263949640095,-0.6454218106411651,0.40947075208913647,0.0340326673756702,-0.02181090157751416,0.0010554066010877924,0.3788909697905183,0.4606637705843437,1.4606637705843437,-0.003514866577461362,1.2026241580024362,0.06353972556408373,0.2636785135986777,0.31733714023806286,455928,MLP,31
-2.15930046280846,-0.8845941765267661,0.34540389972144847,0.032330058815498504,-0.023244824196073287,-0.004049042877313114,-1.4536063929554075,-0.7662741409540219,0.23372585904597806,-1.6666995987761766,0.4926008640322834,0.06338248946987952,-1.0141060022231037,-1.220476762598635,890739,MLP,31
-3.2840730412863195,-0.9625246929395663,0.3955431754874652,0.02561674706152522,-0.027536137465147242,-0.006511876733148663,-2.33776374720037,-0.9034567077802844,0.09654329221971562,-2.5508569539524615,0.733216087333858,0.06320885453273083,-1.6354170501822007,-1.9682247245647047,919834,MLP,31
-1.7753983400762081,-0.8305840491061272,0.38440111420612816,0.030339059431740232,-0.02369950577823184,-0.0029270211014180633,-1.0508005754090846,-0.6503422903341898,0.3496577096658102,-1.0570311727933586,0.7183671672828496,0.06297814366165685,-0.7377959526589349,-0.8879375664729086,358060,MLP,31
-1.4709095382131636,-0.7702835457530097,0.3955431754874652,0.02920274660614332,-0.023853169724104867,-0.0028672641004412382,-1.029347812058404,-0.6427601278532982,0.35723987214670183,-1.2299798240419477,0.2409297141712159,0.06259188811706684,-0.7271933773963618,-0.8751773651691925,357774,MLP,31
-0.42235338129103184,-0.34449764380930703,0.415041782729805,0.03424170655010881,-0.021546185536620518,0.001608120649793602,0.5773153132759035,0.7812499078044259,1.781249907804426,0.003514866577461362,0.7696871804073453,0.06352810750860353,0.40183982974451965,0.48361430995838034,724450,MLP,31
-0.45928582921624184,-0.3682653491289307,0.3983286908077994,0.036257859506689895,-0.02034626830114845,0.0022007798228651527,0.7900799564085901,1.2035726089642549,2.203572608964255,-0.0711951251141727,1.0312347458675504,0.06348418493660261,0.5503149586806286,0.6623041552931986,474154,MLP,31
-1.8385423040017486,-0.8409508975507758,0.3565459610027855,0.03324121395780821,-0.02250596920524228,-0.002629536211174139,-0.9440034998115152,-0.6109329167866044,0.38906708321339556,-0.9440034998115152,0.8945388041902333,0.06337787186539172,-0.6586304027041469,-0.7926618123541553,309648,MLP,31
-0.8151339474134147,-0.5574199590609045,0.37047353760445684,0.035970619982948766,-0.019459354587154778,0.0010759841811565623,0.3862783210352063,0.4714941616055075,1.4714941616055075,-0.2861107182689011,0.6118327216245234,0.0615208212216563,0.2776412767043124,0.33414132823689063,836489,MLP,31
-1.6598004619590938,-0.8098230761534058,0.39275766016713093,0.027094130756016424,-0.024231452467090905,-0.004072936493669918,-1.462184201227501,-0.7682704224608202,0.23172957753917978,-1.462184201227501,0.19761626073159277,0.059211439409532024,-1.0919488371304742,-1.3141606289114058,882319,MLP,31
-1.0856041396036744,-0.6623022923042301,0.403899721448468,0.03263107299612,-0.022334224121236007,-0.00013375592620363565,-0.04801837750710547,-0.04688372898448845,0.9531162710155116,-0.2611115842591971,0.8244925553444773,0.0635102919910144,-0.03343252622733929,-0.040236051542923625,220757,MLP,31
-1.177212932612747,-0.6918636603068353,0.403899721448468,0.03144450346810807,-0.023564108594094413,-0.0013461455049039953,-0.48326623626053333,-0.38323440385304763,0.6167655961469524,-0.49572743056342006,0.6814855020493269,0.06352936088388687,-0.33637041376754484,-0.4048218556334501,79504,MLP,31
-1.7747128535993397,-0.8304678769501517,0.40947075208913647,0.031342630474162955,-0.023540077214832155,-0.0010672136207310941,-0.38312968984246254,-0.3182755191878939,0.6817244808121061,-0.9696801691316068,0.8050326844677329,0.06353314638470578,-0.2666559423143882,-0.3209204762521013,111548,MLP,31
-2.657954651862383,-0.9299085633780559,0.3788300835654596,0.027189899290747502,-0.025066762658320533,-0.0052703670453031135,-1.8920617692638189,-0.849239345501269,0.15076065449873094,-1.904484294122085,0.7534703577402979,0.06275994924043948,-1.3330871699543154,-1.6043706573878243,257743,MLP,31
-0.8076369012705982,-0.5540894471709001,0.41225626740947074,0.03532661511594228,-0.018665403047117505,0.0035931448306898723,1.289938994217664,2.632564941526859,3.632564941526859,0.003514866577461362,1.854599806945771,0.06192854826581368,0.9210518811942423,1.1084861106048598,60618,MLP,31
-0.8029553960077465,-0.5519970205394789,0.3955431754874652,0.0372688839126798,-0.019739285733739627,0.002809906716933241,1.0087565113790333,1.7421890132293818,2.742189013229382,-0.17267322726547718,1.2135122334584594,0.06346819003858782,0.7028069692022436,0.8458283183644992,874503,MLP,31
-0.9423228860832751,-0.6102784955447205,0.40668523676880225,0.034119822362386816,-0.02179203900080087,0.0009464895758715623,0.3397897577378899,0.4046522422524439,1.404652242252444,-0.005171838216483593,1.0763654590118676,0.06354117456583273,0.23646173241667107,0.2845817390151608,832765,MLP,31
-0.8042822927236557,-0.5525910800067033,0.4178272980501393,0.03375974799040705,-0.02181261775538361,0.0014070336704342153,0.505125087685883,0.6571928019090549,1.657192801909055,0.003514866577461362,1.1211592233739793,0.0635325558704865,0.35156726757715834,0.42311127202442156,475278,MLP,31
-1.2919040583074093,-0.7252528498595433,0.38440111420612816,0.03202680989836707,-0.022926829783751615,-0.0018025894602630935,-0.6471296162344515,-0.47645359886288874,0.5235464011371113,-0.6595521410927176,0.6323519172146916,0.06321258773712696,-0.45268231520297403,-0.5448032506793437,769664,MLP,31
-1.295345479156822,-0.7261967453280054,0.41225626740947074,0.033232235376458814,-0.021894017792796778,0.0008321255750300405,0.2987330814357847,0.34814972925374366,1.3481497292537437,-0.48715026467107236,0.8081952144857496,0.06350339881169732,0.20801381081674375,0.25034466006993567,49587,MLP,31
-1.5086746201850474,-0.7787970383004339,0.3816155988857939,0.03694474461393254,-0.020313883224409912,0.0015369023294979304,0.5517479362897575,0.7362852830477966,1.7362852830477966,-0.003514866577461362,1.5420280313119292,0.06351520574486047,0.38412168918241196,0.4622905244910784,979213,MLP,31
-1.075512726791203,-0.6588771923479206,0.3788300835654596,0.03314218268668115,-0.02246450519318705,-0.0013990189768581483,-0.502247812692076,-0.3948311764526853,0.6051688235473147,-0.7079949975013733,0.36751772928982973,0.06349060647669297,-0.34979564672315466,-0.4209791259965836,354181,MLP,31
-1.5662074233405292,-0.7911642922236823,0.40668523676880225,0.030709245773223676,-0.023791256245934,-0.0016267066782542743,-0.5839876974932849,-0.4423298929821744,0.5576701070178256,-0.590218294877559,0.9759891284629703,0.06350310557688854,-0.40664417473231057,-0.48939634004621335,269912,MLP,31
-1.6112723196856678,-0.8003665451509852,0.38997214484679665,0.03170185340734731,-0.02304390252070272,-0.0016945826601818155,-0.608355175005272,-0.455754678427885,0.544245321572115,-0.620739029487595,0.9905332901980728,0.06345194223394733,-0.4239533861724421,-0.5102279792390355,115225,MLP,31
-1.1123408800922334,-0.671211594694809,0.4178272980501393,0.03138775145635009,-0.02092750622160091,0.00093123654077416,0.3343139181379229,0.39698161261575704,1.396981612615757,-0.9099050799850374,0.3343139181379229,0.05932390405381639,0.2491899686604648,0.29990017370577654,736342,MLP,31
-1.560221891850233,-0.7899105511081282,0.415041782729805,0.03080860210970144,-0.023896610421971196,-0.0011916614882129164,-0.42780647426843643,-0.3480624307137017,0.6519375692862983,-0.8352630841545761,0.724958807695657,0.06353350533235565,-0.2977490313142405,-0.3583410146559183,358468,MLP,31
-1.8907857020385563,-0.8490468419736048,0.41225626740947074,0.02971500648512832,-0.024726412534907954,-0.0022825963372328333,-0.8194520850665867,-0.559326960290109,0.4406730397098911,-1.062428173609078,0.8283575284294784,0.0635059048992821,-0.5705783354895495,-0.6866911330577057,396280,MLP,31
-2.004402931779623,-0.8652592789140546,0.39275766016713093,0.030654843138689374,-0.023455530746814307,-0.0022032669087752553,-0.7909728202503175,-0.5465964994399722,0.45340350056002776,-0.8033953451085836,1.2010075866710395,0.06343042429068024,-0.5514038139619241,-0.6636145928270862,935943,MLP,31
-1.8483695001341403,-0.8425062493842995,0.3983286908077994,0.029799946315156724,-0.0246780158691022,-0.0029778805143695387,-1.0690591046586633,-0.6566685955876017,0.34333140441239823,-1.0752897020429373,0.773079798091203,0.063472546674958,-0.7447690399536456,-0.896329678331146,547730,MLP,31
-1.6351570379920304,-0.8050782412260202,0.39275766016713093,0.03141549893436914,-0.022997494077805533,-0.001626374259653363,-0.5838683592155576,-0.4422633376208408,0.5577366623791592,-0.9833265631459653,0.651830474846065,0.06300401515102654,-0.40978167687677713,-0.49317232446158066,165255,MLP,31
-0.8339543202891946,-0.5656715875328646,0.403899721448468,0.0331383814136016,-0.021963402165413322,0.00029219287346457165,0.10489724157378078,0.11059648134535927,1.1105964813453593,-0.003514866577461362,0.9326209644787014,0.06324190861411771,0.07334405570549578,0.08826958470521326,502122,MLP,31
-0.880451406352222,-0.5854042817062239,0.39275766016713093,0.03491097831675875,-0.02121152072384475,0.0008310206820747353,0.2983364248648286,0.3476150828475175,1.3476150828475175,-0.10413952288217843,0.7923472109250724,0.06352473418755646,0.20766784030574112,0.24992828449549137,90938,MLP,31
-1.6231321105733514,-0.8027201718322352,0.4178272980501393,0.03425558119546622,-0.02069272942346427,0.0022661747348632338,0.8135567298159003,1.255917423293599,2.255917423293599,0.003514866577461362,2.2111344397999346,0.06300840427665216,0.5709461946892292,0.6871338516730507,27145,MLP,31
-1.6639698618091643,-0.810614349078288,0.37604456824512533,0.0316561312035278,-0.023581858540377913,-0.002809912536402226,-1.0087586005683988,-0.6353285984341561,0.3646714015658438,-1.0336036498192698,0.6303662119898945,0.06346754656316597,-0.7028155502841769,-0.8458386456982045,591094,MLP,31
-0.8632381791248918,-0.5782059760991222,0.42896935933147634,0.032030784650463856,-0.022780056891781163,0.0007321146890147505,0.26282917335629463,0.3006045220683977,1.3006045220683977,-0.1333409738726914,0.7298972052522004,0.06353634679156765,0.18291829758466627,0.2201422052199556,869122,MLP,31
-2.9656018344685435,-0.9484705522866419,0.4011142061281337,0.02657475301627225,-0.026210494841947114,-0.005037582052020683,-1.8084919566754252,-0.8360988794844892,0.1639011205155107,-1.8333370059262961,1.1322648285422474,0.06326200211541964,-1.264094294177945,-1.5213377185379175,586873,MLP,31
-0.8880562768317759,-0.5885452699030261,0.4245810055865922,0.035501285554154924,-0.020233111494464925,0.0034306548502004847,1.2281744363717735,2.414989561552857,3.414989561552857,0.02495671436190605,1.3966914173215628,0.06351850778958043,0.85738722935336,1.0318656902539358,627832,MLP,34
-0.8579757884144783,-0.5759804805683744,0.3575418994413408,0.03647307048049697,-0.018625327084294478,0.0010746586371952038,0.38472779211588204,0.4692143352783986,1.4692143352783986,-0.2508250076789409,1.2365116530563682,0.06214818952780129,0.2744999833374893,0.330360781084711,820417,MLP,34
-2.256575538776815,-0.8952915585018894,0.39664804469273746,0.02898589264549,-0.02511791781526645,-0.003657747185580932,-1.3094734924379736,-0.7300378439102382,0.2699621560897618,-1.510182844242081,0.7463926945347339,0.06351108370068144,-0.9142488694479385,-1.1002986847008145,620351,MLP,34
-1.3055253843776882,-0.7289698973488175,0.4022346368715084,0.03185533729750508,-0.02353284953849686,-0.0012538023195463564,-0.44886123039759696,-0.36164532322765786,0.6383546767723421,-0.6173782113473862,0.6881471730303019,0.06362479684041845,-0.3128260642537665,-0.37648622660741743,737923,MLP,34
-2.094851777423173,-0.876911513205398,0.39385474860335196,0.032782481775242595,-0.023045476690183656,-0.001057370143744827,-0.378538511460647,-0.3151384044731854,0.6848615955268146,-1.5408408411312848,0.5540109362918884,0.06362837443544343,-0.2638010292340672,-0.31748458782807815,155556,MLP,34
-0.42235338129103184,-0.34449764380930703,0.4134078212290503,0.034449320333707775,-0.021546185536620518,0.0016027945438503964,0.5738004466984421,0.7750000421936374,1.7750000421936374,0.02495671436190605,0.7661723138298839,0.06361693996389607,0.3999496770670817,0.48133951085895726,581261,MLP,34
-1.3076124638319016,-0.7295349688278807,0.41620111731843573,0.032653018819705754,-0.021871815759768827,0.0008214813138113716,0.2940903103444725,0.3419050861054507,1.3419050861054507,-0.055624160915613174,1.5892415798734874,0.06349002260864242,0.20539623459535314,0.2471944065998501,682245,MLP,34
-1.6146252683829516,-0.8010347849703954,0.3687150837988827,0.030810627479557737,-0.02401701203625715,-0.003801234337688534,-1.3608418928924948,-0.7435552129973837,0.25644478700261625,-1.554050552425906,0.060574715957045555,0.06348673611818383,-0.950477660141293,-1.1439000410495181,370312,MLP,34
-0.7015316537581384,-0.504174710767221,0.39664804469273746,0.03734469840722814,-0.019005421698912634,0.0033457432593890155,1.1977760868612677,2.3127414753069515,3.3127414753069515,0.014178016223013401,1.6985983888152987,0.06318469971300313,0.8405836845206026,1.0116426209172917,407259,MLP,34
-1.3380143833346665,-0.7376338897685819,0.3994413407821229,0.0322975974148986,-0.02317287943131009,-0.0010156777860367873,-0.36361264740116894,-0.30483958520872434,0.6951604147912757,-0.5942048809956759,0.7438095023389906,0.06361793816893885,-0.25344086067894966,-0.3050161230419441,190027,MLP,34
-1.9693007888272405,-0.8604455998950509,0.40782122905027934,0.03166026411552544,-0.02275403764402002,-0.0005627302225294124,-0.20145741966553032,-0.18246161212302647,0.8175383878769735,-0.8084686368238181,1.1608321520034224,0.06353210812913913,-0.1406070978478991,-0.1692206684543808,617148,MLP,34
-2.0323714171536267,-0.868975561160493,0.41620111731843573,0.02813165504704136,-0.025870702207159767,-0.0033948607801319274,-1.2153601592872292,-0.7033968293316997,0.2966031706683004,-1.227821353590116,0.8045500635635108,0.06354147376963964,-0.8481349418314014,-1.0207305604976014,153340,MLP,34
-0.4105029068887234,-0.33668342023658016,0.4329608938547486,0.03591259672877289,-0.019923526021821673,0.004251331593659213,1.521976710529998,3.5812720994406027,4.581272099440603,0.02495671436190605,1.7143485776614398,0.06349129882069714,1.062945601676133,1.279255229638941,296164,MLP,34
-1.2367874304763973,-0.7096846202315753,0.4134078212290503,0.02932283703577579,-0.024529052362777293,-0.002266260097453671,-0.8113211148884147,-0.5557292543471796,0.44427074565282043,-0.8237823091913015,0.4130051212850958,0.06353405455052247,-0.5662437884504989,-0.6814745048887029,279478,MLP,34
-2.333421273622662,-0.9030365595035506,0.40782122905027934,0.027373085812703795,-0.026418666446467263,-0.004481247927363978,-1.6042867579963058,-0.7989671111112718,0.20103288888872817,-1.616709282854572,0.7167119907680899,0.06347015514403442,-1.1208040269121446,-1.348887855189231,455928,MLP,34
-1.1516205491498113,-0.6838759405203615,0.38268156424581007,0.03517561863740756,-0.021289332236723798,0.0003187634888516134,0.11411732900887728,0.12088362933465535,1.1208836293346554,-0.08733346802182496,1.2532766838558018,0.06361986861293897,0.0795382578055644,0.09572430808659627,890739,MLP,34
-2.232505607418716,-0.8927406566427831,0.3854748603351955,0.03014745082254049,-0.0246705182320015,-0.003539569266842858,-1.2671657975297421,-0.7183713155605151,0.28162868443948486,-1.4678751493338495,0.7646304580848664,0.06353284635270932,-0.8844074112181564,-1.0643844841619496,919834,MLP,34
-1.852469519013539,-0.843150654795323,0.3687150837988827,0.02937058813404292,-0.02332776986923794,-0.0038970903819947195,-1.3951583567541093,-0.752206206560698,0.24779379343930194,-1.8274600163567811,0.02500950265675783,0.061928197434403254,-0.998969685667463,-1.2022602028040976,358060,MLP,34
-1.8169915745966136,-0.8374860727281503,0.36312849162011174,0.031397874266482315,-0.024026335669444513,-0.0039002259161749937,-1.3962808779906482,-0.7524842042977434,0.24751579570225657,-1.4087420722935349,0.40824950230307877,0.06350463528082309,-0.9749550834079843,-1.1733586245110088,357774,MLP,34
-0.42235338129103184,-0.34449764380930703,0.4134078212290503,0.034449320333707775,-0.021546185536620518,0.0016027945438503964,0.5738004466984421,0.7750000421936374,1.7750000421936374,0.02495671436190605,0.7661723138298839,0.06361693996389607,0.3999496770670817,0.48133951085895726,724450,MLP,34
-1.1264857947826385,-0.675829541412091,0.42178770949720673,0.03133143479812471,-0.023437507139014952,-0.00033664056776330775,-0.12051732325926423,-0.11353826919402454,0.8864617308059755,-0.5149058238603175,0.6115799709223211,0.06362867685502027,-0.08398734038239172,-0.1010787797966509,474154,MLP,34
-1.3824473144486547,-0.7490363859865881,0.4301675977653631,0.031396599161414455,-0.023284168267969554,0.00023772610109507736,0.08510594419203699,0.0888324160585765,1.0888324160585765,-0.4963070342782885,0.8861402801703662,0.0636206960797368,0.05931693763849586,0.07138794549839342,309648,MLP,34
-1.1088446429930627,-0.6700600606293412,0.4106145251396648,0.036730673012076595,-0.019043009138944165,0.003858474872787822,1.38133400445804,2.9802077023629843,3.9802077023629843,-0.01840185816399753,1.5819660164415836,0.06341395298306564,0.9658976745494137,1.1624580312623667,836489,MLP,34
-1.507509142626077,-0.7785390809200257,0.41620111731843573,0.028509336251815492,-0.024512758936385434,-0.002444903676491755,-0.8752755161840469,-0.583252816734056,0.416747183265944,-0.8938519570510834,0.6136571855749935,0.06293047557431189,-0.6167384290493275,-0.7422448142563046,882319,MLP,34
-0.8704525185748935,-0.5812379912218499,0.4273743016759777,0.03618156659915995,-0.01985549842598053,0.004093303107110233,1.465402512345463,3.3292854804935903,4.32928548049359,-0.02495671436190605,1.465402512345463,0.06350088122929201,1.0232798524275606,1.2315174930287438,220757,MLP,34
-1.6331551696639508,-0.8046876426977085,0.3994413407821229,0.02626578225689074,-0.023902830538924696,-0.0038634125785850116,-1.383101703133434,-0.7492005600132186,0.2507994399867815,-1.511862253304571,0.12129291635937989,0.05804837076033684,-1.0565287632801854,-1.2715325634339918,79504,MLP,34
-0.42235338129103184,-0.34449764380930703,0.4134078212290503,0.034449320333707775,-0.021546185536620518,0.0016027945438503964,0.5738004466984421,0.7750000421936374,1.7750000421936374,0.02495671436190605,0.7661723138298839,0.06361693996389607,0.3999496770670817,0.48133951085895726,111548,MLP,34
-1.8816429050639272,-0.8476603794824941,0.40782122905027934,0.03183344770573743,-0.023268093948059204,-0.000796515508242699,-0.28515255195088685,-0.24810045817217885,0.7518995418278211,-0.29138314933516085,1.5902597557287663,0.06362195532335797,-0.19874101066265423,-0.23918484335701037,257743,MLP,34
-1.5060670422390103,-0.7782194816511736,0.40502793296089384,0.03309257652225166,-0.022567964201583197,-2.389044472271215e-05,-0.008552779210731387,-0.00851630824472227,0.9914836917552777,-0.806666610063985,0.6994004321750253,0.06363485181199888,-0.00595976955839599,-0.007172583773806326,60618,MLP,34
-2.8322410243563354,-0.9411192474967104,0.40502793296089384,0.026942775880211385,-0.02560529103961734,-0.004321856113988385,-1.5472244888078421,-0.787162111267375,0.21283788873262496,-2.0043711971957237,0.8278698271606117,0.06231304745979175,-1.1010108103471177,-1.3250667153658389,874503,MLP,34
-0.4689978137612343,-0.3743710490709189,0.40782122905027934,0.03451798539544928,-0.021620625020488043,0.00127389207651433,0.45605336339212954,0.5778345411232899,1.57783454112329,0.02495671436190605,0.7069201373960823,0.06362439665706368,0.31784049597443803,0.38252109611741036,832765,MLP,34
-0.42235338129103184,-0.34449764380930703,0.4134078212290503,0.034449320333707775,-0.021546185536620518,0.0016027945438503964,0.5738004466984421,0.7750000421936374,1.7750000421936374,0.02495671436190605,0.7661723138298839,0.06361693996389607,0.3999496770670817,0.48133951085895726,475278,MLP,34
-1.3612878425046802,-0.7436695489547618,0.40502793296089384,0.0304620081189506,-0.02389026420221537,-0.001876075692245913,-0.6716350978240371,-0.4891274321302803,0.5108725678697197,-0.8847283045761287,0.47655953792855144,0.06356658302014408,-0.4685131230832156,-0.5638556309124186,769664,MLP,34
-1.5891559198498726,-0.7959021860388025,0.4022346368715084,0.030419372031853225,-0.02436656640324672,-0.0023297643511394784,-0.8340556377079338,-0.5657155903373379,0.4342844096626621,-1.0596100382972509,0.5295458815526217,0.063589453755151,-0.5816037146882566,-0.6999601789773253,49587,MLP,34
-1.576843994203955,-0.7933738163169907,0.41620111731843573,0.032747303798244705,-0.022646981872992508,0.0004081817164330332,0.14612905448302627,0.15734553904360538,1.1573455390436054,-0.14720655977725983,1.7167424513027072,0.06363451423142204,0.10182656293826405,0.12254828746600564,979213,MLP,34
-0.94443438667804,-0.6111005245703687,0.39106145251396646,0.03476074564303937,-0.02170694626893404,0.0003753913502734345,0.13439010339789093,0.14383894808116615,1.1438389480811662,-0.3407106108497828,0.7589770050253719,0.06363120266344967,0.09365142718436263,0.11270951006319634,354181,MLP,34
-1.0789116113446653,-0.6600346612238446,0.42178770949720673,0.0341840037792329,-0.021552723678332813,0.001956342930863898,0.7003707692492753,1.0144994834822874,2.0144994834822874,0.02495671436190605,1.7792823805939406,0.06360702161184915,0.48824768804400814,0.5876061835191883,269912,MLP,34
-1.3658570745028555,-0.7448381105062778,0.39664804469273746,0.031833197923154165,-0.021492350275231595,-0.0003408758501735557,-0.12203355436213315,-0.11488133158798464,0.8851186684120154,-0.8206700331065804,0.5451870413962752,0.06032144506468499,-0.08970667660960338,-0.10796200201158529,115225,MLP,34
-0.8921629465185106,-0.5902315137774398,0.4022346368715084,0.034709547481422,-0.02161225950819762,0.0010423220742192107,0.37315130257047713,0.4523040605476769,1.452304060547677,-0.25047471025027335,0.6416882362682372,0.06362862341836849,0.26004570078009254,0.3129650493341199,736342,MLP,34
-0.7102834978140891,-0.508495162839221,0.3687150837988827,0.03844866577789865,-0.018850350625755314,0.0022766610091115094,0.8150446412619203,1.2592765270537387,2.2592765270537387,-0.02658453630283475,1.210155411856249,0.06234283324643585,0.5797117521973488,0.6976832017670543,358468,MLP,34
-0.42235338129103184,-0.34449764380930703,0.4134078212290503,0.034449320333707775,-0.021546185536620518,0.0016027945438503964,0.5738004466984421,0.7750000421936374,1.7750000421936374,0.02495671436190605,0.7661723138298839,0.06361693996389607,0.3999496770670817,0.48133951085895726,396280,MLP,34
-1.6574952751398087,-0.809384177137464,0.40782122905027934,0.03009262504949145,-0.0241114219556176,-0.002005860886494912,-0.7180981973651797,-0.512321156503107,0.48767884349689306,-0.7305593916680664,0.9269358834717423,0.06351823783395705,-0.5013056959291102,-0.6033214984415534,935943,MLP,34
-1.1303170509636402,-0.6770691453488357,0.388268156424581,0.03554706759382334,-0.02113986613662684,0.000869865116257449,0.3114117116201669,0.36535123645377166,1.3653512364537717,-0.027601801324635744,1.269134211121127,0.06362200446075596,0.21704252715336275,0.2612107218630636,547730,MLP,34
-1.5426417021080852,-0.7861844821999509,0.39106145251396646,0.030774591297709517,-0.021810854263945457,-0.0012467135415105534,-0.4463234478607774,-0.36002326052600186,0.6399767394739981,-0.4463234478607774,1.0963182542473078,0.059468742476664845,-0.3327960723165956,-0.4005201350313498,165255,MLP,34
-1.046464477200061,-0.648822848321321,0.3547486033519553,0.03628391920456912,-0.021277727501757153,-0.0008578137260492266,-0.3070973139256239,-0.2644209846574159,0.7355790153425841,-0.3070973139256239,0.7393671632744372,0.06359319262071761,-0.21413252237987726,-0.25770853057605375,502122,MLP,34
-2.703611428849399,-0.9330367574536985,0.39385474860335196,0.02703078377311587,-0.026782755115528672,-0.005588037285084873,-2.0005173480603844,-0.8647347141016165,0.13526528589838346,-2.012978542363271,0.690632886486128,0.06339067413841216,-1.3993752716062957,-1.684148400075141,90938,MLP,34
-0.970379329752177,-0.6210607321016174,0.4106145251396648,0.033247097335172955,-0.02241187839618756,0.00044250549350516484,0.1584169666748494,0.17165463380590928,1.1716546338059093,-0.12366260611452162,0.8467167236376554,0.06363457241149971,0.11038900194288097,0.13285318440320382,27145,MLP,34
-1.0840843645855784,-0.6617886775738464,0.39106145251396646,0.03463192590113197,-0.020971576513406403,0.000772809905686813,0.27666594623588026,0.31872577213917164,1.3187257721391716,-0.09526147204451263,0.9888228925410658,0.06315794401434607,0.19424281645806754,0.23377126579379806,591094,MLP,34
-2.9278587009757757,-0.9464885003246801,0.37988826815642457,0.028592689233311618,-0.025294038379011122,-0.0048231027497488525,-1.7266707844100893,-0.8221243884358773,0.17787561156412265,-1.745323906186968,1.1825347947888076,0.06341290656777657,-1.2073943095393447,-1.4530992764624242,869122,MLP,34
-1.66935622273013,-0.8116317061614824,0.39664804469273746,0.030138616643609926,-0.024738494484659493,-0.0029715956572453663,-1.0638312452938408,-0.6548690073914419,0.34513099260855806,-1.0638312452938408,0.6055249774362892,0.06356757098512468,-0.7420862226701002,-0.8931009072306029,586873,MLP,34
-2.9572097221389413,-0.9480362917401617,0.4016393442622951,0.026012007533540937,-0.026990323904774165,-0.005702502261516461,-2.0871158277150244,-0.8759556142358621,0.12404438576413794,-2.0995383525732905,0.8576713695656508,0.06283064218718724,-1.4407686099855914,-1.7339652905260057,627832,Linear,1
-2.9087936459109187,-0.9454585134563848,0.39617486338797814,0.02584570334774667,-0.02615683727973558,-0.005554737850815016,-2.0330340533982962,-0.8690623539434079,0.13093764605659206,-2.0454565782565624,0.8633370676543564,0.06222075188444447,-1.4171916448751367,-1.705590408623297,820417,Linear,1
-2.9087936459109187,-0.9454585134563848,0.39617486338797814,0.02584570334774667,-0.02615683727973558,-0.005554737850815016,-2.0330340533982962,-0.8690623539434079,0.13093764605659206,-2.0454565782565624,0.8633370676543564,0.06222075188444447,-1.4171916448751367,-1.705590408623297,620351,Linear,1
-2.9572097221389413,-0.9480362917401617,0.4016393442622951,0.026012007533540937,-0.026990323904774165,-0.005702502261516461,-2.0871158277150244,-0.8759556142358621,0.12404438576413794,-2.0995383525732905,0.8576713695656508,0.06283064218718724,-1.4407686099855914,-1.7339652905260057,737923,Linear,1
-2.9087936459109187,-0.9454585134563848,0.39617486338797814,0.02584570334774667,-0.02615683727973558,-0.005554737850815016,-2.0330340533982962,-0.8690623539434079,0.13093764605659206,-2.0454565782565624,0.8633370676543564,0.06222075188444447,-1.4171916448751367,-1.705590408623297,155556,Linear,1
-2.9087936459109187,-0.9454585134563848,0.39617486338797814,0.02584570334774667,-0.02615683727973558,-0.005554737850815016,-2.0330340533982962,-0.8690623539434079,0.13093764605659206,-2.0454565782565624,0.8633370676543564,0.06222075188444447,-1.4171916448751367,-1.705590408623297,581261,Linear,1
-2.9572097221389413,-0.9480362917401617,0.4016393442622951,0.026012007533540937,-0.02696445313724583,-0.005687022212093768,-2.081450129626319,-0.8752508215104523,0.12474917848954767,-2.093872654484585,0.8633370676543564,0.0628313492257123,-1.4368413213265632,-1.72923879789323,682245,Linear,1
-2.9087936459109187,-0.9454585134563848,0.39617486338797814,0.02584570334774667,-0.02615683727973558,-0.005554737850815016,-2.0330340533982962,-0.8690623539434079,0.13093764605659206,-2.0454565782565624,0.8633370676543564,0.06222075188444447,-1.4171916448751367,-1.705590408623297,370312,Linear,1
-2.9572097221389413,-0.9480362917401617,0.4016393442622951,0.026012007533540937,-0.02696445313724583,-0.005687022212093768,-2.081450129626319,-0.8752508215104523,0.12474917848954767,-2.093872654484585,0.8633370676543564,0.0628313492257123,-1.4368413213265632,-1.72923879789323,407259,Linear,1
-2.9572097221389413,-0.9480362917401617,0.4016393442622951,0.026012007533540937,-0.026990323904774165,-0.005702502261516461,-2.0871158277150244,-0.8759556142358621,0.12404438576413794,-2.0995383525732905,0.8576713695656508,0.06283064218718724,-1.4407686099855914,-1.7339652905260057,190027,Linear,1
-2.9572097221389413,-0.9480362917401617,0.4016393442622951,0.026012007533540937,-0.02696445313724583,-0.005687022212093768,-2.081450129626319,-0.8752508215104523,0.12474917848954767,-2.093872654484585,0.8633370676543564,0.0628313492257123,-1.4368413213265632,-1.72923879789323,617148,Linear,1
-2.9087936459109187,-0.9454585134563848,0.39617486338797814,0.02584570334774667,-0.02615683727973558,-0.005554737850815016,-2.0330340533982962,-0.8690623539434079,0.13093764605659206,-2.0454565782565624,0.8633370676543564,0.06222075188444447,-1.4171916448751367,-1.705590408623297,153340,Linear,1
-2.8099461486563087,-0.9397917654005914,0.3989071038251366,0.026108143232405595,-0.026118070309431377,-0.005284662721704062,-1.9341865561436862,-0.8554582023472095,0.14454179765279052,-1.9466090810019523,0.8633370676543564,0.06230842703098234,-1.3463896288889114,-1.6203801691937956,296164,Linear,1
-2.9087936459109187,-0.9454585134563848,0.39617486338797814,0.02584570334774667,-0.02615683727973558,-0.005554737850815016,-2.0330340533982962,-0.8690623539434079,0.13093764605659206,-2.0454565782565624,0.8633370676543564,0.06222075188444447,-1.4171916448751367,-1.705590408623297,279478,Linear,1
-2.9087936459109187,-0.9454585134563848,0.39617486338797814,0.02584570334774667,-0.02615683727973558,-0.005554737850815016,-2.0330340533982962,-0.8690623539434079,0.13093764605659206,-2.0454565782565624,0.8633370676543564,0.06222075188444447,-1.4171916448751367,-1.705590408623297,455928,Linear,1
-2.9087936459109187,-0.9454585134563848,0.39617486338797814,0.02584570334774667,-0.02615683727973558,-0.005554737850815016,-2.0330340533982962,-0.8690623539434079,0.13093764605659206,-2.0454565782565624,0.8633370676543564,0.06222075188444447,-1.4171916448751367,-1.705590408623297,890739,Linear,1
-2.9572097221389413,-0.9480362917401617,0.4016393442622951,0.026012007533540937,-0.026990323904774165,-0.005702502261516461,-2.0871158277150244,-0.8759556142358621,0.12404438576413794,-2.0995383525732905,0.8576713695656508,0.06283064218718724,-1.4407686099855914,-1.7339652905260057,919834,Linear,1
-2.9087936459109187,-0.9454585134563848,0.39617486338797814,0.02584570334774667,-0.02615683727973558,-0.005554737850815016,-2.0330340533982962,-0.8690623539434079,0.13093764605659206,-2.0454565782565624,0.8633370676543564,0.06222075188444447,-1.4171916448751367,-1.705590408623297,358060,Linear,1
-2.9572097221389413,-0.9480362917401617,0.4016393442622951,0.026012007533540937,-0.02696445313724583,-0.005687022212093768,-2.081450129626319,-0.8752508215104523,0.12474917848954767,-2.093872654484585,0.8633370676543564,0.0628313492257123,-1.4368413213265632,-1.72923879789323,357774,Linear,1
-2.9572097221389413,-0.9480362917401617,0.4016393442622951,0.026012007533540937,-0.026990323904774165,-0.005702502261516461,-2.0871158277150244,-0.8759556142358621,0.12404438576413794,-2.0995383525732905,0.8576713695656508,0.06283064218718724,-1.4407686099855914,-1.7339652905260057,724450,Linear,1
-2.9572097221389413,-0.9480362917401617,0.4016393442622951,0.026012007533540937,-0.02696445313724583,-0.005687022212093768,-2.081450129626319,-0.8752508215104523,0.12474917848954767,-2.093872654484585,0.8633370676543564,0.0628313492257123,-1.4368413213265632,-1.72923879789323,474154,Linear,1
-2.8741080751642585,-0.9435335190932261,0.39617486338797814,0.02584570334774667,-0.02599988899581404,-0.005459968531835072,-1.998348482651636,-0.8644410235294918,0.13555897647050819,-2.010771007509902,0.8633370676543564,0.06220267315333244,-1.3934178229798604,-1.6769786095433818,309648,Linear,1
-2.8741080751642585,-0.9435335190932261,0.39617486338797814,0.02584570334774667,-0.02599988899581404,-0.005459968531835072,-1.998348482651636,-0.8644410235294918,0.13555897647050819,-2.010771007509902,0.8633370676543564,0.06220267315333244,-1.3934178229798604,-1.6769786095433818,836489,Linear,1
-2.9572097221389413,-0.9480362917401617,0.4016393442622951,0.026012007533540937,-0.02696445313724583,-0.005687022212093768,-2.081450129626319,-0.8752508215104523,0.12474917848954767,-2.093872654484585,0.8633370676543564,0.0628313492257123,-1.4368413213265632,-1.72923879789323,882319,Linear,1
-2.9087936459109187,-0.9454585134563848,0.39617486338797814,0.02584570334774667,-0.02615683727973558,-0.005554737850815016,-2.0330340533982962,-0.8690623539434079,0.13093764605659206,-2.0454565782565624,0.8633370676543564,0.06222075188444447,-1.4171916448751367,-1.705590408623297,220757,Linear,1
-2.8099461486563087,-0.9397917654005914,0.3989071038251366,0.026108143232405595,-0.026118070309431377,-0.005284662721704062,-1.9341865561436862,-0.8554582023472095,0.14454179765279052,-1.9466090810019523,0.8633370676543564,0.06230842703098234,-1.3463896288889114,-1.6203801691937956,79504,Linear,1
-2.9572097221389413,-0.9480362917401617,0.4016393442622951,0.026012007533540937,-0.026990323904774165,-0.005702502261516461,-2.0871158277150244,-0.8759556142358621,0.12404438576413794,-2.0995383525732905,0.8576713695656508,0.06283064218718724,-1.4407686099855914,-1.7339652905260057,111548,Linear,1
-2.8741080751642585,-0.9435335190932261,0.39617486338797814,0.02584570334774667,-0.02599988899581404,-0.005459968531835072,-1.998348482651636,-0.8644410235294918,0.13555897647050819,-2.010771007509902,0.8633370676543564,0.06220267315333244,-1.3934178229798604,-1.6769786095433818,257743,Linear,1
-2.9572097221389413,-0.9480362917401617,0.4016393442622951,0.026012007533540937,-0.026990323904774165,-0.005702502261516461,-2.0871158277150244,-0.8759556142358621,0.12404438576413794,-2.0995383525732905,0.8576713695656508,0.06283064218718724,-1.4407686099855914,-1.7339652905260057,60618,Linear,1
-2.926389371044934,-0.9464098164844583,0.39617486338797814,0.02584570334774667,-0.026236455945500354,-0.005602813602547298,-2.0506297785323113,-0.87134614536671,0.12865385463329007,-2.0630523033905774,0.8633370676543564,0.06222324592228525,-1.4294000142426784,-1.7202831834314944,874503,Linear,1
-2.9572097221389413,-0.9480362917401617,0.4016393442622951,0.026012007533540937,-0.02696445313724583,-0.005687022212093768,-2.081450129626319,-0.8752508215104523,0.12474917848954767,-2.093872654484585,0.8633370676543564,0.0628313492257123,-1.4368413213265632,-1.72923879789323,832765,Linear,1
-2.9572097221389413,-0.9480362917401617,0.4016393442622951,0.026012007533540937,-0.02696445313724583,-0.005687022212093768,-2.081450129626319,-0.8752508215104523,0.12474917848954767,-2.093872654484585,0.8633370676543564,0.0628313492257123,-1.4368413213265632,-1.72923879789323,475278,Linear,1
-2.9572097221389413,-0.9480362917401617,0.4016393442622951,0.026012007533540937,-0.02696445313724583,-0.005687022212093768,-2.081450129626319,-0.8752508215104523,0.12474917848954767,-2.093872654484585,0.8633370676543564,0.0628313492257123,-1.4368413213265632,-1.72923879789323,769664,Linear,1
-2.9087936459109187,-0.9454585134563848,0.39617486338797814,0.02584570334774667,-0.02615683727973558,-0.005554737850815016,-2.0330340533982962,-0.8690623539434079,0.13093764605659206,-2.0454565782565624,0.8633370676543564,0.06222075188444447,-1.4171916448751367,-1.705590408623297,49587,Linear,1
-2.8741080751642585,-0.9435335190932261,0.39617486338797814,0.02584570334774667,-0.02599988899581404,-0.005459968531835072,-1.998348482651636,-0.8644410235294918,0.13555897647050819,-2.010771007509902,0.8633370676543564,0.06220267315333244,-1.3934178229798604,-1.6769786095433818,979213,Linear,1
-2.8099461486563087,-0.9397917654005914,0.3989071038251366,0.026108143232405595,-0.026118070309431377,-0.005284662721704062,-1.9341865561436862,-0.8554582023472095,0.14454179765279052,-1.9466090810019523,0.8633370676543564,0.06230842703098234,-1.3463896288889114,-1.6203801691937956,354181,Linear,1
-2.9572097221389413,-0.9480362917401617,0.4016393442622951,0.026012007533540937,-0.02696445313724583,-0.005687022212093768,-2.081450129626319,-0.8752508215104523,0.12474917848954767,-2.093872654484585,0.8633370676543564,0.0628313492257123,-1.4368413213265632,-1.72923879789323,269912,Linear,1
-2.9087936459109187,-0.9454585134563848,0.39617486338797814,0.02584570334774667,-0.02615683727973558,-0.005554737850815016,-2.0330340533982962,-0.8690623539434079,0.13093764605659206,-2.0454565782565624,0.8633370676543564,0.06222075188444447,-1.4171916448751367,-1.705590408623297,115225,Linear,1
-2.9572097221389413,-0.9480362917401617,0.4016393442622951,0.026012007533540937,-0.02696445313724583,-0.005687022212093768,-2.081450129626319,-0.8752508215104523,0.12474917848954767,-2.093872654484585,0.8633370676543564,0.0628313492257123,-1.4368413213265632,-1.72923879789323,736342,Linear,1
-2.9572097221389413,-0.9480362917401617,0.4016393442622951,0.026012007533540937,-0.02696445313724583,-0.005687022212093768,-2.081450129626319,-0.8752508215104523,0.12474917848954767,-2.093872654484585,0.8633370676543564,0.0628313492257123,-1.4368413213265632,-1.72923879789323,358468,Linear,1
-2.8099461486563087,-0.9397917654005914,0.3989071038251366,0.026108143232405595,-0.026118070309431377,-0.005284662721704062,-1.9341865561436862,-0.8554582023472095,0.14454179765279052,-1.9466090810019523,0.8633370676543564,0.06230842703098234,-1.3463896288889114,-1.6203801691937956,396280,Linear,1
-2.9572097221389413,-0.9480362917401617,0.4016393442622951,0.026012007533540937,-0.026990323904774165,-0.005702502261516461,-2.0871158277150244,-0.8759556142358621,0.12404438576413794,-2.0995383525732905,0.8576713695656508,0.06283064218718724,-1.4407686099855914,-1.7339652905260057,935943,Linear,1
-2.9572097221389413,-0.9480362917401617,0.4016393442622951,0.026012007533540937,-0.026990323904774165,-0.005702502261516461,-2.0871158277150244,-0.8759556142358621,0.12404438576413794,-2.0995383525732905,0.8576713695656508,0.06283064218718724,-1.4407686099855914,-1.7339652905260057,547730,Linear,1
-2.9572097221389413,-0.9480362917401617,0.4016393442622951,0.026012007533540937,-0.026990323904774165,-0.005702502261516461,-2.0871158277150244,-0.8759556142358621,0.12404438576413794,-2.0995383525732905,0.8576713695656508,0.06283064218718724,-1.4407686099855914,-1.7339652905260057,165255,Linear,1
-2.9087936459109187,-0.9454585134563848,0.39617486338797814,0.02584570334774667,-0.02615683727973558,-0.005554737850815016,-2.0330340533982962,-0.8690623539434079,0.13093764605659206,-2.0454565782565624,0.8633370676543564,0.06222075188444447,-1.4171916448751367,-1.705590408623297,502122,Linear,1
-2.8741080751642585,-0.9435335190932261,0.39617486338797814,0.02584570334774667,-0.02599988899581404,-0.005459968531835072,-1.998348482651636,-0.8644410235294918,0.13555897647050819,-2.010771007509902,0.8633370676543564,0.06220267315333244,-1.3934178229798604,-1.6769786095433818,90938,Linear,1
-2.9087936459109187,-0.9454585134563848,0.39617486338797814,0.02584570334774667,-0.02615683727973558,-0.005554737850815016,-2.0330340533982962,-0.8690623539434079,0.13093764605659206,-2.0454565782565624,0.8633370676543564,0.06222075188444447,-1.4171916448751367,-1.705590408623297,27145,Linear,1
-2.9087936459109187,-0.9454585134563848,0.39617486338797814,0.02584570334774667,-0.02615683727973558,-0.005554737850815016,-2.0330340533982962,-0.8690623539434079,0.13093764605659206,-2.0454565782565624,0.8633370676543564,0.06222075188444447,-1.4171916448751367,-1.705590408623297,591094,Linear,1
-2.9087936459109187,-0.9454585134563848,0.39617486338797814,0.02584570334774667,-0.02615683727973558,-0.005554737850815016,-2.0330340533982962,-0.8690623539434079,0.13093764605659206,-2.0454565782565624,0.8633370676543564,0.06222075188444447,-1.4171916448751367,-1.705590408623297,869122,Linear,1
-2.9572097221389413,-0.9480362917401617,0.4016393442622951,0.026012007533540937,-0.026990323904774165,-0.005702502261516461,-2.0871158277150244,-0.8759556142358621,0.12404438576413794,-2.0995383525732905,0.8576713695656508,0.06283064218718724,-1.4407686099855914,-1.7339652905260057,586873,Linear,1
-1.7222301228903234,-0.8213327466465804,0.40437158469945356,0.029130068019259017,-0.023685258235397893,-0.002328241061383624,-0.8521362284664065,-0.5734971494418994,0.4265028505581006,-0.8645587533246726,0.8576713695656508,0.061984655880592474,-0.5962714565194993,-0.7176128090037567,627832,Linear,4
-1.9029522608034313,-0.8508722951819171,0.4098360655737705,0.028863773544629413,-0.024826038879971882,-0.0028220173944795476,-1.0328583663795143,-0.6440120390932175,0.35598796090678253,-1.0452808912377805,0.8576713695656508,0.06294261923178296,-0.7117297925397927,-0.8565669379135192,820417,Linear,4
-1.9152981000952423,-0.8527020834821479,0.40710382513661203,0.028974632163775847,-0.024711633170847586,-0.002855749195823293,-1.0452042056713253,-0.6483799907537412,0.3516200092462588,-1.0576267305295914,0.8576713695656508,0.06293777626669414,-0.7202925772500915,-0.8668722509075699,620351,Linear,4
-1.9981866665184498,-0.8644190861252357,0.40437158469945356,0.029130068019259017,-0.02495111394011407,-0.003082220688782878,-1.1280927720945328,-0.676350057643327,0.32364994235667305,-1.140515296952799,0.8576713695656508,0.06303891570963693,-0.7761671662532476,-0.9341173291820387,737923,Linear,4
-1.9152981000952423,-0.8527020834821479,0.40710382513661203,0.028974632163775847,-0.024711633170847586,-0.002855749195823293,-1.0452042056713253,-0.6483799907537412,0.3516200092462588,-1.0576267305295914,0.8576713695656508,0.06293777626669414,-0.7202925772500915,-0.8668722509075699,155556,Linear,4
-2.0905022034421563,-0.8763749646930529,0.4016393442622951,0.028176980197657735,-0.024485956155588705,-0.003334448931743823,-1.2204083090182394,-0.7048903536091125,0.2951096463908875,-1.2328308338765055,0.8576713695656508,0.06228666415366573,-0.8498245413568136,-1.0227639938411994,581261,Linear,4
-1.6979440324939787,-0.8169404981913411,0.4098360655737705,0.028863773544629413,-0.023876926711872564,-0.0022618856231422443,-0.8278501380700618,-0.5630122595062299,0.43698774049377004,-0.8402726629283279,0.8576713695656508,0.061990487716413245,-0.5792230782519481,-0.6970950825827268,682245,Linear,4
-1.734278465155512,-0.8234724748934554,0.40437158469945356,0.029130068019259017,-0.023740525860467567,-0.002361160029321298,-0.8641845707315952,-0.5786049695912734,0.42139503040872656,-0.8766070955898613,0.8576713695656508,0.061986615305880725,-0.6046830154267968,-0.7277361217157227,370312,Linear,4
-1.6795226968824863,-0.8135370458477269,0.4098360655737705,0.028863773544629413,-0.023791642750708247,-0.0022115541050780584,-0.8094288024585694,-0.5548877593583559,0.44511224064164406,-0.8218513273168355,0.8576713695656508,0.06197994843290949,-0.5664304976956445,-0.6816992095000185,407259,Linear,4
-1.7222301228903234,-0.8213327466465804,0.40437158469945356,0.029130068019259017,-0.023685258235397893,-0.002328241061383624,-0.8521362284664065,-0.5734971494418994,0.4265028505581006,-0.8645587533246726,0.8576713695656508,0.061984655880592474,-0.5962714565194993,-0.7176128090037567,190027,Linear,4
-1.9152981000952423,-0.8527020834821479,0.40710382513661203,0.028974632163775847,-0.024711633170847586,-0.002855749195823293,-1.0452042056713253,-0.6483799907537412,0.3516200092462588,-1.0576267305295914,0.8576713695656508,0.06293777626669414,-0.7202925772500915,-0.8668722509075699,617148,Linear,4
-1.6393415564671159,-0.8058921907457037,0.4098360655737705,0.029252251908183098,-0.023875395593845664,-0.0021017695684240386,-0.7692476620431989,-0.53663845831455,0.46336154168545,-0.7816701869014651,0.8576713695656508,0.062099429002337524,-0.5372763982423326,-0.6466122453766875,153340,Linear,4
-1.9455875405110419,-0.8570967627731423,0.40437158469945356,0.029130068019259017,-0.024709833545584675,-0.002938507229746243,-1.075493646087125,-0.6588706834224762,0.3411293165775237,-1.087916170945391,0.8576713695656508,0.06294128448209246,-0.7411249471293381,-0.8919440119382146,296164,Linear,4
-2.0905022034421563,-0.8763749646930529,0.4016393442622951,0.028176980197657735,-0.024485956155588705,-0.003334448931743823,-1.2204083090182394,-0.7048903536091125,0.2951096463908875,-1.2328308338765055,0.8576713695656508,0.06228666415366573,-0.8498245413568136,-1.0227639938411994,279478,Linear,4
-1.673221849836409,-0.8123584621552764,0.4098360655737705,0.028863773544629413,-0.023762472162531963,-0.0021943386759904152,-0.8031279554124922,-0.5520743209972865,0.44792567900271346,-0.8155504802707583,0.8576713695656508,0.061976328744298724,-0.5620540499784396,-0.6764321538570509,455928,Linear,4
-1.734278465155512,-0.8234724748934554,0.40437158469945356,0.029130068019259017,-0.023740525860467567,-0.002361160029321298,-0.8641845707315952,-0.5786049695912734,0.42139503040872656,-0.8766070955898613,0.8576713695656508,0.061986615305880725,-0.6046830154267968,-0.7277361217157227,890739,Linear,4
-1.9981866665184498,-0.8644190861252357,0.40437158469945356,0.029130068019259017,-0.02495111394011407,-0.003082220688782878,-1.1280927720945328,-0.676350057643327,0.32364994235667305,-1.140515296952799,0.8576713695656508,0.06303891570963693,-0.7761671662532476,-0.9341173291820387,919834,Linear,4
-1.921268225647509,-0.8535788507279056,0.40437158469945356,0.029130068019259017,-0.024598277055384983,-0.00287206101427211,-1.0511743312235922,-0.6504729525168684,0.34952704748313157,-1.0635968560818583,0.8576713695656508,0.06293625619634782,-0.7244243289840512,-0.871844814889116,358060,Linear,4
-1.9152981000952423,-0.8527020834821479,0.40710382513661203,0.028974632163775847,-0.024711633170847586,-0.002855749195823293,-1.0452042056713253,-0.6483799907537412,0.3516200092462588,-1.0576267305295914,0.8576713695656508,0.06293777626669414,-0.7202925772500915,-0.8668722509075699,357774,Linear,4
-1.9981866665184498,-0.8644190861252357,0.40437158469945356,0.029130068019259017,-0.02495111394011407,-0.003082220688782878,-1.1280927720945328,-0.676350057643327,0.32364994235667305,-1.140515296952799,0.8576713695656508,0.06303891570963693,-0.7761671662532476,-0.9341173291820387,724450,Linear,4
-1.7712587821297348,-0.8298812884045602,0.40710382513661203,0.028974632163775847,-0.024047857512020366,-0.0024621991467372074,-0.9011648877058178,-0.5939036725146043,0.4060963274853957,-0.9135874125640839,0.8576713695656508,0.062501362445248,-0.6253655631544435,-0.7526275717590057,474154,Linear,4
-1.939584190491587,-0.8562362843288307,0.40437158469945356,0.029130068019259017,-0.024682295242743138,-0.0029221046340646723,-1.06949029606767,-0.6568166052270908,0.34318339477290916,-1.081912820925936,0.8576713695656508,0.06293803958922266,-0.7370260227776513,-0.8870109557173494,309648,Linear,4
-1.6979440324939787,-0.8169404981913411,0.4098360655737705,0.028863773544629413,-0.023876926711872564,-0.0022618856231422443,-0.8278501380700618,-0.5630122595062299,0.43698774049377004,-0.8402726629283279,0.8576713695656508,0.061990487716413245,-0.5792230782519481,-0.6970950825827268,836489,Linear,4
-1.559949706774205,-0.7898533601125942,0.40710382513661203,0.028974632163775847,-0.02307408297121147,-0.0018848519463122628,-0.689855812350288,-0.49835160464524053,0.5016483953547595,-0.7022783372085541,0.8576713695656508,0.061535388153781914,-0.4862421111886813,-0.5851924714001729,882319,Linear,4
-1.93361406493932,-0.8553754297483583,0.40437158469945356,0.029130068019259017,-0.024654909345714394,-0.002905792815615857,-1.0635201705154032,-0.6547616291439179,0.3452383708560821,-1.0759426953736693,0.8576713695656508,0.06293802110790747,-0.7329119997354168,-0.8820597282195972,220757,Linear,4
-1.734278465155512,-0.8234724748934554,0.40437158469945356,0.029130068019259017,-0.023740525860467567,-0.002361160029321298,-0.8641845707315952,-0.5786049695912734,0.42139503040872656,-0.8766070955898613,0.8576713695656508,0.061986615305880725,-0.6046830154267968,-0.7277361217157227,79504,Linear,4
-1.9981866665184498,-0.8644190861252357,0.40437158469945356,0.029130068019259017,-0.02495111394011407,-0.003082220688782878,-1.1280927720945328,-0.676350057643327,0.32364994235667305,-1.140515296952799,0.8576713695656508,0.06303891570963693,-0.7761671662532476,-0.9341173291820387,111548,Linear,4
-1.939584190491587,-0.8562362843288307,0.40437158469945356,0.029130068019259017,-0.024682295242743138,-0.0029221046340646723,-1.06949029606767,-0.6568166052270908,0.34318339477290916,-1.081912820925936,0.8576713695656508,0.06293803958922266,-0.7370260227776513,-0.8870109557173494,257743,Linear,4
-1.9981866665184498,-0.8644190861252357,0.40437158469945356,0.029130068019259017,-0.02495111394011407,-0.003082220688782878,-1.1280927720945328,-0.676350057643327,0.32364994235667305,-1.140515296952799,0.8576713695656508,0.06303891570963693,-0.7761671662532476,-0.9341173291820387,60618,Linear,4
-1.9455875405110419,-0.8570967627731423,0.40437158469945356,0.029130068019259017,-0.024709833545584675,-0.002938507229746243,-1.075493646087125,-0.6588706834224762,0.3411293165775237,-1.087916170945391,0.8576713695656508,0.06294128448209246,-0.7411249471293381,-0.8919440119382146,874503,Linear,4
-1.7896079714410007,-0.8329743643468048,0.40710382513661203,0.028974632163775847,-0.024132415988109147,-0.002512333543762523,-0.9195140770170838,-0.6012872622972851,0.3987127377027148,-0.9319366018753499,0.8576713695656508,0.06250674103588186,-0.6380441204022022,-0.7678862177686383,832765,Linear,4
-1.7955448725260794,-0.8339630412817934,0.40437158469945356,0.029130068019259017,-0.0240215644263876,-0.002528554584978587,-0.9254509781021625,-0.6036473675943628,0.39635263240563723,-0.9378735029604286,0.8576713695656508,0.06250204656580255,-0.6422119251339025,-0.7729021715396818,475278,Linear,4
-1.6979440324939787,-0.8169404981913411,0.4098360655737705,0.028863773544629413,-0.023876926711872564,-0.0022618856231422443,-0.8278501380700618,-0.5630122595062299,0.43698774049377004,-0.8402726629283279,0.8576713695656508,0.061990487716413245,-0.5792230782519481,-0.6970950825827268,769664,Linear,4
-1.93361406493932,-0.8553754297483583,0.40437158469945356,0.029130068019259017,-0.024654909345714394,-0.002905792815615857,-1.0635201705154032,-0.6547616291439179,0.3452383708560821,-1.0759426953736693,0.8576713695656508,0.06293802110790747,-0.7329119997354168,-0.8820597282195972,49587,Linear,4
-1.673221849836409,-0.8123584621552764,0.4098360655737705,0.028863773544629413,-0.023762472162531963,-0.0021943386759904152,-0.8031279554124922,-0.5520743209972865,0.44792567900271346,-0.8155504802707583,0.8576713695656508,0.061976328744298724,-0.5620540499784396,-0.6764321538570509,979213,Linear,4
-1.734278465155512,-0.8234724748934554,0.40437158469945356,0.029130068019259017,-0.023740525860467567,-0.002361160029321298,-0.8641845707315952,-0.5786049695912734,0.42139503040872656,-0.8766070955898613,0.8576713695656508,0.061986615305880725,-0.6046830154267968,-0.7277361217157227,354181,Linear,4
-1.578298896085471,-0.7936742185595183,0.40710382513661203,0.028974632163775847,-0.023158641447300253,-0.0019349863433375785,-0.708205001661554,-0.5074725095038861,0.49252749049611383,-0.7206275265198201,0.8576713695656508,0.061541322793397656,-0.4991273267197349,-0.6006998306922504,269912,Linear,4
-1.673221849836409,-0.8123584621552764,0.4098360655737705,0.028863773544629413,-0.023762472162531963,-0.0021943386759904152,-0.8031279554124922,-0.5520743209972865,0.44792567900271346,-0.8155504802707583,0.8576713695656508,0.061976328744298724,-0.5620540499784396,-0.6764321538570509,115225,Linear,4
-1.9152981000952423,-0.8527020834821479,0.40710382513661203,0.028974632163775847,-0.024711633170847586,-0.002855749195823293,-1.0452042056713253,-0.6483799907537412,0.3516200092462588,-1.0576267305295914,0.8576713695656508,0.06293777626669414,-0.7202925772500915,-0.8668722509075699,736342,Linear,4
-1.6979440324939787,-0.8169404981913411,0.4098360655737705,0.028863773544629413,-0.023876926711872564,-0.0022618856231422443,-0.8278501380700618,-0.5630122595062299,0.43698774049377004,-0.8402726629283279,0.8576713695656508,0.061990487716413245,-0.5792230782519481,-0.6970950825827268,358468,Linear,4
-1.93361406493932,-0.8553754297483583,0.40437158469945356,0.029130068019259017,-0.024654909345714394,-0.002905792815615857,-1.0635201705154032,-0.6547616291439179,0.3452383708560821,-1.0759426953736693,0.8576713695656508,0.06293802110790747,-0.7329119997354168,-0.8820597282195972,396280,Linear,4
-1.9981866665184498,-0.8644190861252357,0.40437158469945356,0.029130068019259017,-0.02495111394011407,-0.003082220688782878,-1.1280927720945328,-0.676350057643327,0.32364994235667305,-1.140515296952799,0.8576713695656508,0.06303891570963693,-0.7761671662532476,-0.9341173291820387,935943,Linear,4
-1.9981866665184498,-0.8644190861252357,0.40437158469945356,0.029130068019259017,-0.02495111394011407,-0.003082220688782878,-1.1280927720945328,-0.676350057643327,0.32364994235667305,-1.140515296952799,0.8576713695656508,0.06303891570963693,-0.7761671662532476,-0.9341173291820387,547730,Linear,4
-1.9981866665184498,-0.8644190861252357,0.40437158469945356,0.029130068019259017,-0.02495111394011407,-0.003082220688782878,-1.1280927720945328,-0.676350057643327,0.32364994235667305,-1.140515296952799,0.8576713695656508,0.06303891570963693,-0.7761671662532476,-0.9341173291820387,165255,Linear,4
-1.673221849836409,-0.8123584621552764,0.4098360655737705,0.028863773544629413,-0.023762472162531963,-0.0021943386759904152,-0.8031279554124922,-0.5520743209972865,0.44792567900271346,-0.8155504802707583,0.8576713695656508,0.061976328744298724,-0.5620540499784396,-0.6764321538570509,502122,Linear,4
-1.93361406493932,-0.8553754297483583,0.40437158469945356,0.029130068019259017,-0.024654909345714394,-0.002905792815615857,-1.0635201705154032,-0.6547616291439179,0.3452383708560821,-1.0759426953736693,0.8576713695656508,0.06293802110790747,-0.7329119997354168,-0.8820597282195972,90938,Linear,4
-1.6795948431827128,-0.8135504979747319,0.4098360655737705,0.028863773544629413,-0.023791976761357445,-0.0022117512261169286,-0.8095009487587959,-0.5549198714013073,0.4450801285986927,-0.821923473617062,0.8576713695656508,0.061984861208144726,-0.5664360870242945,-0.6817059362580901,27145,Linear,4
-1.673221849836409,-0.8123584621552764,0.4098360655737705,0.028863773544629413,-0.023762472162531963,-0.0021943386759904152,-0.8031279554124922,-0.5520743209972865,0.44792567900271346,-0.8155504802707583,0.8576713695656508,0.061976328744298724,-0.5620540499784396,-0.6764321538570509,591094,Linear,4
-1.93361406493932,-0.8553754297483583,0.40437158469945356,0.029130068019259017,-0.024654909345714394,-0.002905792815615857,-1.0635201705154032,-0.6547616291439179,0.3452383708560821,-1.0759426953736693,0.8576713695656508,0.06293802110790747,-0.7329119997354168,-0.8820597282195972,869122,Linear,4
-1.6795226968824863,-0.8135370458477269,0.4098360655737705,0.028863773544629413,-0.023791642750708247,-0.0022115541050780584,-0.8094288024585694,-0.5548877593583559,0.44511224064164406,-0.8218513273168355,0.8576713695656508,0.06197994843290949,-0.5664304976956445,-0.6816992095000185,586873,Linear,4
-1.9506250750273466,-0.8578148325938879,0.3972602739726027,0.0291585939326163,-0.023904253920243885,-0.0028244924444501118,-1.030939742224291,-0.6433283763562527,0.35667162364374727,-1.043362267082557,0.9072628079447895,0.062438340624806944,-0.7181072891959821,-0.8642422563273405,627832,Linear,7
-2.082561369985342,-0.8753893708372857,0.39452054794520547,0.028360811126832332,-0.02404849611884362,-0.003371947506850919,-1.2307608400005847,-0.7079297256247667,0.29207027437523325,-1.2431833648588508,0.8393780051264912,0.06199878764976834,-0.8633718376064211,-1.0390681674013988,820417,Linear,7
-2.119859052821994,-0.8799514521768965,0.3972602739726027,0.0291585939326163,-0.024793595682025295,-0.0033605340542909624,-1.2265949298162013,-0.7067104491594276,0.2932895508405724,-1.2390174546744674,0.8808415981475264,0.06307436675779804,-0.8457766129456974,-1.0178923112443112,620351,Linear,7
-1.9506250750273466,-0.8578148325938879,0.3972602739726027,0.0291585939326163,-0.023960371371570297,-0.002858316661687949,-1.043285581516102,-0.6477047165189593,0.3522952834810406,-1.055708106374368,0.8949169686529785,0.062440150311423206,-0.7266857959867987,-0.8745664908482232,737923,Linear,7
-1.9508678913116455,-0.8578493532766582,0.3972602739726027,0.0291585939326163,-0.02421392491616478,-0.0030111434556901046,-1.0990673613268882,-0.6668183230429737,0.3331816769570263,-1.1114898861851543,0.8393780051264912,0.06247860372696488,-0.7650686414674782,-0.9207602525347628,155556,Linear,7
-2.119859052821994,-0.8799514521768965,0.4,0.029039458665129258,-0.024987154224564292,-0.00337650906868687,-1.2324258100707084,-0.7084156092868527,0.29158439071314735,-1.2448483349289745,0.8750107178930193,0.0630832675842997,-0.8496772888337,-1.0225867754021996,581261,Linear,7
-1.9506250750273466,-0.8578148325938879,0.40273972602739727,0.028880767331008805,-0.024325471547637305,-0.002897205478703117,-1.0574799997266382,-0.6526700199418368,0.3473299800581632,-1.0699025245849043,0.8807225504424423,0.06248110698507195,-0.7360898899118754,-0.8858843196389912,682245,Linear,7
-2.1054020170122385,-0.8782032999199553,0.38904109589041097,0.028216842837421825,-0.02378005738737638,-0.003551126341016531,-1.2961611144710332,-0.7264199778811093,0.2735800221188907,-1.3085836393292993,0.7968183776829392,0.06191897478156127,-0.9104217767473431,-1.0956927779226786,370312,Linear,7
-1.9506250750273466,-0.8578148325938879,0.3972602739726027,0.0291585939326163,-0.024104330897204238,-0.0029450867867275854,-1.0749566771555692,-0.6586874583891587,0.34131254161084135,-1.0873792020138353,0.8632458730135113,0.062475366874896306,-0.748323790666474,-0.9006078214762682,407259,Linear,7
-2.1054020170122385,-0.8782032999199553,0.38904109589041097,0.028216842837421825,-0.02378005738737638,-0.003551126341016531,-1.2961611144710332,-0.7264199778811093,0.2735800221188907,-1.3085836393292993,0.7968183776829392,0.06191897478156127,-0.9104217767473431,-1.0956927779226786,190027,Linear,7
-2.119859052821994,-0.8799514521768965,0.3972602739726027,0.0291585939326163,-0.024849713133351707,-0.0033943582715287995,-1.2389407691080123,-0.7103090949601034,0.2896909050398966,-1.2513632939662784,0.8684957588557154,0.06307586995700727,-0.8542691067035447,-1.0281130290639917,617148,Linear,7
-1.9506250750273466,-0.8578148325938879,0.4,0.029039458665129258,-0.024214396335091017,-0.002912854335002905,-1.0631918322760612,-0.654648255573657,0.345351744426343,-1.0756143571343273,0.8750107178930193,0.0624799251941119,-0.7400797761998975,-0.8906861485299226,153340,Linear,7
-2.070796525105834,-0.8739146884192884,0.39452054794520547,0.028360811126832332,-0.023995261526628654,-0.0033397150551262404,-1.2189959951210767,-0.7044732716983655,0.29552672830163446,-1.2314185199793428,0.8393780051264912,0.061997470481650885,-0.8551370322404592,-1.0291575776093587,296164,Linear,7
-2.119859052821994,-0.8799514521768965,0.3972602739726027,0.0291585939326163,-0.024929693702142687,-0.0034425657376493893,-1.2565364942420274,-0.7153618328415585,0.2846381671584415,-1.2689590191002935,0.8509000337217003,0.06307999247185377,-0.8663450127590904,-1.0426463842515248,279478,Linear,7
-1.9506250750273466,-0.8578148325938879,0.3972602739726027,0.0291585939326163,-0.024104330897204238,-0.0029450867867275854,-1.0749566771555692,-0.6586874583891587,0.34131254161084135,-1.0873792020138353,0.8632458730135113,0.062475366874896306,-0.748323790666474,-0.9006078214762682,455928,Linear,7
-2.2400305029004812,-0.8935447428643862,0.39452054794520547,0.028360811126832332,-0.0247610261320343,-0.0038033697888102055,-1.388229972915724,-0.7504834349268488,0.2495165650731513,-1.40065249777399,0.8393780051264912,0.06260229247828056,-0.9644474865228874,-1.1607127297022792,890739,Linear,7
-2.119859052821994,-0.8799514521768965,0.3972602739726027,0.0291585939326163,-0.024673499273855915,-0.003288147178134075,-1.2001737200189382,-0.698858107007442,0.30114189299255806,-1.2125962448772043,0.9072628079447895,0.06304273265614574,-0.8279735989528187,-0.9964663805872649,919834,Linear,7
-2.119859052821994,-0.8799514521768965,0.3972602739726027,0.0291585939326163,-0.024929693702142687,-0.0034425657376493893,-1.2565364942420274,-0.7153618328415585,0.2846381671584415,-1.2689590191002935,0.8509000337217003,0.06307999247185377,-0.8663450127590904,-1.0426463842515248,358060,Linear,7
-1.9506250750273466,-0.8578148325938879,0.3972602739726027,0.0291585939326163,-0.024024350328413262,-0.0028968793206069973,-1.0573609520215541,-0.6526286686434642,0.34737133135653575,-1.0697834768798202,0.8808415981475264,0.06247081951253228,-0.7361282262949315,-0.885930457483141,357774,Linear,7
-2.119859052821994,-0.8799514521768965,0.3972602739726027,0.0291585939326163,-0.02462095789590173,-0.0032564784023808684,-1.1886146168690175,-0.6953569808472366,0.3046430191527633,-1.2010371417272836,0.9188219110947102,0.06304008861493068,-0.8200336191004747,-0.9869106133557881,724450,Linear,7
-2.119859052821994,-0.8799514521768965,0.4,0.029039458665129258,-0.024906808447696643,-0.003328301602566282,-1.2148300849366933,-0.703239565921673,0.2967604340783269,-1.2272526097949594,0.8926064430270344,0.0630790946617849,-0.8376015897967182,-1.0080536693615467,474154,Linear,7
-2.119859052821994,-0.8799514521768965,0.3972602739726027,0.0291585939326163,-0.024929693702142687,-0.0034425657376493893,-1.2565364942420274,-0.7153618328415585,0.2846381671584415,-1.2689590191002935,0.8509000337217003,0.06307999247185377,-0.8663450127590904,-1.0426463842515248,309648,Linear,7
-1.9506250750273466,-0.8578148325938879,0.40273972602739727,0.028880767331008805,-0.024325471547637305,-0.002897205478703117,-1.0574799997266382,-0.6526700199418368,0.3473299800581632,-1.0699025245849043,0.8807225504424423,0.06248110698507195,-0.7360898899118754,-0.8858843196389912,836489,Linear,7
-1.9506250750273466,-0.8578148325938879,0.3972602739726027,0.0291585939326163,-0.024104330897204238,-0.0029450867867275854,-1.0749566771555692,-0.6586874583891587,0.34131254161084135,-1.0873792020138353,0.8632458730135113,0.062475366874896306,-0.748323790666474,-0.9006078214762682,882319,Linear,7
-2.094907209277153,-0.8769183360393216,0.39452054794520547,0.028360811126832332,-0.02410435964505091,-0.003405771724088756,-1.2431066792923957,-0.7115134109738367,0.2884865890261633,-1.2555292041506618,0.8393780051264912,0.06200031068271984,-0.8720109533295567,-1.0494653447836189,220757,Linear,7
-1.9506250750273466,-0.8578148325938879,0.3972602739726027,0.0291585939326163,-0.024104330897204238,-0.0029450867867275854,-1.0749566771555692,-0.6586874583891587,0.34131254161084135,-1.0873792020138353,0.8632458730135113,0.062475366874896306,-0.748323790666474,-0.9006078214762682,79504,Linear,7
-1.9508678913116455,-0.8578493532766582,0.3972602739726027,0.0291585939326163,-0.02421392491616478,-0.0030111434556901046,-1.0990673613268882,-0.6668183230429737,0.3331816769570263,-1.1114898861851543,0.8393780051264912,0.06247860372696488,-0.7650686414674782,-0.9207602525347628,111548,Linear,7
-2.119859052821994,-0.8799514521768965,0.4,0.029039458665129258,-0.02504352791996069,-0.0034103332859247108,-1.2447716493625194,-0.7119933328715325,0.28800666712846745,-1.2571941742207855,0.8626648786012083,0.06308476198254856,-0.8581686111360994,-1.0328060833750303,257743,Linear,7
-2.119859052821994,-0.8799514521768965,0.3972602739726027,0.0291585939326163,-0.02459351870506494,-0.003239939712013487,-1.182577994884923,-0.693512404196021,0.30648759580397905,-1.1950005197431892,0.9248585330788046,0.06303848929171507,-0.8158896100281242,-0.9819232976652053,60618,Linear,7
-2.082561369985342,-0.8753893708372857,0.39452054794520547,0.028360811126832332,-0.02404849611884362,-0.003371947506850919,-1.2307608400005847,-0.7079297256247667,0.29207027437523325,-1.2431833648588508,0.8393780051264912,0.06199878764976834,-0.8633718376064211,-1.0390681674013988,874503,Linear,7
-1.9506250750273466,-0.8578148325938879,0.3972602739726027,0.0291585939326163,-0.024104330897204238,-0.0029450867867275854,-1.0749566771555692,-0.6586874583891587,0.34131254161084135,-1.0873792020138353,0.8632458730135113,0.062475366874896306,-0.748323790666474,-0.9006078214762682,832765,Linear,7
-1.9506250750273466,-0.8578148325938879,0.3972602739726027,0.0291585939326163,-0.024160448348530653,-0.0029789110039654242,-1.0873025164473802,-0.6628753435049619,0.33712465649503814,-1.0997250413056463,0.8509000337217003,0.062477110021639096,-0.7568971443995886,-0.9109258542912465,475278,Linear,7
-1.9506250750273466,-0.8578148325938879,0.3972602739726027,0.0291585939326163,-0.024104330897204238,-0.0029450867867275854,-1.0749566771555692,-0.6586874583891587,0.34131254161084135,-1.0873792020138353,0.8632458730135113,0.062475366874896306,-0.748323790666474,-0.9006078214762682,769664,Linear,7
-1.9506250750273466,-0.8578148325938879,0.3972602739726027,0.0291585939326163,-0.024160448348530653,-0.0029789110039654242,-1.0873025164473802,-0.6628753435049619,0.33712465649503814,-1.0997250413056463,0.8509000337217003,0.062477110021639096,-0.7568971443995886,-0.9109258542912465,49587,Linear,7
-2.119859052821994,-0.8799514521768965,0.3972602739726027,0.0291585939326163,-0.02459351870506494,-0.003239939712013487,-1.182577994884923,-0.693512404196021,0.30648759580397905,-1.1950005197431892,0.9248585330788046,0.06303848929171507,-0.8158896100281242,-0.9819232976652053,979213,Linear,7
-2.094907209277153,-0.8769183360393216,0.39452054794520547,0.028360811126832332,-0.02410435964505091,-0.003405771724088756,-1.2431066792923957,-0.7115134109738367,0.2884865890261633,-1.2555292041506618,0.8393780051264912,0.06200031068271984,-0.8720109533295567,-1.0494653447836189,354181,Linear,7
-1.9506250750273466,-0.8578148325938879,0.3972602739726027,0.0291585939326163,-0.024104330897204238,-0.0029450867867275854,-1.0749566771555692,-0.6586874583891587,0.34131254161084135,-1.0873792020138353,0.8632458730135113,0.062475366874896306,-0.748323790666474,-0.9006078214762682,269912,Linear,7
-2.070796525105834,-0.8739146884192884,0.39452054794520547,0.028360811126832332,-0.023995261526628654,-0.0033397150551262404,-1.2189959951210767,-0.7044732716983655,0.29552672830163446,-1.2314185199793428,0.8393780051264912,0.061997470481650885,-0.8551370322404592,-1.0291575776093587,115225,Linear,7
-2.119859052821994,-0.8799514521768965,0.3972602739726027,0.0291585939326163,-0.024793595682025295,-0.0033605340542909624,-1.2265949298162013,-0.7067104491594276,0.2932895508405724,-1.2390174546744674,0.8808415981475264,0.06307436675779804,-0.8457766129456974,-1.0178923112443112,736342,Linear,7
-1.9506250750273466,-0.8578148325938879,0.40273972602739727,0.028880767331008805,-0.024325471547637305,-0.002897205478703117,-1.0574799997266382,-0.6526700199418368,0.3473299800581632,-1.0699025245849043,0.8807225504424423,0.06248110698507195,-0.7360898899118754,-0.8858843196389912,358468,Linear,7
-2.094907209277153,-0.8769183360393216,0.39452054794520547,0.028360811126832332,-0.02410435964505091,-0.003405771724088756,-1.2431066792923957,-0.7115134109738367,0.2884865890261633,-1.2555292041506618,0.8393780051264912,0.06200031068271984,-0.8720109533295567,-1.0494653447836189,396280,Linear,7
-2.119859052821994,-0.8799514521768965,0.3972602739726027,0.0291585939326163,-0.02459351870506494,-0.003239939712013487,-1.182577994884923,-0.693512404196021,0.30648759580397905,-1.1950005197431892,0.9248585330788046,0.06303848929171507,-0.8158896100281242,-0.9819232976652053,935943,Linear,7
-2.119859052821994,-0.8799514521768965,0.3972602739726027,0.0291585939326163,-0.02459351870506494,-0.003239939712013487,-1.182577994884923,-0.693512404196021,0.30648759580397905,-1.1950005197431892,0.9248585330788046,0.06303848929171507,-0.8158896100281242,-0.9819232976652053,547730,Linear,7
-2.119859052821994,-0.8799514521768965,0.3972602739726027,0.0291585939326163,-0.024673499273855915,-0.003288147178134075,-1.2001737200189382,-0.698858107007442,0.30114189299255806,-1.2125962448772043,0.9072628079447895,0.06304273265614574,-0.8279735989528187,-0.9964663805872649,165255,Linear,7
-1.9508678913116455,-0.8578493532766582,0.3972602739726027,0.0291585939326163,-0.02421392491616478,-0.0030111434556901046,-1.0990673613268882,-0.6668183230429737,0.3331816769570263,-1.1114898861851543,0.8393780051264912,0.06247860372696488,-0.7650686414674782,-0.9207602525347628,502122,Linear,7
-1.9508678913116455,-0.8578493532766582,0.3972602739726027,0.0291585939326163,-0.02421392491616478,-0.0030111434556901046,-1.0990673613268882,-0.6668183230429737,0.3331816769570263,-1.1114898861851543,0.8393780051264912,0.06247860372696488,-0.7650686414674782,-0.9207602525347628,90938,Linear,7
-2.082561369985342,-0.8753893708372857,0.39452054794520547,0.028360811126832332,-0.02404849611884362,-0.003371947506850919,-1.2307608400005847,-0.7079297256247667,0.29207027437523325,-1.2431833648588508,0.8393780051264912,0.06199878764976834,-0.8633718376064211,-1.0390681674013988,27145,Linear,7
-1.9506250750273466,-0.8578148325938879,0.3972602739726027,0.0291585939326163,-0.024104330897204238,-0.0029450867867275854,-1.0749566771555692,-0.6586874583891587,0.34131254161084135,-1.0873792020138353,0.8632458730135113,0.062475366874896306,-0.748323790666474,-0.9006078214762682,591094,Linear,7
-1.9506250750273466,-0.8578148325938879,0.3972602739726027,0.0291585939326163,-0.024160448348530653,-0.0029789110039654242,-1.0873025164473802,-0.6628753435049619,0.33712465649503814,-1.0997250413056463,0.8509000337217003,0.062477110021639096,-0.7568971443995886,-0.9109258542912465,869122,Linear,7
-1.9506250750273466,-0.8578148325938879,0.3972602739726027,0.0291585939326163,-0.024104330897204238,-0.0029450867867275854,-1.0749566771555692,-0.6586874583891587,0.34131254161084135,-1.0873792020138353,0.8632458730135113,0.062475366874896306,-0.748323790666474,-0.9006078214762682,586873,Linear,7
-1.7207065937109292,-0.8210603344113919,0.40934065934065933,0.03134055463159644,-0.022835652082941905,-0.0006591279058369218,-0.23992255772463977,-0.21331121832313893,0.7866887816768611,-0.23992255772463977,1.4807840359862894,0.06301464131025544,-0.16604603166186535,-0.1998364300386417,627832,Linear,10
-1.7207065937109292,-0.8210603344113919,0.41208791208791207,0.031572218214472134,-0.022996383291564743,-0.000509322231384713,-0.18539329222403467,-0.16922251873140537,0.8307774812685946,-0.18539329222403467,1.5353133014868945,0.06311435268242872,-0.1281046136894571,-0.1541739264405425,820417,Linear,10
-1.7207065937109292,-0.8210603344113919,0.41208791208791207,0.031140156636635462,-0.022996383291564743,-0.0006873695848888355,-0.25020252889953554,-0.22135693062281847,0.7786430693771815,-0.25020252889953554,1.4705040648113936,0.06302091399210004,-0.1731433771938183,-0.20837808670854882,620351,Linear,10
-1.7207065937109292,-0.8210603344113919,0.41208791208791207,0.031171182803809643,-0.022996383291564743,-0.0006745840764379365,-0.24554860382340848,-0.21772473869815867,0.7822752613018413,-0.24554860382340848,1.4751579898875207,0.06301816854790325,-0.16993020385563237,-0.20451103199744314,737923,Linear,10
-1.7207065937109292,-0.8210603344113919,0.40384615384615385,0.031203398354300835,-0.022678460941911775,-0.000918479303056682,-0.33432646631263196,-0.2841799470562768,0.7158200529437232,-0.33432646631263196,1.3863801273982972,0.06291839474627062,-0.2317352020865357,-0.2788933588823128,155556,Linear,10
-1.7328279581852257,-0.82321623469367,0.4065934065934066,0.03107698736208919,-0.022783453816642846,-0.000884153557158391,-0.3218318948056549,-0.2751799738996441,0.7248200261003559,-0.3218318948056549,1.4109960633795708,0.06292230389667308,-0.22306085011212554,-0.2684537746651196,581261,Linear,10
-1.7207065937109292,-0.8210603344113919,0.41483516483516486,0.03140243385850594,-0.02310434753237021,-0.0004930178894518057,-0.17945851176045835,-0.16427737711571755,0.8357226228842825,-0.17945851176045835,1.5412480819504708,0.06311525117824193,-0.12400198396216663,-0.14923641079944797,682245,Linear,10
-1.7207065937109292,-0.8210603344113919,0.4065934065934066,0.030472942716064485,-0.022783453816642846,-0.001129754127520085,-0.4112305024173111,-0.3371658708783053,0.6628341291216947,-0.4112305024173111,1.309476091293618,0.06249331028600123,-0.2869793695089112,-0.34537972466686756,370312,Linear,10
-1.7207065937109292,-0.8210603344113919,0.40934065934065933,0.030756159091755848,-0.022889423369278395,-0.0009301052739649276,-0.3385583197232336,-0.28720279195920984,0.7127972080407902,-0.3385583197232336,1.3821482739876956,0.062595426085756,-0.23587927124094857,-0.2838807468816691,407259,Linear,10
-1.7207065937109292,-0.8210603344113919,0.40934065934065933,0.031296379526689545,-0.023143047859978883,-0.0008587767593920808,-0.31259474041871727,-0.26845368134109004,0.73154631865891,-0.31259474041871727,1.408111853292212,0.06310503583740505,-0.21603122859427537,-0.2599936238588018,190027,Linear,10
-1.7207065937109292,-0.8210603344113919,0.40934065934065933,0.030308257063363223,-0.022889423369278395,-0.0011134497855871846,-0.40529572195373476,-0.3332203996659504,0.6667796003340496,-0.40529572195373476,1.3154108717571944,0.062494380023123935,-0.28283291031275254,-0.34038946025182504,617148,Linear,10
-1.7207065937109292,-0.8210603344113919,0.40934065934065933,0.03134055463159644,-0.022860800521448253,-0.000673982065943695,-0.24532947200350463,-0.21755329851317007,0.7824467014868299,-0.24532947200350463,1.4753771217074245,0.06301657738360232,-0.16978284210039246,-0.2043336820975591,153340,Linear,10
-1.7207065937109292,-0.8210603344113919,0.4065934065934066,0.03146889730281121,-0.022729931471446804,-0.0006930450467484903,-0.25226839701645076,-0.22296384410713466,0.7770361558928653,-0.25226839701645076,1.4684381966944784,0.06301094462207318,-0.17460060490056264,-0.21013186052509022,296164,Linear,10
-1.7328279581852257,-0.82321623469367,0.40934065934065933,0.03131197464196074,-0.022889423369278395,-0.0007025873701722654,-0.25574180274270475,-0.22565812406802532,0.7743418759319747,-0.25574180274270475,1.477086155442521,0.06302013966134046,-0.17697880065895957,-0.21299401956336753,279478,Linear,10
-1.7328279581852257,-0.82321623469367,0.40384615384615385,0.030597783384375833,-0.022983023578146567,-0.001344620766358674,-0.4894419589545578,-0.38703163973542765,0.6129683602645724,-0.4894419589545578,1.243385999230668,0.06258201602279054,-0.3410755084191523,-0.4104844379231964,455928,Linear,10
-1.7207065937109292,-0.8210603344113919,0.40934065934065933,0.031353495340019265,-0.022835652082941905,-0.000653830747718789,-0.23799439216963947,-0.21179288878685454,0.7882071112131455,-0.23799439216963947,1.4827122015412897,0.06302018612983039,-0.164697091286993,-0.19821298004618165,890739,Linear,10
-1.7207065937109292,-0.8210603344113919,0.41208791208791207,0.03117004259179036,-0.022996383291564743,-0.0006750539440283018,-0.24571963562630117,-0.21785852120559968,0.7821414787944003,-0.24571963562630117,1.474986958084628,0.06301811976988464,-0.17004869684852597,-0.20465363833646527,919834,Linear,10
-1.7328279581852257,-0.82321623469367,0.40384615384615385,0.031204410138077475,-0.022678460941911775,-0.0009180706980699612,-0.3341777340974659,-0.2840734736363246,0.7159265263636754,-0.3341777340974659,1.3986502240877599,0.0629184801458746,-0.2316317953743051,-0.2787689088848791,358060,Linear,10
-1.7207065937109292,-0.8210603344113919,0.41483516483516486,0.03140243385850594,-0.023075455925405514,-0.0004761115370246604,-0.17330459947697818,-0.1591185562161589,0.8408814437838411,-0.17330459947697818,1.547401994233951,0.06311455485108321,-0.11975108368598628,-0.14412045152514238,357774,Linear,10
-1.7207065937109292,-0.8210603344113919,0.41208791208791207,0.031127302199602126,-0.022996383291564743,-0.0006926667430069682,-0.25213069445453584,-0.2228568368703514,0.7771431631296486,-0.25213069445453584,1.4685758992563933,0.06301536640948349,-0.1744930528404315,-0.210002421600686,724450,Linear,10
-1.7207065937109292,-0.8210603344113919,0.41208791208791207,0.031127302199602126,-0.022996383291564743,-0.0006926667430069682,-0.25213069445453584,-0.2228568368703514,0.7771431631296486,-0.25213069445453584,1.4685758992563933,0.06301536640948349,-0.1744930528404315,-0.210002421600686,474154,Linear,10
-1.7207065937109292,-0.8210603344113919,0.40934065934065933,0.031353495340019265,-0.022889423369278395,-0.0006855912602527058,-0.2495552187319845,-0.22085274388212062,0.7791472561178794,-0.2495552187319845,1.4711513749789447,0.06302276883161248,-0.17269034756449733,-0.20783286546526378,309648,Linear,10
-1.7207065937109292,-0.8210603344113919,0.41208791208791207,0.031572218214472134,-0.022996383291564743,-0.000509322231384713,-0.18539329222403467,-0.16922251873140537,0.8307774812685946,-0.18539329222403467,1.5353133014868945,0.06311435268242872,-0.1281046136894571,-0.1541739264405425,836489,Linear,10
-1.7207065937109292,-0.8210603344113919,0.4065934065934066,0.03051741630140994,-0.022783453816642846,-0.0011116714609510532,-0.4046484117861837,-0.3327886467271808,0.6672113532728192,-0.4046484117861837,1.3160581819247454,0.06249626264722049,-0.28237268284859407,-0.3398355764129721,882319,Linear,10
-1.7207065937109292,-0.8210603344113919,0.40384615384615385,0.031203398354300835,-0.022678460941911775,-0.000918479303056682,-0.33432646631263196,-0.2841799470562768,0.7158200529437232,-0.33432646631263196,1.3863801273982972,0.06291839474627062,-0.2317352020865357,-0.2788933588823128,220757,Linear,10
-1.7328279581852257,-0.82321623469367,0.40384615384615385,0.030597783384375833,-0.022983023578146567,-0.001344620766358674,-0.4894419589545578,-0.38703163973542765,0.6129683602645724,-0.4894419589545578,1.243385999230668,0.06258201602279054,-0.3410755084191523,-0.4104844379231964,79504,Linear,10
-1.7207065937109292,-0.8210603344113919,0.40934065934065933,0.031297527391138495,-0.022889423369278395,-0.0007085012173495032,-0.2578944431152195,-0.22732321084279616,0.7726767891572038,-0.2578944431152195,1.4628121505957097,0.06301446372453882,-0.17848454915565742,-0.21480618815965716,111548,Linear,10
-1.7207065937109292,-0.8210603344113919,0.4065934065934066,0.031118788605404867,-0.022783453816642846,-0.0008671574472388296,-0.31564531079493463,-0.27068191445067336,0.7293180855493266,-0.31564531079493463,1.4050612829159945,0.0629249863311335,-0.21876361871815722,-0.26328205588192494,257743,Linear,10
-1.7207065937109292,-0.8210603344113919,0.41208791208791207,0.03117004259179036,-0.022996383291564743,-0.0006750539440283018,-0.24571963562630117,-0.21785852120559968,0.7821414787944003,-0.24571963562630117,1.474986958084628,0.06301811976988464,-0.17004869684852597,-0.20465363833646527,60618,Linear,10
-1.7328279581852257,-0.82321623469367,0.40384615384615385,0.030597783384375833,-0.022983023578146567,-0.001344620766358674,-0.4894419589545578,-0.38703163973542765,0.6129683602645724,-0.4894419589545578,1.243385999230668,0.06258201602279054,-0.3410755084191523,-0.4104844379231964,874503,Linear,10
-1.7207065937109292,-0.8210603344113919,0.41208791208791207,0.031171182803809643,-0.022996383291564743,-0.0006745840764379365,-0.24554860382340848,-0.21772473869815867,0.7822752613018413,-0.24554860382340848,1.4751579898875207,0.06301816854790325,-0.16993020385563237,-0.20451103199744314,832765,Linear,10
-1.7207065937109292,-0.8210603344113919,0.41483516483516486,0.03140243385850594,-0.023102515778272575,-0.0004919460113671989,-0.17906834813766181,-0.16395124493119984,0.8360487550688002,-0.17906834813766181,1.5416382455732673,0.06311515808814698,-0.12373257176001877,-0.1489121731639728,475278,Linear,10
-1.7328279581852257,-0.82321623469367,0.40384615384615385,0.030597783384375833,-0.022983023578146567,-0.001344620766358674,-0.4894419589545578,-0.38703163973542765,0.6129683602645724,-0.4894419589545578,1.243385999230668,0.06258201602279054,-0.3410755084191523,-0.4104844379231964,769664,Linear,10
-1.7207065937109292,-0.8210603344113919,0.40934065934065933,0.030308257063363223,-0.023196819146315373,-0.0012950159725733119,-0.4713858140166849,-0.37586326874595155,0.6241367312540484,-0.4713858140166849,1.2493207796942443,0.06258707388086059,-0.3284662466062215,-0.3953091889822886,49587,Linear,10
-1.7206679238006473,-0.8210534146967863,0.40934065934065933,0.030308257063363223,-0.02286044384656084,-0.0010963327598062112,-0.39906512456946075,-0.3290529952042167,0.6709470047957833,-0.40525705204345286,1.3154108717571944,0.062493827859113414,-0.2784873901300654,-0.3351596259024113,979213,Linear,10
-1.7207065937109292,-0.8210603344113919,0.41208791208791207,0.031140661587317785,-0.022996383291564743,-0.0006871615008164494,-0.2501267862971872,-0.22129795193687196,0.778702048063128,-0.2501267862971872,1.470579807413742,0.06302095701828503,-0.17309084416195755,-0.20831486319491774,354181,Linear,10
-1.7207065937109292,-0.8210603344113919,0.4065934065934066,0.03051741630140994,-0.022783453816642846,-0.0011116714609510532,-0.4046484117861837,-0.3327886467271808,0.6672113532728192,-0.4046484117861837,1.3160581819247454,0.06249626264722049,-0.28237268284859407,-0.3398355764129721,269912,Linear,10
-1.7207065937109292,-0.8210603344113919,0.40934065934065933,0.029256185766734534,-0.022889423369278395,-0.0015441053438225542,-0.5620543451514095,-0.4299631922004027,0.5700368077995973,-0.5620543451514095,1.1586522485595196,0.06141630096321253,-0.3991108556297531,-0.48032998910286395,115225,Linear,10
-1.7207065937109292,-0.8210603344113919,0.41208791208791207,0.030188507611552874,-0.022996383291564743,-0.001079532644675616,-0.39294988266192377,-0.3249374209221477,0.6750625790778523,-0.39294988266192377,1.3277567110490054,0.06249833604332138,-0.27420009147197916,-0.32999986116870117,736342,Linear,10
-1.7207065937109292,-0.8210603344113919,0.41483516483516486,0.03140243385850594,-0.02310434753237021,-0.0004930178894518057,-0.17945851176045835,-0.16427737711571755,0.8357226228842825,-0.17945851176045835,1.5412480819504708,0.06311525117824193,-0.12400198396216663,-0.14923641079944797,358468,Linear,10
-1.7207065937109292,-0.8210603344113919,0.4065934065934066,0.031031508829343964,-0.022783453816642846,-0.0009026448287141418,-0.32856271765194833,-0.2800422272511962,0.7199577727488038,-0.32856271765194833,1.3921438760589808,0.06291935179880644,-0.22773665055857265,-0.2740811013734981,396280,Linear,10
-1.7207065937109292,-0.8210603344113919,0.41208791208791207,0.031127302199602126,-0.022996383291564743,-0.0006926667430069682,-0.25213069445453584,-0.2228568368703514,0.7771431631296486,-0.25213069445453584,1.4685758992563933,0.06301536640948349,-0.1744930528404315,-0.210002421600686,935943,Linear,10
-1.7207065937109292,-0.8210603344113919,0.41208791208791207,0.031127302199602126,-0.022996383291564743,-0.0006926667430069682,-0.25213069445453584,-0.2228568368703514,0.7771431631296486,-0.25213069445453584,1.4685758992563933,0.06301536640948349,-0.1744930528404315,-0.210002421600686,547730,Linear,10
-1.7328279581852257,-0.82321623469367,0.40384615384615385,0.030597783384375833,-0.023039916846772424,-0.0013785379072702424,-0.5017877982463688,-0.3945527260110594,0.6054472739889406,-0.5017877982463688,1.231040159938857,0.06258463072027111,-0.3496642961893647,-0.42082104560469735,165255,Linear,10
-1.7207065937109292,-0.8210603344113919,0.41208791208791207,0.031140156636635462,-0.022996383291564743,-0.0006873695848888355,-0.25020252889953554,-0.22135693062281847,0.7786430693771815,-0.25020252889953554,1.4705040648113936,0.06302091399210004,-0.1731433771938183,-0.20837808670854882,502122,Linear,10
-1.7328279581852257,-0.82321623469367,0.4065934065934066,0.030431141472748807,-0.023146583128470444,-0.001362233565337342,-0.49585301778279245,-0.39094884581664735,0.6090511541833526,-0.49585301778279245,1.2369749404024333,0.06258576388624693,-0.34552246558992283,-0.4158363517066657,90938,Linear,10
-1.7207065937109292,-0.8210603344113919,0.4065934065934066,0.030530444447051833,-0.022783453816642846,-0.0011063743028329204,-0.4027202462311834,-0.33150091169369134,0.6684990883063087,-0.4027202462311834,1.3179863474797457,0.06250189191413248,-0.2810018550737498,-0.3381857849305684,27145,Linear,10
-1.7207065937109292,-0.8210603344113919,0.41208791208791207,0.03118403724084298,-0.022994560097065693,-0.0006682150402351969,-0.24323027464561164,-0.21590906328138426,0.7840909367186157,-0.24323027464561164,1.4774763190653175,0.06302362414068974,-0.16831124927015362,-0.2025626198522159,591094,Linear,10
-1.7207065937109292,-0.8210603344113919,0.41208791208791207,0.03118403724084298,-0.023023316696521207,-0.0006851213926623405,-0.2493841869290918,-0.22071947352577803,0.779280526474222,-0.2493841869290918,1.4713224067818373,0.06302426979851498,-0.17256788491193245,-0.2076854816400877,869122,Linear,10
-1.7328279581852257,-0.82321623469367,0.40384615384615385,0.030597783384375833,-0.022983023578146567,-0.001344620766358674,-0.4894419589545578,-0.38703163973542765,0.6129683602645724,-0.4894419589545578,1.243385999230668,0.06258201602279054,-0.3410755084191523,-0.4104844379231964,586873,Linear,10
-1.7326468448154628,-0.8231842138906057,0.3939393939393939,0.03150561175120252,-0.02315867311977358,-0.001624257867570875,-0.5896056059282273,-0.4454540487530181,0.5545459512469819,-0.5896056059282273,1.1430412388872355,0.0631645996794286,-0.4082079903404046,-0.491278392421886,627832,Linear,13
-1.5153676439076662,-0.7802726114392113,0.39669421487603307,0.03141424770648074,-0.022328305854483352,-0.0010089457641835452,-0.3662473123986274,-0.30666868942471204,0.693331310575288,-0.3662473123986274,1.1491203315090388,0.0622036344985451,-0.25748523537904683,-0.3098835287469588,820417,Linear,13
-1.9075882504694164,-0.851562049597821,0.3939393939393939,0.030410561287267643,-0.02315867311977358,-0.0020556413836664324,-0.7461978222709149,-0.5258340069440521,0.47416599305594787,-0.7461978222709149,1.1613904281985015,0.06248649538123079,-0.5222295652267672,-0.6285033790393011,620351,Linear,13
-1.7326468448154628,-0.8231842138906057,0.3939393939393939,0.03150561175120252,-0.02315867311977358,-0.001624257867570875,-0.5896056059282273,-0.4454540487530181,0.5545459512469819,-0.5896056059282273,1.1430412388872355,0.0631645996794286,-0.4082079903404046,-0.491278392421886,737923,Linear,13
-1.7326468448154628,-0.8231842138906057,0.39669421487603307,0.03141424770648074,-0.023320448324381966,-0.0016075110559405602,-0.583526513306424,-0.44207264503254906,0.5579273549674509,-0.583526513306424,1.1491203315090388,0.06317568292471694,-0.4039283110440188,-0.48612779759140173,155556,Linear,13
-1.7326468448154628,-0.8231842138906057,0.39669421487603307,0.03141424770648074,-0.023320448324381966,-0.0016075110559405602,-0.583526513306424,-0.44207264503254906,0.5579273549674509,-0.583526513306424,1.1491203315090388,0.06317568292471694,-0.4039283110440188,-0.48612779759140173,581261,Linear,13
-1.521337769459933,-0.781580503511552,0.3939393939393939,0.03150561175120252,-0.022264054653615774,-0.0010820648577782657,-0.39278954337351024,-0.32482917319063365,0.6751708268093664,-0.39278954337351024,1.1285482260864228,0.06219703804700507,-0.276174680275948,-0.33237627916213414,682245,Linear,13
-1.521337769459933,-0.781580503511552,0.39669421487603307,0.03141424770648074,-0.022365717003632286,-0.0010315161268932335,-0.3744403540622443,-0.31232597490527836,0.6876740250947216,-0.3744403540622443,1.1468974153976887,0.0622053757022417,-0.2632378743125595,-0.31680683077513067,370312,Linear,13
-1.5153676439076662,-0.7802726114392113,0.3939393939393939,0.03150561175120252,-0.022171040388374506,-0.00102569257581386,-0.3723264050204307,-0.31087072944340544,0.6891292705565946,-0.3723264050204307,1.1430412388872355,0.06219253964896929,-0.26180575604653367,-0.3150832761751716,407259,Linear,13
-1.7326468448154628,-0.8231842138906057,0.3939393939393939,0.03150561175120252,-0.02315867311977358,-0.001624257867570875,-0.5896056059282273,-0.4454540487530181,0.5545459512469819,-0.5896056059282273,1.1430412388872355,0.0631645996794286,-0.4082079903404046,-0.491278392421886,190027,Linear,13
-1.9075882504694164,-0.851562049597821,0.3939393939393939,0.030410561287267643,-0.023131696844939143,-0.002039292126191016,-0.7402630418073386,-0.5230115688810651,0.47698843111893485,-0.7402630418073386,1.1673252086620778,0.06248625402280673,-0.5180780862182232,-0.6235070732791175,617148,Linear,13
-1.9075882504694164,-0.851562049597821,0.3939393939393939,0.030410561287267643,-0.02310423586750403,-0.0020226491095636755,-0.734221626771614,-0.52012116151752,0.47987883848248003,-0.734221626771614,1.1733666236978024,0.0624844045772669,-0.5138651703243096,-0.6184368282159463,153340,Linear,13
-1.7326468448154628,-0.8231842138906057,0.39669421487603307,0.03141424770648074,-0.023320448324381966,-0.0016075110559405602,-0.583526513306424,-0.44207264503254906,0.5579273549674509,-0.583526513306424,1.1491203315090388,0.06317568292471694,-0.4039283110440188,-0.48612779759140173,296164,Linear,13
-1.726676719263196,-0.8221254440983706,0.39669421487603307,0.03141424770648074,-0.02329318747711134,-0.0015910644290748118,-0.5775563877541572,-0.43873178592319517,0.5612682140768048,-0.5775563877541572,1.1491203315090388,0.06317532116606653,-0.39979796428552294,-0.48115692449808806,279478,Linear,13
-1.521337769459933,-0.781580503511552,0.39669421487603307,0.03141424770648074,-0.022421744842396955,-0.001065318046147951,-0.38671045075170696,-0.32071224628747685,0.6792877537125231,-0.38671045075170696,1.134627318708226,0.06220814731197452,-0.2718518463340406,-0.3271737477077251,455928,Linear,13
-1.7326468448154628,-0.8231842138906057,0.39669421487603307,0.03141424770648074,-0.023264420485617294,-0.001573709136685841,-0.5712564166169614,-0.43518465068149925,0.5648153493185007,-0.5712564166169614,1.1613904281985015,0.06317324467570759,-0.39544997566559636,-0.47592411938399676,890739,Linear,13
-1.7326468448154628,-0.8231842138906057,0.3939393939393939,0.03150561175120252,-0.02315867311977358,-0.001624257867570875,-0.5896056059282273,-0.4454540487530181,0.5545459512469819,-0.5896056059282273,1.1430412388872355,0.0631645996794286,-0.4082079903404046,-0.491278392421886,919834,Linear,13
-1.7326468448154628,-0.8231842138906057,0.39669421487603307,0.03141424770648074,-0.023264420485617294,-0.001573709136685841,-0.5712564166169614,-0.43518465068149925,0.5648153493185007,-0.5712564166169614,1.1613904281985015,0.06317324467570759,-0.39544997566559636,-0.47592411938399676,358060,Linear,13
-1.726676719263196,-0.8221254440983706,0.39669421487603307,0.03141424770648074,-0.02329318747711134,-0.0015910644290748118,-0.5775563877541572,-0.43873178592319517,0.5612682140768048,-0.5775563877541572,1.1491203315090388,0.06317532116606653,-0.39979796428552294,-0.48115692449808806,357774,Linear,13
-1.7326468448154628,-0.8231842138906057,0.3939393939393939,0.03150561175120252,-0.02315867311977358,-0.001624257867570875,-0.5896056059282273,-0.4454540487530181,0.5545459512469819,-0.5896056059282273,1.1430412388872355,0.0631645996794286,-0.4082079903404046,-0.491278392421886,724450,Linear,13
-1.9075882504694164,-0.851562049597821,0.3939393939393939,0.030410561287267643,-0.023131696844939143,-0.002039292126191016,-0.7402630418073386,-0.5230115688810651,0.47698843111893485,-0.7402630418073386,1.1673252086620778,0.06248625402280673,-0.5180780862182232,-0.6235070732791175,474154,Linear,13
-1.9075882504694164,-0.851562049597821,0.3939393939393939,0.030410561287267643,-0.02315867311977358,-0.0020556413836664324,-0.7461978222709149,-0.5258340069440521,0.47416599305594787,-0.7461978222709149,1.1613904281985015,0.06248649538123079,-0.5222295652267672,-0.6285033790393011,309648,Linear,13
-1.5153676439076662,-0.7802726114392113,0.39669421487603307,0.03141424770648074,-0.02227227801571868,-0.000975143844928826,-0.35397721570916474,-0.2981090407390383,0.7018909592609617,-0.35397721570916474,1.1613904281985015,0.06220083196860864,-0.24887012194618902,-0.2995152381255597,836489,Linear,13
-1.7326468448154628,-0.8231842138906057,0.39669421487603307,0.03141424770648074,-0.023237321031445712,-0.0015573598792104244,-0.565321636153385,-0.4318226290185755,0.5681773709814245,-0.565321636153385,1.1673252086620778,0.06317288087170399,-0.39134390124664575,-0.4709824580558475,882319,Linear,13
-1.7326468448154628,-0.8231842138906057,0.39669421487603307,0.03141424770648074,-0.023320448324381966,-0.0016075110559405602,-0.583526513306424,-0.44207264503254906,0.5579273549674509,-0.583526513306424,1.1491203315090388,0.06317568292471694,-0.4039283110440188,-0.48612779759140173,220757,Linear,13
-1.521337769459933,-0.781580503511552,0.39669421487603307,0.03141424770648074,-0.022421744842396955,-0.001065318046147951,-0.38671045075170696,-0.32071224628747685,0.6792877537125231,-0.38671045075170696,1.134627318708226,0.06220814731197452,-0.2718518463340406,-0.3271737477077251,79504,Linear,13
-1.521337769459933,-0.781580503511552,0.3939393939393939,0.03150561175120252,-0.02217120104786855,-0.0010257899452041901,-0.3723617501091212,-0.31089508634814145,0.6891049136518586,-0.3723617501091212,1.1489760193508118,0.06219254738359568,-0.2618305768047751,-0.31511314796233925,111548,Linear,13
-1.7326468448154628,-0.8231842138906057,0.3939393939393939,0.03150561175120252,-0.02315867311977358,-0.001624257867570875,-0.5896056059282273,-0.4454540487530181,0.5545459512469819,-0.5896056059282273,1.1430412388872355,0.0631645996794286,-0.4082079903404046,-0.491278392421886,257743,Linear,13
-1.7326468448154628,-0.8231842138906057,0.3939393939393939,0.03150561175120252,-0.02315867311977358,-0.001624257867570875,-0.5896056059282273,-0.4454540487530181,0.5545459512469819,-0.5896056059282273,1.1430412388872355,0.0631645996794286,-0.4082079903404046,-0.491278392421886,60618,Linear,13
-1.7326468448154628,-0.8231842138906057,0.3939393939393939,0.03150561175120252,-0.02315867311977358,-0.001624257867570875,-0.5896056059282273,-0.4454540487530181,0.5545459512469819,-0.5896056059282273,1.1430412388872355,0.0631645996794286,-0.4082079903404046,-0.491278392421886,874503,Linear,13
-1.726676719263196,-0.8221254440983706,0.39669421487603307,0.03141424770648074,-0.02323715963834667,-0.0015572625098200926,-0.5652862910646945,-0.4318025463840971,0.5681974536159029,-0.5652862910646945,1.1613904281985015,0.06317287407868641,-0.3913194756879028,-0.47095306189135006,832765,Linear,13
-1.726676719263196,-0.8221254440983706,0.39669421487603307,0.03141424770648074,-0.023238501652913617,-0.0015580721549720532,-0.5655801922548562,-0.4319695157545115,0.5680304842454885,-0.5655801922548562,1.1610965270083398,0.0631730098633914,-0.39152208726461724,-0.4711969049616714,475278,Linear,13
-1.521337769459933,-0.781580503511552,0.39669421487603307,0.03141424770648074,-0.022421744842396955,-0.001065318046147951,-0.38671045075170696,-0.32071224628747685,0.6792877537125231,-0.38671045075170696,1.134627318708226,0.06220814731197452,-0.2718518463340406,-0.3271737477077251,769664,Linear,13
-1.7326468448154628,-0.8231842138906057,0.39669421487603307,0.03141424770648074,-0.023265762500184244,-0.0015745187818378033,-0.5715503178071231,-0.4353506261934905,0.5646493738065095,-0.5715503178071231,1.1610965270083398,0.06317338024824984,-0.3956525785044025,-0.4761679519382439,49587,Linear,13
-1.7326468448154628,-0.8231842138906057,0.39669421487603307,0.03141424770648074,-0.023264420485617294,-0.001573709136685841,-0.5712564166169614,-0.43518465068149925,0.5648153493185007,-0.5712564166169614,1.1613904281985015,0.06317324467570759,-0.39544997566559636,-0.47592411938399676,979213,Linear,13
-1.521337769459933,-0.781580503511552,0.39669421487603307,0.03141424770648074,-0.022355566701753975,-0.0010253923910492936,-0.37221743795089424,-0.3107956329548133,0.6892043670451867,-0.37221743795089424,1.1491203315090388,0.062204156244327166,-0.2616802567646822,-0.31493223776608353,354181,Linear,13
-1.726676719263196,-0.8221254440983706,0.39669421487603307,0.03141424770648074,-0.02321006018417509,-0.001540913252344676,-0.5593515106011182,-0.4284203929950653,0.5715796070049347,-0.5593515106011182,1.1673252086620778,0.06317250600434814,-0.38721337956868007,-0.46601137444691926,269912,Linear,13
-1.521337769459933,-0.781580503511552,0.3939393939393939,0.03150561175120252,-0.022264054653615774,-0.0010820648577782657,-0.39278954337351024,-0.32482917319063365,0.6751708268093664,-0.39278954337351024,1.1285482260864228,0.06219703804700507,-0.276174680275948,-0.33237627916213414,115225,Linear,13
-1.5153676439076662,-0.7802726114392113,0.39669421487603307,0.03141424770648074,-0.022394483995126332,-0.0010488714192822025,-0.3807403251994401,-0.31664468326218764,0.6833553167378124,-0.3807403251994401,1.134627318708226,0.06220763618448147,-0.26765713371340155,-0.322125410287331,736342,Linear,13
-1.5153676439076662,-0.7802726114392113,0.39669421487603307,0.03141424770648074,-0.022394483995126332,-0.0010488714192822025,-0.3807403251994401,-0.31664468326218764,0.6833553167378124,-0.3807403251994401,1.134627318708226,0.06220763618448147,-0.26765713371340155,-0.322125410287331,358468,Linear,13
-1.7326468448154628,-0.8231842138906057,0.39669421487603307,0.03141424770648074,-0.023320448324381966,-0.0016075110559405602,-0.583526513306424,-0.44207264503254906,0.5579273549674509,-0.583526513306424,1.1491203315090388,0.06317568292471694,-0.4039283110440188,-0.48612779759140173,396280,Linear,13
-1.521337769459933,-0.781580503511552,0.3939393939393939,0.03150561175120252,-0.02219817732270299,-0.0010421392026796067,-0.3782965305726975,-0.3149726610036102,0.6850273389963898,-0.3782965305726975,1.1430412388872355,0.06219305704698768,-0.266001508147597,-0.3201328646104501,935943,Linear,13
-1.521337769459933,-0.781580503511552,0.3939393939393939,0.03150561175120252,-0.02219817732270299,-0.0010421392026796067,-0.3782965305726975,-0.3149726610036102,0.6850273389963898,-0.3782965305726975,1.1430412388872355,0.06219305704698768,-0.266001508147597,-0.3201328646104501,547730,Linear,13
-1.521337769459933,-0.781580503511552,0.3939393939393939,0.03150561175120252,-0.022264054653615774,-0.0010820648577782657,-0.39278954337351024,-0.32482917319063365,0.6751708268093664,-0.39278954337351024,1.1285482260864228,0.06219703804700507,-0.276174680275948,-0.33237627916213414,165255,Linear,13
-1.521337769459933,-0.781580503511552,0.39669421487603307,0.03141424770648074,-0.022355566701753975,-0.0010253923910492936,-0.37221743795089424,-0.3107956329548133,0.6892043670451867,-0.37221743795089424,1.1491203315090388,0.062204156244327166,-0.2616802567646822,-0.31493223776608353,502122,Linear,13
-1.7326468448154628,-0.8231842138906057,0.3939393939393939,0.03150561175120252,-0.02315867311977358,-0.001624257867570875,-0.5896056059282273,-0.4454540487530181,0.5545459512469819,-0.5896056059282273,1.1430412388872355,0.0631645996794286,-0.4082079903404046,-0.491278392421886,90938,Linear,13
-1.5153676439076662,-0.7802726114392113,0.39669421487603307,0.03141424770648074,-0.022328305854483352,-0.0010089457641835452,-0.3662473123986274,-0.30666868942471204,0.693331310575288,-0.3662473123986274,1.1491203315090388,0.0622036344985451,-0.25748523537904683,-0.3098835287469588,27145,Linear,13
-1.5153676439076662,-0.7802726114392113,0.39669421487603307,0.03141424770648074,-0.02227227801571868,-0.000975143844928826,-0.35397721570916474,-0.2981090407390383,0.7018909592609617,-0.35397721570916474,1.1613904281985015,0.06220083196860864,-0.24887012194618902,-0.2995152381255597,591094,Linear,13
-1.7326468448154628,-0.8231842138906057,0.39669421487603307,0.03141424770648074,-0.023320448324381966,-0.0016075110559405602,-0.583526513306424,-0.44207264503254906,0.5579273549674509,-0.583526513306424,1.1491203315090388,0.06317568292471694,-0.4039283110440188,-0.48612779759140173,869122,Linear,13
-1.521337769459933,-0.781580503511552,0.39669421487603307,0.03141424770648074,-0.022421744842396955,-0.001065318046147951,-0.38671045075170696,-0.32071224628747685,0.6792877537125231,-0.38671045075170696,1.134627318708226,0.06220814731197452,-0.2718518463340406,-0.3271737477077251,586873,Linear,13
-1.432517385110259,-0.7612927528321694,0.3939393939393939,0.030665826905596924,-0.022798601047940212,-0.0017368567026074012,-0.630478983046487,-0.46766324035136364,0.5323367596486364,-0.636709580430761,0.7958078046794981,0.0626637794331981,-0.43999493228335546,-0.5295339829719836,627832,Linear,16
-1.4387093125842512,-0.7627662442104771,0.39118457300275483,0.03079537430148519,-0.022805482316635785,-0.0018376541078942467,-0.6670684411656111,-0.4867891174401048,0.5132108825598952,-0.6732990385498852,0.765410274034366,0.06266566615435269,-0.4655157501974525,-0.5602482920860065,820417,Linear,16
-1.432517385110259,-0.7612927528321694,0.39669421487603307,0.03145314281573519,-0.02290270424907236,-0.0013400541737768022,-0.48643966508097947,-0.38518856323849215,0.6148114367615078,-0.4926702624652535,0.9398471226450056,0.06312912643471817,-0.3369712480498745,-0.40554495980416644,620351,Linear,16
-1.432517385110259,-0.7612927528321694,0.39669421487603307,0.03145314281573519,-0.02290270424907236,-0.0013400541737768022,-0.48643966508097947,-0.38518856323849215,0.6148114367615078,-0.4926702624652535,0.9398471226450056,0.06312912643471817,-0.3369712480498745,-0.40554495980416644,737923,Linear,16
-1.432517385110259,-0.7612927528321694,0.39669421487603307,0.03145314281573519,-0.02290270424907236,-0.0013400541737768022,-0.48643966508097947,-0.38518856323849215,0.6148114367615078,-0.4926702624652535,0.9398471226450056,0.06312912643471817,-0.3369712480498745,-0.40554495980416644,155556,Linear,16
-1.4387093125842512,-0.7627662442104771,0.3939393939393939,0.030665826905596924,-0.022826746172821995,-0.0017539143540509054,-0.6366709105204791,-0.4709492471023319,0.5290507528976681,-0.6429015079047531,0.7958078046794981,0.06266414808738112,-0.4443135039756148,-0.5347313848081471,581261,Linear,16
-1.432517385110259,-0.7612927528321694,0.3939393939393939,0.030665826905596924,-0.022798601047940212,-0.0017368567026074012,-0.630478983046487,-0.46766324035136364,0.5323367596486364,-0.636709580430761,0.7958078046794981,0.0626637794331981,-0.43999493228335546,-0.5295339829719836,682245,Linear,16
-1.432517385110259,-0.7612927528321694,0.3939393939393939,0.030665826905596924,-0.022798601047940212,-0.0017368567026074012,-0.630478983046487,-0.46766324035136364,0.5323367596486364,-0.636709580430761,0.7958078046794981,0.0626637794331981,-0.43999493228335546,-0.5295339829719836,370312,Linear,16
-1.2274002372287214,-0.7069465423321839,0.39669421487603307,0.03145314281573519,-0.02207596939308016,-0.0008412802523930767,-0.3053847316186875,-0.26316016573045187,0.7368398342695481,-0.3116153290029615,0.9157849082257599,0.06216222166127353,-0.21483965063575544,-0.25855955956373783,407259,Linear,16
-1.4569088462740183,-0.7670447365645023,0.39118457300275483,0.030710012579835216,-0.022804318755502682,-0.001870337902560585,-0.6789326586294919,-0.49284198568326265,0.5071580143167373,-0.6851632560137659,0.7717455902602524,0.06265483207917291,-0.47387715778222106,-0.570311247671966,190027,Linear,16
-1.4387093125842512,-0.7627662442104771,0.39669421487603307,0.03145314281573519,-0.022930977890506115,-0.0013571118252203064,-0.4926315925549716,-0.38898366942861196,0.611016330571388,-0.4988621899392456,0.9398471226450056,0.06312959988396057,-0.34125802135015426,-0.4107040922696586,617148,Linear,16
-1.432517385110259,-0.7612927528321694,0.39669421487603307,0.03145314281573519,-0.023043214357309213,-0.0014248247349444906,-0.5172113787848502,-0.40381924564939664,0.5961807543506034,-0.5234419761691242,0.9090754089411348,0.0631479795239108,-0.35818076260912635,-0.43107061452745776,153340,Linear,16
-1.4569088462740183,-0.7670447365645023,0.39118457300275483,0.030710012579835216,-0.022695439957225554,-0.001804050810496548,-0.6548704442102462,-0.48049063632677347,0.5195093636732265,-0.6611010415945202,0.7958078046794981,0.06264876038260758,-0.45712666312453987,-0.5501520242309091,296164,Linear,16
-1.4387093125842512,-0.7627662442104771,0.3939393939393939,0.03158984376912142,-0.022826746172821995,-0.0013899077108442872,-0.504536499036476,-0.3962146343207402,0.6037853656792598,-0.51076709642075,0.9279422161635011,0.06312578341064617,-0.3495259733383242,-0.42065457402770123,279478,Linear,16
-1.4387093125842512,-0.7627662442104771,0.39669421487603307,0.03145314281573519,-0.022930977890506115,-0.0013571118252203064,-0.4926315925549716,-0.38898366942861196,0.611016330571388,-0.4988621899392456,0.9398471226450056,0.06312959988396057,-0.34125802135015426,-0.4107040922696586,455928,Linear,16
-1.432517385110259,-0.7612927528321694,0.3939393939393939,0.030665826905596924,-0.022798601047940212,-0.0017368567026074012,-0.630478983046487,-0.46766324035136364,0.5323367596486364,-0.636709580430761,0.7958078046794981,0.0626637794331981,-0.43999493228335546,-0.5295339829719836,890739,Linear,16
-1.4387093125842512,-0.7627662442104771,0.39669421487603307,0.03145314281573519,-0.022930977890506115,-0.0013571118252203064,-0.4926315925549716,-0.38898366942861196,0.611016330571388,-0.4988621899392456,0.9398471226450056,0.06312959988396057,-0.34125802135015426,-0.4107040922696586,919834,Linear,16
-1.432517385110259,-0.7612927528321694,0.39669421487603307,0.03145314281573519,-0.02290270424907236,-0.0013400541737768022,-0.48643966508097947,-0.38518856323849215,0.6148114367615078,-0.4926702624652535,0.9398471226450056,0.06312912643471817,-0.3369712480498745,-0.40554495980416644,358060,Linear,16
-1.4387093125842512,-0.7627662442104771,0.39669421487603307,0.03145314281573519,-0.022930977890506115,-0.0013571118252203064,-0.4926315925549716,-0.38898366942861196,0.611016330571388,-0.4988621899392456,0.9398471226450056,0.06312959988396057,-0.34125802135015426,-0.4107040922696586,357774,Linear,16
-1.4631007737480104,-0.7684827221149045,0.3939393939393939,0.03150252520490985,-0.022826746172821995,-0.0014243059331094515,-0.5170230537187308,-0.40370695929657885,0.5962930407034212,-0.5232536511030048,0.9398471226450056,0.06311509708735422,-0.35823688440176105,-0.43113815711534886,724450,Linear,16
-1.4387093125842512,-0.7627662442104771,0.39669421487603307,0.03145314281573519,-0.022930977890506115,-0.0013571118252203064,-0.4926315925549716,-0.38898366942861196,0.611016330571388,-0.4988621899392456,0.9398471226450056,0.06312959988396057,-0.34125802135015426,-0.4107040922696586,474154,Linear,16
-1.432517385110259,-0.7612927528321694,0.39669421487603307,0.03145314281573519,-0.02290270424907236,-0.0013400541737768022,-0.48643966508097947,-0.38518856323849215,0.6148114367615078,-0.4926702624652535,0.9398471226450056,0.06312912643471817,-0.3369712480498745,-0.40554495980416644,309648,Linear,16
-1.4387093125842512,-0.7627662442104771,0.39118457300275483,0.030833048257373378,-0.02272345772860108,-0.0017729788029581806,-0.6435913054738194,-0.47459784782222825,0.5254021521777718,-0.6498219028580934,0.7888874097261578,0.06266255447656532,-0.44915446217603205,-0.5405574789041968,836489,Linear,16
-1.432517385110259,-0.7612927528321694,0.3939393939393939,0.030665826905596924,-0.022798601047940212,-0.0017368567026074012,-0.630478983046487,-0.46766324035136364,0.5323367596486364,-0.636709580430761,0.7958078046794981,0.0626637794331981,-0.43999493228335546,-0.5295339829719836,882319,Linear,16
-1.4631007737480104,-0.7684827221149045,0.39118457300275483,0.031637964842342575,-0.02275031193884351,-0.0014744571098395873,-0.5352279308717698,-0.41446418675474683,0.5855358132452532,-0.5414585282560438,0.9216422454919666,0.06311141815173535,-0.37087236627332826,-0.44634496190171025,220757,Linear,16
-1.4631007737480104,-0.7684827221149045,0.39118457300275483,0.030710012579835216,-0.02275031193884351,-0.0018374577194154688,-0.6669971521478146,-0.48675252983623296,0.513247470163767,-0.6732277495320886,0.7898730242159218,0.06264940860597115,-0.46558678956524563,-0.5603337879783798,79504,Linear,16
-1.4387093125842512,-0.7627662442104771,0.39669421487603307,0.03145314281573519,-0.022930977890506115,-0.0013571118252203064,-0.4926315925549716,-0.38898366942861196,0.611016330571388,-0.4988621899392456,0.9398471226450056,0.06312959988396057,-0.34125802135015426,-0.4107040922696586,111548,Linear,16
-1.432517385110259,-0.7612927528321694,0.3939393939393939,0.030665826905596924,-0.022798601047940212,-0.0017368567026074012,-0.630478983046487,-0.46766324035136364,0.5323367596486364,-0.636709580430761,0.7958078046794981,0.0626637794331981,-0.43999493228335546,-0.5295339829719836,257743,Linear,16
-1.432517385110259,-0.7612927528321694,0.39669421487603307,0.03145314281573519,-0.02290270424907236,-0.0013400541737768022,-0.48643966508097947,-0.38518856323849215,0.6148114367615078,-0.4926702624652535,0.9398471226450056,0.06312912643471817,-0.3369712480498745,-0.40554495980416644,60618,Linear,16
-1.4631007737480104,-0.7684827221149045,0.39118457300275483,0.030710012579835216,-0.02272345772860108,-0.0018211084619400523,-0.6610623716842383,-0.48369746216639464,0.5163025378336054,-0.6672929690685123,0.7958078046794981,0.06264911077950203,-0.46144630378490537,-0.5553507125703875,874503,Linear,16
-1.432517385110259,-0.7612927528321694,0.39669421487603307,0.03145314281573519,-0.02290270424907236,-0.0013400541737768022,-0.48643966508097947,-0.38518856323849215,0.6148114367615078,-0.4926702624652535,0.9398471226450056,0.06312912643471817,-0.3369712480498745,-0.40554495980416644,832765,Linear,16
-1.432517385110259,-0.7612927528321694,0.39669421487603307,0.03145314281573519,-0.02290270424907236,-0.0013400541737768022,-0.48643966508097947,-0.38518856323849215,0.6148114367615078,-0.4926702624652535,0.9398471226450056,0.06312912643471817,-0.3369712480498745,-0.40554495980416644,475278,Linear,16
-1.432517385110259,-0.7612927528321694,0.39669421487603307,0.03145314281573519,-0.02290270424907236,-0.0013400541737768022,-0.48643966508097947,-0.38518856323849215,0.6148114367615078,-0.4926702624652535,0.9398471226450056,0.06312912643471817,-0.3369712480498745,-0.40554495980416644,769664,Linear,16
-1.432517385110259,-0.7612927528321694,0.39669421487603307,0.03145314281573519,-0.02290270424907236,-0.0013400541737768022,-0.48643966508097947,-0.38518856323849215,0.6148114367615078,-0.4926702624652535,0.9398471226450056,0.06312912643471817,-0.3369712480498745,-0.40554495980416644,49587,Linear,16
-1.4631007737480104,-0.7684827221149045,0.3939393939393939,0.03150252520490985,-0.022826746172821995,-0.0014243059331094515,-0.5170230537187308,-0.40370695929657885,0.5962930407034212,-0.5232536511030048,0.9398471226450056,0.06311509708735422,-0.35823688440176105,-0.43113815711534886,979213,Linear,16
-1.4387093125842512,-0.7627662442104771,0.39669421487603307,0.03145314281573519,-0.02304085101570815,-0.001423398917284345,-0.5166938069742173,-0.4035105994305017,0.5964894005694983,-0.5229244043584913,0.9157849082257599,0.06313609588146381,-0.3578896825020782,-0.4307202995643985,354181,Linear,16
-1.4569088462740183,-0.7670447365645023,0.3939393939393939,0.03150252520490985,-0.022798601047940212,-0.0014072482816659473,-0.5108311262447387,-0.40000330147816565,0.5999966985218343,-0.5170617236290127,0.9398471226450056,0.06311464173967575,-0.3539491519164124,-0.4259778702704476,269912,Linear,16
-1.4387093125842512,-0.7627662442104771,0.3939393939393939,0.030665826905596924,-0.022853722447656433,-0.001770263611526322,-0.6426056909840554,-0.4740797485669638,0.5259202514330362,-0.6488362883683294,0.7898730242159218,0.0626644634218618,-0.4484529523147601,-0.539713211655468,115225,Linear,16
-1.4387093125842512,-0.7627662442104771,0.3939393939393939,0.030665826905596924,-0.022826746172821995,-0.0017539143540509054,-0.6366709105204791,-0.4709492471023319,0.5290507528976681,-0.6429015079047531,0.7958078046794981,0.06266414808738112,-0.4443135039756148,-0.5347313848081471,736342,Linear,16
-1.432517385110259,-0.7612927528321694,0.39669421487603307,0.03145314281573519,-0.02290270424907236,-0.0013400541737768022,-0.48643966508097947,-0.38518856323849215,0.6148114367615078,-0.4926702624652535,0.9398471226450056,0.06312912643471817,-0.3369712480498745,-0.40554495980416644,358468,Linear,16
-1.4631007737480104,-0.7684827221149045,0.3884297520661157,0.03084079212515701,-0.022647833056236105,-0.0018712596386701846,-0.6792672488372773,-0.4930116474034949,0.5069883525965051,-0.6854978462215513,0.7776029275264591,0.06264508593709868,-0.4741844537327347,-0.5706810784056568,396280,Linear,16
-1.4387093125842512,-0.7627662442104771,0.39669421487603307,0.03145314281573519,-0.022930977890506115,-0.0013571118252203064,-0.4926315925549716,-0.38898366942861196,0.611016330571388,-0.4988621899392456,0.9398471226450056,0.06312959988396057,-0.34125802135015426,-0.4107040922696586,935943,Linear,16
-1.432517385110259,-0.7612927528321694,0.39669421487603307,0.03145314281573519,-0.02290270424907236,-0.0013400541737768022,-0.48643966508097947,-0.38518856323849215,0.6148114367615078,-0.4926702624652535,0.9398471226450056,0.06312912643471817,-0.3369712480498745,-0.40554495980416644,547730,Linear,16
-1.4387093125842512,-0.7627662442104771,0.39669421487603307,0.03145314281573519,-0.022930977890506115,-0.0013571118252203064,-0.4926315925549716,-0.38898366942861196,0.611016330571388,-0.4988621899392456,0.9398471226450056,0.06312959988396057,-0.34125802135015426,-0.4107040922696586,165255,Linear,16
-1.2274002372287214,-0.7069465423321839,0.39669421487603307,0.03145314281573519,-0.021966096267878123,-0.0007749931603290398,-0.2813225171994418,-0.24521513488025048,0.7547848651197495,-0.2875531145837158,0.9398471226450056,0.06215500135247537,-0.19793475588992043,-0.2382145155878238,502122,Linear,16
-1.4631007737480104,-0.7684827221149045,0.39118457300275483,0.030710012579835216,-0.02272345772860108,-0.0018211084619400523,-0.6610623716842383,-0.48369746216639464,0.5163025378336054,-0.6672929690685123,0.7958078046794981,0.06264911077950203,-0.46144630378490537,-0.5553507125703875,90938,Linear,16
-1.4387093125842512,-0.7627662442104771,0.39118457300275483,0.03079537430148519,-0.02275031193884351,-0.001804065530781043,-0.6548757876735181,-0.480493412298561,0.519506587701439,-0.6611063850577921,0.7776029275264591,0.06266017813944182,-0.4570470961019423,-0.5500562653043899,27145,Linear,16
-1.4387093125842512,-0.7627662442104771,0.39669421487603307,0.03145314281573519,-0.02301375156153657,-0.0014070496598089285,-0.510759026510641,-0.39996004031620236,0.6000399596837976,-0.516989623894915,0.9217196886893362,0.06313569283241448,-0.3537811955643436,-0.42577573476944336,591094,Linear,16
-1.4569088462740183,-0.7670447365645023,0.3939393939393939,0.03150252520490985,-0.02277146411361173,-0.0013908016548002007,-0.5048610006924719,-0.3964105318855081,0.6035894681144919,-0.5110915980767459,0.9458172481972724,0.06311422730151824,-0.3498148159880823,-0.4210021962104951,869122,Linear,16
-1.4387093125842512,-0.7627662442104771,0.39669421487603307,0.03145314281573519,-0.022930977890506115,-0.0013571118252203064,-0.4926315925549716,-0.38898366942861196,0.611016330571388,-0.4988621899392456,0.9398471226450056,0.06312959988396057,-0.34125802135015426,-0.4107040922696586,586873,Linear,16
-1.432517385110259,-0.7612927528321694,0.39502762430939226,0.031179265535951076,-0.023435377663630803,-0.0018610849079948692,-0.6737127366941422,-0.4901877389861793,0.5098122610138207,-0.6799433340784162,0.7525740510318428,0.06324367296389112,-0.467142492322476,-0.5622060765365267,627832,Linear,19
-1.4387093125842512,-0.7627662442104771,0.39226519337016574,0.031359822745107006,-0.02339869672538374,-0.0019188354966277014,-0.6946184497792274,-0.500735093716661,0.49926490628333897,-0.7008490471635014,0.7378602654207498,0.06324964381646359,-0.4815927386707489,-0.5795969507086853,820417,Linear,19
-1.4371637771837413,-0.7623993075589574,0.39502762430939226,0.031179265535951076,-0.023501555804273787,-0.0019011208549584418,-0.6882057494949549,-0.4975231699649466,0.5024768300350534,-0.694436346879229,0.7427274303045124,0.06324707881050853,-0.4771660373028466,-0.5742694147877415,620351,Linear,19
-1.4371637771837413,-0.7623993075589574,0.39502762430939226,0.031179265535951076,-0.023501555804273787,-0.0019011208549584418,-0.6882057494949549,-0.4975231699649466,0.5024768300350534,-0.694436346879229,0.7427274303045124,0.06324707881050853,-0.4771660373028466,-0.5742694147877415,737923,Linear,19
-1.432517385110259,-0.7612927528321694,0.39502762430939226,0.031179265535951076,-0.02317910103795021,-0.0017060446289229071,-0.6175881556700915,-0.46075655829555007,0.5392434417044499,-0.6238187530543655,0.8086986320558935,0.06314336565054722,-0.4289067996807072,-0.51618941331903,155556,Linear,19
-1.4433557046577334,-0.7638659683995714,0.39226519337016574,0.031359822745107006,-0.023375112242700363,-0.0019045023856046547,-0.6894298635888845,-0.49813788261849423,0.5018621173815058,-0.6956604609731585,0.747695243684575,0.06324472619304168,-0.4780325557826708,-0.5753122699396381,581261,Linear,19
-1.432517385110259,-0.7612927528321694,0.39226519337016574,0.031359822745107006,-0.02307374148777771,-0.001721348888137849,-0.6231282975059003,-0.46373578316231,0.53626421683769,-0.6293588948901743,0.8031584902200848,0.06314227588567604,-0.43276182371089666,-0.5208289354575356,682245,Linear,19
-1.432517385110259,-0.7612927528321694,0.39502762430939226,0.031179265535951076,-0.02347429495700316,-0.001884628795421792,-0.6822356239426881,-0.4945143476157363,0.5054856523842637,-0.6884662213269621,0.7440511637832969,0.06324679322632416,-0.47302879896354383,-0.5692902476756427,370312,Linear,19
-1.4433557046577334,-0.7638659683995714,0.39226519337016574,0.031359822745107006,-0.023391199665440416,-0.0019142792723527528,-0.6929690965916961,-0.49991095008692976,0.5000890499130702,-0.6991996939759701,0.7441560106817633,0.0632457847830738,-0.4804785247215254,-0.578255994013222,407259,Linear,19
-1.432517385110259,-0.7612927528321694,0.39226519337016574,0.031359822745107006,-0.02338411371244795,-0.001909972892081089,-0.6914101869333535,-0.49913074846306926,0.5008692515369307,-0.6976407843176275,0.7348766007926315,0.06324795494575791,-0.47938118672660407,-0.5769353475319053,190027,Linear,19
-1.6121051828376949,-0.8005327432796849,0.39226519337016574,0.030166856098500356,-0.023363054540558634,-0.0023651337926404673,-0.8561784329358488,-0.5752176814568482,0.4247823185431519,-0.8624090303201228,0.749696152517572,0.06255634562270189,-0.6001842758331585,-0.7223218877766852,617148,Linear,19
-1.432517385110259,-0.7612927528321694,0.39226519337016574,0.031359822745107006,-0.023339621287728235,-0.0018829332969475601,-0.6816218534950167,-0.49420400022929645,0.5057959997707036,-0.6878524508792907,0.7446649342309684,0.06324534237047287,-0.4726140821435732,-0.5687911359055483,153340,Linear,19
-1.4371637771837413,-0.7623993075589574,0.39226519337016574,0.031359822745107006,-0.02332885321970521,-0.0018763891672098094,-0.679252878529951,-0.493004361772709,0.506995638227291,-0.685483475914225,0.7516803012695163,0.06324254730487155,-0.4709923281819173,-0.5668393547105703,296164,Linear,19
-1.4387093125842512,-0.7627662442104771,0.39226519337016574,0.031359822745107006,-0.02328209797745909,-0.001847974379104434,-0.6689667252358049,-0.487762413394744,0.512237586605256,-0.6751973226200789,0.7635119899641722,0.06324102717095428,-0.46387108385629516,-0.5582689358380302,279478,Linear,19
-1.4433557046577334,-0.7638659683995714,0.39502762430939226,0.031179265535951076,-0.023498008796332837,-0.0018989750131378127,-0.6874289547558874,-0.4971326969678217,0.5028673030321783,-0.6936595521401614,0.749696152517572,0.06324691957838104,-0.4766286482422429,-0.5736226669531919,455928,Linear,19
-1.4371637771837413,-0.7623993075589574,0.39502762430939226,0.031179265535951076,-0.023501555804273787,-0.0019011208549584418,-0.6882057494949549,-0.4975231699649466,0.5024768300350534,-0.694436346879229,0.7427274303045124,0.06324707881050853,-0.4771660373028466,-0.5742694147877415,890739,Linear,19
-1.4371637771837413,-0.7623993075589574,0.39226519337016574,0.031359822745107006,-0.023394730550617995,-0.001916425114173382,-0.6937458913307637,-0.5002992657896439,0.49970073421035605,-0.6999764887150377,0.7371872884687036,0.06324594349736896,-0.4810159176699383,-0.5789027465267507,919834,Linear,19
-1.4371637771837413,-0.7623993075589574,0.39226519337016574,0.031359822745107006,-0.02332885321970521,-0.0018763891672098094,-0.679252878529951,-0.493004361772709,0.506995638227291,-0.685483475914225,0.7516803012695163,0.06324254730487155,-0.4709923281819173,-0.5668393547105703,358060,Linear,19
-1.432517385110259,-0.7612927528321694,0.39226519337016574,0.031359822745107006,-0.023288154173430733,-0.0018516549401921736,-0.6702990883495659,-0.48844444540257914,0.5115555545974209,-0.6765296857338399,0.7559876993764192,0.06324361614685449,-0.4647759363674206,-0.5593579260037393,357774,Linear,19
-1.4433557046577334,-0.7638659683995714,0.39226519337016574,0.031359822745107006,-0.023375112242700363,-0.0019045023856046547,-0.6894298635888845,-0.49813788261849423,0.5018621173815058,-0.6956604609731585,0.747695243684575,0.06324472619304168,-0.4780325557826708,-0.5753122699396381,724450,Linear,19
-1.4433557046577334,-0.7638659683995714,0.39226519337016574,0.031359822745107006,-0.023422875675499777,-0.001933529886200984,-0.6999378188047558,-0.5033838169808164,0.49661618301918364,-0.7061684161890298,0.7371872884687036,0.06324626106533209,-0.48530671807914194,-0.5840667256185831,474154,Linear,19
-1.4371637771837413,-0.7623993075589574,0.39502762430939226,0.031179265535951076,-0.023469735154899085,-0.0018818702411102107,-0.6812370272818953,-0.49400931921331626,0.5059906807866837,-0.6874676246661693,0.749696152517572,0.06324659264261956,-0.4723379188951569,-0.5684587733846314,309648,Linear,19
-1.4387093125842512,-0.7627662442104771,0.39226519337016574,0.031359822745107006,-0.023316299298312516,-0.0018687597122197756,-0.676491015823558,-0.4916021739934282,0.5083978260065718,-0.682721613207832,0.7559876993764192,0.06324395129258116,-0.46906684585187963,-0.5645220363676619,836489,Linear,19
-1.432517385110259,-0.7612927528321694,0.39502762430939226,0.031179265535951076,-0.023158380354554753,-0.001693509187863226,-0.613050326006487,-0.4583040029793093,0.5416959970206907,-0.619280923390761,0.813236461719498,0.06314206384363279,-0.42576411488718374,-0.5124071915845573,882319,Linear,19
-1.4433557046577334,-0.7638659683995714,0.38950276243093923,0.031495210873161227,-0.023203763260603017,-0.0018983617333633521,-0.6872069474775344,-0.4970210443731171,0.5029789556268829,-0.6934375448618084,0.749918159795925,0.06323701375428772,-0.4765493574162065,-0.5735272404292856,220757,Linear,19
-1.4387093125842512,-0.7627662442104771,0.39226519337016574,0.031359822745107006,-0.02304307366827164,-0.00170271098678057,-0.6163813772145659,-0.46010541811586947,0.5398945818841305,-0.6226119745988399,0.8160973379854113,0.06314177655707205,-0.42807948125123285,-0.5151937354350321,79504,Linear,19
-1.4387093125842512,-0.7627662442104771,0.39226519337016574,0.031359822745107006,-0.023347975308371877,-0.0018880103260680067,-0.6834597380366176,-0.4951327411577543,0.5048672588422457,-0.6896903354208916,0.7490189771633595,0.06324444148246797,-0.4738951609098458,-0.5703329144394162,111548,Linear,19
-1.432517385110259,-0.7612927528321694,0.39502762430939226,0.031179265535951076,-0.02317910103795021,-0.0017060446289229071,-0.6175881556700915,-0.46075655829555007,0.5392434417044499,-0.6238187530543655,0.8086986320558935,0.06314336565054722,-0.4289067996807072,-0.51618941331903,257743,Linear,19
-1.4371637771837413,-0.7623993075589574,0.39502762430939226,0.031179265535951076,-0.023453574273607707,-0.0018720933543621126,-0.6776977942790836,-0.492215327492061,0.507784672507939,-0.6839283916633576,0.7532353855203837,0.06324552904224197,-0.4698918821689995,-0.5655149677290159,60618,Linear,19
-1.4387093125842512,-0.7627662442104771,0.39226519337016574,0.031359822745107006,-0.023183460799257524,-0.0017880291326835933,-0.6472665460314602,-0.476525283057358,0.523474716942642,-0.6534971434157342,0.785212169168517,0.0631451866565173,-0.44950508558178814,-0.5409794542383437,874503,Linear,19
-1.432517385110259,-0.7612927528321694,0.39226519337016574,0.031359822745107006,-0.02307374148777771,-0.001721348888137849,-0.6231282975059003,-0.46373578316231,0.53626421683769,-0.6293588948901743,0.8031584902200848,0.06314227588567604,-0.43276182371089666,-0.5208289354575356,832765,Linear,19
-1.432517385110259,-0.7612927528321694,0.39226519337016574,0.031359822745107006,-0.022952754893975164,-0.0016478211239484564,-0.5965112468693405,-0.4492703518024499,0.5507296481975501,-0.6027418442536145,0.8297755408566445,0.06313802286863607,-0.41430422122884597,-0.498615207431824,475278,Linear,19
-1.4387093125842512,-0.7627662442104771,0.39226519337016574,0.031359822745107006,-0.022995310235472226,-0.001673683486184241,-0.6058734219986945,-0.4544023185472674,0.5455976814527326,-0.6121040193829685,0.8266052932012826,0.06314013273632516,-0.42079261661085016,-0.5064239924828233,769664,Linear,19
-1.432517385110259,-0.7612927528321694,0.39502762430939226,0.031179265535951076,-0.02317910103795021,-0.0017060446289229071,-0.6175881556700915,-0.46075655829555007,0.5392434417044499,-0.6238187530543655,0.8086986320558935,0.06314336565054722,-0.4289067996807072,-0.51618941331903,49587,Linear,19
-1.4433557046577334,-0.7638659683995714,0.39226519337016574,0.031359822745107006,-0.023504449862097813,-0.001983105358719128,-0.7178841398563236,-0.5122167540110762,0.4877832459889238,-0.7241147372405976,0.7192409674171358,0.06324864326774186,-0.49773117636055236,-0.5990195634748781,979213,Linear,19
-1.432517385110259,-0.7612927528321694,0.39226519337016574,0.031359822745107006,-0.02307374148777771,-0.001721348888137849,-0.6231282975059003,-0.46373578316231,0.53626421683769,-0.6293588948901743,0.8031584902200848,0.06314227588567606,-0.43276182371089655,-0.5208289354575355,354181,Linear,19
-1.4371637771837413,-0.7623993075589574,0.39226519337016574,0.031359822745107006,-0.02334696711781858,-0.0018873976135770527,-0.6832379361148924,-0.49502074820986053,0.5049792517901395,-0.6894685334991664,0.747695243684575,0.06324440074498895,-0.47374167374182835,-0.5701481926041133,269912,Linear,19
-1.4387093125842512,-0.7627662442104771,0.39226519337016574,0.031359822745107006,-0.02310188661265949,-0.001738453660165451,-0.6293202249798924,-0.4670460333092179,0.5329539666907821,-0.6355508223641664,0.8031584902200848,0.06314264696581377,-0.43705954105136086,-0.5260012390774287,115225,Linear,19
-1.4387093125842512,-0.7627662442104771,0.39226519337016574,0.031359822745107006,-0.023343436232641002,-0.0018852517717564254,-0.6824611413758248,-0.4946283305894925,0.5053716694105075,-0.6886917387600988,0.7500175738241524,0.06324424103920705,-0.4732042568479158,-0.5695014112721714,736342,Linear,19
-1.4387093125842512,-0.7627662442104771,0.39226519337016574,0.031359822745107006,-0.023316299298312516,-0.0018687597122197756,-0.676491015823558,-0.4916021739934282,0.5083978260065718,-0.682721613207832,0.7559876993764192,0.06324395129258116,-0.46906684585187963,-0.5645220363676619,358468,Linear,19
-1.4387093125842512,-0.7627662442104771,0.39226519337016574,0.031359822745107006,-0.02315632386492904,-0.0017715370731469452,-0.6412964204791933,-0.4733907257336427,0.5266092742663573,-0.6475270178634673,0.7911822947207838,0.06314487099260917,-0.4453612583444812,-0.5359923573862695,396280,Linear,19
-1.4433557046577334,-0.7638659683995714,0.39226519337016574,0.031359822745107006,-0.023450012609828264,-0.0019500219457376337,-0.7059079443570226,-0.5063398452348324,0.49366015476516756,-0.7121385417412966,0.7312171629164368,0.06324653386523234,-0.48944403472294057,-0.5890459869701571,935943,Linear,19
-1.4371637771837413,-0.7623993075589574,0.39502762430939226,0.031179265535951076,-0.02344901447150363,-0.0018693348000505296,-0.6766991976182908,-0.49170800214915467,0.5082919978508453,-0.6829297950025648,0.7542339821811765,0.06324532790625849,-0.46920098243933095,-0.5646834697756485,547730,Linear,19
-1.4433557046577334,-0.7638659683995714,0.39502762430939226,0.031179265535951076,-0.02352982944570754,-0.0019182256269860438,-0.694397676968947,-0.5006248574320871,0.4993751425679129,-0.7006282743532211,0.7427274303045124,0.06324740052315543,-0.4814567484705999,-0.5794332864774716,165255,Linear,19
-1.4387093125842512,-0.7627662442104771,0.39226519337016574,0.031359822745107006,-0.023074749678331005,-0.0017219616006288012,-0.6233500994276255,-0.4638547144060803,0.5361452855939197,-0.6295806968118995,0.8091286157723516,0.06314231830478904,-0.4329155740346952,-0.5210139740008702,502122,Linear,19
-1.4433557046577334,-0.7638659683995714,0.39226519337016574,0.031359822745107006,-0.023504449862097813,-0.001983105358719128,-0.7178841398563236,-0.5122167540110762,0.4877832459889238,-0.7241147372405976,0.7192409674171358,0.06324864326774186,-0.49773117636055236,-0.5990195634748781,90938,Linear,19
-1.4387093125842512,-0.7627662442104771,0.39226519337016574,0.031359822745107006,-0.023316299298312516,-0.0018687597122197756,-0.676491015823558,-0.4916021739934282,0.5083978260065718,-0.682721613207832,0.7559876993764192,0.06324395129258116,-0.46906684585187963,-0.5645220363676619,27145,Linear,19
-1.4387093125842512,-0.7627662442104771,0.39226519337016574,0.031359822745107006,-0.023146050648806107,-0.0017652936821330074,-0.6390363129321486,-0.4721991861419249,0.5278008138580751,-0.6452669103164226,0.7934424022678286,0.06316083514024656,-0.4436795109070381,-0.5339683740320051,591094,Linear,19
-1.432517385110259,-0.7612927528321694,0.39226519337016574,0.031359822745107006,-0.02299430204491893,-0.001673070773693287,-0.6056516200769693,-0.4542812905114031,0.5457187094885969,-0.6118822174612433,0.8206351676490158,0.06314008984595446,-0.420638855960052,-0.5062389415109428,869122,Linear,19
-1.4433557046577334,-0.7638659683995714,0.39502762430939226,0.031179265535951076,-0.023498008796332837,-0.0018989750131378127,-0.6874289547558874,-0.4971326969678217,0.5028673030321783,-0.6936595521401614,0.749696152517572,0.06324691957838104,-0.4766286482422429,-0.5736226669531919,586873,Linear,19
-1.8623192594386637,-0.8446879964940486,0.3878116343490305,0.028418194316327573,-0.022928745258279246,-0.0030158047030300617,-1.0887054977938533,-0.6633479914737903,0.33665200852620963,-1.0949360951781273,0.7673831642605364,0.060772895096599305,-0.7877593358954228,-0.9480685075059627,627832,Linear,22
-1.7592061222530901,-0.8278184993588017,0.39335180055401664,0.028152375288543776,-0.02274052446844167,-0.002721710713616368,-0.982537567615509,-0.6256400710993533,0.37435992890064673,-0.988768164999783,0.7704379572533071,0.0606927916153686,-0.7118772589526715,-0.8567444137688911,820417,Linear,22
-1.80725950980559,-0.8358967555336164,0.39058171745152354,0.02826607040070156,-0.02277067923198708,-0.0028366579073081377,-1.024033504538238,-0.6408565918062293,0.35914340819377066,-1.030264101922512,0.7769954078830779,0.06071270955165459,-0.7416988732071217,-0.892634732079747,620351,Linear,22
-1.8263872363604605,-0.8390058477942051,0.39058171745152354,0.02826607040070156,-0.02285762344360013,-0.0028896432994268938,-1.0431612310931087,-0.6476609057275512,0.3523390942724488,-1.0493918284773827,0.7769954078830779,0.06075000802516627,-0.7550890407916244,-0.9087498012622205,737923,Linear,22
-1.8263872363604605,-0.8390058477942051,0.39058171745152354,0.02826607040070156,-0.022839832856235177,-0.002878801390229415,-1.0392473018728197,-0.6462791732132751,0.35372082678672495,-1.0454778992570937,0.7809093371033669,0.060750173970100255,-0.7522539003337908,-0.9053377091930446,155556,Linear,22
-1.8263872363604605,-0.8390058477942051,0.3878116343490305,0.028418194316327573,-0.02276615691855887,-0.002916270013062742,-1.05277347471565,-0.6510314497425289,0.3489685502574711,-1.059004072099924,0.7673831642605364,0.06074825469361062,-0.7620688280900316,-0.9171499765761548,581261,Linear,22
-1.8501978949643672,-0.8427939470511066,0.39058171745152354,0.02830261396283799,-0.02303296682763506,-0.0029822275161206554,-1.0765841333195567,-0.6592424778314405,0.3407575221685594,-1.0828147307038307,0.7673831642605364,0.060777914301061664,-0.7789242969001945,-0.9374355364292796,682245,Linear,22
-1.8623192594386637,-0.8446879964940486,0.3878116343490305,0.028418194316327573,-0.022928745258279246,-0.0030158047030300617,-1.0887054977938533,-0.6633479914737903,0.33665200852620963,-1.0949360951781273,0.7673831642605364,0.060772895096599305,-0.7877593358954228,-0.9480685075059627,370312,Linear,22
-1.88999846810475,-0.8489279597372655,0.3850415512465374,0.028114601514107888,-0.022564868012711674,-0.0030511664497534507,-1.101471088360995,-0.6676182390720993,0.3323817609279008,-1.107701685745269,0.7822967823594809,0.060586873854870466,-0.799443224687442,-0.9621300698438107,407259,Linear,22
-1.7030794904567301,-0.8178781827868605,0.3878116343490305,0.028418194316327573,-0.0221962416818475,-0.0025673745357408222,-0.9268222074024379,-0.6041904854824771,0.39580951451752283,-0.9330528047867119,0.7700266856700182,0.06021080925280112,-0.6768852265788924,-0.8146314962881985,190027,Linear,22
-1.7834488512016833,-0.8319424588207518,0.39058171745152354,0.02826607040070156,-0.022662448965605687,-0.0027707004042502245,-1.0002228459343314,-0.6322025301325217,0.3677974698674783,-1.0064534433186054,0.7769954078830779,0.06068958469324629,-0.7247290549933182,-0.872211552698038,617148,Linear,22
-1.88999846810475,-0.8489279597372655,0.3850415512465374,0.028114601514107888,-0.022564868012711674,-0.0030511664497534507,-1.101471088360995,-0.6676182390720993,0.3323817609279008,-1.107701685745269,0.7822967823594809,0.060586873854870466,-0.799443224687442,-0.9621300698438107,153340,Linear,22
-1.6909581259824336,-0.8156571842892981,0.39058171745152354,0.02830261396283799,-0.022309149695899,-0.0025411201228189,-0.9173443643376231,-0.6004212310350718,0.3995787689649282,-0.9235749617218971,0.7673831642605364,0.0602159536035833,-0.6699060459074726,-0.8062320510499567,296164,Linear,22
-1.838508600834757,-0.8409455370019828,0.3878116343490305,0.028418194316327573,-0.02283871480857962,-0.002960689109169627,-1.0688087684102356,-0.656582636532969,0.34341736346703094,-1.0750393657945096,0.7634692350402474,0.06074980953212544,-0.7736564594262164,-0.9310956930479739,279478,Linear,22
-1.8263872363604605,-0.8390058477942051,0.39058171745152354,0.02826607040070156,-0.022869639450006866,-0.002896966073414378,-1.0458047525025904,-0.6485910916417742,0.3514089083582258,-1.0520353498868644,0.7743518864735961,0.060750291158695305,-0.7569990175181578,-0.9110484586084231,455928,Linear,22
-1.8623192594386637,-0.8446879964940486,0.39058171745152354,0.02826607040070156,-0.02303296682763506,-0.002996500763381699,-1.0817367755807936,-0.6609937636915557,0.33900623630844423,-1.0879673729650676,0.7743518864735961,0.06077496243903847,-0.7826903223124665,-0.9419679487145416,890739,Linear,22
-1.8263872363604605,-0.8390058477942051,0.3878116343490305,0.028418194316327573,-0.022783867005528504,-0.0029271119222602174,-1.056687403935939,-0.6523946185350786,0.3476053814649213,-1.062918001320213,0.7634692350402474,0.06074808203771087,-0.764904169433224,-0.9205623104108975,919834,Linear,22
-1.8744406239129603,-0.8465592260568078,0.3878116343490305,0.028418194316327573,-0.02291611062649351,-0.003008069928446551,-1.0859132441692054,-0.6624066600763397,0.33759333992366025,-1.0921438415534794,0.7822967823594809,0.0607725639692991,-0.7857432140906809,-0.945642104538362,358060,Linear,22
-1.7713274867273867,-0.8298929759406952,0.39058171745152354,0.02826607040070156,-0.02263715844813057,-0.002755287900525776,-0.9946589320898056,-0.6301504331464469,0.36984956685355314,-1.0008895294740796,0.7704379572533071,0.060687909909150364,-0.7207175122118356,-0.8673836602131922,357774,Linear,22
-1.838508600834757,-0.8409455370019828,0.3878116343490305,0.028418194316327573,-0.02275352228677313,-0.002908535238479228,-1.0499812210910022,-0.6500556793779965,0.34994432062200354,-1.0562118184752762,0.7822967823594809,0.06074791072346595,-0.7600519091608616,-0.9147226142691564,724450,Linear,22
-1.814265871886164,-0.8370425038322516,0.39335180055401664,0.028152375288543776,-0.022974067027404156,-0.002863388886504968,-1.0336833880282938,-0.6443056157474706,0.3556943842525294,-1.0399139854125679,0.7743518864735961,0.0607552463704105,-0.7481640207040224,-0.9004155382966932,474154,Linear,22
-1.8263872363604605,-0.8390058477942051,0.39058171745152354,0.02826607040070156,-0.022869639450006866,-0.002896966073414378,-1.0458047525025904,-0.6485910916417742,0.3514089083582258,-1.0520353498868644,0.7743518864735961,0.060750291158695305,-0.7569990175181578,-0.9110484586084231,309648,Linear,22
-1.88999846810475,-0.8489279597372655,0.3878116343490305,0.0279635595191004,-0.022666971487882315,-0.003031862510105083,-1.0945023661479354,-0.6652938733886442,0.33470612661135585,-1.1007329635322094,0.7892655045725405,0.060588958842223456,-0.7943580181299976,-0.9560100228045767,836489,Linear,22
-1.8623192594386637,-0.8446879964940486,0.3878116343490305,0.028418194316327573,-0.022861262823442394,-0.002974492741537143,-1.0737918796949089,-0.6582896667790455,0.34171033322095445,-1.0800224770791829,0.7822967823594809,0.06077086337333992,-0.7769942008880321,-0.9351126655190743,882319,Linear,22
-1.8744406239129603,-0.8465592260568078,0.3878116343490305,0.028418194316327573,-0.022912092563776274,-0.003005610117198604,-1.0850252523086965,-0.6621067467977579,0.33789325320224206,-1.0912558496929705,0.7831847742199898,0.06077216996889856,-0.7851057724807449,-0.9448749434420515,220757,Linear,22
-1.8623192594386637,-0.8446879964940486,0.39058171745152354,0.02826607040070156,-0.023003160233863375,-0.002978336080196738,-1.0751793249510229,-0.6587634424149571,0.34123655758504284,-1.0814099223352969,0.7809093371033669,0.06077487513006081,-0.7779467984532847,-0.9362591168663205,79504,Linear,22
-1.7713274867273867,-0.8298929759406952,0.3878116343490305,0.028418194316327573,-0.022505056144610656,-0.002756427156989181,-0.9950702036730945,-0.6303025104886972,0.3696974895113028,-1.0013008010573685,0.7700266856700182,0.060685762499008665,-0.7210410281565433,-0.8677730117129174,111548,Linear,22
-1.8263872363604605,-0.8390058477942051,0.39058171745152354,0.02826607040070156,-0.022887430037371814,-0.002907807982611853,-1.0497186817228794,-0.6499637931558346,0.35003620684416537,-1.0559492791071534,0.7704379572533071,0.06075012196327486,-0.7598342061242507,-0.914460608624038,257743,Linear,22
-1.8263872363604605,-0.8390058477942051,0.39058171745152354,0.02826607040070156,-0.022887430037371814,-0.002907807982611853,-1.0497186817228794,-0.6499637931558346,0.35003620684416537,-1.0559492791071534,0.7704379572533071,0.06075012196327486,-0.7598342061242507,-0.914460608624038,60618,Linear,22
-1.7030794904567301,-0.8178781827868605,0.3878116343490305,0.028418194316327573,-0.0221962416818475,-0.0025673745357408222,-0.9268222074024379,-0.6041904854824771,0.39580951451752283,-0.9330528047867119,0.7700266856700182,0.06021080925280112,-0.6768852265788924,-0.8146314962881985,874503,Linear,22
-1.80725950980559,-0.8358967555336164,0.3878116343490305,0.028418194316327573,-0.022697316206637685,-0.0028741265301414614,-1.0375596773810685,-0.645681721287295,0.3543182787127051,-1.0437902747653425,0.7634692350402474,0.060710815172545535,-0.7515192158440384,-0.9044535162727594,832765,Linear,22
-1.80725950980559,-0.8358967555336164,0.3878116343490305,0.028418194316327573,-0.0226121236848312,-0.0028219726594510657,-1.018732130061835,-0.6389475823927615,0.3610524176072385,-1.024962727446109,0.7822967823594809,0.060708840573376034,-0.737906155974794,-0.8880701961840755,475278,Linear,22
-1.7713274867273867,-0.8298929759406952,0.39058171745152354,0.02826607040070156,-0.02263715844813057,-0.002755287900525776,-0.9946589320898056,-0.6301504331464469,0.36984956685355314,-1.0008895294740796,0.7704379572533071,0.060687909909150364,-0.7207175122118356,-0.8673836602131922,769664,Linear,22
-1.8193808742798865,-0.837873903696401,0.39058171745152354,0.02826607040070156,-0.022770003176463598,-0.0028362459067121093,-1.023884772323072,-0.640803171639015,0.35919682836098504,-1.030115369707346,0.7892655045725405,0.06071264586249231,-0.7415919256605196,-0.8925060206874875,49587,Linear,22
-1.8263872363604605,-0.8390058477942051,0.39058171745152354,0.02826607040070156,-0.022801850276829846,-0.0028556541119214573,-1.030891134403646,-0.6433110389045771,0.356688961095423,-1.03712173178792,0.7892655045725405,0.060748177638482254,-0.7462298529044681,-0.8980877669896034,979213,Linear,22
-1.8623192594386637,-0.8446879964940486,0.3878116343490305,0.028418194316327573,-0.02294645534524888,-0.0030266466122275387,-1.0926194270141423,-0.6646630484083867,0.33533695159161325,-1.0988500243984163,0.7634692350402474,0.06077270470429575,-0.7905938313649727,-0.951479823331619,354181,Linear,22
-1.8623192594386637,-0.8446879964940486,0.3878116343490305,0.028418194316327573,-0.02294645534524888,-0.0030266466122275387,-1.0926194270141423,-0.6646630484083867,0.33533695159161325,-1.0988500243984163,0.7634692350402474,0.06077270470429575,-0.7905938313649727,-0.951479823331619,269912,Linear,22
-1.80725950980559,-0.8358967555336164,0.3878116343490305,0.028418194316327573,-0.02266764448433103,-0.002855961846956502,-1.0310022267512977,-0.6433506621176879,0.35664933788231207,-1.0372328241355717,0.7700266856700182,0.06071069105516091,-0.7467710878866642,-0.898739143391506,115225,Linear,22
-1.7592061222530901,-0.8278184993588017,0.39335180055401664,0.028152375288543776,-0.022722652645517975,-0.002710868804418891,-0.97862363839522,-0.6241719817098625,0.3758280182901374,-0.984854235779494,0.7743518864735961,0.06069292763470459,-0.7090399135052655,-0.853329667994354,736342,Linear,22
-1.7592061222530901,-0.8278184993588017,0.39335180055401664,0.028152375288543776,-0.022722652645517975,-0.002710868804418891,-0.97862363839522,-0.6241719817098625,0.3758280182901374,-0.984854235779494,0.7743518864735961,0.06069292763470459,-0.7090399135052655,-0.853329667994354,358468,Linear,22
-1.8623192594386637,-0.8446879964940486,0.3850415512465374,0.02853271249922917,-0.022766191952836676,-0.0030139822053653394,-1.088047576136887,-0.6631264279487912,0.33687357205120877,-1.094278173521161,0.7680410859175026,0.060765457518889045,-0.787379642675303,-0.9476115466448135,396280,Linear,22
-1.8263872363604605,-0.8390058477942051,0.3878116343490305,0.028418194316327573,-0.022783867005528504,-0.0029271119222602174,-1.056687403935939,-0.6523946185350786,0.3476053814649213,-1.062918001320213,0.7634692350402474,0.06074808203771087,-0.764904169433224,-0.9205623104108975,935943,Linear,22
-1.8263872363604605,-0.8390058477942051,0.39058171745152354,0.02826607040070156,-0.02285762344360013,-0.0028896432994268938,-1.0431612310931087,-0.6476609057275512,0.3523390942724488,-1.0493918284773827,0.7769954078830779,0.06075000802516627,-0.7550890407916244,-0.9087498012622205,547730,Linear,22
-1.838508600834757,-0.8409455370019828,0.3878116343490305,0.028418194316327573,-0.02283871480857962,-0.002960689109169627,-1.0688087684102356,-0.656582636532969,0.34341736346703094,-1.0750393657945096,0.7634692350402474,0.06074980953212544,-0.7736564594262164,-0.9310956930479739,165255,Linear,22
-1.7834488512016833,-0.8319424588207518,0.3878116343490305,0.02842401438725314,-0.02250438314816194,-0.00275375806517548,-0.9941066615283489,-0.6299461197055498,0.3700538802944502,-1.000337258912623,0.7831115922890604,0.06068604569566581,-0.7203394712349562,-0.8669286878270906,502122,Linear,22
-1.9450582177378237,-0.8570211008122786,0.3850415512465374,0.028114601514107888,-0.022812884902950744,-0.0032036865318395263,-1.1565308379940689,-0.6854243961695508,0.3145756038304493,-1.1627614353783429,0.7822967823594809,0.06064844340433217,-0.838553212521422,-1.0091989474880105,90938,Linear,22
-1.80725950980559,-0.8358967555336164,0.3878116343490305,0.028418194316327573,-0.02266764448433103,-0.002855961846956502,-1.0310022267512977,-0.6433506621176879,0.35664933788231207,-1.0372328241355717,0.7700266856700182,0.06071069105516091,-0.7467710878866642,-0.898739143391506,27145,Linear,22
-1.8501978949643672,-0.8427939470511066,0.39058171745152354,0.02830261396283799,-0.02303296682763506,-0.0029822275161206554,-1.0765841333195567,-0.6592424778314405,0.3407575221685594,-1.0828147307038307,0.7673831642605364,0.060777914301061664,-0.7789242969001945,-0.9374355364292796,591094,Linear,22
-1.8263872363604605,-0.8390058477942051,0.39058171745152354,0.02826607040070156,-0.022887430037371814,-0.002907807982611853,-1.0497186817228794,-0.6499637931558346,0.35003620684416537,-1.0559492791071534,0.7704379572533071,0.06075012196327486,-0.7598342061242507,-0.914460608624038,869122,Linear,22
-1.9450582177378237,-0.8570211008122786,0.3878116343490305,0.0279635595191004,-0.02291611062649351,-0.00318438259219116,-1.1495621157810092,-0.6832245500156751,0.3167754499843249,-1.1557927131652832,0.7892655045725405,0.06065057495424873,-0.8334711838669048,-1.0030827250555414,586873,Linear,22
-3.0130685959011316,-0.9508593456479943,0.37222222222222223,0.024906948189695934,-0.025496653040079812,-0.00673531258232995,-2.424712529638782,-0.9114964424648406,0.08850355753515941,-2.430943127023056,0.5821254688780755,0.06128118194467695,-1.7447407046962666,-2.09979576313886,627832,Linear,25
-3.025995060801506,-0.9514904726828478,0.36944444444444446,0.025042185432074548,-0.025380092223753356,-0.006751861867572489,-2.430670272326097,-0.9120221562986689,0.08797784370133109,-2.436900869710371,0.5890941910911351,0.06127798332596029,-1.749118990411258,-2.1050650308125065,820417,Linear,25
-3.217655891086906,-0.9599511728718723,0.36666666666666664,0.023949823368721725,-0.02516191093692262,-0.0071542750248530275,-2.5755390089470893,-0.9238872137327109,0.07611278626728914,-2.5817696063313633,0.6358862847555429,0.06055241280608149,-1.875575057992124,-2.2572549317042427,620351,Linear,25
-3.2235906715504825,-0.960188149969617,0.3638888888888889,0.02410311586550572,-0.0252822819552242,-0.007311484414903032,-2.632134389365092,-0.9280752172002663,0.0719247827997337,-2.638364986749366,0.5852256848011166,0.060584399962207554,-1.9157772781730944,-2.3056383111815237,737923,Linear,25
-3.216670276597142,-0.9599116807087296,0.36666666666666664,0.023972943737383255,-0.025218505246907864,-0.007181640619334455,-2.5853906229604036,-0.9246333660872335,0.07536663391276655,-2.5916212203446776,0.6250490562524647,0.06055184880683704,-1.8827667982339222,-2.2659101924250344,155556,Linear,25
-3.451936120633036,-0.9683157675416532,0.36666666666666664,0.023972943737383255,-0.02642503689378173,-0.007945777329021235,-2.8604798384476453,-0.9427587128956904,0.05724128710430963,-2.8667104358319193,0.5852256848011166,0.061704178802237296,-2.0441938805858952,-2.460187716108732,581261,Linear,25
-3.0130685959011316,-0.9508593456479943,0.37222222222222223,0.024906948189695934,-0.025496653040079812,-0.00673531258232995,-2.424712529638782,-0.9114964424648406,0.08850355753515941,-2.430943127023056,0.5821254688780755,0.06128118194467695,-1.7447407046962666,-2.09979576313886,682245,Linear,25
-3.047436298802495,-0.9525195057098226,0.36944444444444446,0.02506513196337772,-0.025505033338089608,-0.006822166712825289,-2.4559800166171044,-0.9142209106977248,0.08577908930227518,-2.4622106140013784,0.5852256848011166,0.06129694591759086,-1.7667852374594903,-2.126326362426192,370312,Linear,25
-3.053442368749529,-0.9528038222125722,0.37222222222222223,0.024906948189695934,-0.02567529805268334,-0.006847461951353275,-2.4650863024871796,-0.9149984937862605,0.0850015062137395,-2.4713168998714536,0.5821254688780755,0.061296380644419335,-1.7733524796858207,-2.1342300396690264,407259,Linear,25
-3.047436298802495,-0.9525195057098226,0.37222222222222223,0.024906948189695934,-0.02564872252194425,-0.006830778423722624,-2.4590802325401455,-0.9144864325959668,0.08551356740403311,-2.4653108299244195,0.5821254688780755,0.061297427641913926,-1.7690015713936633,-2.1289937207288614,190027,Linear,25
-3.2235906715504825,-0.960188149969617,0.3638888888888889,0.02410311586550572,-0.0252822819552242,-0.007311484414903032,-2.632134389365092,-0.9280752172002663,0.0719247827997337,-2.638364986749366,0.5852256848011166,0.060584399962207554,-1.9157772781730944,-2.3056383111815237,617148,Linear,25
-3.0071338154375553,-0.9505668395313298,0.37222222222222223,0.024906948189695934,-0.025232513233261034,-0.006569491481382606,-2.3650169332977384,-0.906052290489527,0.09394770951047302,-2.3712475306820124,0.6358862847555429,0.06124755794136867,-1.7027200382292282,-2.0492238832175294,153340,Linear,25
-3.047436298802495,-0.9525195057098226,0.37222222222222223,0.024906948189695934,-0.02560056919701793,-0.006800548836407768,-2.448197581106797,-0.9135507360541213,0.0864492639458787,-2.454428178491071,0.5930081203114241,0.06129934672278983,-1.7611177242639715,-2.119505509239554,296164,Linear,25
-3.451936120633036,-0.9683157675416532,0.36666666666666664,0.023972943737383255,-0.02642503689378173,-0.007945777329021235,-2.8604798384476453,-0.9427587128956904,0.05724128710430963,-2.8667104358319193,0.5852256848011166,0.061704178802237296,-2.0441938805858952,-2.460187716108732,279478,Linear,25
-3.2235906715504825,-0.960188149969617,0.3638888888888889,0.02410311586550572,-0.0252822819552242,-0.007311484414903032,-2.632134389365092,-0.9280752172002663,0.0719247827997337,-2.638364986749366,0.5852256848011166,0.060584399962207554,-1.9157772781730944,-2.3056383111815237,455928,Linear,25
-3.047436298802495,-0.9525195057098226,0.36944444444444446,0.02506513196337772,-0.025505033338089608,-0.006822166712825289,-2.4559800166171044,-0.9142209106977248,0.08577908930227518,-2.4622106140013784,0.5852256848011166,0.06129694591759086,-1.7667852374594903,-2.126326362426192,890739,Linear,25
-3.2226763465441763,-0.9601517323533554,0.36944444444444446,0.023821782553568482,-0.02553149179600606,-0.0072981987724132415,-2.627351558068767,-0.9277303891282048,0.07226961087179518,-2.633582155453041,0.5890941910911351,0.06058828046526255,-1.9121736569097378,-2.301301352319736,919834,Linear,25
-3.188308643642813,-0.9587584338321627,0.36944444444444446,0.023821782553568482,-0.025410791440550976,-0.00722209049272351,-2.5999525773804635,-0.9257228994545064,0.07427710054549358,-2.6061831747647375,0.5821254688780755,0.06057138858180658,-1.8927605099173481,-2.277937626297818,358060,Linear,25
-3.0190746658481658,-0.9511536033046818,0.37222222222222223,0.024906948189695934,-0.025492393516778813,-0.006732638548257655,-2.4237498773727566,-0.9114112032933699,0.08858879670663015,-2.4299804747570306,0.5890941910911351,0.061281192734262406,-1.7440477057833912,-2.098961738818112,357774,Linear,25
-3.216670276597142,-0.9599116807087296,0.36944444444444446,0.023821782553568482,-0.025329599983678383,-0.007170894768528847,-2.581522116670385,-0.9243412451182889,0.07565875488171112,-2.587752714054659,0.6289175625424832,0.06055347008988835,-1.8798992897197704,-2.262459145394049,724450,Linear,25
-3.188308643642813,-0.9587584338321627,0.36944444444444446,0.023821782553568482,-0.02517395965254451,-0.007072754893063875,-2.546191761502996,-0.9216204134763234,0.07837958652367664,-2.55242235888727,0.6358862847555429,0.06053758858140855,-1.8546576733228892,-2.2320808553580096,474154,Linear,25
-3.047436298802495,-0.9525195057098226,0.37222222222222223,0.024906948189695934,-0.025617887467904166,-0.006811420862019682,-2.452111510327086,-0.9138884310660729,0.08611156893392713,-2.45834210771136,0.5890941910911351,0.06129848430099232,-1.7639580372733172,-2.1229238264754384,309648,Linear,25
-3.025995060801506,-0.9514904726828478,0.36944444444444446,0.025042185432074548,-0.025380092223753356,-0.006751861867572489,-2.430670272326097,-0.9120221562986689,0.08797784370133109,-2.436900869710371,0.5890941910911351,0.06127798332596029,-1.749118990411258,-2.1050650308125065,836489,Linear,25
-3.2167415660806,-0.9599145384824388,0.36666666666666664,0.023972943737383255,-0.025188253348971016,-0.007162481083974451,-2.5784931902308017,-0.9241117329029026,0.07588826709709735,-2.5847237876150757,0.6320177784655243,0.06055302704347169,-1.8777073230175148,-2.2598211130595316,882319,Linear,25
-3.0130685959011316,-0.9508593456479943,0.37222222222222223,0.024906948189695934,-0.025289608377847918,-0.006605334544373261,-2.3779204359743744,-0.9072567573778306,0.09274324262216936,-2.3841510333586484,0.6289175625424832,0.06124559735897792,-1.7120648619064196,-2.0604703802539253,220757,Linear,25
-3.216670276597142,-0.9599116807087296,0.36944444444444446,0.023821782553568482,-0.025505033338089608,-0.007281515244782591,-2.621345488121733,-0.9272950266903675,0.0727049733096326,-2.627576085506007,0.5890941910911351,0.06058946415674382,-1.907765197155262,-2.2959957701839495,79504,Linear,25
-3.053442368749529,-0.9528038222125722,0.37222222222222223,0.024906948189695934,-0.02567529805268334,-0.006847461951353275,-2.4650863024871796,-0.9149984937862605,0.0850015062137395,-2.4713168998714536,0.5821254688780755,0.061296380644419335,-1.7733524796858207,-2.1342300396690264,111548,Linear,25
-3.2235906715504825,-0.960188149969617,0.3638888888888889,0.02410311586550572,-0.025077949668480058,-0.007181506376946343,-2.585342295700684,-0.9246297237363305,0.07537027626366953,-2.591572893084958,0.6320177784655243,0.060549646164808846,-1.8828000937122726,-2.2659502635394317,257743,Linear,25
-3.2235906715504825,-0.960188149969617,0.3638888888888889,0.02410311586550572,-0.0252822819552242,-0.007311484414903032,-2.632134389365092,-0.9280752172002663,0.0719247827997337,-2.638364986749366,0.5852256848011166,0.060584399962207554,-1.9157772781730944,-2.3056383111815237,60618,Linear,25
-3.216670276597142,-0.9599116807087296,0.36944444444444446,0.023821782553568482,-0.025298900766880763,-0.007151537206825901,-2.5745533944573253,-0.9238121588862134,0.07618784111378668,-2.5807839918415993,0.6358862847555429,0.06055464875907772,-1.8747880794123537,-2.256307802836879,874503,Linear,25
-3.053442368749529,-0.9528038222125722,0.37222222222222223,0.024906948189695934,-0.02567529805268334,-0.006847461951353275,-2.4650863024871796,-0.9149984937862605,0.0850015062137395,-2.4713168998714536,0.5821254688780755,0.061296380644419335,-1.7733524796858207,-2.1342300396690264,832765,Linear,25
-3.2226763465441763,-0.9601517323533554,0.36944444444444446,0.023821782553568482,-0.02553149179600606,-0.0072981987724132415,-2.627351558068767,-0.9277303891282048,0.07226961087179518,-2.633582155453041,0.5890941910911351,0.06058828046526255,-1.9121736569097378,-2.301301352319736,475278,Linear,25
-3.2226763465441763,-0.9601517323533554,0.36944444444444446,0.023821782553568482,-0.02553149179600606,-0.0072981987724132415,-2.627351558068767,-0.9277303891282048,0.07226961087179518,-2.633582155453041,0.5890941910911351,0.06058828046526255,-1.9121736569097378,-2.301301352319736,769664,Linear,25
-3.216670276597142,-0.9599116807087296,0.36666666666666664,0.023972943737383255,-0.0253931691567822,-0.007292261095588198,-2.6252139944117516,-0.9275757430104219,0.0724242569895781,-2.6314445917960256,0.5852256848011166,0.06058782416258055,-1.9106323378610701,-2.299446374557524,49587,Linear,25
-3.0190746658481658,-0.9511536033046818,0.37222222222222223,0.024906948189695934,-0.0255232285708189,-0.006751996109960601,-2.4307185995858163,-0.9120264079240354,0.08797359207596452,-2.4369491969700903,0.5821254688780755,0.06128016073260167,-1.7490916159487873,-2.105032085641823,979213,Linear,25
-3.189294258132577,-0.9587990620921685,0.36666666666666664,0.023949823368721725,-0.025242746290914192,-0.0072054707490476905,-2.593969469657168,-0.9252771594349923,0.0747228405650077,-2.600200067041442,0.5890941910911351,0.06057034569737158,-1.888437332985975,-2.2727346820555234,354181,Linear,25
-3.2167415660806,-0.9599145384824388,0.36944444444444446,0.023821782553568482,-0.025299214817468683,-0.0071517352331688395,-2.574624683940783,-0.9238175900844561,0.07618240991554387,-2.580855281325057,0.6358862847555429,0.06055464488551107,-1.8748401122970524,-2.256370424423307,269912,Linear,25
-3.1823738631792367,-0.9585129464546748,0.36666666666666664,0.023972943737383255,-0.025037517809929948,-0.0070670152425817735,-2.5441254873294383,-0.9214582923252628,0.07854170767473717,-2.5503560847137123,0.6320177784655243,0.060537106125988754,-1.8531673586571316,-2.230287261380132,115225,Linear,25
-3.0603627637028694,-0.9531293108491697,0.36944444444444446,0.025042185432074548,-0.02553149179600606,-0.006847327708965166,-2.4650379752274603,-0.91499438579713,0.08500561420286996,-2.4712685726117343,0.5890941910911351,0.06129420402363699,-1.7733806860071721,-2.1342639859820274,736342,Linear,25
-3.0603627637028694,-0.9531293108491697,0.36944444444444446,0.025042185432074548,-0.02553149179600606,-0.006847327708965166,-2.4650379752274603,-0.91499438579713,0.08500561420286996,-2.4712685726117343,0.5890941910911351,0.06129420402363699,-1.7733806860071721,-2.1342639859820274,358468,Linear,25
-3.0190746658481658,-0.9511536033046818,0.37222222222222223,0.024906948189695934,-0.0255232285708189,-0.006751996109960601,-2.4307185995858163,-0.9120264079240354,0.08797359207596452,-2.4369491969700903,0.5821254688780755,0.06128016073260167,-1.7490916159487873,-2.105032085641823,396280,Linear,25
-3.2226763465441763,-0.9601517323533554,0.36944444444444446,0.023821782553568482,-0.02553149179600606,-0.0072981987724132415,-2.627351558068767,-0.9277303891282048,0.07226961087179518,-2.633582155453041,0.5890941910911351,0.06058828046526255,-1.9121736569097378,-2.301301352319736,935943,Linear,25
-3.047436298802495,-0.9525195057098226,0.37222222222222223,0.024906948189695934,-0.025617887467904166,-0.006811420862019682,-2.452111510327086,-0.9138884310660729,0.08611156893392713,-2.45834210771136,0.5890941910911351,0.06129848430099232,-1.7639580372733172,-2.1229238264754384,547730,Linear,25
-3.2235906715504825,-0.960188149969617,0.3638888888888889,0.02410311586550572,-0.0252822819552242,-0.007311484414903032,-2.632134389365092,-0.9280752172002663,0.0719247827997337,-2.638364986749366,0.5852256848011166,0.060584399962207554,-1.9157772781730944,-2.3056383111815237,165255,Linear,25
-3.2226763465441763,-0.9601517323533554,0.36944444444444446,0.023821782553568482,-0.02553149179600606,-0.0072981987724132415,-2.627351558068767,-0.9277303891282048,0.07226961087179518,-2.633582155453041,0.5890941910911351,0.06058828046526255,-1.9121736569097378,-2.301301352319736,502122,Linear,25
-3.188308643642813,-0.9587584338321627,0.36944444444444446,0.023821782553568482,-0.02520465886934213,-0.007092112454766821,-2.5531604837160558,-0.9221647202777659,0.07783527972223417,-2.5593910811003298,0.6289175625424832,0.06053643484222229,-1.8597691662208238,-2.2382325380129204,90938,Linear,25
-3.0190746658481658,-0.9511536033046818,0.37222222222222223,0.024906948189695934,-0.02547507524589258,-0.006721766522645745,-2.4198359481524676,-0.9110637935883443,0.08893620641165569,-2.4260665455367416,0.5930081203114241,0.061282041383730314,-1.7412072628522004,-2.095543265221263,27145,Linear,25
-2.8579193595796824,-0.9426119599910058,0.375,0.025871705879560777,-0.02556160415833195,-0.006274112894122179,-2.258680641883984,-0.8955117487245593,0.10448825127544073,-2.264911239268258,0.5930081203114241,0.06187303861111202,-1.6097230187505092,-1.9373019529499877,591094,Linear,25
-3.2226763465441763,-0.9601517323533554,0.36944444444444446,0.023821782553568482,-0.025356058441594834,-0.007187578296159498,-2.587528186617419,-0.9247942950056572,0.07520570499434279,-2.593758784001693,0.6289175625424832,0.060552316258125724,-1.8843088960671914,-2.2677661074546593,869122,Linear,25
-3.216670276597142,-0.9599116807087296,0.36666666666666664,0.023972943737383255,-0.0253931691567822,-0.007292261095588198,-2.6252139944117516,-0.9275757430104219,0.0724242569895781,-2.6314445917960256,0.5852256848011166,0.06058782416258055,-1.9106323378610701,-2.299446374557524,586873,Linear,25
-2.45804754877463,-0.9143980785101143,0.375,0.027329839431439285,-0.02452924174360103,-0.005082086302960913,-1.8295510690659285,-0.8395144014447953,0.16048559855520475,-1.8357816664502025,0.6222658823244274,0.06249265960783794,-1.290961522525678,-1.5536724328596514,627832,Linear,28
-2.45804754877463,-0.9143980785101143,0.37222222222222223,0.027482148718589276,-0.02450832733431155,-0.005156316803509576,-1.8562740492634475,-0.8437462591580048,0.15625374084199517,-1.8625046466477215,0.5955429021269083,0.06249423414334746,-1.30978469903551,-1.5763261292959023,820417,Linear,28
-2.45804754877463,-0.9143980785101143,0.375,0.027329839431439285,-0.024617253233575158,-0.005137093484194742,-1.8493536543101072,-0.8426611712706418,0.15733882872935825,-1.8555842516943812,0.6024632970802486,0.062496888957638226,-1.3048462457146186,-1.5703826998041992,620351,Linear,28
-2.45804754877463,-0.9143980785101143,0.375,0.027329839431439285,-0.024617253233575158,-0.005137093484194742,-1.8493536543101072,-0.8426611712706418,0.15733882872935825,-1.8555842516943812,0.6024632970802486,0.062496888957638226,-1.3048462457146186,-1.5703826998041992,737923,Linear,28
-2.45804754877463,-0.9143980785101143,0.375,0.027329839431439285,-0.024617253233575158,-0.005137093484194742,-1.8493536543101072,-0.8426611712706418,0.15733882872935825,-1.8555842516943812,0.6024632970802486,0.062496888957638226,-1.3048462457146186,-1.5703826998041992,155556,Linear,28
-2.4651147671975195,-0.9150009132950778,0.375,0.027277489665343806,-0.024617253233575158,-0.005156724646480548,-1.856420872732997,-0.8437691991902565,0.15623080080974344,-1.862651470117271,0.6024632970802486,0.062443050720362984,-1.3109619888999895,-1.5777429978671271,581261,Linear,28
-2.45804754877463,-0.9143980785101143,0.375,0.027329839431439285,-0.02455676142126322,-0.005099286101499779,-1.8357429965399206,-0.840505046465503,0.15949495353449705,-1.8419735939241946,0.6160739548504353,0.062492109070477864,-1.2953420605460118,-1.5589444111831965,682245,Linear,28
-2.45804754877463,-0.9143980785101143,0.375,0.027329839431439285,-0.024617253233575158,-0.005137093484194742,-1.8493536543101072,-0.8426611712706418,0.15733882872935825,-1.8555842516943812,0.6024632970802486,0.062496888957638226,-1.3048462457146186,-1.5703826998041992,370312,Linear,28
-2.45804754877463,-0.9143980785101143,0.375,0.027329839431439285,-0.024617253233575158,-0.005137093484194742,-1.8493536543101072,-0.8426611712706418,0.15733882872935825,-1.8555842516943812,0.6024632970802486,0.062496888957638226,-1.3048462457146186,-1.5703826998041992,407259,Linear,28
-2.45804754877463,-0.9143980785101143,0.375,0.027329839431439285,-0.02452924174360103,-0.005082086302960913,-1.8295510690659285,-0.8395144014447953,0.16048559855520475,-1.8357816664502025,0.6222658823244274,0.06249265960783794,-1.290961522525678,-1.5536724328596514,190027,Linear,28
-2.45804754877463,-0.9143980785101143,0.375,0.027329839431439285,-0.024617253233575158,-0.005137093484194742,-1.8493536543101072,-0.8426611712706418,0.15733882872935825,-1.8555842516943812,0.6024632970802486,0.062496888957638226,-1.3048462457146186,-1.5703826998041992,617148,Linear,28
-2.45804754877463,-0.9143980785101143,0.37777777777777777,0.027472944241975817,-0.024727151685510762,-0.005007115446238055,-1.8025615606456995,-0.8351239930560093,0.16487600694399068,-1.8087921580299735,0.6492553907446563,0.0625562324025564,-1.2706246921604627,-1.5291970537264599,153340,Linear,28
-2.45804754877463,-0.9143980785101143,0.375,0.027329839431439285,-0.02464460395483507,-0.005154187684982187,-1.8555075665935874,-0.8436264474626203,0.15637355253737972,-1.8617381639778614,0.5963093847967684,0.062496321550658394,-1.3092001404237135,-1.5756226128977049,296164,Linear,28
-2.4651147671975195,-0.9150009132950778,0.375,0.027277489665343806,-0.024617253233575158,-0.005156724646480548,-1.856420872732997,-0.8437691991902565,0.15623080080974344,-1.862651470117271,0.6024632970802486,0.062443050720362984,-1.3109619888999895,-1.5777429978671271,279478,Linear,28
-2.45804754877463,-0.9143980785101143,0.375,0.027329839431439285,-0.024617253233575158,-0.005137093484194742,-1.8493536543101072,-0.8426611712706418,0.15733882872935825,-1.8555842516943812,0.6024632970802486,0.062496888957638226,-1.3048462457146186,-1.5703826998041992,455928,Linear,28
-2.45804754877463,-0.9143980785101143,0.375,0.027329839431439285,-0.024617253233575158,-0.005137093484194742,-1.8493536543101072,-0.8426611712706418,0.15733882872935825,-1.8555842516943812,0.6024632970802486,0.062496888957638226,-1.3048462457146186,-1.5703826998041992,890739,Linear,28
-2.2958807894028723,-0.899327317225739,0.37777777777777777,0.02832128737217692,-0.024727151685510762,-0.004686630263717639,-1.6871868949383497,-0.8149606724118218,0.18503932758817823,-1.6934174923226237,0.6024632970802486,0.06311538897272258,-1.1787608410428896,-1.4186388917926616,919834,Linear,28
-2.627281526569277,-0.9277253278017639,0.37222222222222223,0.026270853324251164,-0.02450832733431155,-0.005607187866957651,-2.0185876321047544,-0.8671570442281203,0.13284295577187966,-2.0248182294890285,0.6024632970802486,0.061814388998753474,-1.4399778003811863,-1.7330135510197802,358060,Linear,28
-2.45804754877463,-0.9143980785101143,0.375,0.027329839431439285,-0.02455676142126322,-0.005099286101499779,-1.8357429965399206,-0.840505046465503,0.15949495353449705,-1.8419735939241946,0.6160739548504353,0.062492109070477864,-1.2953420605460118,-1.5589444111831965,357774,Linear,28
-2.4651147671975195,-0.9150009132950778,0.375,0.027277489665343806,-0.024617253233575158,-0.005156724646480548,-1.856420872732997,-0.8437691991902565,0.15623080080974344,-1.862651470117271,0.6024632970802486,0.062443050720362984,-1.3109619888999895,-1.5777429978671271,724450,Linear,28
-2.482439009938389,-0.9164607760851071,0.375,0.027495770042555198,-0.024617253233575158,-0.005074869505026275,-1.8269530218094587,-0.8390969101795815,0.1609030898204185,-1.8331836191937327,0.6492553907446563,0.06253750866748313,-1.288203793131245,-1.550353505019699,474154,Linear,28
-2.45804754877463,-0.9143980785101143,0.375,0.027329839431439285,-0.02452924174360103,-0.005082086302960913,-1.8295510690659285,-0.8395144014447953,0.16048559855520475,-1.8357816664502025,0.6222658823244274,0.06249265960783794,-1.290961522525678,-1.5536724328596514,309648,Linear,28
-2.45804754877463,-0.9143980785101143,0.375,0.027329839431439285,-0.024617253233575158,-0.005137093484194742,-1.8493536543101072,-0.8426611712706418,0.15733882872935825,-1.8555842516943812,0.6024632970802486,0.062496888957638226,-1.3048462457146186,-1.5703826998041992,836489,Linear,28
-2.45804754877463,-0.9143980785101143,0.375,0.027329839431439285,-0.024617253233575158,-0.005137093484194742,-1.8493536543101072,-0.8426611712706418,0.15733882872935825,-1.8555842516943812,0.6024632970802486,0.062496888957638226,-1.3048462457146186,-1.5703826998041992,882319,Linear,28
-2.482439009938389,-0.9164607760851071,0.37222222222222223,0.027351767627466748,-0.02450832733431155,-0.005204847542982961,-1.8737451154738665,-0.8464524695829183,0.15354753041708166,-1.8799757128581405,0.6024632970802486,0.06247800609154786,-1.3224556677331043,-1.5915756424839984,220757,Linear,28
-2.45804754877463,-0.9143980785101143,0.375,0.027329839431439285,-0.024617253233575158,-0.005137093484194742,-1.8493536543101072,-0.8426611712706418,0.15733882872935825,-1.8555842516943812,0.6024632970802486,0.062496888957638226,-1.3048462457146186,-1.5703826998041992,79504,Linear,28
-2.45804754877463,-0.9143980785101143,0.375,0.027329839431439285,-0.02452924174360103,-0.005082086302960913,-1.8295510690659285,-0.8395144014447953,0.16048559855520475,-1.8357816664502025,0.6222658823244274,0.06249265960783794,-1.290961522525678,-1.5536724328596514,111548,Linear,28
-2.45804754877463,-0.9143980785101143,0.375,0.027329839431439285,-0.024617253233575158,-0.005137093484194742,-1.8493536543101072,-0.8426611712706418,0.15733882872935825,-1.8555842516943812,0.6024632970802486,0.062496888957638226,-1.3048462457146186,-1.5703826998041992,257743,Linear,28
-2.45804754877463,-0.9143980785101143,0.375,0.027329839431439285,-0.024617253233575158,-0.005137093484194742,-1.8493536543101072,-0.8426611712706418,0.15733882872935825,-1.8555842516943812,0.6024632970802486,0.062496888957638226,-1.3048462457146186,-1.5703826998041992,60618,Linear,28
-2.6516729877330363,-0.9294668867350444,0.36944444444444446,0.026284984092375164,-0.024400361134600927,-0.00567494192574587,-2.0429790932685137,-0.87035808034923,0.12964191965077,-2.0492096906527877,0.6024632970802486,0.06179478071839608,-1.4578401152045313,-1.75451085023734,874503,Linear,28
-2.45804754877463,-0.9143980785101143,0.375,0.027329839431439285,-0.024617253233575158,-0.005137093484194742,-1.8493536543101072,-0.8426611712706418,0.15733882872935825,-1.8555842516943812,0.6024632970802486,0.062496888957638226,-1.3048462457146186,-1.5703826998041992,832765,Linear,28
-2.45804754877463,-0.9143980785101143,0.375,0.027329839431439285,-0.024644772911237345,-0.005154293282733608,-1.8555455817840993,-0.8436323919200205,0.15636760807997954,-1.8617761791683733,0.5962713696062565,0.062496323276678215,-1.309226926841577,-1.5756548503565937,475278,Linear,28
-2.45804754877463,-0.9143980785101143,0.375,0.027329839431439285,-0.024617253233575158,-0.005137093484194742,-1.8493536543101072,-0.8426611712706418,0.15733882872935825,-1.8555842516943812,0.6024632970802486,0.062496888957638226,-1.3048462457146186,-1.5703826998041992,769664,Linear,28
-2.45804754877463,-0.9143980785101143,0.375,0.027329839431439285,-0.024617253233575158,-0.005137093484194742,-1.8493536543101072,-0.8426611712706418,0.15733882872935825,-1.8555842516943812,0.6024632970802486,0.062496888957638226,-1.3048462457146186,-1.5703826998041992,49587,Linear,28
-2.45804754877463,-0.9143980785101143,0.375,0.027329839431439285,-0.02455676142126322,-0.005099286101499779,-1.8357429965399206,-0.840505046465503,0.15949495353449705,-1.8419735939241946,0.6160739548504353,0.062492109070477864,-1.2953420605460118,-1.5589444111831965,979213,Linear,28
-2.45804754877463,-0.9143980785101143,0.375,0.027329839431439285,-0.024617253233575158,-0.005137093484194742,-1.8493536543101072,-0.8426611712706418,0.15733882872935825,-1.8555842516943812,0.6024632970802486,0.062496888957638226,-1.3048462457146186,-1.5703826998041992,354181,Linear,28
-2.45804754877463,-0.9143980785101143,0.375,0.027329839431439285,-0.024617253233575158,-0.005137093484194742,-1.8493536543101072,-0.8426611712706418,0.15733882872935825,-1.8555842516943812,0.6024632970802486,0.062496888957638226,-1.3048462457146186,-1.5703826998041992,269912,Linear,28
-2.2958807894028723,-0.899327317225739,0.37777777777777777,0.02832128737217692,-0.0247547942188768,-0.004703830062256506,-1.6933788224123418,-0.8161028826173516,0.18389711738264833,-1.6996094197966158,0.5962713696062565,0.0631149519354544,-1.183095051736785,-1.4238551151702077,115225,Linear,28
-2.45804754877463,-0.9143980785101143,0.37222222222222223,0.027482148718589276,-0.02450832733431155,-0.005156316803509576,-1.8562740492634475,-0.8437462591580048,0.15625374084199517,-1.8625046466477215,0.5955429021269083,0.06249423414334746,-1.30978469903551,-1.5763261292959023,736342,Linear,28
-2.45804754877463,-0.9143980785101143,0.37222222222222223,0.027482148718589276,-0.02450832733431155,-0.005156316803509576,-1.8562740492634475,-0.8437462591580048,0.15625374084199517,-1.8625046466477215,0.5955429021269083,0.06249423414334746,-1.30978469903551,-1.5763261292959023,358468,Linear,28
-2.45804754877463,-0.9143980785101143,0.375,0.027329839431439285,-0.02452924174360103,-0.005082086302960913,-1.8295510690659285,-0.8395144014447953,0.16048559855520475,-1.8357816664502025,0.6222658823244274,0.06249265960783794,-1.290961522525678,-1.5536724328596514,396280,Linear,28
-2.4651147671975195,-0.9150009132950778,0.375,0.027277489665343806,-0.024617253233575158,-0.005156724646480548,-1.856420872732997,-0.8437691991902565,0.15623080080974344,-1.862651470117271,0.6024632970802486,0.062443050720362984,-1.3109619888999895,-1.5777429978671271,935943,Linear,28
-2.45804754877463,-0.9143980785101143,0.375,0.027329839431439285,-0.02452924174360103,-0.005082086302960913,-1.8295510690659285,-0.8395144014447953,0.16048559855520475,-1.8357816664502025,0.6222658823244274,0.06249265960783794,-1.290961522525678,-1.5536724328596514,547730,Linear,28
-2.4651147671975195,-0.9150009132950778,0.375,0.027277489665343806,-0.024617253233575158,-0.005156724646480548,-1.856420872732997,-0.8437691991902565,0.15623080080974344,-1.862651470117271,0.6024632970802486,0.062443050720362984,-1.3109619888999895,-1.5777429978671271,165255,Linear,28
-2.482439009938389,-0.9164607760851071,0.37222222222222223,0.027351767627466748,-0.02450832733431155,-0.005204847542982961,-1.8737451154738665,-0.8464524695829183,0.15354753041708166,-1.8799757128581405,0.6024632970802486,0.06247800609154786,-1.3224556677331043,-1.5915756424839984,502122,Linear,28
-2.6516729877330363,-0.9294668867350444,0.36944444444444446,0.026284984092375164,-0.024427638348142745,-0.005692141724284739,-2.049171020742506,-0.8711583336014421,0.12884166639855782,-2.05540161812678,0.5962713696062565,0.061794058488237553,-1.4622756748684955,-1.7598490471192447,90938,Linear,28
-2.45804754877463,-0.9143980785101143,0.375,0.027329839431439285,-0.024644772911237345,-0.005154293282733608,-1.8555455817840993,-0.8436323919200205,0.15636760807997954,-1.8617761791683733,0.5962713696062565,0.062496323276678215,-1.309226926841577,-1.5756548503565937,27145,Linear,28
-2.45804754877463,-0.9143980785101143,0.375,0.027329839431439285,-0.024644772911237345,-0.005154293282733608,-1.8555455817840993,-0.8436323919200205,0.15636760807997954,-1.8617761791683733,0.5962713696062565,0.062496323276678215,-1.309226926841577,-1.5756548503565937,591094,Linear,28
-2.45804754877463,-0.9143980785101143,0.375,0.027329839431439285,-0.024617253233575158,-0.005137093484194742,-1.8493536543101072,-0.8426611712706418,0.15733882872935825,-1.8555842516943812,0.6024632970802486,0.062496888957638226,-1.3048462457146186,-1.5703826998041992,869122,Linear,28
-2.45804754877463,-0.9143980785101143,0.375,0.027329839431439285,-0.024617253233575158,-0.005137093484194742,-1.8493536543101072,-0.8426611712706418,0.15733882872935825,-1.8555842516943812,0.6024632970802486,0.062496888957638226,-1.3048462457146186,-1.5703826998041992,586873,Linear,28
-2.3275918536819518,-0.9024696681715305,0.3732590529247911,0.02799273406176258,-0.023798192131022612,-0.0044667600702058535,-1.6035668652039021,-0.7988223368788139,0.2011776631211861,-1.6097974625881761,0.7177943910937756,0.062236748067598525,-1.1393207401314125,-1.3711727229981954,627832,Linear,31
-2.31648193532601,-0.9013800726967055,0.37047353760445684,0.02821085468473795,-0.023627433795028623,-0.00442271967856914,-1.5877563646063209,-0.7956163398909966,0.20438366010900338,-1.5939869619905949,0.7224949733354151,0.06216715959273042,-1.129350267701192,-1.3591732575709732,820417,Linear,31
-2.3275918536819518,-0.9024696681715305,0.37047353760445684,0.02821085468473795,-0.023692890395929592,-0.004463926340974764,-1.6025495564099401,-0.7986175729365519,0.2013824270634481,-1.6087801537942141,0.7188116998877376,0.06223914540552078,-1.1385540941006036,-1.3702500643572946,620351,Linear,31
-2.4716311716474593,-0.9155530009550494,0.37047353760445684,0.02815422352186327,-0.02433023251082122,-0.004886130415147022,-1.7541208190377802,-0.8269406741079239,0.17305932589207604,-1.7603514164220542,0.7112797552254051,0.0626682886490486,-1.237705981502407,-1.48957937931689,737923,Linear,31
-2.4716311716474593,-0.9155530009550494,0.37047353760445684,0.02815422352186327,-0.02433023251082122,-0.004886130415147022,-1.7541208190377802,-0.8269406741079239,0.17305932589207604,-1.7603514164220542,0.7112797552254051,0.0626682886490486,-1.237705981502407,-1.48957937931689,155556,Linear,31
-2.31648193532601,-0.9013800726967055,0.37047353760445684,0.028161550544664488,-0.02364373146515109,-0.004451245372378187,-1.597997088683769,-0.7976986959447766,0.20230130405522342,-1.6042276860680431,0.7122542492579669,0.062162537077700024,-1.1367188824792591,-1.3680413868291152,581261,Linear,31
-2.165325198788196,-0.8852873758754087,0.37047353760445684,0.028161550544664488,-0.022974896347727133,-0.004030195966980376,-1.446840352145955,-0.7646873802630936,0.23531261973690637,-1.453070949530229,0.7122542492579669,0.061722501350761794,-1.0365324829811635,-1.2474670363689069,682245,Linear,31
-2.31648193532601,-0.9013800726967055,0.3732590529247911,0.028041670260492212,-0.023732444611895415,-0.004407287528608667,-1.582216222770512,-0.7944808830332805,0.20551911696671957,-1.588446820154786,0.7280351151712239,0.06216894814592532,-1.1253772603343546,-1.3543917424648324,370312,Linear,31
-2.4716311716474593,-0.9155530009550494,0.37047353760445684,0.02821085468473795,-0.02433023251082122,-0.004865150067898184,-1.7465888743754476,-0.8256322796501276,0.17436772034987233,-1.7528194717597216,0.7188116998877376,0.06267304955631928,-1.2322978308978487,-1.4830706690567916,407259,Linear,31
-2.3123914026655257,-0.9009758384600756,0.3732590529247911,0.02918868240337374,-0.024438366877535977,-0.004421585251792514,-1.587349105393514,-0.7955330858106251,0.20446691418937488,-1.593579702777788,0.7188116998877376,0.06326825724044267,-1.1094108313231028,-1.335176142175321,190027,Linear,31
-2.31648193532601,-0.9013800726967055,0.3732590529247911,0.028041670260492212,-0.02375706746449901,-0.004422719678569137,-1.5877563646063209,-0.7956163398909966,0.20438366010900338,-1.5939869619905949,0.7224949733354151,0.062168538683647676,-1.1293252152111444,-1.3591431068945339,617148,Linear,31
-2.4716311716474593,-0.9155530009550494,0.37047353760445684,0.02821085468473795,-0.024354746412749574,-0.004880582217858653,-1.7521290162112564,-0.8265956305381507,0.1734043694618493,-1.7583596135955304,0.7132715580519289,0.06267253033106132,-1.2362168943983074,-1.4877872627096966,153340,Linear,31
-2.31648193532601,-0.9013800726967055,0.3732590529247911,0.028048942604018794,-0.023748814716107316,-0.004414832875168877,-1.5849250021856278,-0.7950368356702621,0.20496316432973796,-1.5911555995699018,0.7253263357561082,0.06216897997111731,-1.1273033470746059,-1.3567097882155454,296164,Linear,31
-2.4716311716474593,-0.9155530009550494,0.37047353760445684,0.028161550544664488,-0.02433023251082122,-0.0048834159470897455,-1.7531463250052184,-0.8267719466289548,0.17322805337104522,-1.7593769223894924,0.7122542492579669,0.06266876262628678,-1.2370090236056706,-1.4887405903583282,279478,Linear,31
-2.3275918536819518,-0.9024696681715305,0.37047353760445684,0.02815422352186327,-0.023692890395929592,-0.004484906688223602,-1.6100815010722727,-0.8001286763158855,0.19987132368411453,-1.6163120984565467,0.7112797552254051,0.06223448694232404,-1.1439908963690897,-1.3767932569002679,455928,Linear,31
-2.4716311716474593,-0.9155530009550494,0.37047353760445684,0.02815422352186327,-0.02433023251082122,-0.004886130415147022,-1.7541208190377802,-0.8269406741079239,0.17305932589207604,-1.7603514164220542,0.7112797552254051,0.0626682886490486,-1.237705981502407,-1.48957937931689,890739,Linear,31
-2.31648193532601,-0.9013800726967055,0.37047353760445684,0.02821085468473795,-0.023627433795028623,-0.00442271967856914,-1.5877563646063209,-0.7956163398909966,0.20438366010900338,-1.5939869619905949,0.7224949733354151,0.06216715959273042,-1.129350267701192,-1.3591732575709732,919834,Linear,31
-2.4716311716474593,-0.9155530009550494,0.37047353760445684,0.028161550544664488,-0.02433023251082122,-0.0048834159470897455,-1.7531463250052184,-0.8267719466289548,0.17322805337104522,-1.7593769223894924,0.7122542492579669,0.06266876262628678,-1.2370090236056706,-1.4887405903583282,358060,Linear,31
-2.320474435109645,-0.9017730277766133,0.3732590529247911,0.028048942604018794,-0.02376655915959014,-0.004425954044482625,-1.588917501969263,-0.7958535196693249,0.2041464803306751,-1.595148099353537,0.7253263357561082,0.062241680407381005,-1.1288230304122275,-1.358538727395483,357774,Linear,31
-2.4716311716474593,-0.9155530009550494,0.37047353760445684,0.0282305236013004,-0.024305581681809463,-0.004842344905615558,-1.7384018211159855,-0.8241988621105872,0.17580113788941273,-1.7446324185002595,0.7269987531471997,0.06267473602869927,-1.2264884890900298,-1.4760791251088288,724450,Linear,31
-2.31648193532601,-0.9013800726967055,0.3732590529247911,0.028048942604018794,-0.023732444611895415,-0.0044045730605513905,-1.5812417287379503,-0.7942805082640676,0.20571949173593246,-1.5874723261222243,0.7290096092037857,0.06216940496426876,-1.124675871322683,-1.35354762065862,474154,Linear,31
-2.3275918536819518,-0.9024696681715305,0.37047353760445684,0.02815422352186327,-0.023692890395929592,-0.004484906688223602,-1.6100815010722727,-0.8001286763158855,0.19987132368411453,-1.6163120984565467,0.7112797552254051,0.06223448694232404,-1.1439908963690897,-1.3767932569002679,309648,Linear,31
-2.3093645167537034,-0.9006756495309554,0.37047353760445684,0.02821085468473795,-0.02359594079249629,-0.004402894000094746,-1.5806389460340142,-0.7941564667312971,0.20584353326870283,-1.5868695434182882,0.7224949733354151,0.06216743273252552,-1.1242828015770174,-1.3530745611464847,836489,Linear,31
-2.4716311716474593,-0.9155530009550494,0.37047353760445684,0.02821085468473795,-0.02433023251082122,-0.004865150067898184,-1.7465888743754476,-0.8256322796501276,0.17436772034987233,-1.7528194717597216,0.7188116998877376,0.06267304955631928,-1.2322978308978487,-1.4830706690567916,882319,Linear,31
-2.1572421663440764,-0.8843563924972776,0.37047353760445684,0.029329528732757484,-0.023627433795028623,-0.004008280546573047,-1.4389727162197232,-0.7628287242151174,0.23717127578488262,-1.4452033136039972,0.7120388527400792,0.06275897434991942,-1.0138706332657537,-1.2201934960146161,220757,Linear,31
-2.4716311716474593,-0.9155530009550494,0.37047353760445684,0.02821085468473795,-0.02433023251082122,-0.004865150067898184,-1.7465888743754476,-0.8256322796501276,0.17436772034987233,-1.7528194717597216,0.7188116998877376,0.06267304955631928,-1.2322978308978487,-1.4830706690567916,79504,Linear,31
-2.3275918536819518,-0.9024696681715305,0.3732590529247911,0.028048942604018794,-0.023798192131022612,-0.004445779722957016,-1.5960349205415696,-0.7973013570754814,0.2026986429245185,-1.6022655179258436,0.7253263357561082,0.06224140022760856,-1.1338845997394909,-1.3646303270237907,111548,Linear,31
-2.4716311716474593,-0.9155530009550494,0.37047353760445684,0.02815422352186327,-0.02433023251082122,-0.004886130415147022,-1.7541208190377802,-0.8269406741079239,0.17305932589207604,-1.7603514164220542,0.7112797552254051,0.0626682886490486,-1.237705981502407,-1.48957937931689,257743,Linear,31
-2.3275918536819518,-0.9024696681715305,0.37047353760445684,0.02815422352186327,-0.023692890395929592,-0.004484906688223602,-1.6100815010722727,-0.8001286763158855,0.19987132368411453,-1.6163120984565467,0.7112797552254051,0.06223448694232404,-1.1439908963690897,-1.3767932569002679,60618,Linear,31
-2.1572421663440764,-0.8843563924972776,0.3732590529247911,0.029208204536976767,-0.023723198055393167,-0.0039660728537843325,-1.4238201545085758,-0.7592076065016926,0.24079239349830736,-1.4300507518928498,0.7271914144512266,0.0627650284577141,-1.003097684540721,-1.2072282502170903,874503,Linear,31
-2.4716311716474593,-0.9155530009550494,0.37047353760445684,0.02821085468473795,-0.02433023251082122,-0.004865150067898184,-1.7465888743754476,-0.8256322796501276,0.17436772034987233,-1.7528194717597216,0.7188116998877376,0.06267304955631928,-1.2322978308978487,-1.4830706690567916,832765,Linear,31
-2.1724426173605025,-0.8861009349820705,0.37047353760445684,0.0282305236013004,-0.023033787259436417,-0.004041716662004672,-1.4509762816596776,-0.7656586068252375,0.23434139317476257,-1.4572068790439516,0.7152357383165509,0.061727282264020814,-1.0394149975739346,-1.2509361432183057,475278,Linear,31
-2.31648193532601,-0.9013800726967055,0.37047353760445684,0.02821085468473795,-0.023627433795028623,-0.00442271967856914,-1.5877563646063209,-0.7956163398909966,0.20438366010900338,-1.5939869619905949,0.7224949733354151,0.06216715959273042,-1.129350267701192,-1.3591732575709732,769664,Linear,31
-2.4716311716474593,-0.9155530009550494,0.37047353760445684,0.02815422352186327,-0.02433023251082122,-0.004886130415147022,-1.7541208190377802,-0.8269406741079239,0.17305932589207604,-1.7603514164220542,0.7112797552254051,0.0626682886490486,-1.237705981502407,-1.48957937931689,49587,Linear,31
-2.1724426173605025,-0.8861009349820705,0.37047353760445684,0.02821085468473795,-0.022990091680136996,-0.0040214959516457205,-1.4437170466408134,-0.7639512781249016,0.23604872187509834,-1.4499476440250874,0.7224949733354151,0.06172681583488154,-1.0342226187369667,-1.2446871143206992,979213,Linear,31
-2.31648193532601,-0.9013800726967055,0.37047353760445684,0.02821085468473795,-0.023627433795028623,-0.00442271967856914,-1.5877563646063209,-0.7956163398909966,0.20438366010900338,-1.5939869619905949,0.7224949733354151,0.06216715959273042,-1.129350267701192,-1.3591732575709732,354181,Linear,31
-2.3275918536819518,-0.9024696681715305,0.3732590529247911,0.028048942604018794,-0.023822814983626206,-0.004461211872917486,-1.6015750623773783,-0.7984212313117827,0.20157876868821728,-1.6078056597616524,0.7197861939202994,0.06224098167148101,-1.1378281811821078,-1.3693764280246505,269912,Linear,31
-2.31648193532601,-0.9013800726967055,0.36768802228412256,0.0283453602460213,-0.02353957405781562,-0.004462105177296196,-1.6018957586493343,-0.7984858665067195,0.20151413349328048,-1.6081263560336083,0.7083555792924017,0.062161414810514605,-1.1395127339613822,-1.3714037876083314,115225,Linear,31
-2.630870940629393,-0.9279842864933252,0.37047353760445684,0.02821085468473795,-0.02503483325852889,-0.005308714884003848,-1.9058286433573812,-0.8513006271916865,0.1486993728083134,-1.9120592407416552,0.7188116998877376,0.06319981190498301,-1.3334412500028845,-1.6047967927922406,736342,Linear,31
-2.630870940629393,-0.9279842864933252,0.37047353760445684,0.028161550544664488,-0.02503483325852889,-0.00532698076319541,-1.912386093987152,-0.8522725259159567,0.14772747408404327,-1.918616691371426,0.7122542492579669,0.06319543214331584,-1.3381219996671052,-1.6104300758851318,358468,Linear,31
-2.4716311716474593,-0.9155530009550494,0.36768802228412256,0.0283255423225152,-0.02420682499558554,-0.004891302750490002,-1.7559776874259114,-0.8272617243331898,0.17273827566681024,-1.7622082848101854,0.7094228868372738,0.06266689762863359,-1.239043688578231,-1.491189310031853,396280,Linear,31
-2.4716311716474593,-0.9155530009550494,0.37047353760445684,0.02821085468473795,-0.024305581681809463,-0.004849631718715296,-1.7410177870187908,-0.8246581508891682,0.1753418491108318,-1.7472483844030648,0.7243827872443944,0.0626735639931548,-1.2283570928922578,-1.4783279901329223,935943,Linear,31
-2.3275918536819518,-0.9024696681715305,0.37047353760445684,0.02815422352186327,-0.023692890395929592,-0.004484906688223602,-1.6100815010722727,-0.8001286763158855,0.19987132368411453,-1.6163120984565467,0.7112797552254051,0.06223448694232404,-1.1439908963690897,-1.3767932569002679,547730,Linear,31
-2.3275918536819518,-0.9024696681715305,0.37047353760445684,0.02815422352186327,-0.023692890395929592,-0.004484906688223602,-1.6100815010722727,-0.8001286763158855,0.19987132368411453,-1.6163120984565467,0.7112797552254051,0.06223448694232404,-1.1439908963690897,-1.3767932569002679,165255,Linear,31
-2.4716311716474593,-0.9155530009550494,0.37047353760445684,0.028161550544664488,-0.024313934840698753,-0.004873156132472261,-1.749463051557541,-0.8261327238460967,0.17386727615390327,-1.755693648941815,0.7159375227056444,0.06266926115792976,-1.2344003093337428,-1.485601002246072,502122,Linear,31
-2.1572421663440764,-0.8843563924972776,0.37047353760445684,0.029329528732757484,-0.023602782966016866,-0.003992762197390158,-1.4334016288630664,-0.7615037349306791,0.2384962650693209,-1.4396322262473404,0.717609940096736,0.0627592756147022,-1.009940511426753,-1.215463593649216,90938,Linear,31
-2.1724426173605025,-0.8861009349820705,0.37047353760445684,0.028161550544664488,-0.022944503303089763,-0.004011062741108384,-1.4399715240579098,-0.7630654944806816,0.23693450551931836,-1.4462021214421839,0.7262404959183186,0.06172047106838278,-1.0316455129733577,-1.2415855670540932,27145,Linear,31
-2.1724426173605025,-0.8861009349820705,0.37047353760445684,0.028161550544664488,-0.02297190121226672,-0.004028310449949588,-1.446163451531902,-0.7645280430846663,0.23547195691533374,-1.452394048916176,0.7200485684443265,0.061720212213594076,-1.0360859697739544,-1.2469296576408475,591094,Linear,31
-2.4716311716474593,-0.9155530009550494,0.37047353760445684,0.02821085468473795,-0.02433023251082122,-0.004865150067898184,-1.7465888743754476,-0.8256322796501276,0.17436772034987233,-1.7528194717597216,0.7188116998877376,0.06267304955631928,-1.2322978308978487,-1.4830706690567916,869122,Linear,31
-2.3275918536819518,-0.9024696681715305,0.37047353760445684,0.02815422352186327,-0.023692890395929592,-0.004484906688223602,-1.6100815010722727,-0.8001286763158855,0.19987132368411453,-1.6163120984565467,0.7112797552254051,0.06223448694232404,-1.1439908963690897,-1.3767932569002679,586873,Linear,31
-2.405071159824729,-0.9097409274385282,0.36312849162011174,0.02957964480245629,-0.02424856163091598,-0.004702006222149514,-1.6833182275295258,-0.8142434303048042,0.1857565696951958,-1.6895488249137998,0.7155223349109292,0.06337997731731436,-1.1776910930027213,-1.41735144982703,627832,Linear,34
-2.383290430996567,-0.9077534533081223,0.36312849162011174,0.028383056375269708,-0.023400898425423197,-0.004596669028523539,-1.645607512211427,-0.8071046590846278,0.19289534091537222,-1.651838109595701,0.7314523214008659,0.06213671160244946,-1.1743437457607655,-1.4133229167977412,820417,Linear,34
-2.405071159824729,-0.9097409274385282,0.36312849162011174,0.029492301658655587,-0.02424856163091598,-0.004733723006211221,-1.6946728362236172,-0.8163406941282247,0.18365930587177529,-1.7009034336078912,0.7041677262168378,0.0633729120159293,-1.185767242012033,-1.427071096664285,620351,Linear,34
-2.4061094862408936,-0.9098345971795684,0.3547486033519553,0.030056058515347248,-0.023907328829838537,-0.004763892536993299,-1.7054735282436013,-0.8183136678072898,0.1816863321927103,-1.7117041256278753,0.6944053606130183,0.06336759190411807,-1.1934247030809204,-1.4362868524872394,737923,Linear,34
-2.4061094862408936,-0.9098345971795684,0.36033519553072624,0.029665750364751317,-0.024116126461540183,-0.004736623359329001,-1.6957111626397818,-0.8165312934677972,0.18346870653220285,-1.7019417600240558,0.7041677262168378,0.0633707583866637,-1.1865340843641727,-1.427993991577944,155556,Linear,34
-2.424558386672288,-0.9114827992124581,0.3547486033519553,0.029936563529763517,-0.023827634712487653,-0.004754860475711399,-1.702240050304681,-0.8177252382360104,0.18227476176398963,-1.708470647688955,0.7160877389833331,0.06334905621207142,-1.1915105691957035,-1.4339831919997867,581261,Linear,34
-2.383290430996567,-0.9077534533081223,0.36033519553072624,0.028574527560754917,-0.023298711096054536,-0.004606957501841076,-1.6492907856591046,-0.8078138385193544,0.19218616148064563,-1.6555213830433786,0.7277690479531884,0.06213564171108702,-1.1769924811131374,-1.4165106702877677,682245,Linear,34
-2.398992067668587,-0.9091905630555057,0.3659217877094972,0.02938196257837401,-0.024303923977440477,-0.004659088394167583,-1.667953645111993,-0.8113673196406118,0.18863268035938818,-1.674184242496267,0.72480782517232,0.06338194522304381,-1.1669054192505006,-1.4043708894569127,370312,Linear,34
-2.4352849051356316,-0.9124272064450881,0.36033519553072624,0.02957472929463888,-0.024142672715497134,-0.004786402158772147,-1.7135319728404284,-0.8197718936419713,0.18022810635802872,-1.7197625702247024,0.7155223349109292,0.06335346429818174,-1.1993310794103405,-1.4433951775000262,407259,Linear,34
-2.243253242690116,-0.8938872682258602,0.3575418994413408,0.029939299498437322,-0.023295043887691977,-0.0042615356379027275,-1.5256297583691776,-0.7825159486719175,0.21748405132808252,-1.5318603557534516,0.7113928869366646,0.06273139220335132,-1.078403947858878,-1.2978593521496913,190027,Linear,34
-2.4061094862408936,-0.9098345971795684,0.36312849162011174,0.029553228301497605,-0.024197327819644687,-0.004678969451632122,-1.6750710636842996,-0.8127051308544301,0.18729486914556995,-1.6813016610685736,0.72480782517232,0.06337935714088407,-1.1719326404875723,-1.410421151152276,617148,Linear,34
-2.392985997721553,-0.9086435140625765,0.36033519553072624,0.0296923716447872,-0.02408989908185881,-0.004710254043486364,-1.6862709475681186,-0.8147911084823651,0.1852088915176348,-1.6925015449523926,0.7004844527691603,0.06337275184387858,-1.1798913995436768,-1.4199995191589765,153340,Linear,34
-2.398992067668587,-0.9091905630555057,0.36312849162011174,0.02957964480245629,-0.024192756418702437,-0.004666465472471614,-1.6705946391448379,-0.8118648401603011,0.1881351598396989,-1.6768252365291119,0.7221668311394751,0.06338081914829377,-1.1687738316801275,-1.406619524164045,296164,Linear,34
-2.249333483632654,-0.8945305017131672,0.3575418994413408,0.02966146915423451,-0.023247964833053233,-0.004330625306872138,-1.5503638598602265,-0.787829240642872,0.21217075935712806,-1.5565944572445005,0.6927390263881534,0.06269944121536371,-1.0964459039464813,-1.3195728496622525,279478,Linear,34
-2.4061094862408936,-0.9098345971795684,0.3575418994413408,0.029868738465665956,-0.024011273737794357,-0.004746911832646533,-1.6993944360874593,-0.8172058158951978,0.18279418410480214,-1.7056250334717333,0.7004844527691603,0.06336968654399319,-1.1891314812813822,-1.4311199592516883,455928,Linear,34
-2.4061094862408936,-0.9098345971795684,0.36033519553072624,0.029753770587186135,-0.02416603344769164,-0.0047368303178055154,-1.6957852537743747,-0.8165448863688635,0.18345511363113653,-1.7020158511586487,0.7040936350822449,0.06337832720522413,-1.1864442224588807,-1.4278858427581844,890739,Linear,34
-2.4061094862408936,-0.9098345971795684,0.3575418994413408,0.029938729012428666,-0.024011273737794357,-0.004721887279614055,-1.6904356461018324,-0.8155608437111407,0.18443915628885932,-1.6966662434861064,0.7094432427547872,0.06337574229906222,-1.1827496459246643,-1.4234394192109727,919834,Linear,34
-2.4423293014988303,-0.9130419361715113,0.3575418994413408,0.029732030187005876,-0.024011273737794357,-0.004795790770268014,-1.7168930957559496,-0.8203766455681627,0.17962335443183727,-1.7231236931402236,0.7192056083586067,0.063350317800659,-1.201743273770545,-1.4462982538619127,358060,Linear,34
-2.5582318366505206,-0.9225584512338193,0.3659217877094972,0.02821958817555818,-0.02427465306894468,-0.005065866468302574,-1.813580195652321,-0.8369307294338579,0.16306927056614212,-1.819810793036595,0.7384210436139256,0.0627876381268933,-1.2807957027880825,-1.5414378669116113,357774,Linear,34
-2.4061094862408936,-0.9098345971795684,0.3547486033519553,0.030056058515347248,-0.023907328829838537,-0.004763892536993299,-1.7054735282436013,-0.8183136678072898,0.1816863321927103,-1.7117041256278753,0.6944053606130183,0.06336759190411807,-1.1934247030809204,-1.4362868524872394,724450,Linear,34
-2.2422160650603473,-0.893777153379774,0.36312849162011174,0.029375564249662253,-0.023372625945372868,-0.004218255204158998,-1.5101353630889207,-0.779119923073818,0.22088007692618197,-1.5163659604731947,0.7258501045871526,0.06270940168257966,-1.067825933977203,-1.2851287104724616,474154,Linear,34
-2.565349255222827,-0.9231076782932952,0.3575418994413408,0.02874216122472717,-0.024011273737794357,-0.005149710399239171,-1.843596322927624,-0.8417527068383163,0.15824729316168376,-1.849826920311898,0.7155223349109292,0.06277996685153005,-1.30215293734816,-1.5671413026834158,309648,Linear,34
-2.5642379065975547,-0.9230221766149864,0.36033519553072624,0.0285565213863413,-0.024062647365285773,-0.005102108904503952,-1.8265549878124148,-0.8390328525318884,0.16096714746811153,-1.8327855851966888,0.7314523214008659,0.06278280721323565,-1.2900580833320745,-1.5525851436218432,836489,Linear,34
-2.4121155561879277,-0.9103745138839363,0.3575418994413408,0.029939299498437322,-0.024029227859421593,-0.00473321807784075,-1.6944920718669891,-0.8163074920711763,0.18369250792882377,-1.7007226692512631,0.7113928869366646,0.06337662327432501,-1.1855713310060534,-1.426835317732091,882319,Linear,34
-2.3943446413613856,-0.9087675506912845,0.36312849162011174,0.029553228301497605,-0.02414115622186249,-0.004643195361424466,-1.662263939389959,-0.8102909961213933,0.18970900387860673,-1.668494536774233,0.7258501045871526,0.06337865472950223,-1.1629852606479543,-1.399652977848441,220757,Linear,34
-2.4121155561879277,-0.9103745138839363,0.3575418994413408,0.029939299498437322,-0.024029227859421593,-0.00473321807784075,-1.6944920718669891,-0.8163074920711763,0.18369250792882377,-1.7007226692512631,0.7113928869366646,0.06337662327432501,-1.1855713310060534,-1.426835317732091,79504,Linear,34
-2.392985997721553,-0.9086435140625765,0.36033519553072624,0.0296923716447872,-0.02408989908185881,-0.004710254043486364,-1.6862709475681186,-0.8147911084823651,0.1852088915176348,-1.6925015449523926,0.7004844527691603,0.06337275184387858,-1.1798913995436768,-1.4199995191589765,111548,Linear,34
-2.4061094862408936,-0.9098345971795684,0.36033519553072624,0.029753770587186135,-0.02416603344769164,-0.0047368303178055154,-1.6957852537743747,-0.8165448863688635,0.18345511363113653,-1.7020158511586487,0.7040936350822449,0.06337832720522413,-1.1864442224588807,-1.4278858427581844,257743,Linear,34
-2.565349255222827,-0.9231076782932952,0.3547486033519553,0.028850068934041802,-0.023907328829838537,-0.005191715656618415,-1.858634205069393,-0.8441146074809519,0.15588539251904807,-1.864864802453667,0.7004844527691603,0.06277145200910642,-1.3129524392566245,-1.5801385052421488,60618,Linear,34
-2.2180445920675993,-0.891178308286718,0.36033519553072624,0.0296923716447872,-0.023375869798779033,-0.0042535146417398036,-1.5227582417428493,-0.7818905420996204,0.21810945790037958,-1.5289888391271234,0.6890557529404759,0.0627283846567337,-1.076425800051983,-1.2954786508955738,874503,Linear,34
-2.2361358241178095,-0.8931293253994286,0.36312849162011174,0.029561777137076625,-0.023481274764012676,-0.004219831336242817,-1.5106996183749288,-0.7792445206690658,0.2207554793309342,-1.5169302157592028,0.7192056083586067,0.06273392654604265,-1.0678073162350292,-1.2851063040162871,832765,Linear,34
-2.3869437254033983,-0.9080898422631212,0.36033519553072624,0.0296923716447872,-0.02406351361322058,-0.004693376187849062,-1.680228675249964,-0.8136686382035506,0.1863313617964494,-1.686459272634238,0.7004844527691603,0.06337159663945814,-1.175685025545586,-1.414937147268647,475278,Linear,34
-2.389296500943601,-0.9083058320467655,0.36033519553072624,0.0285565213863413,-0.023298711096054536,-0.004613445760219166,-1.6516135821584612,-0.8082597298046286,0.19174027019537138,-1.6578441795427352,0.7314523214008659,0.06213465165149984,-1.1786688919174717,-1.4185282310030916,769664,Linear,34
-2.4061094862408936,-0.9098345971795684,0.36033519553072624,0.029753770587186135,-0.024134158985445266,-0.004716441346145125,-1.688486001919955,-0.8152009022182678,0.18479909778173215,-1.694716599304229,0.7113928869366646,0.06337867465166507,-1.1813308760751948,-1.4217319294328263,49587,Linear,34
-2.2300567319616675,-0.892477669989944,0.36312849162011174,0.029561777137076625,-0.02342546955179913,-0.004184290586564918,-1.497976029990241,-0.7764177737693829,0.22358222623061705,-1.504206627374515,0.7258501045871526,0.06273450311695368,-1.0588041752374304,-1.2742710221484346,979213,Linear,34
-2.398992067668587,-0.9091905630555057,0.3659217877094972,0.02938196257837401,-0.024328603346663886,-0.004674737044485218,-1.6735558619257063,-0.8124211262315089,0.1875788737684912,-1.6797864593099803,0.7192056083586067,0.06338148327428143,-1.170833280515636,-1.409098071221245,354181,Linear,34
-2.411077229771763,-0.9102814050438215,0.36312849162011174,0.029561777137076625,-0.02424856163091598,-0.004708494480527604,-1.6856410240288824,-0.814674404288422,0.185325595711578,-1.6918716214131564,0.7192056083586067,0.06337899693819493,-1.1793344211942425,-1.41932919561167,269912,Linear,34
-2.4121155561879277,-0.9103745138839363,0.3575418994413408,0.029939299498437322,-0.023982384623757198,-0.0047031232616317805,-1.6837181276641786,-0.8143176995309114,0.18568230046908857,-1.6899487250484526,0.7221668311394751,0.06337618529669953,-1.1780413551847533,-1.4177729904283576,115225,Linear,34
-2.5642379065975547,-0.9230221766149864,0.3575418994413408,0.02875084363586211,-0.02395802715934975,-0.005112397377821484,-1.8302382612600923,-0.8396246480107699,0.1603753519892302,-1.8364688586443663,0.7277690479531884,0.06278166527032203,-1.292683015668436,-1.5557442501776664,736342,Linear,34
-2.576680737081915,-0.9239740642529365,0.3547486033519553,0.028668208093580415,-0.023803382691649066,-0.0051891591449335795,-1.8577189738862216,-0.8439718710002422,0.15602812899975788,-1.8639495712704957,0.7127311658114195,0.06274764817048022,-1.3128037475185987,-1.579959554707734,358468,Linear,34
-2.2301297541707754,-0.8924855212213492,0.36312849162011174,0.029492301658655587,-0.023481274764012676,-0.004245059861926434,-1.5197314305696636,-0.7812293658323988,0.21877063416760129,-1.5259620279539376,0.7041677262168378,0.06272797613456432,-1.0742931674836067,-1.2929120272022334,396280,Linear,34
-2.4061094862408936,-0.9098345971795684,0.3547486033519553,0.030056058515347248,-0.023907328829838537,-0.004763892536993299,-1.7054735282436013,-0.8183136678072898,0.1816863321927103,-1.7117041256278753,0.6944053606130183,0.06336759190411807,-1.1934247030809204,-1.4362868524872394,935943,Linear,34
-2.565349255222827,-0.9231076782932952,0.3575418994413408,0.02874216122472717,-0.024011273737794357,-0.005149710399239171,-1.843596322927624,-0.8417527068383163,0.15824729316168376,-1.849826920311898,0.7155223349109292,0.06277996685153005,-1.30215293734816,-1.5671413026834158,547730,Linear,34
-2.559343185275793,-0.9226444679864265,0.35195530726256985,0.02903079097196164,-0.02377839176614512,-0.005191919629269555,-1.8587072272785008,-0.844125990161082,0.15587400983891794,-1.8649378246627748,0.6944053606130183,0.06276980565950034,-1.313038460618798,-1.5802420319675499,165255,Linear,34
-2.2120023197494447,-0.8905187874956935,0.36312849162011174,0.029492301658655587,-0.02340176847269105,-0.004194424570246739,-1.501603996148333,-0.7772274528873868,0.22277254711261318,-1.507834593532607,0.7041677262168378,0.06272732569226726,-1.0614899503608088,-1.2775033530097677,502122,Linear,34
-2.4061094862408936,-0.9098345971795684,0.36033519553072624,0.029665750364751317,-0.024116126461540183,-0.004736623359329001,-1.6957111626397818,-0.8165312934677972,0.18346870653220285,-1.7019417600240558,0.7041677262168378,0.0633707583866637,-1.1865340843641727,-1.427993991577944,90938,Linear,34
-2.5642379065975547,-0.9230221766149864,0.3575418994413408,0.02875084363586211,-0.024011273737794357,-0.005146606073470254,-1.8424849743023515,-0.8415767411651146,0.1584232588348854,-1.8487155716866255,0.7155223349109292,0.06278054749866699,-1.3013559431006265,-1.5661821199580328,27145,Linear,34
-2.2240506620146334,-0.8918299401467852,0.36312849162011174,0.02957964480245629,-0.02342546955179913,-0.004177802328186828,-1.4956532334908843,-0.7758978341337661,0.22410216586623383,-1.5018838308751583,0.7221668311394751,0.06273543920136244,-1.0571465947682994,-1.2722761237450362,591094,Linear,34
-2.4121155561879277,-0.9103745138839363,0.3575418994413408,0.029939299498437322,-0.024004870395014144,-0.0047175694275231154,-1.6888898550532758,-0.8152755188448485,0.1847244811551515,-1.6951204524375498,0.7169951037503779,0.06337709973870684,-1.181642790474797,-1.4221073184708557,869122,Linear,34
-2.565349255222827,-0.9231076782932952,0.3547486033519553,0.028850068934041802,-0.023907328829838537,-0.005191715656618415,-1.858634205069393,-0.8441146074809519,0.15588539251904807,-1.864864802453667,0.7004844527691603,0.06277145200910642,-1.3129524392566245,-1.5801385052421488,586873,Linear,34
