max_drawdown_log,drawdown_percentage,win_rate,average_win,average_loss,expected_value_per_trade,total_log_return,compounded_return,equity_multiplier,equity_trough,equity_peak,return_std,annualized_sharpe_stocks,annualized_sharpe_crypto,pearson_ic,spearman_ic,seed,model,lag
-0.28997025845682733,-0.2517141775772901,0.2318181818181818,0.00615796888717911,-0.0027091000185810125,-0.0006535522267911659,-0.2875629797881128,-0.24991067518338927,0.7500893248166107,-0.2875629797881129,0.0024072786687144195,0.0070647004931184915,-1.4685434966984452,-1.7673923718592546,0.09933895425248757,-0.08230461370715195,119595,MLP,1
-0.028748424970985353,-0.028339120665112016,0.0022727272727272726,0.0342201077816127,-0.00011195939376636395,-3.393196836777518e-05,-0.01493006608182108,-0.014819165250130384,0.9851808347498696,-0.020401748892448425,0.013818358889164273,0.0019475064337077129,-0.2765861459829729,-0.3328714782171927,0.14412663778759213,-0.08780579424475299,841039,MLP,1
-0.06594425845536328,-0.06381695287366107,0.0022727272727272726,0.016929880666458428,-0.00015249375578347795,-0.00011367017755110998,-0.050014878122488386,-0.04878472790189747,0.9512152720981025,-0.06594425845536328,0.0,0.0030961595665940705,-0.5828052750180953,-0.7014062570581313,-0.011937207102366664,0.047720383029216974,244,MLP,1
-0.262562644596961,-0.2309218157334102,0.12727272727272726,0.005142175144294888,-0.001167940821487091,-0.00036483515311483915,-0.1605274673705292,-0.1483055705558063,0.8516944294441937,-0.23999451514802975,0.022568129448931263,0.0053998204922751265,-1.0725501924261247,-1.2908143563958456,0.1261068158866232,-0.06860295578160856,361366,MLP,1
-0.178769183935424,-0.16370109165577096,0.09545454545454546,0.007581047957839265,-0.0010949045261693842,-0.00026674542542310395,-0.1173679871861658,-0.11074210256466521,0.8892578974353348,-0.13389225290621562,0.04487693102920837,0.004836781894186564,-0.8754689475023544,-1.0536270414147888,0.1370109290462048,-0.040302425971716606,442092,MLP,1
-0.29816098623691534,-0.2578181509331332,0.25227272727272726,0.004773636507621017,-0.002376690125464761,-0.0005728577248453944,-0.25205739893197343,-0.2227998736685557,0.7772001263314443,-0.2891290862117631,0.009031900025152275,0.006441490148730308,-1.4117594297915033,-1.699052736758148,0.05058727927039557,-0.052944300519959485,426588,MLP,1
-0.028798384754691958,-0.028387663419876863,0.0022727272727272726,0.0342201077816127,-0.00013108612693776153,-5.301523169105594e-05,-0.023326701944064613,-0.023056737632066948,0.976943262367933,-0.028798384754691958,0.00542172302692074,0.001979395430407953,-0.42517563675721637,-0.5116989580455109,0.1414474534575584,-0.07191188520188065,807238,MLP,1
-0.08881364859673319,-0.08498392778330277,0.00909090909090909,0.01848189992237069,-0.00027193250894794055,-0.00010144312320868029,-0.044634974211819334,-0.043653490734463896,0.9563465092655361,-0.07951329936594323,0.00930034923078996,0.0037500154071832626,-0.4294274776264721,-0.5168160493237578,0.1352569786036383,-0.024877081048431678,247280,MLP,1
-0.028748424970985353,-0.028339120665112016,0.0022727272727272726,0.0342201077816127,-9.678445321079497e-05,-1.8791516313468857e-05,-0.008268267177926298,-0.008234179071418768,0.9917658209285812,-0.013739949988553643,0.020480157793059055,0.0019282877586735752,-0.15469997784184925,-0.1861814521525364,0.14431131722729448,-0.07086641649715518,589528,MLP,1
-0.038095510445220526,-0.037379003859492665,0.004545454545454545,0.01940320497090501,-0.0001550100354646028,-6.610905816292275e-05,-0.029087985591686006,-0.028669002425812162,0.9713309975741878,-0.032673787418299786,0.00542172302692074,0.0020316516483694204,-0.5165495594134281,-0.6216674909847892,0.14057181467887006,-0.03676275922660888,705597,MLP,1
-0.26639605366872493,-0.23386436342396777,0.17045454545454544,0.004914144810312177,-0.001608422500420132,-0.0004966212542725794,-0.21851335187993476,-0.19628725170310157,0.8037127482968984,-0.2621142800722955,0.004281773596429454,0.005841168942341795,-1.3496644396668782,-1.6243214045751604,0.11087504031549143,-0.06801642563553426,649587,MLP,1
-0.04800983050638002,-0.04687558266421543,0.006818181818181818,0.01330694465920212,-0.00017042110016106618,-7.852996998358992e-05,-0.034553186792779564,-0.03396304208741008,0.9660369579125899,-0.03813898861939334,0.009870841886986677,0.0020704057185754513,-0.6021161046200256,-0.7246468440815703,0.140668830072308,-0.010738369633341646,625032,MLP,1
-0.22928081028975822,-0.20489477157620295,0.36818181818181817,0.00512651005300323,-0.003708209238892881,-0.00045542622687658554,-0.20038753982569757,-0.18158647622189517,0.8184135237781048,-0.23014720828997232,-0.0008663980002141108,0.007043710741296252,-1.0264003572328813,-1.2352730211432823,0.13076692374316995,-0.0628918370961578,339493,MLP,1
-0.19205967595830176,-0.1747423810170674,0.225,0.005434511302348134,-0.0021409862020257088,-0.00043649926354159406,-0.19205967595830145,-0.17474238101706718,0.8252576189829328,-0.19205967595830176,0.0,0.0061921025522909704,-1.119040089250414,-1.346764955884725,0.0715973585663876,-0.10420700895806655,552964,MLP,1
-0.07888908984503266,-0.07585758446015045,0.013636363636363636,0.009745466171224763,-0.00030293856990109636,-0.00016591486888574373,-0.07300254230972722,-0.07040153330443577,0.9295984666955642,-0.07888908984503266,0.0,0.00237982004804472,-1.106729432522162,-1.3319490782188566,0.1383748550332465,-0.10608291320875239,164496,MLP,1
-0.11285816961613819,-0.1067226549993433,0.1,0.009668688012515223,-0.0009086845800939778,0.0001490526791669423,0.06558317883345453,0.06778155044351064,1.0677815504435106,-0.11285816961613819,0.06658367916703802,0.006163881080901363,0.3838714434762841,0.4619893537371339,0.15190999875436945,0.04133177955928751,160422,MLP,1
-0.03938924608591625,-0.03862357570361352,0.01818181818181818,0.007378345713396937,-0.00015934956142466604,-2.2300556427909635e-05,-0.009812244828280232,-0.009764261822572395,0.9902357381774276,-0.027577104702358628,0.011812141383557618,0.001572072034763108,-0.22518711013965453,-0.2710127290043629,-0.02937322527923194,-0.06448386930187748,220778,MLP,1
-0.2399603544168702,-0.21334095199498038,0.025,0.01132889972388955,-0.0007580641032404167,-0.0004558900075621675,-0.20059160332735365,-0.18175346751236676,0.8182465324876332,-0.2007936124268264,0.039166741990043816,0.006169242963316549,-1.1730822654069244,-1.4118047249568857,0.052790413100416156,-0.11324958850197599,655322,MLP,1
-0.2203873400992267,-0.19779198955423616,0.1590909090909091,0.005891166187876714,-0.0017325266530228754,-0.0005196664283343046,-0.22865322846709407,-0.2043956213753254,0.7956043786246746,-0.22865322846709435,-0.008265888367867649,0.00527876054346627,-1.5627624584526958,-1.88078490988304,0.12323034521891923,-0.10720018341598068,960036,MLP,1
-0.32383115284959585,-0.2766276285674215,0.2636363636363636,0.004837581864976926,-0.0025504410518276408,-0.0006026895555791643,-0.265183404454832,-0.2329347461106046,0.7670652538893954,-0.28582964340473543,0.03800150944486044,0.006641055813175857,-1.4406444336831699,-1.733815844322908,0.05644029330728656,-0.07215124608551227,205327,MLP,1
-0.19345101785711583,-0.17588979810983507,0.13636363636363635,0.006222415870311517,-0.0014695577040834632,-0.0004206522166659661,-0.18508697533302518,-0.1689679985763013,0.8310320014236987,-0.18508697533302543,0.008364042524090395,0.005181733714912182,-1.2886897107931385,-1.5509383070163125,0.13969910706069114,-0.008063246006623812,434988,MLP,1
-0.1524585112037416,-0.14140548472964054,0.08863636363636364,0.005738638900709312,-0.0007293628746140789,-0.00015606271725586917,-0.06866759559258238,-0.06636302645117809,0.9336369735488219,-0.12046249342757938,0.03199601777616223,0.0035632635659832903,-0.6952667931664666,-0.8367537151007426,0.13305330690694117,-0.057718006804493266,648678,MLP,1
-0.08493450784815999,-0.08142755828265114,0.038636363636363635,0.0028708801077797644,-0.00027685018818759765,-0.00015523333584340415,-0.06830266777109782,-0.06602225416950203,0.933977745830498,-0.08261567570079062,0.0023188321473693705,0.0027604850020843917,-0.8926883533549309,-1.0743505995662581,-0.02375930461098861,-0.0652339276520008,81203,MLP,1
-0.30316155353676033,-0.2615202172877529,0.18409090909090908,0.0051260312468307785,-0.0017097379071792096,-0.0004513349492819164,-0.19858737768404322,-0.18011187231532333,0.8198881276846767,-0.2741728160362547,0.028988737500505613,0.006015564299679231,-1.191030441339219,-1.433405358035062,0.05582616354220463,-0.06569014021015322,85916,MLP,1
-0.23041189372154883,-0.20579359350947912,0.25681818181818183,0.005595379878908207,-0.0022165785788035284,-0.0002103256112548327,-0.09254326895212633,-0.08839023428822002,0.91160976571178,-0.2302551665349621,0.0001567271865867241,0.007305284286919975,-0.4570411553107823,-0.5500491155611222,0.14336890159298912,0.002306360523086849,950737,MLP,1
-0.13397122260389085,-0.12538476660979936,0.09318181818181819,0.005179235759152943,-0.0008445696340312308,-0.0002832604951208874,-0.12463461785319048,-0.11718058988692692,0.8828194101130731,-0.13397122260389085,0.0,0.004558226174730904,-0.9864848266988018,-1.187234672709444,0.07204549315844383,-0.0865624775484847,108871,MLP,1
-0.4235649360189092,-0.34529133988787974,0.23636363636363636,0.005852669810113388,-0.0029844104699725624,-0.0008956460401340651,-0.3940842576589888,-0.3257027608599927,0.6742972391400073,-0.43183082438677683,-0.008265888367867649,0.007397400960180477,-1.9220183123966001,-2.3131493970321877,0.062288096746275605,-0.04043921150982654,248045,MLP,1
0.0,0.0,0.0,,0.0,,0.0,0.0,1.0,-0.0,0.0,0.0,,,,,640617,MLP,1
-0.2582244861442703,-0.22757818535217267,0.2840909090909091,0.004600800625606674,-0.002479391216464711,-0.00046797307951261264,-0.20590815498554965,-0.18609217377377563,0.8139078262262244,-0.2364601856448121,0.021764300499458204,0.006006378353972708,-1.2368255701153135,-1.488519804048507,0.11959634217569914,-0.06070239202150397,575132,MLP,1
-0.01706946495376727,-0.016924607023724225,0.011363636363636364,0.012967980463900982,-6.489277197011606e-05,8.320806025569188e-05,0.03661154651250443,0.037290003647047154,1.0372900036470472,-0.014926005241876393,0.03761204684608796,0.0017059557782274169,0.7742797462477632,0.9318458188538208,0.0078804886791981,-0.05906153183872667,718707,MLP,1
-0.20606634008188132,-0.18622091167919486,0.15,0.004223774137105793,-0.0011678752965775833,-0.0003591278815250769,-0.15801626787103376,-0.14616410823667114,0.8538358917633289,-0.1839280150522936,0.022138325029587732,0.0042817851852230224,-1.3314489479723826,-1.6023990569273752,-0.03869577396662849,-0.08001606049422162,664356,MLP,1
-0.19442189642913138,-0.1766895207662158,0.1431818181818182,0.006020423110843127,-0.0011206180666130613,-9.815080711365258e-05,-0.043186355130007105,-0.04226710500234809,0.9577328949976519,-0.19442189642913138,0.0,0.005619472751113489,-0.277267250616925,-0.33369118777104056,0.16067522739035742,0.0033058491568091304,879750,MLP,1
-0.028748424970985353,-0.028339120665112016,0.0022727272727272726,0.0342201077816127,-0.00011195939376636395,-3.393196836777518e-05,-0.01493006608182108,-0.014819165250130384,0.9851808347498696,-0.020401748892448425,0.013818358889164273,0.0019475064337077129,-0.2765861459829729,-0.3328714782171927,0.14351095258875388,-0.05232193833322194,153441,MLP,1
-0.08693313462692437,-0.08326160836159102,0.006818181818181818,0.013569330747151198,-0.00020351060708030078,-0.00010960487057417693,-0.04822614305263786,-0.04708173313655917,0.9529182668634408,-0.07763278539613441,0.00930034923078996,0.0032474984607047323,-0.5357734272017433,-0.6448034194493418,-0.15876414996838228,-0.09860062590181742,259180,MLP,1
-0.2331450651390925,-0.2079613320094168,0.10909090909090909,0.005504690460913286,-0.0010476075366110276,-0.0003328113914265571,-0.14643701222768518,-0.1362198617920326,0.8637801382079674,-0.2097029820215844,0.0234420831175081,0.005451484379726053,-0.969133667680023,-1.1663525495979052,0.05715013044724672,-0.08523292522641693,868887,MLP,1
-0.028748424970985353,-0.028339120665112016,0.0022727272727272726,0.0342201077816127,-8.690929339791769e-05,-8.938800045620832e-06,-0.0039330720200731716,-0.003925347622504516,0.9960746523774955,-0.009404754830700517,0.02481535295091218,0.0019211862505445839,-0.07386012241137484,-0.0888906710818795,0.1503581310230905,-0.10495057932855392,126853,MLP,1
-0.26831939824097334,-0.2353364900849566,0.22045454545454546,0.0059482389418904,-0.0023209662405974,-0.0004979823708216805,-0.21911224316153932,-0.19676844415560624,0.8032315558443938,-0.2618100581808945,0.006509340060078837,0.006491076727202867,-1.2178603635667706,-1.4656951744342077,0.12464222176714995,-0.0025589444723841076,980923,MLP,1
-0.5154302671499766,-0.40275643496006086,0.2431818181818182,0.00464048818140462,-0.002805158685233239,-0.000994512742664487,-0.43758560677237424,-0.3544067430927872,0.6455932569072128,-0.4582318457222767,0.05719842142769997,0.007864186899051568,-2.007505742081744,-2.4160335345841606,0.06047177101195681,-0.06486589665893276,544494,MLP,1
-0.028748424970985353,-0.028339120665112016,0.0022727272727272726,0.0342201077816127,-0.00011195939376636395,-3.393196836777518e-05,-0.01493006608182108,-0.014819165250130384,0.9851808347498696,-0.020401748892448425,0.013818358889164273,0.0019475064337077129,-0.2765861459829729,-0.3328714782171927,0.14345873516489427,-0.03679585196650897,284192,MLP,1
-0.20320180129434945,-0.18388646796021646,0.18863636363636363,0.006588908512986914,-0.0019174627563841654,-0.0003128518123891662,-0.13765479745123305,-0.12860055085746014,0.8713994491425399,-0.13765479745123313,0.06554700384311632,0.006523125558614741,-0.7613479937124012,-0.9162824522683886,0.1114090693541076,0.015959558393661873,371972,MLP,1
-0.004335195157853126,-0.004325811763836729,0.0,,-9.852716267848015e-06,,-0.004335195157853126,-0.004325811763836729,0.9956741882361633,-0.004335195157853126,0.0,0.00016587228558977832,,,-0.014802346315243922,-0.0815829986868416,365641,MLP,1
-0.268600588233071,-0.23555147558396505,0.1590909090909091,0.005737898172761785,-0.0015622590140685815,-0.0004008703707092051,-0.1763829631120504,-0.16170311492732647,0.8382968850726735,-0.25278712873268366,0.015813459500387327,0.006094498481233554,-1.0441580833632338,-1.2566444478493417,0.11315586500257165,-0.004940338738791575,94901,MLP,1
-0.07940889376603268,-0.07633783248309434,0.011363636363636364,0.012967980463900982,-0.00020820180372245034,-5.8472459772184035e-05,-0.025727882299760974,-0.02539974049032867,0.9746002595096713,-0.0772654340541418,0.0021434597118908764,0.0034409369123713797,-0.26975836705499645,-0.32465424500539025,-0.07936888551760207,-0.07626143097727929,133900,MLP,1
-0.04153265455060609,-0.0406819912684665,0.013636363636363636,0.01445273859914275,-0.0002091867646291702,-9.251418759553099e-06,-0.004070624254203344,-0.004062350493557965,0.995937649506442,-0.03938919483871522,0.01696182235378174,0.002538940541528076,-0.057843701918825326,-0.0696149060353131,0.145230120802791,-0.0582041886955652,850967,MLP,1
-0.049984117009884185,-0.04875546701175515,0.022727272727272728,0.009833398556536872,-0.00026431160288613114,-3.481819017197199e-05,-0.015320003675667663,-0.015203249405044139,0.9847967505949559,-0.03817197562632657,0.011812141383557618,0.0025091766546796778,-0.22028007982120631,-0.26510711710195406,0.13912098628447722,-0.06733763275048209,842300,MLP,1
-0.004335195157853126,-0.004325811763836729,0.0,,-9.852716267848015e-06,,-0.004335195157853126,-0.004325811763836729,0.9956741882361633,-0.004335195157853126,0.0,0.00016587228558977832,,,-0.013475257149979719,0.020872694515975322,151698,MLP,1
-0.23110864672739342,-0.2063467664756201,0.10227272727272728,0.005054012918483829,-0.0009823052545973611,-0.00036495453235042114,-0.16057999423418529,-0.148350306218056,0.851649693781944,-0.23110864672739342,0.0,0.005255882724310486,-1.102283650256026,-1.3265985784333338,0.08324072417370271,-0.057558840177191796,504782,MLP,1
-0.05795998401559034,-0.056312290726083125,0.07727272727272727,0.006303535566451467,-0.0003943316890493277,0.00012323078069391554,0.05422154350532281,0.055718463817965524,1.0557184638179655,-0.0009104731550339455,0.0863029703617504,0.0027303050963323246,0.7164869596934358,0.8622921894691662,-0.012613551984109305,0.0041444253175322325,831870,MLP,1
-0.352800241487532,-0.2972824468291504,0.475,0.0056638607593048045,-0.005794496025321034,-0.0003517765526237608,-0.15478168315445429,-0.14339783224554048,0.8566021677544595,-0.2600490594974256,0.09275118199010632,0.008864994416424032,-0.6299247793648554,-0.7581145893175969,0.07696415090600563,-0.05807893187980086,85194,MLP,1
-0.23416283419242034,-0.2087670343757202,0.125,0.00611408957441181,-0.0014529768736788473,-0.000507093567667515,-0.22312116977370686,-0.19998209456722282,0.8000179054327772,-0.22711863574625016,0.007044198446170196,0.0056239787274109405,-1.4313462441986036,-1.7226254715460239,-0.139904150410113,0.004701798894792326,520091,MLP,1
-0.292865224256796,-0.2538773068384551,0.275626423690205,0.006478614606277365,-0.0031137717053772605,-0.0004698565716410195,-0.20626703495040763,-0.18638421657855908,0.8136157834214409,-0.292865224256796,0.0,0.008281117058473807,-0.9006927193423684,-1.0839838555233143,0.14081956559081935,0.06310757660653851,119595,MLP,4
-0.2973724294659222,-0.25723266759765795,0.14578587699316628,0.007969152179280506,-0.001983412619227291,-0.0005324692317455167,-0.23375399273628164,-0.20844347940107277,0.7915565205989272,-0.24981374432984,0.047558685136082184,0.007748348831036987,-1.090901712387449,-1.3129004140881004,-0.1027047639584627,0.011355279974911137,841039,MLP,4
-0.11636566292060335,-0.10985033094821761,0.05011389521640091,0.010963518098843942,-0.000626595587834826,-4.5769844994432256e-05,-0.02009296195255575,-0.01989244364053755,0.9801075563594625,-0.11636566292060335,0.04201119627551857,0.00566881286916252,-0.12817035615338515,-0.1542530475081274,0.08801305138748604,-0.006848621918389303,244,MLP,4
-0.07140067388211387,-0.06891124556651163,0.08428246013667426,0.01119975205143607,-0.0006339033677838067,0.00036346622335773184,0.1595616720540442,0.17299660109983828,1.1729966010998383,-0.07140067388211387,0.16056217238762763,0.006233825927145899,0.9255708274966477,1.1139246633216628,0.09799200022369464,0.08786683679138098,361366,MLP,4
-0.4624965125826981,-0.37029039643205264,0.23462414578587698,0.006403350639663511,-0.003249193708812241,-0.0009844737363908231,-0.4321839702755714,-0.3509100475571927,0.6490899524428073,-0.4321839702755703,0.030312542307127772,0.007826289767079546,-1.9968639722906414,-2.4032261626580573,0.03758394621615235,-0.051306577285923693,442092,MLP,4
-0.07334752383729995,-0.07072217229306155,0.03416856492027335,0.013960294674021595,-0.0003104699540188193,0.00017714159363632019,0.07776515960634456,0.08086879720896056,1.0808687972089606,-0.05032708061342767,0.08264561091512182,0.005672222150802464,0.49575555168380786,0.5966418988083665,0.22690652703051553,0.07982763966757044,426588,MLP,4
-0.04060510716777342,-0.03979176556072572,0.04100227790432802,0.007171260004610169,-0.00022942398775119835,7.402091398571418e-05,0.03249518123972855,0.033028915213282994,1.033028915213283,-0.03295230964996624,0.03349568157331208,0.0025809435568485183,0.45527751981458064,0.5479265799128865,0.07984726329305618,0.09233523714122231,807238,MLP,4
-0.14357140258129936,-0.1337410551457805,0.34851936218678814,0.006475730705878202,-0.0037801864069553354,-0.00020580071615002504,-0.09034651438986088,-0.0863854501732737,0.9136145498267263,-0.14348137540274977,0.008385572433719402,0.00870268864666467,-0.37539951388285553,-0.45179338489316234,0.21521829320111382,0.03524837100054749,247280,MLP,4
-0.33656723504031716,-0.2857821385049266,0.14350797266514806,0.006511870280373097,-0.0019101319786736677,-0.0007015075086965697,-0.3079617963177941,-0.2650566049833547,0.7349433950166453,-0.33656723504031716,0.0,0.00716721425544177,-1.5537538112075349,-1.8699430012452207,-0.136328306175677,0.0060284294358514115,589528,MLP,4
-0.3860512282856796,-0.3202642969064068,0.1776765375854214,0.007570875874982741,-0.002403312014478475,-0.0006311328450525641,-0.27706731897807557,-0.2419965326259086,0.7580034673740914,-0.31231044995117463,0.07374077833450496,0.008591762357902257,-1.1661080574822456,-1.403411264420273,-0.07360691110150806,0.0013838693648831578,705597,MLP,4
-0.25021096045270275,-0.221363495765579,0.2255125284738041,0.007627858828474131,-0.0027042572514853684,-0.00037423562980885253,-0.16428944148608654,-0.1515036037230757,0.8484963962769243,-0.25021096045270275,0.0,0.008715578761034706,-0.6816307456072876,-0.8203427293229398,0.10761536196115458,0.034029139020245826,649587,MLP,4
-0.2528736987343322,-0.22343404310666504,0.05239179954441914,0.007328782636066791,-0.0008799915061868495,-0.00044991905682048556,-0.19751446594419322,-0.17923173264610526,0.8207682673538947,-0.2103614933425371,0.042512205391795066,0.006221473107324559,-1.147998791206841,-1.3816167590841533,-0.2424853376101377,-0.013674717861728736,625032,MLP,4
-0.14502538272882556,-0.1349996632368956,0.05466970387243736,0.010630348679632936,-0.0007931482291424985,-0.00016862903595204202,-0.07402814678294642,-0.07135444491144527,0.9286455550885547,-0.14475272151045615,0.0002726612183694063,0.00653273640224598,-0.4097674837762793,-0.4931552430624874,0.053760457162359415,0.06773792828067617,339493,MLP,4
-0.16972346917760225,-0.15610185181785408,0.16400911161731208,0.008681396497145739,-0.0017178015966881773,-1.2238355786031632e-05,-0.005372638190067974,-0.005358231381910605,0.9946417686180894,-0.16972346917760225,0.00701538982788194,0.007960294059675715,-0.024405866635148286,-0.029372465042097957,0.02610277708713265,0.03096134370824669,552964,MLP,4
-0.025739607189376863,-0.02541116750380057,0.03416856492027335,0.016101846833081725,-0.00020422322593344037,0.00035293178747254476,0.15493705470044716,0.1675844648381346,1.1675844648381346,-0.021789372544129194,0.1666632712093156,0.005136926477181676,1.0906557571766045,1.312604406946029,0.27303499672218284,0.09114513752852227,164496,MLP,4
-0.0964621786790423,-0.09195575961703961,0.02050113895216401,0.009153142536148783,-0.0003316295874193556,-0.00013718095618447352,-0.06022243976498387,-0.0584449290000042,0.9415550709999958,-0.0896979637769455,0.006764214902096808,0.004974798391113082,-0.4377423961459766,-0.5268230553110114,-0.15720455945115944,-0.028208345802793505,160422,MLP,4
-0.44578108797872396,-0.3596760686741085,0.30296127562642367,0.005723689377634417,-0.0038908418283485208,-0.0009780111896338722,-0.42934691224926996,-0.34906592699623185,0.6509340730037682,-0.4293469122492686,0.016434175729455377,0.008704059791089475,-1.783701708845298,-2.1466853388904696,-0.05813783731671035,0.007505060573256076,220778,MLP,4
-0.17385713017439908,-0.159583040693958,0.14578587699316628,0.00897656297631988,-0.0016322960100717842,-8.567419884384243e-05,-0.03761097329244691,-0.036912465204294476,0.9630875347957055,-0.17385713017439908,0.0,0.008041199976057846,-0.16913343127175617,-0.2035521160443132,0.04328646957371307,0.03946715269587004,655322,MLP,4
-0.10485024966373395,-0.09954064341826241,0.05239179954441914,0.007078639618227793,-0.0005748274458981584,-0.0001738485336546575,-0.07631950627439468,-0.07347986973218901,0.926520130267811,-0.09975299400284593,0.005097255660888016,0.004340453465097455,-0.6358229473608321,-0.7652130355995556,0.07727322908864019,0.017150985149692086,960036,MLP,4
-0.15953167205206822,-0.14745703481636585,0.19362186788154898,0.006724271166476922,-0.001998190639100775,-0.0003093312917793528,-0.13579643709113615,-0.12697967104043928,0.8730203289595607,-0.15944164487351864,9.0027178549588e-05,0.007169080063272843,-0.6849528783794071,-0.8243409167330832,0.11310580947088812,-0.037477625192543905,205327,MLP,4
-0.11141964187516859,-0.10543672605770682,0.05239179954441914,0.012361972948093707,-0.000554180083779107,0.000122520416751815,0.053786462954046675,0.055259241153404304,1.0552592411534043,-0.11141964187516859,0.05478696328763025,0.0062931348556542,0.3090592151814902,0.3719528230471868,0.14697956870331874,0.01698544112286593,434988,MLP,4
-0.079656426343576,-0.07656644066504559,0.04100227790432802,0.013233894950814548,-0.00025298084161786186,0.000300011787684606,0.13170517479354207,0.14077194136019577,1.1407719413601958,-0.02087351302621088,0.13270567512712558,0.00571352848311758,0.8335548685336376,1.0031834395675443,0.20984642557383174,0.1033403553192399,648678,MLP,4
-0.029858342901400804,-0.02941698621556499,0.02050113895216401,0.007742376990583026,-0.00010878177976196518,5.2175917124378605e-05,0.022905227617602206,0.0231695667346814,1.0231695667346814,-0.02259039641108528,0.023905727951185732,0.001764123465932897,0.46950625782245453,0.565050868756109,0.0655888914487013,0.08823962806306926,81203,MLP,4
-0.08328904077286482,-0.07991483334530891,0.09339407744874716,0.009957439276728418,-0.0007170727767686207,0.0002798634286832668,0.12286004519195408,0.1307261593104303,1.1307261593104303,-0.03181180618012801,0.1339950164187335,0.005316938043279239,0.8355738140982103,1.0056132409306275,0.09982572597076941,0.057386073678315476,85916,MLP,4
-0.0960702888367482,-0.09159983656612092,0.1571753986332574,0.00843239406292196,-0.0011783261616357327,0.0003322426208118318,0.1458545105363942,0.15702784044480844,1.1570278404448084,-0.03422996181106138,0.16298546673790623,0.007112324249479014,0.7415561935344804,0.8924630170671426,0.22888682858942389,0.11541904256883222,950737,MLP,4
-0.3361705781170972,-0.2854987828517017,0.32801822323462415,0.006160525984243017,-0.0037694009578521453,-0.0005122039654564653,-0.2248575408353884,-0.20137001718399583,0.7986299828160042,-0.3196470588218609,0.016523519295236305,0.00868421646514749,-0.9362947033236416,-1.1268308498772572,0.052919187410972436,0.0039927152449385425,108871,MLP,4
-0.1438106172768212,-0.13394825223223483,0.05466970387243736,0.008302485408933693,-0.0007853000335517889,-0.0002884734945548606,-0.12663986410958375,-0.1189490864759497,0.8810509135240503,-0.1438106172768212,0.0,0.004954356174697392,-0.9243127859767053,-1.112410610118045,0.03566021060008756,0.011552390994138358,248045,MLP,4
-0.07395126537286449,-0.07128304658713691,0.03416856492027335,0.007109792784352259,-0.0002763900699908191,-2.401480161918774e-05,-0.010542497910823366,-0.010487120555788598,0.9895128794442114,-0.04451348427914682,0.029437781093717665,0.003610373744489393,-0.10559105073135513,-0.12707884922629695,0.015775464957059924,0.08213887567703698,640617,MLP,4
-0.12510815056298236,-0.11759853479135329,0.05011389521640091,0.013477115072368616,-0.0009432727728417551,-0.0002206109673870214,-0.09684821468290244,-0.09230622973553093,0.9076937702644691,-0.12510815056298236,0.010829416940611923,0.007009222856811677,-0.4996403465461579,-0.6013172501489237,0.32356406556454764,-0.025956218130594618,575132,MLP,4
-0.17673819980965177,-0.16200085585700585,0.05694760820045558,0.006533577741702763,-0.0006303605943021924,-0.0002223914407711584,-0.09762984249853854,-0.09301543123253397,0.906984568767466,-0.17164094414876377,0.005097255660888016,0.004379769250376171,-0.8060595145819149,-0.9700927759643923,0.0030751532386985984,-0.0004149725742522268,718707,MLP,4
-0.20810389163303564,-0.1878773404203531,0.02733485193621868,0.009235018397670929,-0.0007347664574279774,-0.0004622438645778934,-0.20292505654969517,-0.18366058157418974,0.8163394184258103,-0.20810389163303564,0.0,0.006233086025206143,-1.17724893171011,-1.4168193086289997,0.005680967653277905,-0.016228750839520766,664356,MLP,4
-0.28755954614568857,-0.24990809964043992,0.22095671981776766,0.006010118944808875,-0.002448845934284572,-0.0005797808015463842,-0.25452377187886266,-0.22471437712420073,0.7752856228757993,-0.2643404343223121,0.023219111823376472,0.007990285637862955,-1.1518655667721711,-1.38627042419739,0.055139497584473944,-0.02252855890637898,879750,MLP,4
-0.09428115441222469,-0.08997313179965416,0.04783599088838269,0.012436299597588582,-0.0006733338010683545,-4.622149726016397e-05,-0.020291237297212036,-0.020086755539808987,0.979913244460191,-0.0938372053303778,0.05007516969858472,0.0059181522610224765,-0.1239818594538686,-0.1492121909499622,0.2583527790489368,-0.01063233201506556,153441,MLP,4
-0.09089487791061401,-0.08688630572641998,0.03644646924829157,0.01200450263065056,-0.0004600315559913383,-5.74329406361542e-06,-0.0025213060939271344,-0.002518130271351837,0.9974818697286482,-0.04087188624176566,0.050022991668848354,0.005413113794335869,-0.01684279515557934,-0.020270307107472445,-0.07353350624801491,0.07418254573970892,259180,MLP,4
-0.22445799505187888,-0.2010508641879062,0.16400911161731208,0.009039909000253952,-0.0017765509956225,-2.5530008546080247e-06,-0.0011207673751729777,-0.0011201395499889077,0.9988798604500111,-0.1637138477135533,0.06778010411241293,0.007539995999601683,-0.005375020378195184,-0.006468838026498661,0.10399973584946043,0.014264450030364587,868887,MLP,4
-0.13526376307652505,-0.12651451191888563,0.08428246013667426,0.009582694305441368,-0.0007968744174820546,7.79411696436097e-05,0.034216173473544456,0.03480828065154329,1.0348082806515433,-0.11176348818229445,0.06578966326762424,0.00653056618560002,0.18945948566467957,0.22801452629284383,0.07903403646036185,0.009714374402874485,126853,MLP,4
-0.11153767361430877,-0.10554230668564601,0.05239179954441914,0.01078932473954737,-0.0006153685056858516,-1.78561033160016e-05,-0.007838829355724747,-0.007808185854892291,0.9921918141451077,-0.11153767361430877,0.0,0.0049433540645679366,-0.057340997397820635,-0.0690099010506325,0.07133559132201403,0.01623922701901311,980923,MLP,4
-0.24405196258033585,-0.21655307671854196,0.11161731207289294,0.004440843844359154,-0.001147588484295869,-0.0005238226890701375,-0.22995816050179035,-0.20543315391398398,0.794566846086016,-0.2430114931118086,0.0010404694685272444,0.0048675134684755764,-1.7083522114712149,-2.056002204763507,0.017339216859972494,-0.052495062233175016,544494,MLP,4
-0.12602007353963632,-0.118402850169534,0.08656036446469248,0.007765828434148953,-0.0008616926686081193,-0.00011489129752664167,-0.050437279614195724,-0.049186437804362604,0.9508135621956374,-0.09874738008719523,0.027272693452441075,0.0061689231840657815,-0.2956501081221271,-0.35581496020319037,0.04883286110186117,0.032956294589957226,284192,MLP,4
-0.17566572084601312,-0.16110163729305949,0.004555808656036446,0.011847047784277618,-0.0004042705290150953,-0.0003484558669955385,-0.15297212561104143,-0.14184635801358492,0.8581536419864151,-0.1689015059439163,0.006764214902096808,0.005466284764317566,-1.0119424143100149,-1.2178728841421667,-0.25017558029764014,-0.05384438289552604,371972,MLP,4
-0.1375632695820837,-0.12852078987258142,0.05239179954441914,0.007248184646089194,-0.0005541453081787114,-0.0001453672012352904,-0.06381620134229243,-0.061822580564645624,0.9381774194353544,-0.1375632695820837,0.0,0.004432185955769778,-0.5206534208070183,-0.626606488936505,0.040762161221621046,0.04410332661256166,365641,MLP,4
-0.283696569692618,-0.24700490842231415,0.15261958997722094,0.007574058105785006,-0.0017449885951128633,-0.00032271950864325724,-0.14167386429438988,-0.1320957350963331,0.8679042649036669,-0.2836273218050034,6.924788761456338e-05,0.0076769653977916425,-0.6673227132256969,-0.803123009686177,0.07174829182953558,0.00681218559454196,94901,MLP,4
-0.10111753653889723,-0.09617320603061663,0.02050113895216401,0.01247552138166894,-0.00035460575515451756,-9.157353594856966e-05,-0.040200782281422084,-0.03940345097812781,0.9605965490218722,-0.0818417638362813,0.019275772702615917,0.004962963004526595,-0.2929066397316728,-0.3525131954841835,-0.04440138791580092,0.031097570944605888,133900,MLP,4
-0.20467174386257384,-0.18508522671235672,0.11161731207289294,0.008191195759611487,-0.0013563178056525556,-0.0002906500045183004,-0.1275953519835339,-0.11979051788738349,0.8802094821126165,-0.20467174386257384,0.0,0.006952003780740905,-0.6636828644819305,-0.7987424510449675,0.22523886509232746,-0.01406902484961965,850967,MLP,4
-0.2032265521840796,-0.18390666724627902,0.02050113895216401,0.009600144794837269,-0.0005809956661622214,-0.00037227069087977175,-0.16342683329621976,-0.1507713680117183,0.8492286319882817,-0.2032265521840796,0.0,0.005936692748841447,-0.9954387502957318,-1.1980107214264226,-0.0452283545974882,-0.028517241510341174,842300,MLP,4
-0.09287706727316802,-0.08869447731672875,0.05922551252847381,0.009042422122530652,-0.0004094614142973816,0.00015033123253070245,0.06599541108097837,0.06822181517133896,1.068221815171339,-0.051458982502496614,0.07770482804763794,0.005741607974979923,0.4156386753974989,0.5002212232724003,0.06069481539796552,0.09728583601553548,151698,MLP,4
-0.05910411206677525,-0.05739137288402618,0.029612756264236904,0.0049491854478830675,-0.00026955484509997007,-0.0001150135607975111,-0.05049095319010734,-0.049237469998718475,0.9507625300012815,-0.055026579787558184,0.004077532279217064,0.0025529139317701454,-0.7151763531469179,-0.8607148742462721,0.08661235418597284,0.022281072237392587,504782,MLP,4
-0.2622549587900787,-0.23068514488346492,0.2505694760820046,0.006929265147373392,-0.002811063715536381,-0.00037043461549065193,-0.16262079620039627,-0.15008658228722727,0.8499134177127727,-0.24574527366761154,0.01650968512246717,0.008497604983476405,-0.6920146593096724,-0.8328397713982337,0.054930324361340446,0.07246435807662024,831870,MLP,4
-0.20755922582392525,-0.18743488449050605,0.06378132118451026,0.008263237426922485,-0.0008263560533001939,-0.0002466097721014808,-0.1082616899525501,-0.1026072729598625,0.8973927270401375,-0.18515752419632395,0.022401701627601297,0.006410222245253067,-0.6107134226199431,-0.7349937178961103,-0.16648521391247673,0.05239065172541536,85194,MLP,4
-0.1828086499830184,-0.1670724788153627,0.19134396355353075,0.007138258080550383,-0.0019779997284062037,-0.00023365882646462425,-0.10257622481797017,-0.09749064648021977,0.9025093535197802,-0.1632183947974656,0.019590255185552793,0.007986962829423223,-0.4644091825617549,-0.5589165377302961,-0.06486017474695885,0.06122492471546389,520091,MLP,4
-0.31331957150784834,-0.26898373673247333,0.1232876712328767,0.008164467305163554,-0.001871055284552436,-0.0006337990748614235,-0.27760399478930364,-0.2424032256107702,0.7575967743892298,-0.298011283086357,0.015308288421491355,0.007760679872129888,-1.2964390446935863,-1.5602646318091653,0.06992652804638025,-0.020755385798709333,119595,MLP,7
-0.3245038223691294,-0.27711405549233226,0.07077625570776255,0.00879880322733612,-0.0013255239321923178,-0.0006089619642804878,-0.26672534035485396,-0.23411660015748303,0.765883399842517,-0.2691048295211635,0.0553989928479659,0.007363696810805153,-1.3127878212091162,-1.5799403873913047,0.12557116467193682,0.003115694232322527,841039,MLP,7
-0.20116576896654298,-0.18222314170741183,0.1552511415525114,0.008099050075188132,-0.0014968492344712636,-7.074912423686228e-06,-0.003098811641574495,-0.0030940152803985432,0.9969059847196015,-0.19112821924462267,0.013367078559095604,0.006428863723425407,-0.01746976724900445,-0.02102486813871149,0.15089406487379337,0.03870231629199713,244,MLP,7
-0.14741516275919173,-0.13706435570490783,0.14840182648401826,0.008847008408391619,-0.0018985044422204257,-0.0003038507086821087,-0.1330866104027636,-0.12461072899196646,0.8753892710080335,-0.1351821332319261,0.012233029527265616,0.008244571935026725,-0.5850492303535136,-0.7041068577223455,-0.02666540630768911,0.043829549074869,361366,MLP,7
-0.1619347545593202,-0.1495033062384148,0.1004566210045662,0.009727431209960153,-0.001250791966171527,-0.00014795676126332156,-0.06480506143333495,-0.06274984822848906,0.9372501517715109,-0.1328293326378868,0.029105421921433405,0.007332370233617781,-0.32032490118832374,-0.38551107825515474,-0.04243634012850266,0.04465251546158767,442092,MLP,7
-0.12669941055553183,-0.11900154836457433,0.0365296803652968,0.011913404514805047,-0.0007131072439572019,-0.0002518648052809554,-0.11031678471305847,-0.10444960631809386,0.8955503936819061,-0.11031678471305852,0.016382625842473315,0.005759701065745021,-0.6941731501444719,-0.8354375155200315,0.1353457667919991,-0.010964606062619401,426588,MLP,7
-0.13781083241224634,-0.12873650902914424,0.1095890410958904,0.009729220234979283,-0.0013759700703972347,-0.00015896291364364394,-0.06962575617591585,-0.0672571721623797,0.9327428278376203,-0.11356178023392213,0.03830516760254704,0.007516779700138907,-0.33570998802230123,-0.4040270331260152,0.09676854163028237,0.048202092111314015,807238,MLP,7
-0.15773185555767216,-0.1459212322586414,0.10273972602739725,0.009455815209479159,-0.001206334980322337,-0.00011090859095916979,-0.04857796284011638,-0.04741692967084732,0.9525830703291527,-0.1485786717780244,0.01452057130720294,0.006872452425940119,-0.25618501089739515,-0.30831870834106534,0.1766781193147823,-0.0039635201974619885,247280,MLP,7
-0.1891286285576832,-0.1723199634419953,0.0410958904109589,0.010427881182300057,-0.0008749654469352875,-0.0004104649005283556,-0.17978362643141976,-0.1645490386383054,0.8354509613616946,-0.18433175389770404,0.004796874659979165,0.0058864822679466815,-1.1069307602936589,-1.3321913762293598,-0.011727357273524516,-0.00979309071839201,589528,MLP,7
-0.2893992684019885,-0.25128679180961,0.21689497716894976,0.0067200417705130236,-0.0023461424349015395,-0.0003797326186586547,-0.1663228869724907,-0.15322722185464455,0.8467727781453555,-0.287047556850541,0.002351711551447461,0.008116242188864945,-0.7427166786978027,-0.8938596611773938,-0.0667404206046951,0.09746025546525487,705597,MLP,7
-0.18362756854494708,-0.16775429940732878,0.1187214611872146,0.009145956280753442,-0.001738683080053825,-0.0004464427906429168,-0.19554194230159752,-0.17761115004035855,0.8223888499596415,-0.197039104475855,-0.013411535930907905,0.007392883020504797,-0.9586327245130786,-1.1537146625402117,0.028158885505218122,-0.028615476393894043,649587,MLP,7
-0.09935578557174347,-0.09457948484449252,0.0593607305936073,0.007882700075059958,-0.0005937156618380353,-9.054943088062024e-05,-0.039660650725711656,-0.03888446232123677,0.9611155376787632,-0.044270795984265324,0.05508498958747815,0.005541073611894313,-0.2594132028359593,-0.3122038379405242,-0.08356288212274099,0.09619258548857698,625032,MLP,7
-0.22985203694582695,-0.2053488271803794,0.1324200913242009,0.009120879330449206,-0.0018106990750427496,-0.00036313846426984223,-0.15905464735019095,-0.14705025374796632,0.8529497462520337,-0.21940414688661614,0.010447890059210804,0.007848623238683126,-0.7344784215437405,-0.8839449171577318,0.11285088584920504,0.010550975993921595,339493,MLP,7
-0.1894148549358321,-0.17255683340029315,0.07990867579908675,0.012070847675833036,-0.001173673372656352,-0.0001153212340784329,-0.050510700526353626,-0.04925624484071156,0.9507437551592884,-0.1894148549358321,0.029301972739742263,0.007265117334084402,-0.25198049162275715,-0.30325856861075656,0.16315901602247224,0.006179811958945667,552964,MLP,7
-0.18967170148105375,-0.1727693320280641,0.1643835616438356,0.007056444694107457,-0.0018028828502329025,-0.00034655503472489843,-0.15179110520950556,-0.14083226233877866,0.8591677376612213,-0.17963415175913344,0.010037549721920312,0.007569423170985298,-0.7267912627694327,-0.8746934201407713,-0.024519496690481465,-0.011953312511394367,164496,MLP,7
-0.17260309484893316,-0.15852846704076262,0.182648401826484,0.0081248574912846,-0.0020238536408402163,-0.00017020777195897148,-0.07455100411802931,-0.07183986713727097,0.928160132862729,-0.17260309484893316,0.0,0.008283639719241469,-0.3261808463985694,-0.39255870940662013,0.12189321561419285,0.1058039400503107,160422,MLP,7
-0.18409919884788195,-0.16814671915341972,0.0776255707762557,0.008518410101121726,-0.001092231851451112,-0.00034620028435641684,-0.15163572454811058,-0.14069875391540665,0.8593012460845934,-0.1693564505098953,0.014742748337986649,0.006377833619572711,-0.8616968496161141,-1.0370523190430223,-0.061108271198824116,-0.02612643181503558,220778,MLP,7
-0.14966928223921983,-0.13900732508546465,0.04794520547945205,0.008313685519668422,-0.0007070735961435302,-0.0002745714467552859,-0.12026229367881518,-0.11331216640050812,0.8866878335994919,-0.12282578842584158,0.02684349381337826,0.005691287223573433,-0.7658525075572398,-0.9217036355198214,-0.06349988182300913,0.035001647085113,655322,MLP,7
-0.2234530160817134,-0.20024753351057722,0.182648401826484,0.007497525871860004,-0.0022627396885823887,-0.00048004278256551344,-0.21025873876369475,-0.18962545646524132,0.8103745435347587,-0.2234530160817134,-0.0,0.007638033159248159,-0.9976970208373537,-1.2007285504439698,-0.07183263168487408,0.039747827634423784,960036,MLP,7
-0.4779103130522578,-0.37992219262590043,0.2762557077625571,0.006273140743277582,-0.003638081283188029,-0.0009000496274749262,-0.3942217368340176,-0.32579545631616047,0.6742045436838395,-0.394221736834016,0.08368857621824177,0.008994816179549663,-1.5884532386525363,-1.9117037686396186,-0.11518629573082743,-0.0321815059652813,205327,MLP,7
-0.23923969374238901,-0.21277383342937883,0.1506849315068493,0.006955714577836056,-0.0018692287641605956,-0.0005394427811200044,-0.23627593813056189,-0.21043722660500008,0.7895627733949999,-0.23777310030481957,0.0014665934375694377,0.0072840858262640034,-1.1756298424544558,-1.4148707344081912,0.05976687490082277,-0.03344369214753311,434988,MLP,7
-0.18727105192232843,-0.1707810554672985,0.01141552511415525,0.0138132484699826,-0.0005885453397182081,-0.00042414130079468295,-0.1857738897480711,-0.1695386504205163,0.8304613495794837,-0.18727105192232843,0.0,0.005075740353677328,-1.3265127738551514,-1.5964583704577016,-0.17761725879883541,-0.056605300322590923,648678,MLP,7
-0.09998628963293446,-0.09515017622586108,0.0730593607305936,0.00927506101100084,-0.0006001148017874373,0.00012135923019709427,0.05315534282632729,0.05459345592367937,1.0545934559236794,-0.042104276149858365,0.07263330148762297,0.006243060683858927,0.30858550829137554,0.3713827167166845,-0.005672640219780598,0.0918052240248305,81203,MLP,7
-0.11374464228931924,-0.10751417007518216,0.09817351598173515,0.011320505071213351,-0.0010658499192188722,0.00015016210038977062,0.06577099997071952,0.06798212122379188,1.0679821212237919,-0.009418222686452031,0.1739379945126045,0.007114223217030976,0.3350681263646821,0.4032545525014948,0.029361853423704804,0.08031179251014324,85916,MLP,7
-0.33363060189270544,-0.2836816600003538,0.1552511415525114,0.0073267456571267705,-0.0022475999124294114,-0.000761171833137584,-0.33339326291426186,-0.28351162956067066,0.7164883704393293,-0.33363060189270544,0.0,0.007620655058934389,-1.5855891861486282,-1.9082568809176057,0.13570753970665878,0.026970774077165065,950737,MLP,7
-0.29663354634964967,-0.2566836465502139,0.15296803652968036,0.008121959017284493,-0.0021178572362855275,-0.0005514926495522139,-0.24155378050386955,-0.21459343690757338,0.7854065630924266,-0.2828192928146941,0.013814253534955554,0.008080968230129203,-1.0833694867071089,-1.3038353790785933,0.131435197829643,0.016296659907203602,108871,MLP,7
-0.21893365586456537,-0.1966249843935396,0.06621004566210045,0.013052645534278323,-0.0009328978275040312,-6.914362911135722e-06,-0.003028490955077512,-0.0030239097022728423,0.9969760902977272,-0.21893365586456537,0.0,0.006842094026491319,-0.01604218065389101,-0.019306767405539865,0.0009635563095617093,-0.023910480672249174,248045,MLP,7
-0.11180771155072032,-0.10578381158614603,0.1461187214611872,0.010105894393488316,-0.0012348904633060485,0.00042221052033513686,0.18492820790679024,0.2031320616579726,1.2031320616579726,-0.10568193219673827,0.19983365912420448,0.00752875109304168,0.890238519443985,1.0714022239980423,0.2367532221207607,0.06662331285293031,640617,MLP,7
-0.09017130077463116,-0.08622535844035606,0.1095890410958904,0.008332949570354638,-0.0008127224410295646,0.0001895429848755534,0.08301982737549239,0.08656335203423904,1.086563352034239,-0.07993127955723067,0.12234302214979662,0.005233045596315691,0.5749809645350606,0.6919896979341672,0.20650737978884048,0.041150864039213614,575132,MLP,7
-0.13945644415021127,-0.13016909139627608,0.08447488584474885,0.007481733145227561,-0.0009006949422384004,-0.00019259028644789695,-0.08435454546417889,-0.08089466630577957,0.9191053336942204,-0.13945644415021127,0.0,0.00610653586722846,-0.5006563596251438,-0.6025400220787615,-0.1920779169947816,0.04833614606759618,718707,MLP,7
-0.09601349856459054,-0.09154824680872709,0.136986301369863,0.008600675043369956,-0.0011500341388373694,0.00018567944776637368,0.0813275981216717,0.08472619262965497,1.084726192629655,-0.0023757018613993967,0.13459966643439142,0.007064636160265392,0.41722882641461684,0.5021349703177392,0.05927107046544303,0.12225173776352073,664356,MLP,7
-0.13858106730814163,-0.1294073281960797,0.03424657534246575,0.013370145359875317,-0.0007564718790433744,-0.00027268361743657,-0.11943542443721768,-0.1125786883005565,0.8874213116994435,-0.12270153785187338,0.01587952945626826,0.005753283006793241,-0.7523909783197991,-0.9055026825747425,0.13246994713541077,-0.0278232982945717,879750,MLP,7
-0.17424696307362672,-0.15991059902310956,0.1232876712328767,0.006623235955598577,-0.0013280072374718757,-0.00034771698079195696,-0.15230003758687727,-0.14126940936949328,0.8587305906305067,-0.15440949687401195,0.019837466199614778,0.006547302689607365,-0.8430702242650502,-1.014635171962965,-0.00033298065549908467,0.04362762637675183,153441,MLP,7
-0.2379555339269222,-0.21176225984852604,0.2009132420091324,0.007996693662819325,-0.002654263715626187,-0.0005143453382216092,-0.2252832581410647,-0.2017099354288392,0.7982900645711608,-0.22545837365132013,0.012497160275602066,0.008786139943642917,-0.9293021930007327,-1.118415362400965,0.019473410842197673,-0.015636581316622565,259180,MLP,7
-0.2547620439472231,-0.22489908402701164,0.2990867579908676,0.006915953617944608,-0.0033928021078246913,-0.0003095897788845583,-0.13560032315143652,-0.12680844279471504,0.873191557205285,-0.16569728832634067,0.08906475562088242,0.008821249925261593,-0.5571302731353414,-0.6705063875091062,0.1702109002921139,-0.021167733110860194,868887,MLP,7
-0.3238874939223222,-0.27666838299472374,0.24429223744292236,0.006574667089144636,-0.0029276154212645126,-0.0006062815659819123,-0.2655513259000777,-0.23321691395642952,0.7667830860435705,-0.26555132590007785,0.05833616802224437,0.008546947073699586,-1.1260654132329442,-1.3552199346064844,0.03178184180727845,0.02069651774685301,126853,MLP,7
-0.26205342649809416,-0.23053008747344272,0.13470319634703196,0.007710168644979692,-0.0017207701942415549,-0.0004503925880450857,-0.1972719535637475,-0.17903266204222756,0.8209673379577724,-0.26198417861047957,6.924788761456338e-05,0.007270583206729062,-0.9833820036977389,-1.1835004246496237,0.0270337013890959,0.012194606329920166,980923,MLP,7
-0.09089487791061401,-0.08688630572641998,0.06621004566210045,0.01259423328871785,-0.0007525671074908603,0.00013112515618505876,0.05743281840905566,0.059114115293336766,1.0591141152933368,-0.01920618103094694,0.08951603938928641,0.006759595300244745,0.3079396370468575,0.37060541055358426,0.09818411296272377,0.0744655800880635,544494,MLP,7
-0.30712110863700787,-0.26443848733954967,0.3127853881278539,0.006387866413091661,-0.003828170908805477,-0.0006327437099472397,-0.27714174495689103,-0.2420529456765892,0.7579470543234108,-0.30250209240024695,0.004619016236760937,0.008993546190748557,-1.1168558862017326,-1.34413626710873,0.10003751153513596,0.018196116295810177,284192,MLP,7
-0.21084526891862915,-0.19010062620750212,0.04337899543378995,0.010427122134362388,-0.0007932456060956556,-0.00030651732511688195,-0.13425458840119428,-0.1256325675419303,0.8743674324580697,-0.15458565643881322,0.056259612479815924,0.0063950415883004645,-0.760872563777203,-0.9157102722528072,0.05517926621946885,0.0074969918189653545,371972,MLP,7
-0.1855293318682375,-0.16933552971720744,0.0319634703196347,0.011921308650129069,-0.0007464610412685105,-0.0003415551607215559,-0.14960116039604138,-0.13894867067968597,0.861051329320314,-0.1521200155570876,0.03340931631114989,0.006424072291286438,-0.844016044625461,-1.015773466942921,-0.049372444270937815,-0.015249359750619421,365641,MLP,7
-0.10272247471110675,-0.09762262872529692,0.2922374429223744,0.00709306079813591,-0.002744553297078535,0.00013036589056404256,0.05710026006705082,0.05876195661905892,1.058761956619059,-0.10509596058651081,0.06786274234900141,0.007252415496465514,0.28535242586088533,0.3434216976833766,0.037940436135312526,0.06091895698148204,94901,MLP,7
-0.22994789641657581,-0.20542499837031258,0.0365296803652968,0.012448026222257871,-0.0009465515541730321,-0.0004572519093719033,-0.2002763363048936,-0.18149546069604772,0.8185045393039523,-0.22994789641657581,0.0,0.006698027245870529,-1.0836995380572854,-1.3042325959400178,-0.010303238868170216,-0.0032436736693679203,133900,MLP,7
-0.13739868371305028,-0.12837734490525454,0.1141552511415525,0.009095681609388647,-0.0010690036972377868,9.13485067150022e-05,0.040010645941170986,0.04082185466164123,1.0408218546616412,-0.12889720249766884,0.058332622254047596,0.006855769973774685,0.21151710077455343,0.25456087018680595,0.16069280891920418,0.06175406378379583,850967,MLP,7
-0.03747875132247865,-0.03678511545415997,0.04794520547945205,0.007265003675786818,-0.000426404421829778,-5.7638280163228926e-05,-0.02524556671149424,-0.024929562214797252,0.9750704377852027,-0.03747875132247865,0.0,0.002964626963610823,-0.308632196592387,-0.37143890609564956,0.056012271027672325,0.029614320507374853,842300,MLP,7
-0.3381596430776223,-0.28691855970469093,0.16666666666666666,0.0074147670746391725,-0.002171438630361176,-0.0005737376795277847,-0.25129710363316965,-0.22220874737948193,0.7777912526205181,-0.3515711790085302,-0.013411535930907905,0.007702476281662422,-1.1824513278398592,-1.4230803933403346,0.13639751030755476,-0.03543056409447338,151698,MLP,7
-0.12811648669297732,-0.12024910609659833,0.1278538812785388,0.007809897957612293,-0.0013135750681017085,-0.00014710363102411923,-0.06443139038856426,-0.06239955954277132,0.9376004404572287,-0.10870532597564522,0.019411160717332093,0.006738903211340412,-0.3465248979888621,-0.41704277928553757,-0.11483831635249102,0.0882213626406989,504782,MLP,7
-0.16585599892920605,-0.15283178146313758,0.1095890410958904,0.009181937272063135,-0.0011729330094170554,-3.8152704597308514e-05,-0.01671088461362105,-0.01657203230551807,0.9834279676944819,-0.14975813664949708,0.01609786227970898,0.007280901160154677,-0.08318412733968052,-0.10011211275011318,0.17455704200427988,0.10304095417390811,831870,MLP,7
-0.2126294707252669,-0.1915443617926018,0.03424657534246575,0.010305138443774536,-0.0007979658563135416,-0.0004177225583653198,-0.18296248056401004,-0.16720059868524084,0.8327994013147592,-0.18296248056401015,0.02966699016125673,0.005861800340305864,-1.1312463157678605,-1.3614551517724338,-0.1024105051353656,-0.04352632712262922,85194,MLP,7
-0.27380311060561147,-0.23951820867901708,0.13926940639269406,0.00899238729727445,-0.002162824531186989,-0.0006092448016524052,-0.26684922312375353,-0.23421147403696896,0.765788525963031,-0.27380311060561147,0.0,0.00830504830713262,-1.1645280122068271,-1.401509679636952,-0.0009486543609625362,-0.09604338894057789,520091,MLP,7
-0.19866258129493852,-0.18017352854464086,0.09817351598173515,0.008089527321556185,-0.0013183475323037097,-0.000394743379984131,-0.17289760043304936,-0.15877624861777395,0.841223751382226,-0.19866258129493852,0.0,0.005499834833194835,-1.1393718322123485,-1.3712342123271202,0.1405025677338564,0.035385068059050825,119595,MLP,10
-0.3921562025808484,-0.32440142452295806,0.23515981735159816,0.007186881882748465,-0.0031813742688302053,-0.0007431770459703814,-0.3255115461350269,-0.2778421579139727,0.7221578420860273,-0.37532511397096424,0.016831088609884158,0.008861553254498913,-1.3313207655086858,-1.6022447893084362,-0.07587239211577279,-0.0010650704122973462,841039,MLP,10
-0.2072324883275995,-0.18716934562067244,0.2945205479452055,0.006709496993634302,-0.0033021070774240783,-0.0003534839606055139,-0.1548259747452151,-0.14343577167799437,0.8565642283220056,-0.2056703618340366,0.0015621264935628864,0.008984150777817067,-0.6245870146268278,-0.7516905884609804,-0.04070554642202824,0.052670947326688505,244,MLP,10
-0.13775664003699914,-0.12868929191171008,0.1324200913242009,0.00896544445274773,-0.0010571455284814337,0.00027004675213795296,0.11828047743642342,0.12555976121530987,1.1255597612153099,-0.11953510741620116,0.13134063396844545,0.0070235257176566625,0.6103571715170731,0.7345649696274386,0.05595367484339068,0.08695063412572261,361366,MLP,10
-0.22534674031922114,-0.2017606110124236,0.18036529680365296,0.006269477756788472,-0.0015844311525370445,-0.00016785854103769328,-0.0735220409745097,-0.07088433304889852,0.9291156669511015,-0.1515279819003236,0.07381875841889754,0.005652444327552727,-0.47141936757418546,-0.5673532966987205,0.05971424934018546,0.025063699983120333,442092,MLP,10
-0.07507771725011228,-0.07232861254231482,0.0684931506849315,0.01019479882305128,-0.0006656729818793168,7.819494996524467e-05,0.03424938808477705,0.03484265197709746,1.0348426519770975,-0.07507771725011228,0.09948884104311209,0.005688757024948213,0.21820343932624844,0.262607879879404,0.027169496769374617,0.012747321202368302,426588,MLP,10
-0.3451640910950628,-0.2918958496513371,0.2579908675799087,0.006386591186990222,-0.0032586394012959906,-0.0007702579938157574,-0.337373001291302,-0.2863573993595544,0.7136426006404456,-0.3585756270259707,-0.013411535930907905,0.00787197985325302,-1.5532898724230406,-1.8693846508316523,0.13152334517103795,-0.005105457029535369,807238,MLP,10
-0.37056445781408154,-0.3096554497353903,0.1689497716894977,0.0088106202484582,-0.0027283336444549997,-0.000778830018711674,-0.34112754819571284,-0.28903178029067744,0.7109682197093226,-0.3676673076444922,0.0028971501695893506,0.00861052868870846,-1.4358634301782582,-1.7280619057140683,0.015558826262638338,-0.102697362415355,247280,MLP,10
-0.3501758556117095,-0.29543582274069846,0.07990867579908675,0.007242107863118065,-0.001461787537044432,-0.0007662707813236845,-0.33562660221977386,-0.2851100056778457,0.7148899943221543,-0.33562660221977314,0.014549253391936339,0.006792631496204835,-1.7907892622619228,-2.155215210747755,0.04246153718245796,-0.10026117595982502,589528,MLP,10
-0.4386331091396183,-0.3550826494890954,0.1735159817351598,0.00683264813894532,-0.002561135074151548,-0.000931163557723781,-0.40784963828301624,-0.33492112629410764,0.6650788737058924,-0.407849638283015,0.030783470856603278,0.008337463086362809,-1.7729329735992956,-2.133725164015741,-0.025469411140577998,0.005022401338038303,705597,MLP,10
-0.13035812268109126,-0.12221897866745135,0.0547945205479452,0.007786700600410656,-0.0006707849652818048,-0.0002073610986685193,-0.09082416121681143,-0.08682173106166868,0.9131782689383313,-0.0915754856295895,0.03953396146427979,0.004076583613286339,-0.8074789343870525,-0.9718010479643064,0.13850671774739087,0.014363182051414633,649587,MLP,10
-0.10012485083639994,-0.0952755446206004,0.1689497716894977,0.007794130409680063,-0.0014607912209095531,0.00010282567558275637,0.045037645905247295,0.046067239315649156,1.0460672393156492,-0.07289929605821903,0.1297574225158467,0.006261576417966201,0.2606862692311057,0.3137359735842491,0.12987843069632346,0.07368986702811867,625032,MLP,10
-0.23395325690103572,-0.2086011925361957,0.07990867579908675,0.00948340154621736,-0.0011498542998257882,-0.00030016490573558225,-0.13147222871218495,-0.12319637523449445,0.8768036247655056,-0.22376143498539697,0.010191821915638749,0.007230049129323883,-0.65905086840794,-0.7931678429070013,-0.03856323783185083,0.044224782901078195,339493,MLP,10
-0.2418286278932826,-0.2148092741885519,0.1232876712328767,0.009304887591995202,-0.0016825558882173316,-0.0003279395687390738,-0.14363753110771432,-0.13379833767927185,0.8662016623207281,-0.2418286278932826,0.0,0.007887012341135896,-0.6600571976407494,-0.7943789603261617,0.09133324654983142,-0.033819151284887126,552964,MLP,10
-0.10477353331437196,-0.09947156081382791,0.1187214611872146,0.009247622688495622,-0.0010989596691451952,0.0001294017066477785,0.05667794751172697,0.058314922552372916,1.058314922552373,-0.04989677208398337,0.061056062719879595,0.006616089409512591,0.31048377416886597,0.3736672800538821,0.2495220179789737,0.06332041519211071,164496,MLP,10
-0.1716212495806551,-0.15770186646720996,0.19863013698630136,0.00848702483561036,-0.0021510030753138253,-3.797013410285709e-05,-0.016630918737051234,-0.016493388481668814,0.9835066115183312,-0.105168744729111,0.07097173872524967,0.008136276842766686,-0.07408267984876377,-0.08915851899923846,0.061703084665638494,-0.0120224914075506,160422,MLP,10
-0.20999681053139085,-0.18941316869268243,0.2785388127853881,0.006723809754905637,-0.003123563949499372,-0.0003806881688203515,-0.16674141794331387,-0.15358154833407345,0.8464184516659266,-0.19995926080947055,0.010037549721920312,0.008775216011362512,-0.6886710620860279,-0.8288157515166813,0.023941981097000527,0.029459491028350233,220778,MLP,10
-0.2622890924048552,-0.23071140393221068,0.2922374429223744,0.0074910284582617795,-0.0032451416873817674,-0.00010763077723936147,-0.04714228043084003,-0.04604834071893549,0.9539516592810645,-0.20046354734025032,0.12574702804824248,0.00886014925012479,-0.19283937230826947,-0.23208222049806113,0.12328381703111108,0.02332845881984886,655322,MLP,10
-0.46992017244821116,-0.37494783732491266,0.17579908675799086,0.006711219332200227,-0.0026063450875154666,-0.0009683257717206988,-0.42412668801366604,-0.34565902050135433,0.6543409794986457,-0.4401466623688103,0.02977351007940089,0.008223179208255896,-1.869312913060823,-2.2497184391128147,-0.20293143232683372,-0.007731167748279292,960036,MLP,10
-0.1879753313771192,-0.1713648517314681,0.09817351598173515,0.008552960460254378,-0.0011187080480282306,-0.0001692063451603032,-0.07411237918021289,-0.0714326636584387,0.9285673363415613,-0.1879753313771192,0.0,0.006807607848543933,-0.3945684764824456,-0.4748632349528557,0.07462644857366955,-0.007022241327392534,205327,MLP,10
-0.561188770023763,-0.42946956891452837,0.21232876712328766,0.006722612394925312,-0.003329352640775538,-0.0011950312975787822,-0.5234237083395064,-0.40751143654186694,0.592488563458133,-0.561188770023763,0.0,0.008704079274858003,-2.1794991905451337,-2.623027681851412,-0.07300934975673358,-0.031728819183667364,434988,MLP,10
-0.05639265710742184,-0.054832063889771354,0.02511415525114155,0.010129988324565941,-0.0003045371400446508,-4.248284755443044e-05,-0.01860748722884053,-0.018435436733500454,0.9815645632664995,-0.02500357456407443,0.03778516987858131,0.0030530280025645694,-0.2208935840492953,-0.265845469554752,0.045732099234162764,-0.05066708658496867,648678,MLP,10
-0.10519462989914732,-0.09985069043336592,0.1324200913242009,0.010458339055164322,-0.0013635459244576479,0.00020190916416809221,0.08843621390562453,0.09246456634006517,1.0924645663400652,-0.059969007170836724,0.1156713135786888,0.007575300180225272,0.4231130831289115,0.5092166743696019,0.12088004596314532,0.05721980737004189,81203,MLP,10
-0.37658154792266446,-0.31379684303691646,0.2009132420091324,0.007306547828557383,-0.002891561320486882,-0.0008426261489894041,-0.369070253257359,-0.3086231627307643,0.6913768372692357,-0.37658154792266446,0.0,0.008553512799093803,-1.5638341515047807,-1.8820746926708756,-0.0040095624600048835,-0.07940426930298779,85916,MLP,10
-0.34131295627323044,-0.28916358732204817,0.3150684931506849,0.006388670346755382,-0.004075572757674874,-0.0007786194507995881,-0.3410353194502193,-0.2889662055597968,0.7110337944402032,-0.3519814815292109,-0.010668525255980464,0.009351638306600473,-1.3217149970306772,-1.590684245155644,0.07014938397087911,0.018001537730186236,950737,MLP,10
-0.5962172087096498,-0.44910839246026013,0.24429223744292236,0.006089036859350228,-0.0036984857053213548,-0.0013074699189746441,-0.5726718245108939,-0.4359835292826283,0.5640164707173717,-0.5976532310138124,-0.0014360223041625896,0.009149609554484824,-2.268451062335711,-2.730081276122683,-0.13177122714950423,-0.02350929188391279,108871,MLP,10
-0.17443869990949282,-0.16007165966557513,0.09360730593607305,0.00784680094440219,-0.0011942558869419816,-0.0003479469141449245,-0.15240074839547707,-0.14135588846688207,0.8586441115331179,-0.17443869990949282,0.0,0.005584073423650754,-0.989149963946522,-1.1904421658835778,0.043675177468190204,-0.002773343045087458,248045,MLP,10
-0.2582280730965774,-0.22758095598741368,0.08904109589041095,0.008789366604750774,-0.0013594500670589774,-0.00045578830861016406,-0.1996352791712519,-0.18097058430230561,0.8190294156976944,-0.269401152529711,-0.011173079433133542,0.0062488008612848105,-1.157888569512176,-1.3935191091170427,0.02742556893824535,-0.04691504587902374,640617,MLP,10
-0.05167058224360081,-0.050358355857340276,0.02054794520547945,0.013328021963659745,-0.0002926487953021313,-1.2771998885106428e-05,-0.005594135511676639,-0.005578517472329514,0.9944214825276705,-0.023528298915600505,0.028142283328000305,0.002841465352575683,-0.0713537459069597,-0.08587424649188982,0.008757647156531056,0.009254755175947628,575132,MLP,10
-0.21984997716578353,-0.19736079686140218,0.3675799086757991,0.007192230830700758,-0.004447289867653953,-0.00016883591232265491,-0.07395012959732294,-0.07128199177253725,0.9287180082274628,-0.10625145701373846,0.14589984756846053,0.009676197255383436,-0.27698763755602,-0.3333546734001509,0.028444257887524547,0.011528837732123775,718707,MLP,10
-0.157511748002219,-0.14573322237847097,0.03424657534246575,0.009181374927892703,-0.0006654529177601854,-0.000328232786059744,-0.14376596029416794,-0.1339095761107849,0.8660904238892151,-0.15271487334223985,0.004796874659979165,0.0053028075911954985,-0.982599095800308,-1.1825581948492137,0.04499943215249814,-0.005462529866280021,664356,MLP,10
-0.17023144348821515,-0.15653042153748487,0.1004566210045662,0.009194892975632009,-0.001219490111983994,-0.00017329637715498918,-0.0759038131938854,-0.07309464166230983,0.9269053583376902,-0.09096106400489892,0.07927037948331622,0.0069468721213745595,-0.39600479961318275,-0.47659185010827804,0.09767363629538436,0.009587285232982449,879750,MLP,10
-0.14195321458792695,-0.132338150546506,0.22602739726027396,0.008149389049168353,-0.0019886856755835123,0.00030279696768232027,0.13262507184485622,0.1418218169199561,1.141821816919956,-0.008503431174042536,0.2567657644811571,0.008305616843707408,0.5787352024350886,0.6965079239462475,0.14072657332050806,0.12729339545571985,153441,MLP,10
-0.2705903964638993,-0.2370710691985698,0.0547945205479452,0.008756388804670836,-0.001128881674764118,-0.0005872230183567233,-0.2572036820402448,-0.22678929140915893,0.7732107085908411,-0.2628975453871535,0.007692851076745808,0.005626354763313121,-1.656823434777224,-1.9939873124127228,0.032350652800988554,-0.03474158142235434,259180,MLP,10
-0.23747903394272912,-0.21138657507801828,0.11187214611872145,0.009054847132681749,-0.0016526229460989818,-0.0004547552888837861,-0.1991828165310982,-0.18059992024101923,0.8194000797589808,-0.22136680270326656,0.016112231239462555,0.007858226647924293,-0.9186571899874975,-1.1056040992914227,-0.0026278397655058214,0.06172982159050831,868887,MLP,10
-0.5182672797769966,-0.40444842126737734,0.3424657534246575,0.005850984734005537,-0.0047033673494433536,-0.0010888632112759254,-0.47692208653885537,-0.37930911241511545,0.6206908875848846,-0.5226608539557251,-0.004393574178728505,0.00905644578420353,-1.9086038855296725,-2.2970051317987963,0.0012806062267496344,-0.020009762367159175,126853,MLP,10
-0.35028174269220336,-0.2955104230347756,0.15753424657534246,0.007492301743469288,-0.0022882457777589037,-0.0007474745929078872,-0.3273938716936545,-0.27920021552323715,0.7207997844767629,-0.35028174269220336,0.0,0.007948493930999402,-1.492835172052417,-1.7966274076731832,0.11266131493936046,-0.05689830879166117,980923,MLP,10
-0.3146148605766024,-0.2699300011320973,0.22146118721461186,0.006710490473303796,-0.0024415101338601227,-0.0004146972140087529,-0.1816373797358335,-0.16609632403280772,0.8339036759671923,-0.2609409431281371,0.05367391744846527,0.008252104423096773,-0.7977497433897591,-0.9600919647865619,-0.10844097637637454,0.0048616163098750866,544494,MLP,10
-0.2479190353512625,-0.21957687259546366,0.11187214611872145,0.008385884170251786,-0.0012986916073754536,-0.00021525733088290848,-0.09428271092671385,-0.08997454826855766,0.9100254517314423,-0.2613305712821704,-0.013411535930907905,0.0069955243875445645,-0.48847005643814556,-0.5878738039229587,0.03749618066755128,-0.0025884907555349607,284192,MLP,10
-0.19228853783423613,-0.1749312294129537,0.3242009132420091,0.007246392906599274,-0.003598135152062758,-8.232925176593483e-05,-0.036060212273479275,-0.035417787953412105,0.9645822120465879,-0.10489441628102578,0.08739412155321036,0.00916048059279446,-0.14267115590203377,-0.1717047627070561,0.09151602454618492,0.053385487754871015,371972,MLP,10
-0.0869732965532677,-0.0832984256020215,0.0136986301369863,0.013603836394059854,-0.0003205184217203912,-0.0001297738352028536,-0.0568409398188499,-0.05525567137987464,0.9447443286201254,-0.0869732965532677,0.0,0.0028536499384468252,-0.7219160766790625,-0.8688261327727868,0.08835509679136846,-0.011780633422766555,365641,MLP,10
-0.09803225677058942,-0.09338034134009399,0.10730593607305935,0.010659706804039246,-0.0010005412788345197,0.0002506725565423457,0.10979457976554735,0.11604878790636741,1.1160487879063674,-0.0893295521021581,0.17157215087690553,0.00708072916774593,0.5619906335134845,0.6763558321296634,0.14848280909528216,0.08055278768744178,94901,MLP,10
-0.23021833551057752,-0.2056398534599524,0.1232876712328767,0.0074910027819954554,-0.001518783592156226,-0.0004079880117813611,-0.17869874916023634,-0.16364218505565986,0.8363578149443401,-0.23021833551057752,0.0,0.006830365094196775,-0.9482083041092046,-1.1411688706421295,-0.056343471827189295,0.02107363418663167,133900,MLP,10
-0.2144972279449709,-0.19305295136957545,0.1598173515981735,0.008111131441709642,-0.0015686789767165566,-2.1677311671273753e-05,-0.009494662512017707,-0.009449730521050137,0.9905502694789499,-0.20808050625926947,0.035433583109350304,0.007536340324377136,-0.045660975995827295,-0.054952993117401025,0.15658987933666063,0.0486146551963622,850967,MLP,10
-0.13964595050735903,-0.1303339142651161,0.12100456621004566,0.009945695064714011,-0.0014453549061341747,-6.698584573473667e-05,-0.029339800431814594,-0.028913567191867107,0.9710864328081329,-0.13662497858077222,0.02315528864968938,0.007451328547479154,-0.14270842149517696,-0.17174961185534635,0.13319398426070814,0.05683627928138703,842300,MLP,10
-0.4293531321631997,-0.3490699757375484,0.10730593607305935,0.00819380959558301,-0.0018796723390559966,-0.0007987279305445051,-0.3498428335784934,-0.29520114827214083,0.7047988517278592,-0.3767198703335158,0.05263326182968392,0.007848416335889043,-1.6155377433982558,-1.9442999751468064,0.06506960371766547,0.03829930558731767,151698,MLP,10
-0.45070552547691817,-0.36282155262644,0.2625570776255708,0.0062120384789831565,-0.0034121637682222364,-0.0008852613517185371,-0.3877444720527192,-0.32141428127221694,0.6785857187277831,-0.45070552547691817,-0.0,0.0073272036363534205,-1.9179333602714888,-2.308233156388609,0.09363017848527794,-0.028151378775913616,504782,MLP,10
-0.06479255092817329,-0.0627381226822814,0.10273972602739725,0.01298644482961627,-0.0009250270252181798,0.0005042337817853595,0.22085439642198726,0.2471418290308729,1.247141829030873,-0.019228811533005406,0.26074556529469967,0.007635076093830439,1.0483802698336007,1.2617258500530015,0.1292479669989105,0.11559254066664364,831870,MLP,10
-0.23748997284790396,-0.2113952015983106,0.1095890410958904,0.008580654861102148,-0.0016362799282495844,-0.000516615841745285,-0.22627773868443474,-0.2025034247457811,0.7974965752542189,-0.2348389175140944,0.0026510553338095696,0.007300297501525438,-1.1233819227192179,-1.3519903532732933,0.02334230361237431,0.03339663208809385,85194,MLP,10
-0.26077300777540036,-0.22954421275936598,0.13926940639269406,0.007931679383389439,-0.0018805066871227362,-0.0005139693576678445,-0.22511857865851587,-0.20157846260894086,0.7984215373910591,-0.26070375988778577,6.924788761456338e-05,0.006728193889763924,-1.2126598527122159,-1.4594363586519206,-0.07487742849435762,-0.022636683603458618,520091,MLP,10
-0.2964629963746927,-0.2565568631536027,0.13729977116704806,0.008581100714004126,-0.0018868144792149565,-0.00044957211858991076,-0.19646301582379128,-0.17836828189442422,0.8216317181055758,-0.19646301582379141,0.09999998055090129,0.007703339826845942,-0.9264470078540102,-1.114979146544977,0.07481235921080596,0.019941271809722314,119595,MLP,13
-0.23091084491706593,-0.2061897649021709,0.12585812356979406,0.00721165131854491,-0.0014245533311822629,-0.00033761681920287025,-0.1475385499916544,-0.13717082437727823,0.8628291756227218,-0.1864053148699046,0.04450553004716133,0.006336601480979748,-0.845800523884616,-1.0179210880637544,-0.052252225173584604,-0.01747636290786478,841039,MLP,13
-0.08287718725809815,-0.07953581499087437,0.06407322654462243,0.010479735171483947,-0.0006421185923735194,7.049446343428177e-05,0.030806080520781015,0.031285498147918256,1.0312854981479183,-0.08197243622723147,0.047796160056998466,0.006033664544450472,0.18547019080693625,0.22321340918836308,0.10005213575709719,0.023376371006862216,244,MLP,13
-0.32058555802477456,-0.2742760408561076,0.3112128146453089,0.006949194022904257,-0.0038704306699261144,-0.0005032248158644884,-0.21990924453278143,-0.1974083657639657,0.8025916342360343,-0.305688338202473,0.014897219822301567,0.00931028947201505,-0.8580234075443075,-1.0326313308252582,0.003233568142762637,0.02169878481634977,361366,MLP,13
-0.04106562373028258,-0.04023385555344772,0.04805491990846682,0.009109578358999663,-0.00035436891751223956,0.00010042031087849259,0.04388367585390131,0.044860805278037486,1.0448608052780375,-0.01074747910589683,0.06327805764582398,0.003279811072098007,0.4860411102783417,0.5849505667671336,0.1617562274252031,0.08960187569936671,442092,MLP,13
-0.32643271882653885,-0.2785070836943091,0.18077803203661327,0.006652847968962712,-0.0023590840489063295,-0.0007299247138682189,-0.3189770999604117,-0.2731078050242143,0.7268921949757857,-0.3384712692156262,-0.012038550389087379,0.0078109353338208206,-1.483458141306067,-1.7853421494230548,-0.010342801992377082,-0.06850374401139883,426588,MLP,13
-0.1868932051920343,-0.17046767859992484,0.10068649885583524,0.00839294790977481,-0.0011871115832329461,-0.00022252893405138717,-0.09724514418045621,-0.09266644867220442,0.9073335513277956,-0.15993735247036764,0.026955852721666684,0.00693702538824864,-0.509229405456944,-0.6128576843344508,0.07950809409885161,0.011290397640823886,807238,MLP,13
-0.31729847010408474,-0.2718865973923609,0.15331807780320367,0.008540666125349965,-0.0021979229975162043,-0.0005515031548799722,-0.24100687868254778,-0.21416377914814377,0.7858362208518562,-0.27867825211230585,0.038620217991778914,0.008244508450552171,-1.061899714578292,-1.2779965043218457,-0.049402124260895054,0.008680308182707219,247280,MLP,13
-0.2580866953478087,-0.2274717454020736,0.10755148741418764,0.008627658885543052,-0.0014286001198484095,-0.0003470345059962387,-0.15165407912035636,-0.14071452587746458,0.8592854741225354,-0.24650208539969115,0.01158460994811757,0.007155862614882811,-0.7698585470167562,-0.9265249047556554,-0.027313079659668615,-0.039126856609740385,589528,MLP,13
-0.20161203638169542,-0.1825880074522317,0.09382151029748284,0.009545718985495276,-0.0014805701149048138,-0.00044606701852860397,-0.19493128709700014,-0.1771088006434015,0.8228911993565985,-0.1949312870970003,0.006680749284695121,0.006489307262846442,-1.0911941918839485,-1.3132524132166252,0.11679634822836706,-0.05512802381865637,705597,MLP,13
-0.5302235333496232,-0.4115265884577587,0.2036613272311213,0.0073061882496942,-0.0032509238113370073,-0.0011008483572597133,-0.4810707321224949,-0.38187880486744186,0.6181211951325581,-0.48107073212249346,0.04915280122712978,0.00893774912545616,-1.955237908529596,-2.353129187166901,-0.048319976430840836,-0.10470085719395562,649587,MLP,13
-0.24867553450254565,-0.22016703877073596,0.14187643020594964,0.008291518681443044,-0.0019937157181250946,-0.0005344833776829332,-0.233569236047442,-0.20829722052856103,0.791702779471439,-0.24791419711003207,0.0007613373925135815,0.00798110388344121,-1.0630936155441668,-1.2794333643566942,-0.02899331052876554,-0.001623929163852124,625032,MLP,13
-0.2330019980260708,-0.20784800921759683,0.034324942791762014,0.0094787567067483,-0.0008189669481445048,-0.00046549817280493487,-0.20342270151575653,-0.184066727709695,0.815933272290305,-0.21811192810110883,0.014890069924961984,0.0058195688753313055,-1.2697769481352315,-1.5281767936341635,0.1095954000644701,-0.10967123776310723,339493,MLP,13
-0.14207751449666725,-0.13244599413259772,0.02288329519450801,0.013840185462054169,-0.0006456264507195077,-0.0003141433405873869,-0.13728063983668803,-0.12827444911533248,0.8717255508846675,-0.1372806398366881,0.004796874659979165,0.005507356067793773,-0.9054927391548623,-1.0897606802618718,-0.04414421140718322,-8.094009069484964e-06,552964,MLP,13
-0.15150211942557085,-0.14058393919737855,0.09382151029748284,0.00648822708931698,-0.0008792651989459999,-0.00018803594535610928,-0.08217170812061986,-0.07888621759979297,0.921113782400207,-0.12409583824532538,0.027406281180245465,0.0050515875094349835,-0.5908990170206995,-0.7111470770660911,0.05311053400180849,0.011520525879259098,164496,MLP,13
-0.3213500550590074,-0.27483064264782064,0.13729977116704806,0.0069077123153854746,-0.0018261866775555356,-0.0006270243444286234,-0.2740096385153085,-0.23967525317614724,0.7603247468238528,-0.3024297508645393,0.018920304194468066,0.007647292464668691,-1.301598302148878,-1.5664737991177538,-0.008654654011541285,-0.03450364377693965,160422,MLP,13
-0.20730218636981712,-0.18722599635169168,0.09153318077803203,0.009003881547132877,-0.0014293638495091487,-0.0004743757125167435,-0.20730218636981695,-0.18722599635169157,0.8127740036483084,-0.20730218636981712,0.0,0.006872745174582771,-1.095702050444115,-1.3186776218335785,-0.11340532219487934,0.004423153074396313,220778,MLP,13
-0.2863221289161129,-0.24897934849134162,0.08237986270022883,0.007862237402590263,-0.0013719608940072354,-0.0006112489061868466,-0.2671157720036521,-0.23441556690923193,0.7655844330907681,-0.27745453820731636,0.008867590708796561,0.006562505322809179,-1.478593173228886,-1.779487159435847,-0.12990215604666108,-0.04804864062104687,655322,MLP,13
-0.7526202883643172,-0.5288695636428811,0.2814645308924485,0.005214871569651207,-0.004420139210437684,-0.0017082254210762798,-0.7464945090103345,-0.5259746648397776,0.47402533516022244,-0.7464945090103351,0.006125779353982046,0.008576984095417144,-3.1616285611311636,-3.8050205623177344,-0.11089618790381567,-0.1185141855601704,960036,MLP,13
-0.3314242856607014,-0.28209949047819227,0.11212814645308924,0.007725643792480618,-0.00167815493684359,-0.0006237244157065507,-0.2725675696637628,-0.23857802159009334,0.7614219784099067,-0.3098938192530255,0.021530466407675922,0.007763593770425781,-1.27535242522724,-1.5348868813530805,-0.05970549336697786,0.03722468270907416,205327,MLP,13
-0.2529290088485772,-0.2234769938706429,0.10526315789473684,0.007789333340289805,-0.0013822264530852588,-0.0004167991064141994,-0.18214120950300539,-0.16651636370458367,0.8334836362954163,-0.24315055682964373,0.009778452018933483,0.007006838013877369,-0.9442890902246147,-1.1364520960018947,-0.17258029017601312,0.007652829951589112,434988,MLP,13
-0.16068614490026906,-0.14844070460231173,0.13043478260869565,0.006071541563058011,-0.001164029950779285,-0.00022025975332224637,-0.09625351220182164,-0.09176626145396893,0.9082337385460311,-0.1076743663744534,0.053011778525815664,0.005366464150123105,-0.6515491558221573,-0.7841395304124783,-0.09509466372456607,0.033840867964765056,648678,MLP,13
-0.19881780679931693,-0.18030077664584443,0.08237986270022883,0.010865124896829122,-0.0011864210081378305,-0.00019361631116114793,-0.08461032797742166,-0.08112972731443735,0.9188702726855627,-0.1563493193884982,0.04246848741081875,0.00649092156773698,-0.4735172998955463,-0.569878158638313,0.03498908239287269,-0.03710679867161459,81203,MLP,13
-0.058810637960915235,-0.05711470106398564,0.13272311212814644,0.010066331661112891,-0.0009175039939539815,0.0005403048572905921,0.23611322263598863,0.26631767787597993,1.26631767787598,0.0,0.24813177398438235,0.006612814974792601,1.297038211412517,1.5609857290670204,0.1833739718281895,0.13781272503309458,85916,MLP,13
-0.15366353463263205,-0.14243948811218599,0.15102974828375287,0.007850145327507331,-0.0017591516466279775,-0.0003078619434404937,-0.13453566928349564,-0.12587830097419828,0.8741216990258017,-0.14982148402401324,0.0038420506086188112,0.007493036555528192,-0.6522264781027715,-0.7849546879033793,0.016880769356897297,0.013570868107692547,950737,MLP,13
-0.2614358787991187,-0.23005475634481498,0.08466819221967964,0.007827655025441601,-0.0012946811293565535,-0.0005223094183095699,-0.22824921580128238,-0.2040741221888872,0.7959258778111128,-0.2614358787991187,0.0,0.006789053337871568,-1.221290297336654,-1.4698231003652427,0.0011736466549769418,-0.0455861976289559,108871,MLP,13
-0.19232840230620726,-0.17496411968825187,0.05491990846681922,0.010755256122414986,-0.0010500259732242325,-0.0004016809611067468,-0.17553458000364847,-0.16099161624114677,0.8390083837588532,-0.1875315276462281,0.004796874659979165,0.005434966710433471,-1.173233971171573,-1.4119873028729022,0.02653151393548268,-0.04062723757444927,248045,MLP,13
-0.2524086370381684,-0.22307280803378216,0.13501144164759726,0.009048966326747525,-0.0018502525463222961,-0.00037873329343643923,-0.165506449231724,-0.15253560230698004,0.84746439769302,-0.16637146057687882,0.08603717646128961,0.007662805026204472,-0.7845958008013643,-0.9442611924309117,0.07837845558162675,0.020115675513310775,640617,MLP,13
-0.3526620702248876,-0.29718534474934244,0.14874141876430205,0.006131832882368023,-0.001964733872839837,-0.0007604390465503387,-0.33231186334249796,-0.2827364002529307,0.7172635997470693,-0.3522181211430407,0.0004439490818468931,0.006537358331526318,-1.8465555984833348,-2.2223300067792278,-0.11693648392436871,-0.03343444439598962,575132,MLP,13
-0.7044227677654469,-0.5056061280138271,0.34782608695652173,0.005319972342589799,-0.0053055817407623085,-0.001609736842205054,-0.7034550000436084,-0.5051274379896278,0.49487256201037216,-0.7039516618842825,0.0004711058811643805,0.009429997935510193,-2.709839422994045,-3.261292250403542,-0.10752620992770288,-0.06406288212048387,718707,MLP,13
-0.5268041798143696,-0.4095109456838806,0.19221967963386727,0.0067533372092193344,-0.0027862901210758883,-0.0009525860118200558,-0.41628008716536424,-0.34050447161946384,0.6594955283805362,-0.4162800871653628,0.11052409264900676,0.008000890639391849,-1.8900188516009553,-2.2746380400032815,-0.10278094276749689,-0.04284007657848859,664356,MLP,13
-0.20352195076906962,-0.1841477044592158,0.21967963386727687,0.008213239482257823,-0.002541426093779948,-0.00017884509767096437,-0.07815530768221135,-0.07517921638296143,0.9248207836170386,-0.13228074875047108,0.10238809984370134,0.008373764383575372,-0.3390443986471903,-0.40803999693425413,0.02636322744903986,0.0062938839015892565,879750,MLP,13
-0.09718545616092147,-0.09261229011317584,0.11670480549199085,0.011038176081742092,-0.0014928397491340386,-3.0409983974581624e-05,-0.013289162996892048,-0.013201251922719037,0.986798748077281,-0.09282973275567744,0.07870321616505238,0.007792926284486746,-0.06194637446811283,-0.07455247321268903,0.08098563225244501,0.020183064715178074,153441,MLP,13
-0.21647713873462593,-0.19464905394608312,0.12128146453089245,0.008197755498850441,-0.0016868233914746334,-0.0004880071873848647,-0.21325914088718595,-0.19205326194878014,0.8079467380512199,-0.21325914088718634,0.0032179978474395883,0.007457155210728797,-1.03885110555954,-1.2502574990739315,-0.014818933972533829,-0.04497868759540211,259180,MLP,13
-0.3014929803710462,-0.2602869811526606,0.2562929061784897,0.006449888853980979,-0.0031047465133971,-0.00065596124761599,-0.2866550652081876,-0.24922934890291215,0.7507706510970878,-0.2896258339120786,0.011867146458967626,0.008329593125220709,-1.2501285271421356,-1.504529915308565,0.05419695439508369,0.005068718678399819,868887,MLP,13
-0.11885587613067483,-0.11206423572151003,0.20823798627002288,0.007280136811221023,-0.001779278700551293,0.00010723574240358285,0.0468620194303659,0.04797739858474537,1.0479773985847454,-0.03389285305089222,0.10537690106810667,0.006558878351602988,0.2595435599026683,0.3123607226945933,-0.017259602604331136,0.10286999713697773,126853,MLP,13
-0.29164890517695846,-0.25296923142809213,0.08009153318077804,0.008153809004276995,-0.0013465761050818423,-0.0005856756958654595,-0.2559402790932057,-0.2258117973668381,0.7741882026331619,-0.2837374098915351,0.007911495285423339,0.006984629946900476,-1.3311103826329473,-1.6019915934782918,-0.0855142705100321,0.010617522500574109,980923,MLP,13
-0.03275911754152005,-0.03222834927140372,0.02288329519450801,0.012429417490516162,-0.00018725428844337732,0.0001014567362467723,0.04433659373983951,0.04533414860980267,1.0453341486098027,-0.020058220746876597,0.07709571128135957,0.0029253882053294177,0.5505511216300374,0.6625883774468081,0.0954745708277459,0.023649183117784585,544494,MLP,13
-0.3314420616480739,-0.28211225175516175,0.09153318077803203,0.0071730334887513915,-0.0015218021200772436,-0.0007259361604590618,-0.3172341021206101,-0.2718397286924885,0.7281602713075115,-0.32286337518824065,0.008578686459833205,0.007139975175886011,-1.6139943075183774,-1.9424424497778379,-0.11689043081452027,-0.043392942517642114,284192,MLP,13
-0.25933727166736315,-0.22843724710084778,0.15789473684210525,0.006443669686980235,-0.0018379471176424385,-0.0005303234116493848,-0.23175133089078115,-0.20685667096870541,0.7931433290312946,-0.24592230034912876,0.013414971318234385,0.007049062393100547,-1.1942897793325797,-1.4373279719172711,-0.0036204114080493105,0.003924920730430587,371972,MLP,13
-0.15691391016199324,-0.14522235668095418,0.32723112128146453,0.006549845891359715,-0.003228061547791075,-2.8425932691388857e-05,-0.012422132586136558,-0.012345296382720305,0.9876547036172797,-0.08637322145197651,0.07054068871001672,0.008952228263003263,-0.050406187025382236,-0.060663855475480664,0.12117050320143287,0.06470220124719017,365641,MLP,13
-0.3099488552922796,-0.2665155308862215,0.18764302059496568,0.007973600817017874,-0.002027946000215918,-0.00015122554480820403,-0.0660855630811851,-0.06394923052289403,0.936050769477106,-0.2517146327657173,0.05823422252656229,0.008118353150659287,-0.29570419715747687,-0.3558800563673103,0.039787968244820775,0.08786257338270198,94901,MLP,13
-0.33033949026544374,-0.28132029275256965,0.15789473684210525,0.007093651521167827,-0.0020988673109206685,-0.0006474169690119586,-0.28292121545822585,-0.24642084409046683,0.7535791559095332,-0.3026153875431862,0.027724102722257563,0.007580385190879361,-1.3557920222548594,-1.6316959513613352,-0.007786894498970037,-0.06035325300438658,133900,MLP,13
-0.1898710288001958,-0.17293420526700676,0.15102974828375287,0.008816874964113037,-0.0019478090478388306,-0.00032202153115960114,-0.1407234091167459,-0.13127043885264078,0.8687295611473592,-0.180374700395891,0.009496328404304796,0.008109074933903181,-0.6303966076533342,-0.7586824347506804,0.0350452817953738,0.022677252546045912,850967,MLP,13
-0.49627199343689393,-0.39120396997321527,0.19679633867276888,0.006641640986777514,-0.003033909069234324,-0.0011297962435660902,-0.4937209584383815,-0.38964892735291,0.61035107264709,-0.5083105438259813,-0.012038550389087379,0.008395133784916893,-2.1363518218289532,-2.571099815563339,-0.07896271804902902,-0.020335389565488,842300,MLP,13
-0.3543850004917131,-0.2983952028409925,0.20594965675057209,0.006843054330742729,-0.0025361981009562754,-0.0006045442820708968,-0.2641858512649819,-0.23216917593476427,0.7678308240652357,-0.34681477172230063,0.007570228769412473,0.008135307596664096,-1.1796533624923133,-1.4197130415233157,-0.017781997121749455,0.04480508289754471,151698,MLP,13
-0.22496160846817673,-0.20145312439132113,0.10297482837528604,0.007768595800594235,-0.0013808771127349724,-0.00043871170976056883,-0.1917170171653687,-0.17445955078312203,0.825540449216878,-0.20751150561841075,0.017450102849765965,0.007122090387499972,-0.9778494948468536,-1.176842049216903,-0.09543488495132019,-0.03074553847724186,504782,MLP,13
-0.19069795814812227,-0.17361784754444942,0.17162471395881007,0.008074287982113874,-0.0019134648389623368,-0.0001993196179538336,-0.08710267304582543,-0.08341701756476771,0.9165829824352323,-0.20273650853720965,0.013970826107404619,0.007671702187946048,-0.4124379134665835,-0.4963691056922569,0.0886075740317937,-0.004410398964616796,831870,MLP,13
-0.2540737270084034,-0.22436538528138072,0.2151029748283753,0.0059226877332593545,-0.002121492360116916,-0.00039116529197648245,-0.17093923259372257,-0.15712720889123977,0.8428727911087602,-0.21512911384285235,0.038944613165551076,0.007743737667078532,-0.8018810516964634,-0.9650639951033235,-0.08489637997353655,0.026311058017918255,85194,MLP,13
-0.7474427241495915,-0.5264239298053852,0.2562929061784897,0.006020626382418731,-0.004323094551452717,-0.0016720722526115221,-0.7306955743912351,-0.5184260969097321,0.48157390309026793,-0.7474427241495915,0.0,0.00898133783219246,-2.955386449456203,-3.5568081424949938,-0.08897656361437703,-0.11100612589004571,520091,MLP,13
-0.5050363863931779,-0.3965163835646054,0.25688073394495414,0.006044643292934655,-0.0036114103946115897,-0.0011309562363428292,-0.4930969190454736,-0.3892679253723167,0.6107320746276833,-0.5040012235953132,0.0010351627978647353,0.008900201505857123,-2.0171873253149806,-2.4276853218089935,-0.03489690096061106,-0.015156525715271298,119595,MLP,16
-0.20370520921599183,-0.18429720258499893,0.1444954128440367,0.008911731868363595,-0.0018623731418660103,-0.0003055643903878793,-0.1332260742091154,-0.12473280559890876,0.8752671944010912,-0.1721209850323886,0.031584224183603224,0.007833171902445197,-0.6192490576373179,-0.7452663562296692,-0.006605113963897896,0.030421127328364373,841039,MLP,16
-0.22656140997076568,-0.2027296195411269,0.286697247706422,0.006789950023484984,-0.003286073406936796,-0.00039730522160945055,-0.17322507662172032,-0.1590516842639268,0.8409483157360732,-0.2023659389420879,0.024195471028677782,0.008678235170661375,-0.7267635344935468,-0.8746600491555769,-0.10644726446715895,0.016025272117887488,244,MLP,16
-0.15418663114961928,-0.1428879577223885,0.05504587155963303,0.010165921948730661,-0.0008943548092686422,-0.0002855322354338181,-0.12449205464914471,-0.11705472335147227,0.8829452766485277,-0.1463900018670615,0.0077966292825577856,0.006010788639132046,-0.7540913496761852,-0.9075490798189243,-0.05777543391729988,0.015183204172502414,361366,MLP,16
-0.3485881757063578,-0.29431631187714735,0.3646788990825688,0.006397069251326639,-0.004885652940671442,-0.0007710822330391142,-0.3361918536050537,-0.285513984052035,0.714486015947965,-0.34217145402065635,0.00641672168570143,0.009350569046605297,-1.3090701659975439,-1.5754661886515962,-0.033691693320475356,-0.018488374792137434,442092,MLP,16
-0.49895618941023734,-0.39283590662687407,0.20412844036697247,0.006820750165712731,-0.003089418215944216,-0.0010664710004224998,-0.46498135618421,-0.37185318386599875,0.6281468161340013,-0.4875893158959054,0.01136687351433199,0.008451819677263835,-2.003083706461889,-2.4107116138918605,-0.02844010918495757,-0.056558882472106366,426588,MLP,16
-0.16282291636326876,-0.15025834956624284,0.1926605504587156,0.007777021858905561,-0.002167516991626972,-0.0002515966626252914,-0.10969614490462691,-0.10389361957741305,0.896106380422587,-0.14107582305787106,0.021747093305397702,0.008046018417265762,-0.4963912574984254,-0.5974069708746876,-0.058119120307322095,0.04240048328730622,807238,MLP,16
-0.08918593256356744,-0.08532451019576537,0.12385321100917432,0.010806966741558387,-0.0010626240511007095,0.0004074628819350502,0.17765381652368203,0.1944117640389671,1.194411764038967,-0.03578817431935784,0.18615113106572304,0.0073274140681690424,0.8827497210288228,1.062389453710267,0.21731566253242734,0.11170635913657789,247280,MLP,16
-0.2071287315465962,-0.1870850045530701,0.08027522935779817,0.009298420397790231,-0.001190404301944259,-0.0003484114934793342,-0.15190741115698972,-0.14093218284576792,0.8590678171542321,-0.2071287315465962,0.0,0.007202353386400576,-0.7679241349668914,-0.9241968394932714,-0.057785211883460356,0.02433098576884703,589528,MLP,16
-0.1679892700909466,-0.15463709469691378,0.11697247706422019,0.011266515059558573,-0.0014551867087075228,3.2902259598832466e-05,0.014345385185090861,0.014448774015769716,1.0144487740157697,-0.03815769969733289,0.15775739591587934,0.007550701181505559,0.06917333453784574,0.0832501210029609,0.10604280526143574,0.0035075933772621883,705597,MLP,16
-0.17664091965788092,-0.16191933120777902,0.11467889908256881,0.008235049082982998,-0.0013792673215827795,-0.0002767081008756949,-0.12064473198180288,-0.1136512049560725,0.8863487950439275,-0.16436919912302336,0.012271720534857571,0.006866756958162158,-0.639691334760744,-0.7698686405560117,0.011883455065330728,0.00831943249594853,649587,MLP,16
-0.28586088857003583,-0.2486328675667806,0.2545871559633027,0.006241160397578041,-0.003009802288059544,-0.0006546260080004345,-0.28541693948818914,-0.24829922476347877,0.7517007752365212,-0.2854169394881889,0.0004439490818468931,0.007641774773539693,-1.3598759478658686,-1.6366109565950007,0.03732626733715768,-0.012453344530678659,625032,MLP,16
-0.48669533148218713,-0.38534572977399295,0.08944954128440367,0.007105111042645103,-0.0018841059349385871,-0.0010800245997877524,-0.4708907255074603,-0.3755541893175992,0.6244458106824008,-0.4708907255074594,0.01580460597472769,0.007405335608521933,-2.315203511572484,-2.786347857488898,-0.20785769982915023,-0.08042171719951363,339493,MLP,16
-0.29341484125528866,-0.25428727588028044,0.14908256880733944,0.007173348239252395,-0.00202871778215228,-0.0006568501413465374,-0.2863866616270902,-0.2490278123262153,0.7509721876737847,-0.28638666162708987,0.007028179628198811,0.007823706065496431,-1.3327664215081618,-1.6039846365731245,-0.04920231447480256,-0.017501776308753193,552964,MLP,16
-0.12648263045962949,-0.1188105447335942,0.03211009174311927,0.008324215136825467,-0.00043943753783488247,-0.00015803584644670608,-0.06890362905076383,-0.06658337000948189,0.9334166299905181,-0.08709429919835239,0.03938833126127708,0.004206761560428427,-0.59635927816502,-0.7177185023705015,-0.0875255430470741,0.0047901533411222825,164496,MLP,16
-0.3378158122519153,-0.28667333816933216,0.24311926605504589,0.007105047969086856,-0.0032042459798185363,-0.0006978580014149315,-0.3042660886169101,-0.2623354438077139,0.7376645561922861,-0.3377465643643007,6.924788761456338e-05,0.008809213014434925,-1.2575643607357403,-1.5134789424237287,-0.09115559904375384,0.010339791471585303,160422,MLP,16
-0.511344755634344,-0.40031139828563167,0.12385321100917432,0.0067510480264667706,-0.0022842173896626358,-0.0011651707555548649,-0.5080144494219213,-0.3983109223600513,0.6016890776399487,-0.5080144494219204,0.003330306212423601,0.006433160882894823,-2.875182614182855,-3.460282811801926,-0.049257737047678,-0.08518460679396687,220778,MLP,16
-0.3507442230550293,-0.29583616030058724,0.13073394495412843,0.007746889326378093,-0.0018749083465195158,-0.0006170127791911588,-0.26901757172734525,-0.23587017155077217,0.7641298284492278,-0.3370871356443172,0.013657087410712063,0.008040719082342461,-1.2181465509025382,-1.4660396009461192,-0.16201506703711208,-0.019028843657068625,655322,MLP,16
-0.1961304518859684,-0.17809499137404383,0.0963302752293578,0.009443423293009848,-0.0014391917803904199,-0.00039086647515461414,-0.17041778316741182,-0.1566875787453812,0.8433124212546188,-0.1961304518859684,0.0,0.0072527294355757554,-0.8555141880949716,-1.0296114847505267,-0.08096345840836265,0.011175310715418614,960036,MLP,16
-0.15555598991976194,-0.14406084837714583,0.07339449541284404,0.008629139729625646,-0.0009892277802260824,-0.00028329255014522157,-0.12351555186331661,-0.1161921037224023,0.8838078962775977,-0.15555598991976194,0.0,0.00479728494320539,-0.9374322911835359,-1.1281999370785671,0.0906842427183541,-0.00500480781298532,205327,MLP,16
-0.28321368999326096,-0.24664121457575516,0.30504587155963303,0.006080582935418319,-0.0035457447803528457,-0.000609273252376779,-0.2656431380362759,-0.2332873107178719,0.7667126892821281,-0.28383948913261214,-0.0006257991393512038,0.008454300573478592,-1.1440228500954648,-1.3768317132159131,-0.005991241982504251,-0.01303536263502642,434988,MLP,16
-0.2177766553103338,-0.1956949411286909,0.13990825688073394,0.006235788817254032,-0.0014534814918567933,-0.0003776890862243156,-0.16467244159380157,-0.15182851570961098,0.848171484290389,-0.1652942912679165,0.052482364042417295,0.005385292610343384,-1.113333815659521,-1.3398974545550333,0.01997121014867757,-0.031148901105980214,648678,MLP,16
-0.1578186369828495,-0.14599534721537244,0.23623853211009174,0.008384202579620614,-0.0024485660226782322,0.00011055133061713737,0.048200380149072033,0.049380909361450565,1.0493809093614506,-0.055958140533766604,0.14843907952057275,0.008295206471273105,0.2115616981444486,0.25461454312978304,0.2194385272074714,0.07941062864925906,81203,MLP,16
-0.2616922988585453,-0.23025216043968177,0.06192660550458716,0.009442256240617727,-0.001218526211724279,-0.0005583401424278702,-0.24343630209855155,-0.2160705908998164,0.7839294091001836,-0.24414033638271168,0.017551962475833596,0.006740566245073341,-1.3149303279334108,-1.5825188946331321,0.011858505603423209,-0.06860213289919066,85916,MLP,16
-0.06961498229320133,-0.06724712284641476,0.05733944954128441,0.007857144152072034,-0.0005536518307186416,-7.138141886137806e-05,-0.03112229862356084,-0.030642985202232187,0.9693570147977678,-0.06336203508431434,0.006252947208886986,0.003311287895785498,-0.3422066974819922,-0.41184582417105936,0.02840761142680667,0.006456815828065357,950737,MLP,16
-0.21325993593732523,-0.19205390430669134,0.13761467889908258,0.009265806827587151,-0.0018532032656604015,-0.0003230642620024812,-0.14085601823308183,-0.13138563267403525,0.8686143673259648,-0.15947110133294082,0.0537888346043844,0.00808868656819669,-0.6340320057240677,-0.7630576370060657,-0.027250591248641164,0.00751193318120176,108871,MLP,16
-0.4096496260409366,-0.33611718335786245,0.36926605504587157,0.0056643725096023265,-0.004689044072694855,-0.000865878775103465,-0.37752314594511066,-0.31444266647175867,0.6855573335282413,-0.39098586909852073,0.018663756942415864,0.008113064651031997,-1.6942302345599483,-2.0390064029199406,-0.025978555845641238,-0.029317477660285484,248045,MLP,16
-0.25617327082345903,-0.22599215580388332,0.10550458715596331,0.008252822001038355,-0.0012428047250516324,-0.0002409725475283768,-0.10506403072237246,-0.0997331239976893,0.9002668760023107,-0.19511566144087863,0.06105760938258041,0.007081605543239315,-0.5401770231292579,-0.6501031479684746,0.06914138102300428,0.018966529389671766,640617,MLP,16
-0.13268923569426808,-0.1242628023115262,0.12385321100917432,0.008559913304562102,-0.001247146345331148,-3.251051713336014e-05,-0.01417458547014517,-0.014074599013217615,0.9859254009867824,-0.12460417096696474,0.01626011338836719,0.006914792722405422,-0.07463542013365267,-0.08982374203507512,0.06579842643911041,0.05045230563118871,575132,MLP,16
-0.2911252399075315,-0.2525779349141425,0.21330275229357798,0.00657073793551862,-0.0025805834874164705,-0.0006285814407812336,-0.2740615081806176,-0.23971468994349632,0.7602853100565037,-0.2911252399075315,0.0,0.008048090097081814,-1.2398495675346652,-1.492159185506053,-0.02748894882491765,0.02741957356583055,718707,MLP,16
-0.4045455243239332,-0.33271999551264375,0.25229357798165136,0.0070178197431149765,-0.0034650385866505807,-0.0008202807511592709,-0.35764240750544185,-0.30067689700730293,0.6993231029926971,-0.3766203659169855,0.02792515840694773,0.00916570914834446,-1.4206814798695773,-1.7097904256892458,-0.007551429187322042,-0.02662647105103266,664356,MLP,16
-0.2577344571054798,-0.22719958347741964,0.16055045871559634,0.006895400351938763,-0.0019272186011276844,-0.0005107430811399519,-0.2226839833770192,-0.1996322611562289,0.8003677388437711,-0.22342522119276584,0.034309235912713974,0.007273107429356442,-1.1147635502445195,-1.3416181403944318,0.06336961217946768,0.0201428664993121,879750,MLP,16
-0.21837400920372332,-0.19617525241488953,0.30504587155963303,0.006276612492540435,-0.003409314947162047,-0.00045466276945463845,-0.19823296748222236,-0.17982124410076006,0.8201787558992399,-0.2046173345560208,0.01375667464770253,0.008601294670783903,-0.8391234094998646,-1.0098851796577912,0.0666299516744453,0.06359170834783884,153441,MLP,16
-0.3228227621553146,-0.275897818694669,0.20642201834862386,0.005833440802584812,-0.0022502040151507695,-0.0005815617362603972,-0.25356091700953304,-0.2239675300921422,0.7760324699078578,-0.2547762206930106,0.06804654146230399,0.0078650649642266,-1.173799122962933,-1.4126674631590892,-0.15085032654450098,0.012285395772439539,259180,MLP,16
-0.27914691190379537,-0.24357123333858988,0.1628440366972477,0.0074748181284527366,-0.002192335491133094,-0.0006180971723473282,-0.2694903671434348,-0.23623136323934457,0.7637686367606554,-0.26949036714343494,0.00965654476036042,0.007768198236798514,-1.2630970690396988,-1.5201375578982599,-0.0672495279794478,-0.08958649938149417,868887,MLP,16
-0.2769660419565182,-0.24191976040483743,0.034403669724770644,0.007400689429707558,-0.0008715641496343488,-0.0005869682696111181,-0.25591816555044744,-0.22579467713362245,0.7742053228663776,-0.2742693733756767,0.002696668580841482,0.005677860159605195,-1.6410817017919452,-1.9750421338323298,-0.05295831492268119,-0.05881642491683179,126853,MLP,16
-0.43099748640048163,-0.3501394557381524,0.12614678899082568,0.004997902904910509,-0.0018527090450670884,-0.0009885263449552358,-0.43099748640048274,-0.3501394557381531,0.6498605442618469,-0.43099748640048163,0.0,0.005943901839304675,-2.640078800655115,-3.177335328422567,-0.025245811023992034,-0.04532883887918998,980923,MLP,16
-0.20236629670432962,-0.183204316427534,0.1536697247706422,0.006187535072331644,-0.001605128005731695,-0.0004076316152953563,-0.1777273842687752,-0.16282938173713013,0.8371706182628699,-0.20236629670432962,0.0,0.005182262578929322,-1.2486729850210179,-1.5027781700946392,0.04658235593595427,-0.011045553020063511,544494,MLP,16
-0.24529715301797042,-0.21752801022089963,0.10550458715596331,0.008626284791291964,-0.0013642745766767903,-0.00031022473510210506,-0.13525798450451787,-0.1265094644055118,0.8734905355944882,-0.20394163259457246,0.041355520423397955,0.0071650146843376715,-0.6873209916082107,-0.8271909414451166,0.04141850159728454,0.02146531164837164,284192,MLP,16
-0.042628794124979164,-0.04173296159193407,0.04357798165137615,0.007265348001838972,-0.0003345005586745465,-3.314497551250989e-06,-0.0014451209323454138,-0.0014440772479015207,0.9985559227520985,-0.018552936408983315,0.02407585771599585,0.002857194588111961,-0.01841527268369384,-0.02216278410550334,0.07938652881976178,0.08052933029733286,371972,MLP,16
-0.16002282984668503,-0.1478756651237766,0.26605504587155965,0.00754405689297094,-0.0032023044625189194,-0.00034318079913170894,-0.14962682842142488,-0.1389707718834151,0.8610292281165849,-0.1496268284214251,0.010396001425259913,0.008521637554215287,-0.6392933589054925,-0.7693896765400755,0.014181930238907303,0.021039738721334196,365641,MLP,16
-0.22334881462335185,-0.2001641937952563,0.2018348623853211,0.007262684517682998,-0.002154218792732504,-0.0002535594089789165,-0.11055190231480753,-0.1046601412277004,0.8953398587722996,-0.13312412629009943,0.09022468833325242,0.00823063605691224,-0.48904249982624454,-0.5885627396471794,0.11492787903108719,0.05765132915454811,94901,MLP,16
-0.11823665980617752,-0.11151424113592456,0.05504587155963303,0.00807447151894834,-0.0006448496146400915,-0.00016488698343338875,-0.07189072477695752,-0.06936741466163487,0.9306325853383651,-0.0768958092733517,0.041340850532825824,0.003840028937452495,-0.6816354142671415,-0.8203483480559437,0.021415294481060523,-0.01648189004879079,133900,MLP,16
-0.25305121863743574,-0.22357188678472617,0.13302752293577982,0.007888724481825609,-0.0016321891418625545,-0.0003656455864177988,-0.1594214756781603,-0.14736308249649455,0.8526369175035055,-0.2041854772589716,0.04886574137846417,0.006637487924144607,-0.8744940562204141,-1.052453759575356,0.09281126645157418,0.017316865845865764,850967,MLP,16
-0.299149843610253,-0.25855170017937557,0.08486238532110092,0.009692988995526354,-0.0015665973401802543,-0.0006110819860033174,-0.26643174589744645,-0.23389170802434234,0.7661082919756577,-0.2943529689502738,0.004796874659979165,0.00697968730850939,-1.389836731223005,-1.6726687649468661,0.00246696923063878,-0.0716811542121554,842300,MLP,16
-0.47368062083313045,-0.3772938998324178,0.25688073394495414,0.00665443470816473,-0.0036793214910311616,-0.0010247786141735012,-0.4468034757796466,-0.36033039350627594,0.6396696064937241,-0.4468034757796451,0.02687714505348535,0.008800470923222767,-1.848521097782983,-2.2246954855525174,0.06104596702037286,-0.02659955827844191,151698,MLP,16
-0.11305615721491943,-0.1068994953292518,0.10321100917431193,0.010476566468805218,-0.0011430845174779625,5.619138706961348e-05,0.024499444762351344,0.024802022098375565,1.0248020220983756,-0.04012844346115431,0.07292771375376512,0.00720156395294612,0.12386345825546545,0.14906969508562642,0.10914961919269586,0.07966592084823022,504782,MLP,16
-0.1664188797698683,-0.1533085020411432,0.09403669724770643,0.008296509670252665,-0.0010609051988051828,-0.00018096480974240348,-0.07890065704768803,-0.07586827414092845,0.9241317258590716,-0.11871590376653175,0.04770297600333655,0.006689490018531972,-0.42943890907031174,-0.5168298070685484,0.01633610861481813,0.07915175145389627,831870,MLP,16
-0.29270806678393574,-0.25376003886702647,0.12155963302752294,0.006959561055955294,-0.001543452550352124,-0.0005098293367413598,-0.222285590819233,-0.1993133370813106,0.8006866629186894,-0.2694668892558805,0.02324117752805523,0.00563842332408528,-1.4353817284424688,-1.727482177585307,-0.07317723630912548,-0.025847243516099797,85194,MLP,16
-0.1532486270142819,-0.14208360589859204,0.19495412844036697,0.007609771440440415,-0.001993325327075854,-0.00012116196643621453,-0.05282661736618931,-0.05145554063757962,0.9485444593624204,-0.10322442387831851,0.050024203135963397,0.006852880295993516,-0.2806683476469251,-0.33778440868025394,-0.003849738993245293,0.07127732588183043,520091,MLP,16
-0.11082887954334705,-0.10490809563993597,0.12873563218390804,0.010064424769193276,-0.0013395431335164493,0.00012855388384388306,0.05592093947208903,0.05751407281062315,1.0575140728106232,-0.06027109235314297,0.0797727733383751,0.007504451718371554,0.27193587445416,0.3272748755659429,0.11081452823088792,0.05650606068356608,119595,MLP,19
-0.24893414123133015,-0.22036868274746946,0.2160919540229885,0.007806425969999491,-0.0023234627350484606,-0.000134475290739248,-0.05849675147157293,-0.05681869565403097,0.943181304345969,-0.24893414123133015,0.0,0.00813039709056555,-0.26256147601352303,-0.3159927852962304,0.13379174856354378,0.038789122981603946,841039,MLP,19
-0.14116819546155213,-0.13165675197899807,0.11724137931034483,0.009059736280181382,-0.0014216183168898084,-0.00019276984688835846,-0.08385488339643599,-0.08043530948223931,0.9195646905177607,-0.10221104876108505,0.05199009356607019,0.00746776996041441,-0.40977781413365233,-0.49316767564951036,0.09457811886666496,0.004972266143816563,244,MLP,19
-0.21216736849052636,-0.1911706863040079,0.21379310344827587,0.009748585707847776,-0.0027936181157449487,-0.00011218143621822803,-0.048798924754929196,-0.04762739099726032,0.9523726090027397,-0.1985102810798143,0.07594681494406096,0.009197498589849877,-0.19362058871900087,-0.23302241459391324,0.21571544810259063,-0.004027597037167461,361366,MLP,19
-0.16528792883618593,-0.15235039381641247,0.27816091954022987,0.007540042477383653,-0.002938184942048468,-2.3551567907579164e-05,-0.01024493203979672,-0.010192631481148684,0.9898073685188513,-0.09229636790176751,0.12245249620161808,0.007633766887994676,-0.04897576196655884,-0.05894233865070531,0.18955923501195082,0.049639847369317334,442092,MLP,19
-0.16366933547710824,-0.15097728283864198,0.19310344827586207,0.008689218153618975,-0.0022894238912235694,-0.00016941025497811267,-0.07369346091547875,-0.07104358835152347,0.9289564116484765,-0.11365258536825311,0.05001675010885514,0.008277767709380983,-0.32488280895452637,-0.39099652110089617,0.03915324558632623,0.03652168425396476,426588,MLP,19
-0.39539936586371405,-0.3265889518453684,0.2850574712643678,0.005973597854829938,-0.003533636935467295,-0.0008235286274285434,-0.3582349529314162,-0.3010911549678088,0.6989088450321912,-0.37202105874346386,0.023378307120250203,0.008597605401761736,-1.5205526496518362,-1.829985397127719,-0.04446092789658489,0.0266187393658972,807238,MLP,19
-0.33192963073034715,-0.2824621863101815,0.15632183908045977,0.007379597079118122,-0.002173146727626743,-0.0006798442474919139,-0.29573224765898243,-0.25601339449081906,0.7439866055091809,-0.3266550303306827,0.005274600399664448,0.008312955748488896,-1.298237736522353,-1.5624293577601736,-0.04902522583699187,-0.026565375739544907,247280,MLP,19
-0.3043025821215697,-0.2623623632814366,0.07586206896551724,0.011332716593710306,-0.0013884598406062104,-0.0004234050766235781,-0.18418120833125634,-0.168214936213964,0.831785063786036,-0.3043025821215697,0.0,0.007577164972424827,-0.8870530394930098,-1.067568498283604,0.06866365740934295,-0.12899506821609366,589528,MLP,19
-0.1446127234503149,-0.13464263916243335,0.2574712643678161,0.007848359372785312,-0.002518908540870532,0.00015036503689832875,0.06540879105077321,0.0675953586218021,1.067595358621802,-0.09000913327399421,0.17322838667298715,0.008694507969482039,0.27453778516858074,0.33040627559547187,0.027729138945329003,0.04567751283010354,705597,MLP,19
-0.3606871340747484,-0.30280290643840824,0.14482758620689656,0.008547703805895389,-0.0023468191682498763,-0.0007689917030288377,-0.3345113908175444,-0.2843123074864531,0.7156876925135469,-0.3606871340747484,0.0,0.008380997674779844,-1.4565527056107563,-1.7529614525513937,-0.0793259426619945,-0.04712130411246605,649587,MLP,19
-0.3224842911629713,-0.2756526896286057,0.40229885057471265,0.006656526606619148,-0.004972125612253068,-0.0002939321908676934,-0.12786050302744673,-0.1200238754115649,0.8799761245884351,-0.3085683631698215,0.013915927993149765,0.009712659043892926,-0.4804069467513744,-0.5781698499128106,0.1417350009156149,-0.0436995028782415,625032,MLP,19
-0.19853402972640732,-0.18006813179149805,0.14482758620689656,0.007645859445297665,-0.0015159845613706717,-0.00018909680868077461,-0.08225711177613713,-0.0789648807248503,0.9210351192751497,-0.19741510806602963,0.0011189216603776815,0.006097589343718824,-0.49229598907048977,-0.5924783145587381,-0.0008936150717133979,0.00945701393382049,339493,MLP,19
-0.2282399293422638,-0.20406673082152127,0.21379310344827587,0.007439348787625898,-0.0025041143028795747,-0.0003782704697370251,-0.16454765433560592,-0.15172266811152824,0.8482773318884718,-0.2177027849954341,0.010537144346829713,0.00850784213083347,-0.7058026530252802,-0.8494336244036054,0.047677964687360117,0.025564591073843967,552964,MLP,19
-0.36722709500401257,-0.3073476707012436,0.2850574712643678,0.006695039401620234,-0.003789557659702389,-0.0008008449341759399,-0.3483675463665338,-0.2941606001742588,0.7058393998257412,-0.3636285403940021,0.0035985546100104453,0.00838450810656295,-1.516251048452263,-1.8248084192826648,0.1746170067098505,-0.017083287803308422,164496,MLP,19
-0.3245208203810133,-0.27712634301177574,0.2827586206896552,0.007109693496500034,-0.0036691170810437524,-0.0006213154694624059,-0.27027222921614646,-0.23682829158053054,0.7631717084194695,-0.28044379191160723,0.04407702846940607,0.009123736959670562,-1.0810348162257153,-1.3010256027192981,0.021931865284423646,-0.06816462681304072,160422,MLP,19
-0.09585620723896326,-0.09140534398980693,0.03908045977011494,0.014699801856801866,-0.0006092456241594453,-1.0961009960957276e-05,-0.0047680393330164356,-0.0047566902782204545,0.9952433097217795,-0.0350525020169954,0.09108816790594684,0.004954510289670152,-0.035119644258595865,-0.04226649840784298,0.06668711928688519,-0.020377764775761142,220778,MLP,19
-0.24425748604984643,-0.21671407690316724,0.04827586206896552,0.007709777031891365,-0.0008558443651219363,-0.00044233160802474244,-0.19241424949076297,-0.17503494365567152,0.8249650563443285,-0.19760957224019465,0.04664791380965179,0.003903495798720086,-1.7988482512119,-2.164914205450404,0.03778210961380978,-0.05110713548314173,655322,MLP,19
-0.3433056396389469,-0.2905786488642964,0.17471264367816092,0.007097631359101395,-0.002425344521683674,-0.0007615602298683515,-0.3312786999927329,-0.2819949668445918,0.7180050331554082,-0.3433056396389469,0.0,0.0076178501282802655,-1.586982371167,-1.90993357934676,-0.02682472717411045,-0.07503804307242183,960036,MLP,19
-0.47696158211438144,-0.3793336264748427,0.31724137931034485,0.0073438365344188255,-0.004896280819674618,-0.001013209107341526,-0.44074596169356406,-0.3564438262709122,0.6435561737290878,-0.44074596169356395,0.03621562042081751,0.009664567579627081,-1.66424372454015,-2.002917632524769,0.009018204375193819,-0.051982868362677584,205327,MLP,19
-0.3576852121545043,-0.3007068306466538,0.1793103448275862,0.007684880386787303,-0.0024430256016035033,-0.0006269872864437722,-0.2727394696030409,-0.23870889873273837,0.7612911012672616,-0.3324792758447863,0.025205936309717958,0.007963252582125251,-1.2498805617591415,-1.5042314889239368,0.10209834958163586,-0.008367094066328684,434988,MLP,19
-0.28204514585940976,-0.24576036703198012,0.19540229885057472,0.007680892830340724,-0.00261468206002171,-0.0006029030584566364,-0.26226283042863696,-0.23069120062810755,0.7693087993718924,-0.26226283042863713,0.019782315430772607,0.008627317751852707,-1.1093586233199382,-1.335113309833786,-0.04588663032597193,-0.01961375962596635,648678,MLP,19
-0.27250389409923154,-0.23852953607211658,0.12873563218390804,0.007810662590820436,-0.0014881929597159989,-0.0002910989118308487,-0.12662802664641917,-0.11893865700648554,0.8810613429935145,-0.25054510913295497,0.021958784966276557,0.007578287956840461,-0.6097751882843827,-0.733864552698475,0.019444101564865365,0.07021772172307197,81203,MLP,19
-0.19373966323169625,-0.1761276393802126,0.10344827586206896,0.011583680050254749,-0.0013468031622679661,-9.166967869064747e-06,-0.003987631023043073,-0.003979690979948658,0.9960203090200513,-0.19194604402963644,0.03466842442839667,0.007488142106705482,-0.01943353925108859,-0.023388268109061146,0.02719634767770234,0.02143071790671878,85916,MLP,19
-0.1998721658635279,-0.18116457849323875,0.11494252873563218,0.008473297544196755,-0.0013301369940109315,-0.00020330543789510568,-0.08843786548437096,-0.084640015581672,0.915359984418328,-0.19430380790435528,0.0055683579591726306,0.006752789695000751,-0.4779319242733889,-0.5751911598994701,-0.036897690815019556,-0.03212871016534907,950737,MLP,19
-0.3531185685858465,-0.2975061052686263,0.11954022988505747,0.0078089878130125755,-0.0019201540964563669,-0.0007571302360141025,-0.32935165266613464,-0.2806100031482611,0.7193899968517389,-0.3531185685858465,0.0,0.00761301103221692,-1.5787537725379805,-1.9000304593637862,-0.1090133667035594,0.017463202532510543,108871,MLP,19
-0.20046907047685414,-0.1816531992893795,0.24597701149425288,0.007671406842980036,-0.0026506389210236418,-0.00011165295148710488,-0.04856903389689046,-0.04740842407272139,0.9525915759272786,-0.20046907047685414,0.05770334760944626,0.008674858941776374,-0.20431867175980695,-0.24589755952652542,0.1005668645128025,0.031036638513981335,248045,MLP,19
-0.610710546481094,-0.45703506984351283,0.2597701149425287,0.00563635872741585,-0.003820388692998507,-0.0013638083286150078,-0.593256622947528,-0.4474750139249437,0.5525249860750563,-0.5932566229475298,0.017453923533564255,0.008963559738507897,-2.415311179088285,-2.9068274539937478,-0.17507134127891122,-0.0959002776673879,640617,MLP,19
-0.15693441437867156,-0.14523988304728175,0.06896551724137931,0.012998888200701135,-0.0012840626625566396,-0.0002990315685388621,-0.13007873231440525,-0.12197370084349612,0.8780262991565039,-0.15619716490861998,0.0007372494700515872,0.00730341396530493,-0.6499671262808089,-0.7822355575647408,-0.008183304209929682,-0.04044819467347327,575132,MLP,19
-0.20467710701088146,-0.18508959720942408,0.23218390804597702,0.007690607113353569,-0.002633994936348127,-0.00023678848342888236,-0.103002990291564,-0.09787572413712864,0.9021242758628714,-0.11680808459666134,0.08786902241422012,0.008455689812402243,-0.4445409808373605,-0.5350051532536358,0.06869441855256339,0.060413529638126434,718707,MLP,19
-0.230117631736784,-0.20555985436740698,0.07126436781609195,0.010034361316736407,-0.0011135566116340153,-0.00031910728800301977,-0.13881167028131364,-0.1296080663083271,0.8703919336916729,-0.21625790689241858,0.013859724844365418,0.006809940306761218,-0.7438642521720938,-0.8952407660674907,-0.030173635734563272,-0.053092654446679176,664356,MLP,19
-0.15704165866706232,-0.14533154627250255,0.1839080459770115,0.007883008885285639,-0.0018395191621052341,-5.1468026952889616e-05,-0.02238859172450713,-0.022139827159413317,0.9778601728405867,-0.07699375874059203,0.08004789992647031,0.006724712877696402,-0.12149657741387043,-0.14622115355182816,0.06731075514000896,0.0600225217495074,879750,MLP,19
-0.31342483466312016,-0.26906068176109066,0.27586206896551724,0.00657934868049107,-0.003126811855452707,-0.0004492503282958033,-0.19542389280867423,-0.17751406172313455,0.8224859382768654,-0.20692487278751753,0.10649996187560262,0.008856615511169093,-0.8052317345734619,-0.9690965425700075,-0.00820699187799266,0.03126024015586181,153441,MLP,19
-0.10310843955929072,-0.09797084746598606,0.10344827586206896,0.009743946951650897,-0.000988802712276316,0.00012148173571615423,0.05284455503652702,0.054265752080189245,1.0542657520801892,-0.08670513546696412,0.12551068518397096,0.006656653524773564,0.2897045432921345,0.3486594718226638,0.17881954285080737,0.028754783304516075,259180,MLP,19
-0.3218428393732469,-0.2751879066980013,0.1425287356321839,0.0067060700589393115,-0.0018194923835531608,-0.0006043547480714752,-0.26289431541109165,-0.23117685422416612,0.7688231457758339,-0.30264175745164557,0.019201081921601363,0.007477788303451348,-1.2829775079245416,-1.5440636697997996,-0.1114303487103424,0.002395782506714331,868887,MLP,19
-0.11086066671656326,-0.10493654762913773,0.05057471264367816,0.009757209911009231,-0.0006324009653569728,-0.00010694938080511884,-0.04652298065022673,-0.04545737569225916,0.9545426243077408,-0.08192046429549502,0.02894020242106825,0.003856452170903771,-0.4402411106522965,-0.529830258684866,0.03001594057981289,0.0070071199411921685,126853,MLP,19
-0.13653501139355184,-0.1276242233667031,0.36091954022988504,0.006549635433547265,-0.003915460115855836,-0.0001384026417034531,-0.06020514914100178,-0.058428648784565995,0.941571351215434,-0.10621123816142893,0.07596055790903325,0.009201363653126144,-0.23877697994294922,-0.2873681398443562,0.06630688186364436,0.08223533832058635,980923,MLP,19
-0.3698133430863574,-0.30913672699072337,0.09655172413793103,0.009928884616408347,-0.0019122637093951437,-0.0007689804227658412,-0.33450648390314097,-0.2843087956595902,0.7156912043404098,-0.34670026088757566,0.023113082198781738,0.007824383210856769,-1.5601467158914475,-1.8776368632232772,-0.024934625679475117,-0.08600796646036388,544494,MLP,19
-0.34949155252176334,-0.2949535222961128,0.17471264367816092,0.006714700262081009,-0.002354027657517164,-0.0007696062278862185,-0.3347787091305052,-0.2845035983441089,0.7154964016558911,-0.3453013947689646,0.0041901577527987365,0.007709256270095109,-1.5847339471632196,-1.9072276006393394,0.08284715512788098,0.0012195211331402145,284192,MLP,19
-0.4457164303727553,-0.3596346655231647,0.14482758620689656,0.007199572584456979,-0.0022901993071040797,-0.0009158185503952364,-0.39838106942192814,-0.3285938734374637,0.6714061265625363,-0.40669804239896845,0.03901838797378686,0.008080258667481261,-1.7992207156611466,-2.1653624664844604,-0.19750606735926457,-0.03683847956690674,371972,MLP,19
-0.16196364058719886,-0.14952787335479667,0.12183908045977011,0.00941067606995294,-0.001267265953684362,3.3724683678343706e-05,0.014670237400079361,0.01477837347966049,1.0147783734796605,-0.11013191014610921,0.05183173044108967,0.00682693108524223,0.07841924133386843,0.09437757155444272,0.050856654117505035,0.049368115227316565,365641,MLP,19
-0.09827330692072475,-0.0935988558073989,0.052873563218390804,0.012290357691021677,-0.0005749898225520045,0.00010524694253350039,0.04578242000207258,0.04684661329177775,1.0468466132917778,-0.08338323699576276,0.08462286325105846,0.005224451523279784,0.31979307487428604,0.3848710251871337,0.13052288546452576,0.015047791268157387,94901,MLP,19
-0.3133913894008396,-0.26903623489506734,0.12873563218390804,0.007060374821019539,-0.0018375452724660988,-0.0006920659041093271,-0.30104866828755716,-0.2599582446946903,0.7400417553053097,-0.3129474403189927,0.0004439490818468931,0.00745669503304978,-1.4733344451058734,-1.7731582791601255,-0.09270462401778319,-0.06277679446045245,133900,MLP,19
-0.400748445264997,-0.33018146412898364,0.20229885057471264,0.007358403827583215,-0.002817925487930726,-0.0007592657643325034,-0.33028060748463883,-0.2812779736469777,0.7187220263530223,-0.3717132426851095,0.02903520257988745,0.008386845110213174,-1.4371280487697855,-1.7295838744245642,-0.03531266627403028,-0.0418942106043297,850967,MLP,19
-0.1197198241978294,-0.11283103482381929,0.14482758620689656,0.007804839950568794,-0.0014064870237237086,-7.243277227444956e-05,-0.03150825593938583,-0.03101704344383882,0.9689829565561612,-0.07912449240071505,0.06414006944683429,0.005871911925027629,-0.19581945845510906,-0.23566875473095847,0.05804815103680293,0.00599082711529022,842300,MLP,19
-0.6164592441384515,-0.46014745640946586,0.31264367816091954,0.0064208807628293564,-0.0048474594394055945,-0.0013244841118102996,-0.5761505886374807,-0.43794220069455514,0.5620577993054449,-0.5858922262378141,0.03056701790063747,0.009466478626134298,-2.221051172480579,-2.673035499851657,-0.05513841387586102,-0.11107049682270584,151698,MLP,19
-0.3493144217386706,-0.29482862580021996,0.1724137931034483,0.006850140568937193,-0.0023780847483634007,-0.0007870114177943328,-0.34234996674053475,-0.28990035004118475,0.7100996499588152,-0.3493144217386706,0.0,0.007613287615233587,-1.6410018344393826,-1.9749460134586418,-0.1270971886792345,-0.049358921490698496,504782,MLP,19
-0.3455147635898985,-0.292144118767224,0.09425287356321839,0.006558222765564349,-0.0013923367983744357,-0.0006429737130376768,-0.2796935651713894,-0.24398462459445258,0.7560153754055474,-0.330660724003032,0.014854039586866558,0.00508877370784036,-2.005766389213,-2.4139402230825935,0.003943025648547289,-0.06869636200621468,831870,MLP,19
-0.3346606279909448,-0.2844191067253148,0.2896551724137931,0.006631059632428967,-0.0036432084990606277,-0.0006672135920084692,-0.29023791252368375,-0.25191443252011203,0.748085567479888,-0.3346606279909448,0.0,0.009106658441458084,-1.1630706787772396,-1.3997557785829493,-0.04451430289750192,-0.037167593055755246,85194,MLP,19
-0.3607157093748504,-0.3028228287699424,0.25287356321839083,0.00653641051724508,-0.00283929979616315,-0.00046843052150819507,-0.20376727685606472,-0.18434782976146435,0.8156521702385356,-0.3402794747183524,0.020436234656498024,0.008051823073656986,-0.9235304763298188,-1.1114691003122765,0.0022171995744355083,-0.02788978832694743,520091,MLP,19
-0.3104608606100104,-0.26689098271001355,0.18620689655172415,0.00725995907627603,-0.0020390687201703463,-0.00030752561324584853,-0.13377364176194417,-0.12521194232278499,0.874788057677215,-0.28442923003015874,0.026031630579851636,0.007655333886687975,-0.6377014822405034,-0.767473852677202,0.03857520715284156,0.052136885022371286,119595,MLP,22
-0.22133673290805264,-0.1985532386511476,0.1632183908045977,0.008355727713860882,-0.002158980132920482,-0.00044278643838835136,-0.1926121006989327,-0.1751981478431618,0.8248018521568382,-0.19326695754227818,0.02806977536577446,0.00816741673892228,-0.8606168907518134,-1.035752588348645,0.09068885297824637,-0.02150846623859993,841039,MLP,22
-0.350057986952246,-0.29535277181116415,0.2160919540229885,0.006654292485723961,-0.002571698978083993,-0.0005780364548703199,-0.2514458578685891,-0.22232443851759465,0.7776755614824054,-0.3054348380185777,0.04462314893366834,0.00856586884006979,-1.071233335604389,-1.289229518965563,-0.020293762708483182,0.06267476820334776,244,MLP,22
-0.25559524913282605,-0.2255446331547789,0.15172413793103448,0.008755517639555779,-0.0019177879337346018,-0.00029838984675261294,-0.12979958333738656,-0.12172856648738051,0.8782714335126195,-0.25559524913282605,0.0,0.007939293659128262,-0.5966263716770781,-0.7180399494620218,0.2041711506311463,-0.015976764172831837,361366,MLP,22
-0.5804929776181801,-0.4403775827737577,0.1471264367816092,0.006524574760926145,-0.0025196225888346833,-0.0011889820592146994,-0.5172071957583944,-0.40381675180431276,0.5961832481956872,-0.5415164654467135,0.03897651217146653,0.007932821104700217,-2.37929291520443,-2.8634794666994967,-0.17683059279649213,-0.07178938068354321,442092,MLP,22
-0.41326610214837983,-0.3385137635029217,0.23448275862068965,0.007168637218503852,-0.0032333570042269956,-0.00079426870372459,-0.34550688612019653,-0.29213854263200334,0.7078614573679967,-0.38018413991213185,0.033081962236248,0.008938803008019922,-1.410549575148814,-1.6975966764702815,0.12517199754877942,-0.014423796802598986,426588,MLP,22
-0.2445239910786301,-0.21692279872670484,0.20919540229885059,0.008015364476857837,-0.002665080305709058,-0.0004307803626893167,-0.18738945776985275,-0.17087923402663663,0.8291207659733634,-0.23490988150426287,0.009614109574367233,0.008137487962435233,-0.8403608444970729,-1.0113744329074597,0.12319903674989956,-0.0022500645829953694,807238,MLP,22
-0.2534936496402423,-0.22391532667363367,0.28045977011494255,0.006900110155852118,-0.003410345570922608,-0.000518677528011076,-0.22562472468481798,-0.20198247824332616,0.7980175217566738,-0.25052237803713834,0.002971271603103936,0.008678586468226982,-0.9487432692725606,-1.1418127013158899,0.02529214335913672,0.037242657656981766,247280,MLP,22
-0.16371652619721055,-0.1510173478866914,0.11494252873563218,0.007982555078928207,-0.001135108526291148,-8.71012153463946e-05,-0.03788902867568167,-0.03718021965086293,0.9628197803491371,-0.16371652619721055,0.0,0.006661694894204297,-0.20755812899675155,-0.24979624691468372,0.0948191123376307,-0.0045576215404422036,589528,MLP,22
-0.09245419925563256,-0.0883090338668725,0.1632183908045977,0.00989534525260244,-0.0014066281861897369,0.0004380617314062277,0.19055685316170912,0.20992315963915686,1.2099231596391569,0.0,0.27674656486803156,0.007970096332594039,0.8725132182822909,1.050069820747804,0.2991194072862235,0.1297443151195312,705597,MLP,22
-0.11296724094200628,-0.10682008063046244,0.10114942528735632,0.009610529581113882,-0.0012033264170733101,-0.0001095110977164446,-0.04763732750665339,-0.046520474824383484,0.9534795251756165,-0.09714537269934807,0.0158218682426582,0.007150860760233341,-0.24310846490314095,-0.292581082800882,0.004873582816606781,0.051071111934833754,649587,MLP,22
-0.07985846461638857,-0.07675299074066866,0.09195402298850575,0.007953208692946056,-0.0007287121070771324,6.962543775258605e-05,0.03028706542237502,0.030750384281712506,1.0307503842817125,-0.0596845360168733,0.08221260785133862,0.006213636272286755,0.17787805897710524,0.21407627711678337,0.04761062761652921,0.05797882220246183,625032,MLP,22
-0.05756535186365599,-0.05593980772256779,0.135632183908046,0.008825465449562064,-0.0010225102937694132,0.00031319216337209754,0.13623859106686245,0.14595527567210342,1.1459552756721034,-0.009975117464826669,0.1477646669653433,0.006713528814309018,0.7405600837736196,0.8912641987843761,0.13571130061001996,0.14478026852575254,339493,MLP,22
-0.2514217790277971,-0.22230571276611566,0.1310344827586207,0.008861194867757275,-0.0019302536764156824,-0.0005162017982137087,-0.2245477822229632,-0.20112259635028884,0.7988774036497112,-0.24132389336887033,0.010097885658926786,0.0073781754803051375,-1.1106335879731635,-1.3366477300314628,0.05015394441868528,-0.054346761970577084,552964,MLP,22
-0.1520784373322088,-0.14107909336565938,0.21379310344827587,0.008632230384037345,-0.002197808841220883,0.00011757885521363463,0.05114680201793106,0.0524773877472251,1.052477387747225,-0.07698156343496822,0.17046073963979583,0.008189183311937746,0.2279233949115284,0.27430584823707,0.05219601524316826,0.05613019400690643,164496,MLP,22
-0.38545936273975195,-0.3198618656825686,0.09655172413793103,0.009066278602966712,-0.001899112362137578,-0.0008403849586102675,-0.3655674569954662,-0.30619716412068554,0.6938028358793145,-0.38065108926463503,0.004808273475116916,0.007538684913300351,-1.7696319437247916,-2.12975237394681,-0.04808802883873819,-0.11395289715299364,160422,MLP,22
-0.5396163057595456,-0.41702810757598374,0.3080459770114943,0.006641809700482808,-0.004634610562877447,-0.0011609546656584256,-0.5050152795614151,-0.3965036458030152,0.6034963541969848,-0.537509929533992,0.0021063762255535655,0.00947285056098755,-1.9455161731795234,-2.3414290768619757,0.004070278500825132,-0.030108812755630057,220778,MLP,22
-0.2379735666907036,-0.21177647382533882,0.2482758620689655,0.008049638529996482,-0.0031028946694225262,-0.0003339898750840133,-0.14528559566154609,-0.13522471822894933,0.8647752817710507,-0.23563775377358595,0.0023358129171176557,0.009047480040313773,-0.586011229169961,-0.7052646234771557,0.027916633384025315,-0.03153095741307069,655322,MLP,22
-0.44564842299067065,-0.3595911144723095,0.19310344827586207,0.008086417995947856,-0.0031623499494643384,-0.0009901740703502598,-0.4307257206023628,-0.3499628218682399,0.6500371781317601,-0.44564842299067065,0.0,0.007988211638240159,-1.9677152760478238,-2.3681457012995626,0.037119797453109046,-0.03771573713093921,960036,MLP,22
-0.26019183515850297,-0.2290963148128876,0.17701149425287357,0.007945189594645647,-0.0023442170489898634,-0.0005228738040244972,-0.22745010475065608,-0.2034378348261774,0.7965621651738226,-0.2568796196987213,0.00331221545978164,0.00800701308078584,-1.0366367871975837,-1.2475925665128,0.14638700121368833,-0.028357700806834318,205327,MLP,22
-0.20756904016471778,-0.18744285924233228,0.19080459770114944,0.0085382472764657,-0.002174257687065448,-0.00013026248712732082,-0.056664181900384705,-0.05508866557950198,0.944911334420498,-0.1399156337671523,0.0676534063975655,0.008091809157842658,-0.255548893487395,-0.30755314091962455,0.14959743775619747,0.0459536038194138,434988,MLP,22
-0.0816557045728723,-0.07841079697137865,0.09885057471264368,0.008182880987967739,-0.0006702310823846602,0.00020490413376511715,0.08913329818782598,0.09322637170854864,1.0932263717085486,-0.0137248599899813,0.09910620376718877,0.004412326631408822,0.7371966209743405,0.8872162706788466,0.07564791828095961,0.07587713820229469,648678,MLP,22
-0.10479302922998548,-0.09948911726914567,0.135632183908046,0.006347840817690312,-0.0012747756315790266,-0.00024090351547123112,-0.10479302922998567,-0.09948911726914589,0.9005108827308541,-0.10479302922998548,0.0,0.005194156534486719,-0.7362551987021273,-0.8860832687988555,0.06541061874768808,0.03557780445841878,81203,MLP,22
-0.28194077134330764,-0.24568163952676292,0.19770114942528735,0.007259369477735132,-0.002545004043115223,-0.0006066681286482566,-0.26390063596199154,-0.23195014760000154,0.7680498523999985,-0.27843352891236217,0.0035072424309454575,0.00828925574669306,-1.1618121427071908,-1.3982411301881863,0.10209448864013303,-0.04963250116686986,85916,MLP,22
-0.11635478503386464,-0.10984064794827197,0.2,0.008309927544207828,-0.0019182909347642916,0.0001273527610301322,0.055398451048107776,0.05696167827182497,1.056961678271825,-0.09067657301066694,0.10755151964439438,0.008196750185479305,0.2466419447991009,0.29683362651394035,0.10234794103624367,0.05440062622196446,950737,MLP,22
-0.2930954251879794,-0.25404904520927307,0.27586206896551724,0.007020346819593309,-0.0035183697792884284,-0.0006111376140796731,-0.2658448621246578,-0.23344195953744762,0.7665580404625524,-0.2658448621246578,0.0272505630633216,0.00915529782841058,-1.0596606515680476,-1.2753017915718898,0.1332156719684919,0.08805378660588832,108871,MLP,22
-0.39393407932006674,-0.32560148841640557,0.31494252873563217,0.006811848899692517,-0.004090171020545212,-0.0006566612985393068,-0.2856476648645987,-0.2484726412012369,0.7515273587987631,-0.3150503549203539,0.07888372439971289,0.008902875098000028,-1.170877366521317,-1.4091511287372953,0.06632591385401936,-0.026181944795049546,248045,MLP,22
-0.09650183135125699,-0.09199176528379482,0.09195402298850575,0.009919016571235086,-0.0009697974200844294,3.1472831990928354e-05,0.013690681916053878,0.013784828454531661,1.0137848284545317,-0.04266159286934979,0.1101925132673109,0.006414093540459318,0.07789342576093891,0.0937447524144651,0.07804936739194779,-0.017291923082061903,640617,MLP,22
-0.11405306306777108,-0.10778938880583566,0.10804597701149425,0.009244511247711617,-0.0011814957047821732,-5.500759727134993e-05,-0.02392830481303733,-0.023644292746388795,0.9763557072536112,-0.05086756732245886,0.06318549574531222,0.0068569796937521,-0.1273473999625194,-0.15326261957910764,0.22169955943145994,0.02280375332482743,575132,MLP,22
-0.1057722981834368,-0.10037052797934021,0.18620689655172415,0.008774156789913768,-0.0016487900124504428,0.00029203456454151384,0.1270350355755585,0.13545679846706893,1.135456798467069,-0.1050350487133852,0.128035535909142,0.007812273780765629,0.5934130218893824,0.7141726823938981,0.13731413456937655,0.06745893517035682,718707,MLP,22
-0.4803335654376948,-0.3814229785258667,0.19770114942528735,0.007229743328396202,-0.002955483825225258,-0.0009418527097966476,-0.4097059287615416,-0.336154560714369,0.663845439285631,-0.41855705126001524,0.061776514177679535,0.008797184055910836,-1.6995720625623851,-2.0454352939160305,0.01628416123623025,-0.025102380360384525,664356,MLP,22
-0.32457588076031224,-0.27716614361378655,0.1839080459770115,0.006022065963664393,-0.0021920333610402996,-0.0006813944047727699,-0.2964065660761548,-0.25651490925172005,0.74348509074828,-0.3030606301138029,0.021515250646509356,0.00785253396113926,-1.3774917615394142,-1.6578115916328553,0.00529436820570968,0.03375602406074212,879750,MLP,22
-0.6088763434376044,-0.4560382480087575,0.30344827586206896,0.006296706229142735,-0.004339548112549564,-0.0011119950709325907,-0.4837178558556766,-0.38351288439351006,0.6164871156064899,-0.5472125019286179,0.06166384150898654,0.00941988575393301,-1.8739478335534305,-2.255296566789131,-0.011200457831699739,-0.011766629693282545,153441,MLP,22
-0.2266982715758438,-0.20283872777854317,0.2850574712643678,0.007314123652250169,-0.003172241373992155,-0.000183024676856412,-0.07961573443253929,-0.07652886362426514,0.9234711363757349,-0.20718554270505463,0.019512728870789163,0.009036846822942502,-0.3215088990026845,-0.386936019845311,0.09126684151192939,0.05167854552024623,259180,MLP,22
-0.17102170089054272,-0.15719671630864007,0.14482758620689656,0.009782684095497839,-0.002002106440146126,-0.000295343672914931,-0.12847449771799502,-0.12056401024294339,0.8794359897570566,-0.15390504589672288,0.026153164417805526,0.008178107840170921,-0.5732909800903133,-0.6899558013400777,-0.004441627866857335,-0.04673714242008938,868887,MLP,22
-0.08235225246063846,-0.07905250446819034,0.09425287356321839,0.00915498567538535,-0.0008915740434955437,5.534307943346004e-05,0.02407423955355517,0.024366363569296334,1.0243663635692963,-0.016769215283751755,0.09165004226893872,0.006003543300210521,0.1463376052914893,0.17611733523030793,0.29266952561151877,0.03119167681304583,126853,MLP,22
-0.42204357588078334,-0.3442945341723208,0.3080459770114943,0.006851326409324205,-0.004124481495235293,-0.000743428025784781,-0.32339119121637966,-0.2763093024569596,0.7236906975430404,-0.4039671784890896,0.01807639739169378,0.009425034394347524,-1.2521497057338289,-1.5069624041202037,0.12410963952445905,0.0026101851725214534,980923,MLP,22
-0.4427617652064244,-0.3577398024111642,0.2206896551724138,0.0063329502255735845,-0.002946700053349236,-0.0008987772331731651,-0.3909680964303269,-0.3235982646750508,0.6764017353249492,-0.4177770892565167,0.024984675949907734,0.008334635556849497,-1.7118500456102281,-2.0602118488014396,-0.04324206140010986,-0.013725982700632248,544494,MLP,22
-0.1881814760174297,-0.17153565282058714,0.1793103448275862,0.00903339096009461,-0.002255716493378999,-0.00023146274310097267,-0.10068629324892306,-0.09578335273565142,0.9042166472643486,-0.1881814760174297,0.05325237464534056,0.008407938993563301,-0.43701044202924577,-0.5259421483951662,0.011643226845892713,-0.0015787507603937903,284192,MLP,22
-0.421928166092667,-0.34421885497646687,0.1425287356321839,0.008385986659792457,-0.0024584620345671536,-0.0009128164735319909,-0.397075165986416,-0.3277165091183094,0.6722834908816906,-0.3999489423680739,0.021979223724593103,0.008286162937173044,-1.74876024035745,-2.1046332750559147,-0.012868531993184792,-0.07519351371239172,371972,MLP,22
-0.3509131407187369,-0.2959550959658065,0.35402298850574715,0.006607103617156605,-0.0045467883525062555,-0.0005980541839359552,-0.26015357001214073,-0.2290668155061487,0.7709331844938513,-0.27449237375759516,0.07642076696114178,0.009474698813125841,-1.0020176930864526,-1.205928480300681,0.06251827620856652,-0.03561225877525338,365641,MLP,22
-0.11866735540586201,-0.11189682564800263,0.06896551724137931,0.009070324223972175,-0.0008571338494462868,-0.0001724815685208756,-0.07502948230658091,-0.07228386528614317,0.9277161347138568,-0.10192458746848342,0.02366126530755398,0.005011981017780915,-0.5463029501863106,-0.6574757023228688,0.038647779548704075,0.004080427488839497,94901,MLP,22
-0.42634611104707565,-0.34710966954553457,0.20229885057471264,0.007354158083475584,-0.003081206240144785,-0.0009701440321480208,-0.4220126539843891,-0.34427425820235724,0.6557257417976428,-0.4287910607960896,-0.0024449497490139603,0.008718570228496831,-1.7664087879369985,-2.125873305355742,-0.00924934216482021,-0.009517985268503122,133900,MLP,22
-0.15346817018461678,-0.1422719349097048,0.12183908045977011,0.008353844346700374,-0.0012098071046564478,-4.458060598538688e-05,-0.019392563603643418,-0.019205737470445516,0.9807942625295545,-0.12189720849335373,0.031570961691263055,0.006944186679607492,-0.10191188875748211,-0.12265097710533036,0.13894210940087326,0.019254883899669756,850967,MLP,22
-0.33261145002517084,-0.2829512506906091,0.22758620689655173,0.007591980452886729,-0.0032268378418480923,-0.0007646240230463745,-0.33261145002517273,-0.28295125069061045,0.7170487493093896,-0.33261145002517084,0.0,0.009022733269440251,-1.3452719598605154,-1.6190350543099044,-0.08871780716804183,-0.055316665473633994,842300,MLP,22
-0.23308751695661284,-0.207915750312061,0.3471264367816092,0.00705104512721101,-0.0042362424773702435,-0.00031812655026272835,-0.1383850493642868,-0.12923665968411868,0.8707633403158813,-0.2013985645828058,0.04199490500267753,0.009251819118315742,-0.545849671299212,-0.6569301810978019,0.04822256093674757,0.07345539725523735,151698,MLP,22
-0.1141274834282121,-0.1078557849704661,0.16091954022988506,0.009574789694269389,-0.0015392926634199798,0.0002491803596564703,0.10839345645056492,0.11448616090117758,1.1144861609011776,-0.03607973527616337,0.21291109336101846,0.007312006393920372,0.5409753994204443,0.6510639939836511,0.2300482309541526,0.07233070466845452,504782,MLP,22
-0.23233719555280988,-0.20732120952545907,0.12873563218390804,0.010700226598398128,-0.0017108460886715625,-0.0001130988002212114,-0.049197978096227085,-0.048007362649522434,0.9519926373504776,-0.05906227915331902,0.17327491639949086,0.0079099634855045,-0.22697801286703453,-0.2731680807704014,0.14186798658366503,-0.018913489644197964,831870,MLP,22
-0.342238510167361,-0.28982120035679415,0.24597701149425288,0.006008733960665395,-0.0028255259041025955,-0.0006525010638033428,-0.28383796275445417,-0.2471113691772766,0.7528886308227234,-0.283837962754454,0.058400547412907025,0.007927316186940115,-1.3066380885925744,-1.5725391830416307,0.054402869147242086,0.0008400707561708852,85194,MLP,22
-0.4622463285689376,-0.3701328334468803,0.2045977011494253,0.006749545184434934,-0.0030607405718942288,-0.0010535786585303306,-0.4583067164606939,-0.3676465067653536,0.6323534932346464,-0.4622463285689376,0.0,0.008592722376705641,-1.9464195361458863,-2.3425162743602854,-0.1646577355985794,-0.06677331243510873,520091,MLP,22
-0.14196858721097125,-0.13235148868252622,0.10829493087557604,0.009507381300743373,-0.0012338010576104978,-7.05854565906086e-05,-0.03063408816032423,-0.030169619423335292,0.9698303805766647,-0.05989259197444849,0.10245572921132609,0.00658969635224308,-0.17003960820118216,-0.20464270014769384,-0.02783040923015096,0.04901269490740464,119595,MLP,25
-0.4039365299315653,-0.3323135019681903,0.3248847926267281,0.00551444690533347,-0.00366195382635176,-0.0006806807775784482,-0.2954154574690464,-0.2557776694970385,0.7442223305029615,-0.30203735654411035,0.10189917338745495,0.008010456297407244,-1.3489209549355246,-1.6234266205624683,-0.010713688652002179,0.027939115007254847,841039,MLP,25
-0.5996508023453786,-0.4509966867051538,0.195852534562212,0.006706387061163168,-0.003146571603345633,-0.001216844675964877,-0.5281105893687568,-0.41028186254997645,0.5897181374500235,-0.5511228350927798,0.04852796725259876,0.008799944959491558,-2.1951058182405188,-2.6418102611902485,-0.0806795232367436,-0.036877314677703714,244,MLP,25
-0.23140436264221928,-0.20658142766939136,0.315668202764977,0.007019224206155766,-0.003409982325582051,-0.00011781344344361563,-0.05113103445452911,-0.04984584055701746,0.9501541594429825,-0.21596642639989233,0.015437936242326943,0.009170356460436171,-0.20394304657410517,-0.24544549454555614,0.13311451383916725,0.07485007685996282,361366,MLP,25
-0.1056751129176077,-0.1002830930013272,0.23963133640552994,0.008013579811776719,-0.002299484670499723,0.00017184875382458527,0.07458235915987023,0.07743407643357147,1.0774340764335715,-0.07348423164066784,0.14455236726249712,0.007400517643871171,0.3686248078438829,0.4436400249131633,0.04828060913482303,0.035785227919172546,442092,MLP,25
-0.26224751694609383,-0.23067941974103512,0.21428571428571427,0.007440107659176931,-0.002722657612629579,-0.0005449221972424697,-0.23649623360323155,-0.21061114455199592,0.7893888554480041,-0.23649623360323188,0.02575128334286195,0.008320801081139152,-1.0396080404208508,-1.2511684703205324,-0.06562517336833412,0.015502667404244521,426588,MLP,25
-0.11711923247264874,-0.11052086795571081,0.12211981566820276,0.0074294308904074595,-0.0011535101209269618,-0.00010536294673174434,-0.04572751888157717,-0.04469777145006293,0.9553022285499371,-0.0457275188815771,0.07139171359107165,0.006373205901219141,-0.2624401208187697,-0.3158467342967369,-0.041041892641269555,0.11589252143837443,807238,MLP,25
-0.13499718314326414,-0.12628162717594815,0.09216589861751152,0.009617443387352901,-0.0010833223185145893,-9.707663133786196e-05,-0.042131258000632194,-0.04125607049811941,0.9587439295018806,-0.12258509573360402,0.04612577157927126,0.006544861881830054,-0.23545855904057542,-0.2833744196701433,0.11907020979078405,-0.021862566263485893,247280,MLP,25
-0.2862393865257607,-0.24891720467650347,0.2304147465437788,0.008068063979069793,-0.002970898490598406,-0.0004273587510435217,-0.1854736979528882,-0.16928931531485192,0.8307106846851481,-0.2645082202458073,0.021731166279953428,0.008887492679748898,-0.763332258002109,-0.918670514710711,0.09570946717091935,0.025026653937360907,589528,MLP,25
-0.14992059757243328,-0.13922367855884377,0.20276497695852536,0.00757050851724246,-0.0019461058990702792,-1.6469796223456384e-05,-0.007147891560980162,-0.007122406142584525,0.9928775938574155,-0.0846966714877882,0.08270484318045598,0.007631798263875158,-0.03425796917937702,-0.04122947228947713,0.08126960779754223,0.08972316643507648,705597,MLP,25
-0.13134084471869906,-0.12308116970485428,0.12903225806451613,0.009379124875302333,-0.0009578871594329546,0.00037592084504901803,0.1631496467512738,0.17721284258523462,1.1772128425852346,-0.08302911755017914,0.20731156667132455,0.006806435605315987,0.8767523499684454,1.055171616521821,0.2081828634103894,0.07299137737497335,649587,MLP,25
-0.20829024706743837,-0.18802866979040422,0.2119815668202765,0.008279403588384946,-0.0023696332038466742,-0.00011223369950264417,-0.048709425584147405,-0.04754215062406486,0.9524578493759351,-0.1315351686861607,0.07675507838127767,0.00854666740510171,-0.2084619257050986,-0.2508839664215525,0.06605512238727514,0.042610237680645854,625032,MLP,25
-0.14386937792768154,-0.13399914050148387,0.08525345622119816,0.011687088308091249,-0.0012986796576709319,-0.00019159805690318818,-0.08315355669598401,-0.07979016801095984,0.9202098319890402,-0.09187346932724498,0.051995908600436555,0.007427870512041715,-0.40947467468145166,-0.49280284726231344,0.03525048003989084,0.017312685557288262,339493,MLP,25
-0.27064731917585655,-0.23711449594634582,0.15668202764976957,0.00924226902292315,-0.0023986352280039877,-0.0005747147462919018,-0.24942619989068515,-0.2207522127208672,0.7792477872791328,-0.26887429065467466,0.0017730285211818818,0.008597389221521368,-1.061172586917646,-1.277121406046798,0.07363076021761959,-0.03547034077101744,552964,MLP,25
-0.6059889134166869,-0.45446532675862794,0.27419354838709675,0.0067364603794816385,-0.004201444733938829,-0.001202341718968701,-0.5218163060324161,-0.4065583032289175,0.5934416967710825,-0.5726130153742826,0.03337589804240436,0.009513083859353963,-2.006350764698372,-2.4146435190881053,-0.021499941041812454,-0.02206256446715818,164496,MLP,25
-0.19214531316205913,-0.17481305074591447,0.1359447004608295,0.007321833435438241,-0.0014508383868220172,-0.00025824014370368726,-0.11207622236740028,-0.10602388607244484,0.8939761139275552,-0.16739625139654488,0.024749061765514255,0.005830383587668378,-0.7031158638192849,-0.846200073093654,0.07182675596241085,-0.023536717295852168,160422,MLP,25
-0.35649824476659464,-0.29987629965095075,0.41013824884792627,0.0064183488336712995,-0.005481827518475321,-0.0006011100284244028,-0.26088175233619093,-0.2296279910802571,0.7703720089197429,-0.29178663507513686,0.06471160969145778,0.009806230768961085,-0.9730880395953173,-1.1711116369346426,0.05787081136517452,0.025409032627350392,220778,MLP,25
-0.32404380620833984,-0.2767814397770144,0.3548387096774194,0.006286453423075791,-0.004327903853539234,-0.0005615190134500314,-0.24369925183731378,-0.21627669783407744,0.7837233021659226,-0.2681526732779569,0.05589113293038297,0.009354028491754922,-0.9529410781670988,-1.1468647651024986,0.18190782366725597,0.08140758479145158,655322,MLP,25
-0.3033895849047316,-0.2616885946444347,0.2511520737327189,0.006577134830712143,-0.0025545879025707006,-0.0002611368013545022,-0.11333337178785399,-0.10714704149095466,0.8928529585090453,-0.144457338381049,0.15893224652368262,0.008419275550190569,-0.49237231666701964,-0.5925701748353813,0.009722285330522919,0.08127509160804601,960036,MLP,25
-0.2835976113193335,-0.24693038956588886,0.32027649769585254,0.006308518240206355,-0.0038075490915133446,-0.0005676104760547313,-0.24634294660775335,-0.21834588667247856,0.7816541133275214,-0.27068550166345084,0.012912109655882607,0.008678845016600148,-1.0382184438067774,-1.24949609053662,0.06122948405395227,0.05124718551488255,205327,MLP,25
-0.218721038217528,-0.19645415452795423,0.07142857142857142,0.009516926973608808,-0.0012748034104203497,-0.0005039655258468386,-0.2187210382175279,-0.19645415452795412,0.8035458454720459,-0.218721038217528,0.0,0.006695026023948454,-1.194947514143579,-1.4381195558848414,-0.04176132467593223,-0.04747987550257561,434988,MLP,25
-0.5538471680678699,-0.42526554834569286,0.29493087557603687,0.0067463202946871316,-0.004438499862752558,-0.0011397510605583635,-0.49465196028233,-0.3902169008937686,0.6097830991062314,-0.5215345875020077,0.03231258056586228,0.009364251936940418,-1.932133746336262,-2.325323323663028,0.07207669481455001,-0.0671336926753042,648678,MLP,25
-0.18861893032430693,-0.17189798885884655,0.15898617511520738,0.007745738735230553,-0.0017222551526012422,-0.00021697501836070326,-0.09416715796854501,-0.08986938605981609,0.9101306139401839,-0.15953902072712317,0.029079909597183765,0.007928472340146021,-0.4344306807171291,-0.5228374051754365,0.022128842962511008,0.053059764527468536,81203,MLP,25
-0.3104207490649923,-0.2668615759848927,0.16820276497695852,0.0087945179320029,-0.0019352361309587928,-0.00013046183004588132,-0.056620434239912434,-0.055047327015041225,0.9449526729849588,-0.3104207490649923,-0.0,0.008287353693243715,-0.2499009242256741,-0.3007558088609536,0.15884166191261817,0.04094560815585729,85916,MLP,25
-0.08109851290476551,-0.07789715205999037,0.15668202764976957,0.010064714638208716,-0.0014577473484871722,0.0003476153591057318,0.15086506585188775,0.1628397407054989,1.162839740705499,-0.05322698171633684,0.1817157309311042,0.00795210340545689,0.6939324693406725,0.8351478561278213,0.1899048037365469,0.10237287296284384,950737,MLP,25
-0.30617511643144535,-0.26374232265059283,0.30184331797235026,0.0075710301260664995,-0.00402959157153953,-0.0005280214277920874,-0.2291612996617663,-0.20479974237264753,0.7952002576273525,-0.24120445589534525,0.06497066053610011,0.009570365641790842,-0.8758369975442432,-1.0540699897087678,-0.018412243683258975,-0.0011427134192603242,108871,MLP,25
-0.27123929317084605,-0.2375659706820643,0.28110599078341014,0.0073966840900099515,-0.0034125669412357193,-0.00037402172047080713,-0.16232542668433037,-0.1498355066941267,0.8501644933058733,-0.17319175782178314,0.09804753534906291,0.00929990252205948,-0.6384379545624292,-0.7683601972538411,0.06545827372299352,0.06235595853512749,248045,MLP,25
-0.18872661464756998,-0.1719871576623817,0.12211981566820276,0.007517911948643587,-0.0011423454990262803,-8.4756455877656e-05,-0.036784301850902715,-0.03611597907276132,0.9638840209272387,-0.1175039991743709,0.07122261547319908,0.006790605495475159,-0.1981365323686548,-0.23845735361757062,0.04448509119330483,0.057846388078711994,640617,MLP,25
-0.16243756697922832,-0.1499308390457188,0.12903225806451613,0.008271422980733498,-0.0013372798992336656,-9.744726956048338e-05,-0.04229211498924973,-0.04141027875640391,0.9585897212435961,-0.14928524685790145,0.052196716327528425,0.0064250080796939574,-0.24076661507787017,-0.28976266609989315,0.047986201512301506,0.03122158791835297,575132,MLP,25
-0.27708257414782644,-0.2420080960092742,0.32027649769585254,0.007426537309480734,-0.0037954081264767086,-0.0002012827449143018,-0.0873567112928069,-0.0836498351253041,0.9163501648746959,-0.23903588687859534,0.03804668726923108,0.009548718609453588,-0.33462757132111215,-0.40272434442448507,0.04534228988224731,0.06973517317201078,718707,MLP,25
-0.1408032581279398,-0.13133980327971606,0.10368663594470046,0.007546712254752289,-0.0012264401120393308,-0.0003167814564964211,-0.13748315211944678,-0.12845096637252162,0.8715490336274784,-0.1408032581279398,0.0,0.006167245120921399,-0.8153964411141866,-0.9813297687854063,0.05124002655495448,-0.04547988452662703,664356,MLP,25
-0.5034091591654258,-0.39553357918627874,0.16359447004608296,0.006825059651216185,-0.002633912896517256,-0.0010864772953903565,-0.47153114619941466,-0.3759539693084115,0.6240460306915885,-0.4897520717547138,0.013657087410712063,0.008020311556441227,-2.1504516689846205,-2.588068984241919,-0.08124781851321679,-0.044611802068166666,879750,MLP,25
-0.3640359158056331,-0.30513376238599554,0.3456221198156682,0.006662290924884609,-0.004011183580748512,-0.00032219469631310184,-0.139832498199886,-0.13049613333541188,0.8695038666645881,-0.2997710937652692,0.06426482204036386,0.009310321548870808,-0.5493561327912472,-0.6611502081567032,0.11682933565843069,0.0446106670957469,153441,MLP,25
-0.23254614012223895,-0.20748681815191627,0.08525345622119816,0.011152730240911263,-0.0012760436680467986,-0.00021644773571627255,-0.09393831730086234,-0.08966108732974232,0.9103389126702577,-0.21297733803173563,0.03564588833940512,0.006865343568386355,-0.5004849719556491,-0.602333756986596,0.047359899851994326,-0.029401806141488334,259180,MLP,25
-0.18943888036753168,-0.17257671284077059,0.08294930875576037,0.009041148275174358,-0.0008724139414983629,-5.009080831813717e-05,-0.02173941081007165,-0.02150481290095163,0.9784951870990484,-0.18028199951671608,0.009156880850815594,0.006549502383899975,-0.12140875505819544,-0.14611545933041242,0.012393436337589292,0.0348836909796874,868887,MLP,25
-0.23705756830071917,-0.2110541315627471,0.05069124423963134,0.01066135258233994,-0.001140611291747775,-0.0005423550584990889,-0.2353820953886045,-0.2097311661441812,0.7902688338558188,-0.23538209538860486,0.0016754729121143223,0.004549611834813219,-1.8923855386164667,-2.277486348267352,-0.05691257981193228,-0.09742753320910919,126853,MLP,25
-0.12514445638758298,-0.11763057052263115,0.20506912442396313,0.007800305501271313,-0.002132381158880902,-9.549380230590866e-05,-0.041444310200764195,-0.04059723719897712,0.9594027628010229,-0.1356469382701315,0.011294763488897543,0.007662202059195813,-0.19784353168774396,-0.23810472724350978,0.07443274171618718,0.032679931940813735,980923,MLP,25
-0.2513142936124704,-0.22222211748009846,0.25806451612903225,0.007384099829523606,-0.0031090606648665736,-0.00040114827921749487,-0.1740983531803928,-0.1597857441498185,0.8402142558501815,-0.26181677549501886,-0.010502481882548511,0.008546708338499003,-0.745085857831475,-0.8967109687061352,0.08739848483286218,0.04210693407244264,544494,MLP,25
-0.30771943590583506,-0.26487846221286626,0.4055299539170507,0.0066338136700234964,-0.005465077115728484,-0.0005586144929350537,-0.2424386899338138,-0.21528814316020362,0.7847118568397964,-0.30170936396353365,0.044964654917007574,0.00996306811909867,-0.8900601758786165,-1.0711875874838968,0.15354666401213005,-0.001313062354464497,284192,MLP,25
-0.16684016398604734,-0.15366512468018734,0.18433179723502305,0.00885621576069194,-0.0016947811073571193,0.0002501031079514631,0.10854474885093512,0.11465478694323727,1.1146547869432373,-0.053292308930074694,0.2657318222469378,0.00753166134165794,0.5271431593218054,0.6344168904480587,0.26271676424683393,0.06622538396098826,371972,MLP,25
-0.1498159671022625,-0.13913361041576566,0.20967741935483872,0.00846422050565992,-0.0026050206780183984,-0.0002840507524084284,-0.12327802654525763,-0.11598215203730255,0.8840178479626974,-0.12959842779467337,0.02021753930758912,0.008675906968865027,-0.5197342387075852,-0.6255002531085979,0.03873523660442777,0.037152387144504424,365641,MLP,25
-0.23224360226637136,-0.20724701664044465,0.14516129032258066,0.008472156256191687,-0.0015170187141516302,-6.697718619856781e-05,-0.029068098810178446,-0.02864968558641756,0.9713503144135824,-0.1901038902664989,0.04213971199987247,0.0075171620132882784,-0.14144032911598414,-0.17022346244074818,0.053033140099123355,0.026465834130832554,94901,MLP,25
-0.3885912580128491,-0.3219886549114924,0.22350230414746544,0.006645488729562786,-0.0027452601611307574,-0.0006464061463904954,-0.28054026753347483,-0.24462447367948958,0.7553755263205104,-0.359341328189443,0.029249929823406153,0.008519514392455508,-1.2044559094640637,-1.4495629114244137,0.027151110230234483,-0.021578099651352944,133900,MLP,25
-0.22523818248492966,-0.20167395116939157,0.27880184331797236,0.007398165094042398,-0.0028691562188264993,-6.608110860746325e-06,-0.002867920113564029,-0.00286381155928217,0.9971361884407178,-0.020921204902584076,0.21539379040474196,0.00891131781517517,-0.01177160438181684,-0.014167128066510533,-0.049604898662290654,0.11098568570250794,850967,MLP,25
-0.33706045614800656,-0.2861343189711455,0.2488479262672811,0.00754454798991952,-0.003397881391826557,-0.0006748805318528787,-0.29289815082414916,-0.2539018736931119,0.7460981263068881,-0.3158550515245476,0.021205404623458917,0.009172306686697863,-1.1680154924722952,-1.4057068627861438,-0.028561606920191728,0.01547638975532373,842300,MLP,25
-0.08669830045401537,-0.08304630157991111,0.08064516129032258,0.006612734883995396,-0.0006885816546297238,-9.976580474060123e-05,-0.04329835925742087,-0.04237436903242853,0.9576256309675715,-0.08669830045401537,0.007812933803140944,0.0037773647574616443,-0.41926929323484574,-0.5045906725160141,0.16207761684252897,0.062223561077475044,151698,MLP,25
-0.18118381939983413,-0.1657180126143033,0.17972350230414746,0.00882484322538605,-0.002058697344063185,-0.0001026693154524928,-0.04455848290638194,-0.04358033574369502,0.956419664256305,-0.14735736941747093,0.12515549378731844,0.008380909811663595,-0.1944687262376952,-0.23404314825566586,0.06962240437632498,-0.02274932567001484,504782,MLP,25
-0.2153764132499136,-0.1937620955763366,0.3064516129032258,0.007284985307932323,-0.003474551922801452,-0.00017727438435077934,-0.07693708280823802,-0.07405189017139502,0.925948109828605,-0.1807032712152147,0.03467314203469891,0.008924782848075243,-0.315317880198325,-0.379485127560907,0.09517992293366816,0.02238085103148503,831870,MLP,25
-0.10653728992820433,-0.10105847392874989,0.059907834101382486,0.009729215902491744,-0.00045341919690676795,0.0001566004173429124,0.06796458112682402,0.07032739801703825,1.0703273980170382,-0.09072484986577174,0.06896508146040756,0.0058221386074560405,0.42698305976536394,0.5138741919725308,0.21883644507465283,0.06888902907202844,85194,MLP,25
-0.13276923017103287,-0.12433285364854141,0.1774193548387097,0.008274089431297564,-0.0013341183827109333,0.00037056364880670364,0.1608246235821094,0.1744789748356621,1.174478974835662,-0.011148984622061736,0.2727681513321651,0.007357140376085969,0.7995654911112098,0.962277217507593,0.12616602783215208,0.10463148880853186,520091,MLP,25
-0.35080638521498364,-0.29587993128536105,0.27713625866050806,0.0069141186318323845,-0.003575483636161311,-0.0006684345087727584,-0.28943214229860414,-0.2513114045256507,0.7486885954743493,-0.30162591928303917,0.049180465931944486,0.009216426401455056,-1.151321391336973,-1.385615508959752,-0.015143696038675637,0.0052676267557313925,119595,MLP,28
-0.2939864513013211,-0.25471341096169187,0.3903002309468822,0.006550108614436334,-0.004967553870873937,-0.0004722075428890966,-0.2044658660709789,-0.18491743658695659,0.8150825634130434,-0.24466253255368964,0.049323918747631465,0.009795095505863877,-0.7652873164608703,-0.9210234279300483,0.11689457476487715,0.006982003485345888,841039,MLP,28
-0.2577451184619818,-0.2272078225342452,0.19168591224018475,0.007943972577130582,-0.0022362756061718564,-0.00028486544632404503,-0.12334673825831143,-0.11604289233119758,0.8839571076688024,-0.15429094657360823,0.10345417188837353,0.00838415656552692,-0.5393623953930601,-0.6491227433361993,0.040902340855770256,0.0019165401160236679,244,MLP,28
-0.44916773658682624,-0.36184095290462714,0.2909930715935335,0.006268873451482329,-0.0040039092928006,-0.001014600688228662,-0.4393220980030104,-0.3555268373235987,0.6444731626764013,-0.44916773658682624,0.0,0.009319474899976124,-1.7282397108628271,-2.0799368139862593,-0.09068566194725745,-0.011513446847840322,361366,MLP,28
-0.34333813451897566,-0.29060170105145033,0.20785219399538107,0.007243036575450058,-0.002568034720240239,-0.0005287820259859048,-0.22896261725189668,-0.20464173437294786,0.7953582656270521,-0.3322444389204093,0.011093695598566353,0.007827769197576584,-1.0723558933899524,-1.2905805174696157,0.12146649093322037,-0.027725248743322575,442092,MLP,28
-0.20388646358690227,-0.18444503888400177,0.13394919168591224,0.009439094972596774,-0.0014020665596080097,5.009826456722701e-05,0.02169254855760927,0.02192954245398382,1.0219295424539838,-0.20388646358690227,0.07779779526185368,0.007370327016470736,0.10790366467967523,0.12986208054392917,0.05804719054959498,0.09050079214486972,426588,MLP,28
-0.22401188249899917,-0.20069436343549008,0.3579676674364896,0.006802257581006838,-0.004158217086490916,-0.00023472153577001062,-0.10163442498841455,-0.09664026294222339,0.9033597370577766,-0.141454043275884,0.08255783922311517,0.009401289445343517,-0.39633806486376616,-0.4769929348994409,0.07442876569715509,0.04857984487295108,807238,MLP,28
-0.2507619798570223,-0.22179242140429611,0.14087759815242495,0.009764095943557708,-0.0021143376107228035,-0.0004409324217825928,-0.19092373863186252,-0.17380440744500025,0.8261955925549997,-0.2002542709476288,0.050507708909393524,0.008549020334976764,-0.8187587494084612,-0.9853763074439478,-0.040113931719407164,-0.044931117641789003,247280,MLP,28
-0.25582029224248326,-0.22571889938938128,0.050808314087759814,0.009679636449224456,-0.0010558517429690908,-0.0005103996870146843,-0.2210030644773582,-0.19828577654865465,0.8017142234513454,-0.24472659664391688,0.011093695598566353,0.006189757590987629,-1.3089921095316348,-1.5753722476803331,0.04432796752085441,-0.057349730503677934,589528,MLP,28
-0.1737594807492603,-0.15950097045401423,0.11316397228637413,0.008785751428633625,-0.001397722573591823,-0.00024532020382497105,-0.1062236482562124,-0.10077648418593443,0.8992235158140656,-0.12117572172245922,0.052583759026801055,0.0070102597562358045,-0.5555197155054328,-0.6685680811014718,0.06179599088429287,0.004829866460242658,705597,MLP,28
-0.19100169241668652,-0.17386881000820043,0.2517321016166282,0.008220748623717224,-0.0024196209101012825,0.00025890167462439234,0.11210442511236188,0.11862966757487858,1.1186296675748786,-0.11428203224923239,0.11972732275993464,0.008231862114395022,0.4992718067105128,0.6008737123880675,0.13102076327365683,0.0962788087479908,649587,MLP,28
-0.3480008134951528,-0.2939016981933952,0.17090069284064666,0.006828896955589735,-0.0021493785398929975,-0.0006149850372007984,-0.26628852110794565,-0.23378197446739413,0.7662180255326059,-0.3346896203827304,0.013311193112422407,0.00825260272139488,-1.1829704082864914,-1.4237051067545585,-0.03825397076980625,0.05496229271917641,625032,MLP,28
-0.21130577014063356,-0.1904734999978268,0.24018475750577367,0.007190185010023999,-0.0026856336844432297,-0.00031361256614163206,-0.13579424113932662,-0.12697775392776323,0.8730222460722368,-0.1666969713394771,0.044608798801156466,0.00873713895632252,-0.5698026748917314,-0.6857576253837298,0.00640379773007247,0.04989881147102164,339493,MLP,28
-0.3518571863999018,-0.29661943288526693,0.3210161662817552,0.005962792066039581,-0.0038720775324673565,-0.0007149253980736742,-0.30956269736590125,-0.26623223534970974,0.7337677646502903,-0.32662181206369223,0.025235374336209603,0.009046911214975835,-1.2544711212390407,-1.509756228113195,0.018409397829850616,-0.004452656436925428,552964,MLP,28
-0.4076696418613548,-0.3348014037022221,0.20092378752886836,0.007171303870284506,-0.0027889838803322967,-0.0007877251406009759,-0.34108498588022235,-0.28900151919301986,0.7109984808069801,-0.4076696418613548,0.0,0.00769161663091595,-1.62576341763569,-1.956606575996553,0.09620709568220982,-0.03464168992844774,164496,MLP,28
-0.24299231255733011,-0.21572245716296978,0.13394919168591224,0.008247131343200174,-0.0017522565693766465,-0.0004128466411331001,-0.1787625956106324,-0.16369558182878974,0.8363044181712103,-0.19173313071586534,0.05125918184146476,0.0073699603623972555,-0.8892500000023492,-1.0702125406658771,0.07459052104587938,0.04260379138737461,160422,MLP,28
-0.2364739098818342,-0.21059352225841588,0.10392609699769054,0.006922559512801427,-0.0012575813055393757,-0.00040745119739772173,-0.17642636847321372,-0.16173950071671028,0.8382604992832897,-0.18320477528491572,0.05326913459691848,0.005295269587811141,-1.2214840304160632,-1.4700562581624033,-0.03296764559599341,-0.015394813886917174,220778,MLP,28
-0.24389602642286662,-0.21643089949006822,0.15704387990762125,0.009223298668225768,-0.0022388791467399093,-0.000438814270486639,-0.1900065791207147,-0.1730463067027087,0.8269536932972913,-0.19254564561963816,0.05135038080322844,0.008353123761092788,-0.8339347994781713,-1.00364068653007,0.07734328059312746,-0.038426426227396296,655322,MLP,28
-0.44475153978921056,-0.3590164848515063,0.22170900692840648,0.006154742393052671,-0.0028964742679333487,-0.0008897380105322911,-0.38525655856048213,-0.31972391683862,0.68027608316138,-0.4029761729150222,0.04177536687418839,0.008342471130026214,-1.6930418849617856,-2.037576223957168,-0.062476431226432136,0.004985540685981119,960036,MLP,28
-0.5834259194787683,-0.442016518161398,0.4295612009237875,0.005857996330670072,-0.006291894166526083,-0.0010727726134579893,-0.4645105416273092,-0.37155737357065977,0.6284426264293402,-0.5053874073177446,0.07803851216102381,0.009176232314014397,-1.8558528934773497,-2.2335193030365668,0.024265004837769853,0.016196318171668573,205327,MLP,28
-0.05482586505858779,-0.05335002155977264,0.09930715935334873,0.008057277716378977,-0.0007236804258722418,0.00014833158363538506,0.0642275757141216,0.06633504310940608,1.066335043109406,-0.05482586505858779,0.06522807604770532,0.006000470705497242,0.39241769634779267,0.47227477066012075,0.01996007704208049,0.04296683241757856,434988,MLP,28
-0.1138831808197308,-0.10763780518616206,0.20092378752886836,0.00772850245902954,-0.0020787719505733406,-0.0001082572308609836,-0.046875380962805746,-0.04579369754799112,0.9542063024520089,-0.07102737174605578,0.04285580907367502,0.008324840857794428,-0.2064340078389585,-0.24844336689186133,0.008735176936260398,0.09714383544912941,648678,MLP,28
-0.21196337086389722,-0.1910056702127927,0.18244803695150116,0.008103682307340649,-0.002244060620563419,-0.000356135236488543,-0.15420655739953923,-0.14290503658099296,0.857094963419007,-0.1799842405131948,0.031979130350702406,0.008159110466542102,-0.6929029379266575,-0.8339088148792574,0.058808419129176066,-0.0015862694831906396,81203,MLP,28
-0.17437738830687124,-0.160020160734217,0.16397228637413394,0.010106433427499865,-0.002020227418490559,-3.1791113489819736e-05,-0.013765552141091944,-0.013671240176273636,0.9863287598237264,-0.14849032524162872,0.1433914109440625,0.008182615656878204,-0.061675667333970986,-0.07422667712631786,0.17329671473595798,0.00042201789593838697,85916,MLP,28
-0.3489035261201019,-0.2945388144351886,0.3094688221709007,0.0066962139624447475,-0.003390761451565619,-0.0002691570509249972,-0.11654500305052407,-0.11000995619148057,0.8899900438085194,-0.25412635484340085,0.09477717127670104,0.009005773523871202,-0.47444405645744825,-0.5709935103332124,0.17136608653010385,0.05930905898638908,950737,MLP,28
-0.231655435929007,-0.2067806088725589,0.19168591224018475,0.007518166532738254,-0.0023709736877776232,-0.00047536482333693556,-0.20583296850489277,-0.1860309766081717,0.8139690233918283,-0.20583296850489308,0.02582246742411393,0.008199074963699673,-0.9203700003812432,-1.1076654669193842,-0.013420895374240295,0.03757823732290623,108871,MLP,28
-0.1289530211073233,-0.12098474026085371,0.3302540415704388,0.007471166523398453,-0.003663913675133468,1.3491563642662949e-05,0.00584184705727285,0.005858943922002258,1.0058589439220023,-0.12129268509161503,0.07892107063459522,0.009374601557422934,0.022845977171769716,0.02749513778232185,0.06104437013470153,0.10331153546462034,248045,MLP,28
-0.26449270120025786,-0.2324047486288502,0.046189376443418015,0.012446033825277907,-0.001165722110508502,-0.0005370035915345339,-0.23252255513445322,-0.20746812651778224,0.7925318734822178,-0.2533990056016915,0.011093695598566353,0.006838919110865299,-1.2464934297219277,-1.5001550748861432,-0.005669570155848267,-0.08214125571633127,640617,MLP,28
-0.15233358987542148,-0.14129822126269664,0.14780600461893764,0.009109083212112234,-0.0015665880700486412,1.1340248792689233e-05,0.004910327727234362,0.004922403143088339,1.0049224031430883,-0.12724539303905666,0.025088196836364814,0.007985500008360805,0.022543468596563213,0.027131068655704915,0.07605614366075732,0.06363263926846116,575132,MLP,28
-0.2552236143102311,-0.22525676508432713,0.3648960739030023,0.006703564600517626,-0.0042286880827229435,-0.00023955199969289765,-0.10372601586702468,-0.0985277473176992,0.9014722526823008,-0.22162607656731903,0.033597537742912076,0.009401294792724162,-0.4044942943898329,-0.4868089586535291,0.04334548826545455,0.0834039065963612,718707,MLP,28
-0.05756270600352155,-0.055937309868036134,0.050808314087759814,0.010678503980959977,-0.0005378544046403077,3.2029855136150084e-05,0.013868927273953016,0.013965546999754608,1.0139655469997546,-0.04976607672096376,0.05275451724238577,0.0038213800158093773,0.13305616955511693,0.16013312484731543,0.07667269408786767,0.033177812297150194,664356,MLP,28
-0.26835527287246846,-0.23536392161454156,0.2678983833718245,0.007309356361273879,-0.002897010958833578,-0.00016274165367776957,-0.07046713604247415,-0.06804163313728573,0.9319583668627143,-0.2758277365226726,-0.004874014951765843,0.008277099690603957,-0.3121194329010388,-0.3756357956427675,0.113760840372318,0.04861805876612897,879750,MLP,28
-0.15840045415063642,-0.14649207726668423,0.4341801385681293,0.0063608297224705184,-0.005128207905816909,-0.00013989595635262222,-0.06057494910068495,-0.058776777459332075,0.9412232225406679,-0.09061009182472954,0.06779036232590686,0.009771715678477049,-0.2272660741129571,-0.27351476253353363,0.07053147647100054,-0.0058945072928419445,153441,MLP,28
-0.13943072936329365,-0.13014672359221657,0.14087759815242495,0.0074676939301419575,-0.0012548915126993948,-2.607462583259913e-05,-0.011290312985515603,-0.011226816591244582,0.9887731834087554,-0.09190903210630254,0.047521697256991124,0.006651678423667051,-0.06222818159999275,-0.07489162814840583,0.054677123482061614,0.045512950818897245,259180,MLP,28
-0.5059246209996671,-0.39705218060520886,0.2748267898383372,0.006460037696540858,-0.003935851154961019,-0.0010787823943865997,-0.46711277676939755,-0.37319060311265073,0.6268093968873493,-0.4671127767693956,0.0388118442302715,0.009112334561329438,-1.8793361339568735,-2.2617813873284893,0.014337916096770431,-0.07468892459003464,868887,MLP,28
-0.22378316004222717,-0.20051152337756684,0.11085450346420324,0.008282448961621251,-0.0014337446590028855,-0.00035666083962653775,-0.15443414355829083,-0.14310007733627284,0.8568999226637272,-0.2134139698727666,0.010369190169460595,0.0068809022742328,-0.8228303612864688,-0.9902764930976519,0.06698222961663303,-0.0121979574354957,126853,MLP,28
-0.2974660800385376,-0.25730222492656474,0.22863741339491916,0.007265400641259296,-0.0029995529149648083,-0.0006526004852507523,-0.28257601011357547,-0.24616065963228073,0.7538393403677193,-0.2825760101135756,0.014890069924961984,0.008898410920149678,-1.1642204017868774,-1.4011394704392361,-0.0050316879374988745,-0.01972687581571256,980923,MLP,28
-0.4040356899111239,-0.3323797064652142,0.04849884526558892,0.005379802764622813,-0.0012589321490338616,-0.0009369611716971637,-0.4057041873448719,-0.33349270043969614,0.6665072995603039,-0.4086570379375967,-0.004621348026472866,0.005894050324680356,-2.5235273998806496,-3.037065695877526,-0.1865242966715491,-0.1119113608707121,544494,MLP,28
-0.335810962288911,-0.28524179069830335,0.2863741339491917,0.00676048624666909,-0.0035318168971845802,-0.0005843674980209425,-0.25303112664306804,-0.22355628663872995,0.77644371336127,-0.335810962288911,0.0,0.00895956082585892,-1.0353795933190009,-1.2460795334457162,-0.004711863807453361,0.023033021625375096,284192,MLP,28
-0.18269209040876405,-0.16697538747975627,0.13163972286374134,0.009164446524769932,-0.0013690256827447774,1.7597679445380656e-05,0.007619795199849802,0.007648899715813284,1.0076488997158133,-0.17937031435551248,0.08596267997917677,0.006109224332165957,0.04572667258509717,0.055032058974826284,0.12660500943774528,0.05085044650787703,371972,MLP,28
-0.4478338788903501,-0.3609891715968456,0.4133949191685912,0.00636458222153617,-0.005580253931668749,-0.0006423193556325353,-0.278124280988888,-0.2427972902352522,0.7572027097647478,-0.3511129527051637,0.09672092618518639,0.01004467186182783,-1.0151156557409136,-1.2216918807954127,0.04626392184989592,-0.013584456389773857,365641,MLP,28
-0.37122817782944784,-0.3101134932077748,0.23556581986143188,0.006877583123259388,-0.0030690100837346534,-0.000725932700100953,-0.3143288591437128,-0.2697211702047626,0.7302788297952374,-0.3373371868657827,0.03389099096366517,0.008734885960990252,-1.31928732781236,-1.587762544799136,-0.025901497426181613,0.022217940583946605,94901,MLP,28
-0.20519721276099082,-0.18551332659414277,0.18475750577367206,0.006652477664340672,-0.0017049861601070484,-0.0001608819893083931,-0.06966190137053432,-0.06729088572412556,0.9327091142758744,-0.13765003434358186,0.06754717841740895,0.007242365661267401,-0.3526364898274456,-0.4243980812018333,0.030361590569873996,0.041357237677343985,133900,MLP,28
-0.3912660998294761,-0.3237998046600763,0.16628175519630484,0.006708427774355672,-0.0023011197472726274,-0.0008029963718517556,-0.34769742901180994,-0.2936874464262248,0.7063125535737752,-0.3515279512442209,0.03973814858525515,0.007539221598508915,-1.6907809453647642,-2.0348551827309502,-0.07760166415139953,-0.03942265443572782,850967,MLP,28
-0.26311483984725487,-0.23134637982194206,0.394919168591224,0.0063822854572106935,-0.004609132209095566,-0.0002684106826790064,-0.11622182560000953,-0.10972228499622116,0.8902777150037788,-0.2566066833485048,0.006508156498750105,0.009507208511956411,-0.4481744024286183,-0.5393779768156038,0.0706063704240204,0.04194840338980553,842300,MLP,28
-0.24732570342008672,-0.21911368523580965,0.17782909930715934,0.008942964086268991,-0.002106157304593064,-0.00014130199952059664,-0.0611837657924183,-0.05934963546740868,0.9406503645325913,-0.2557434257729552,-0.008417722352868497,0.008426904858121479,-0.26618310526719663,-0.32035141677771894,0.10922966169750767,0.021882445851761644,151698,MLP,28
-0.27476424825005524,-0.24024878520802628,0.22632794457274827,0.007697887887917846,-0.0028525921441415296,-0.00046472368422970783,-0.2012253552714633,-0.1822718685569059,0.8177281314430941,-0.2683475265643538,0.00641672168570143,0.008844843106255629,-0.8340746910234548,-1.0038090460308797,0.0627214749595864,0.010582275663208376,504782,MLP,28
-0.4051922777670658,-0.3331514216248793,0.19399538106235567,0.007204034031226055,-0.0028332061559321314,-0.0008860279210099887,-0.38365008979732507,-0.318630196281961,0.681369803718039,-0.4051922777670658,0.0,0.008756013792091892,-1.6063539340944493,-1.9332472589387752,-0.006579566161350778,-0.018220668750028108,831870,MLP,28
-0.27609159713806664,-0.2412565711484077,0.23556581986143188,0.007940915432858143,-0.003144601314561254,-0.0005332324733677701,-0.2308896609682446,-0.20617294868866043,0.7938270513113396,-0.2696748754523652,0.00641672168570143,0.008823306218280067,-0.9593686180303513,-1.154600310525343,0.02973715367445317,-0.028581532268526125,85194,MLP,28
-0.18370721685411653,-0.1678205837304424,0.2748267898383372,0.007330827942418395,-0.0027436415111234827,2.5092588117818764e-05,0.010865090655015605,0.010924330105422486,1.0109243301054225,-0.029292065334266253,0.17704588215175257,0.008612498923445214,0.046250512308336364,0.0556625001793335,0.1924815631085465,0.08757097524948393,520091,MLP,28
-0.33879712571970294,-0.28737299188356646,0.3611111111111111,0.006546451718374387,-0.004862592672306203,-0.000742659975671545,-0.3208291094901079,-0.27445277046753314,0.7255472295324669,-0.34436201853259923,-0.005564892812896311,0.009620410629592688,-1.2254530580622696,-1.4748329836740235,-0.04893893419555671,0.00015127601060270133,119595,MLP,31
-0.12152772360832434,-0.11443349809030245,0.11805555555555555,0.00931696116866961,-0.0012386871613313363,7.465766515997495e-06,0.003225211134910852,0.003230417724288559,1.0032304177242886,-0.0416988469637626,0.11133410756615952,0.0064203888754543244,0.01845921977404032,0.022215674436922465,0.04441642088189527,0.03816663478307255,841039,MLP,31
-0.17977208541362447,-0.16453939662825412,0.18287037037037038,0.00915194051789292,-0.0020437184016074274,3.635891541941714e-06,0.0015707051461188448,0.0015719393495521317,1.0015719393495521,-0.03137659964527982,0.1499719031402198,0.00833892668050129,0.006921512935093463,0.008330042106829956,-0.01978376239740702,0.012301358724244654,244,MLP,31
-0.175138920831205,-0.16065958919791445,0.17592592592592593,0.009287435478016035,-0.002292562237231851,-0.0002553404169567601,-0.1103070601253203,-0.10444089741737128,0.8955591025826287,-0.12532105449301761,0.04981786633818738,0.00864455103561718,-0.46889693182283,-0.5643175448020464,0.0606373878266708,0.03069439702842322,361366,MLP,31
-0.1318901833548341,-0.1235627628081295,0.25,0.007998044848090437,-0.002502721310124243,0.00012247022942942724,0.05290713911351261,0.05433173439388028,1.0543317343938803,-0.009771035899672448,0.1711063833096543,0.008416158698828332,0.23100260939071746,0.27801168343641697,0.16652142151557514,0.07070229560132982,442092,MLP,31
-0.22344367848683433,-0.20024006571117603,0.1736111111111111,0.00827645721876037,-0.0020843486705362456,-0.00028559764808891636,-0.12337818397441182,-0.11607068855841174,0.8839293114415883,-0.12677897591154474,0.09666470257528958,0.007779235782075997,-0.5827978786367879,-0.7013973555118499,0.0004483562991931935,0.017995841029566514,426588,MLP,31
-0.18839895752054303,-0.17171580890106986,0.18055555555555555,0.006990390006654497,-0.0017789498724879197,-0.00019559683875387227,-0.0844978343416726,-0.08102635444239514,0.9189736455576049,-0.13260778681671934,0.055791170703823695,0.007273665534582248,-0.42688291627877456,-0.5137536692677641,-0.04508025201570953,0.0008543046402499411,807238,MLP,31
-0.235297007718802,-0.2096639211497715,0.2013888888888889,0.007626196817936385,-0.002092223476201224,-0.0001350416114096224,-0.058337976128956665,-0.056668929830038794,0.9433310701699612,-0.21568868883992304,0.019608318878878952,0.008456128344355121,-0.2535107126233175,-0.3051001898700038,-0.05631285294135682,0.021454688439352807,247280,MLP,31
-0.24593304754503023,-0.21802542170939498,0.23148148148148148,0.007391501839191814,-0.0023771777864221542,-0.00011590935456706904,-0.05007284117297375,-0.04883986164286114,0.9511601383571389,-0.1794571087890138,0.06647593875601643,0.008099909456610658,-0.22716352210099586,-0.2733913411680333,-0.00865746937888587,0.03358291268603251,589528,MLP,31
-0.2738045559026805,-0.23951930780032682,0.4236111111111111,0.006283859669927228,-0.005412600815825678,-0.00045785019338868277,-0.1977912835439113,-0.17945890430379174,0.8205410956962083,-0.21907301612502725,0.05473153977765323,0.009807744368728652,-0.741061983604478,-0.8918682353243156,0.12703231940882137,0.029937047492870354,705597,MLP,31
-0.11344223163050521,-0.10724423203335909,0.16203703703703703,0.008229539432822015,-0.0015560120779039826,2.9609694667359545e-05,0.012791388096299358,0.012873547839668875,1.0128735478396689,-0.06941572390835248,0.08822159802127116,0.006905053664379801,0.06807178535672545,0.08192440635826927,0.029805954263187398,0.019757818137154496,649587,MLP,31
-0.42377481926259736,-0.3454287378458659,0.26157407407407407,0.00604719273778876,-0.0033020381827510163,-0.0008565217614061212,-0.37001740092744445,-0.3092776886760422,0.6907223113239578,-0.3999166134685143,0.023858205794083067,0.008127173675187779,-1.6730122897071509,-2.0134706023367963,0.06689242863958486,0.03963520521898682,625032,MLP,31
-0.1454443995896223,-0.13536203703692617,0.30092592592592593,0.007508458271796278,-0.0032128232918194055,1.3488289824203133e-05,0.0058269412040557675,0.005843950847969737,1.0058439508479697,-0.10788293283447514,0.07943033977227022,0.009161188112542004,0.023372510234266404,0.028128820421127222,-0.0187036880336667,0.06255983395545034,339493,MLP,31
-0.5156735699483543,-0.40290172831489157,0.13194444444444445,0.007599623337878365,-0.0024435496597892854,-0.0011184087781525814,-0.48315259216191525,-0.383164308099906,0.616835691900094,-0.4895369592357122,0.026136610712642134,0.007857457990154025,-2.2595334227516517,-2.719348895221953,-0.1923313314786645,-0.12138352329118404,552964,MLP,31
-0.1855328667291999,-0.16933846599542668,0.14351851851851852,0.010003095872371626,-0.001958923098184257,-0.0002421518570396629,-0.10460960224113446,-0.09932392411952096,0.900676075880479,-0.1712354533453345,0.021382691485316595,0.007863981650381041,-0.4888161913819091,-0.5882903773922615,0.1005295894621014,-0.019984079571782925,164496,MLP,31
-0.19440621226389643,-0.17667660772735494,0.2222222222222222,0.007581204847609526,-0.002501199220606567,-0.0002606649832252129,-0.11260727275329185,-0.10649850639791625,0.8935014936020838,-0.1517963964276006,0.04260981583629583,0.008393988192054995,-0.49296332470624815,-0.5932814531206948,0.12294699558352137,0.021485421982113197,160422,MLP,31
-0.32354956583708916,-0.27642390762117974,0.2638888888888889,0.00798309689300405,-0.0032942995407845566,-0.0003183199263125636,-0.13751420816702736,-0.1284780328204882,0.8715219671795118,-0.3124558702385228,0.011093695598566353,0.009247355900966753,-0.5464450842373674,-0.6576467606797946,0.09978757908806737,0.06336224977218227,220778,MLP,31
-0.1392176541125104,-0.12996135963966726,0.05555555555555555,0.008023891422188158,-0.0007860229231530878,-0.0002965832373007963,-0.12812395851394398,-0.12025567941321547,0.8797443205867845,-0.12812395851394404,0.011093695598566353,0.006068212967439008,-0.7758648153637823,-0.9337534498302406,0.019748497832575356,0.019432373640277445,655322,MLP,31
-0.24798919677416928,-0.21963162627173127,0.22453703703703703,0.007520106357427963,-0.0024647182147036857,-0.00022275528994264437,-0.09623028525522223,-0.09174516571243008,0.9082548342875699,-0.11660018699637234,0.13138900977779694,0.007941432014015051,-0.4452761915273439,-0.5358899794559971,0.07165560925237109,0.0067619056922221,960036,MLP,31
-0.3922943648487285,-0.3244947603064323,0.3125,0.005747713369418352,-0.0037008336126051317,-0.0007481626807227934,-0.3232062780722468,-0.2761754701614033,0.7238245298385967,-0.341787414228887,0.050506950619841486,0.00835629073138483,-1.4212902281947448,-1.7105230544119918,-0.08118720242416425,0.014878823852728328,205327,MLP,31
-0.1843414364688174,-0.16834820090892355,0.1527777777777778,0.008284100906782747,-0.0019328791176862615,-0.0003719516139479408,-0.16068309722551027,-0.14843810932258683,0.8515618906774132,-0.1797094566265876,0.004631979842229784,0.007599918139087535,-0.7769226869910791,-0.935026598530769,-0.005393552135372704,0.0047881973067400475,434988,MLP,31
-0.21553183442351045,-0.19388739228050778,0.125,0.0070884999322388745,-0.001239462314805986,-0.00019846703392537848,-0.08573775865576354,-0.08216510608071459,0.9178348939192854,-0.1679456286409976,0.04758620578251285,0.006090794617548413,-0.5172669067168694,-0.6225308185981192,0.02551456655285875,0.056295226301795974,648678,MLP,31
-0.22851231905792402,-0.20428350533348316,0.19907407407407407,0.009220158680546167,-0.002521450683904236,-0.00018400067153679484,-0.07948829010389512,-0.07641116496541345,0.9235888350345866,-0.12225944563985598,0.10625287341806802,0.008929354576374646,-0.32711436002996597,-0.3936821932359151,0.02522728151961668,0.022453837594634953,81203,MLP,31
-0.14400647581700238,-0.13411785925324005,0.24768518518518517,0.00831671549006634,-0.0025475362692386713,0.00014337793966326417,0.06193926993453034,0.06389773218716277,1.0638977321871628,-0.033601740665349884,0.1976775094112319,0.008620302427377189,0.2640341507999085,0.3177651496759976,0.11696593442129978,0.07488772667812661,85916,MLP,31
-0.13746229353922934,-0.12843278690749205,0.21296296296296297,0.008296086313029673,-0.0020305113954315925,0.0001686714498888623,0.07286606635198863,0.07558647004753305,1.075586470047533,-0.05636324133110045,0.1977584690329646,0.008202531949580169,0.3264328959099981,0.3928620510405802,0.1338388648874044,0.08846721649862324,950737,MLP,31
-0.5210945744794835,-0.4061298430335094,0.3541666666666667,0.006136263238101276,-0.005089090177905259,-0.0011134441764029442,-0.4810078842060721,-0.3818399560174591,0.6181600439825409,-0.49607543757216516,0.025019136907318325,0.009704428174034831,-1.8213724724537799,-2.1920221099111616,0.10065677648724679,0.004902316409758506,108871,MLP,31
-0.32868043821631754,-0.28012697609808734,0.38657407407407407,0.006659869000017523,-0.00520190121472389,-0.0006164483770807975,-0.2663056988989048,-0.23379513628742,0.76620486371258,-0.30292915487345556,0.02575128334286195,0.009900670612240084,-0.9883991695565416,-1.1895385846953668,0.044006528599140296,0.007382390469262875,248045,MLP,31
-0.17731478417632385,-0.1624838937933598,0.20833333333333334,0.008516406281171852,-0.0025155217703218013,-0.00021720342626062317,-0.09383188014458924,-0.08956418828789525,0.9104358117121047,-0.1449670252899251,0.04535387060866498,0.008291788015476044,-0.4158328085987175,-0.500454862616233,0.07113048781038905,-0.01413047422043674,640617,MLP,31
-0.22007505615488837,-0.19754143375231348,0.2800925925925926,0.007256716560115727,-0.003245113481705662,-0.0003036286783251337,-0.13116758903645792,-0.12292922537241202,0.877070774627588,-0.21935236921137838,0.000722686943509996,0.008685683798790889,-0.5549310744197437,-0.667859651445184,0.026879875036915517,0.010431944585394157,575132,MLP,31
-0.12704891615380962,-0.1193094084529489,0.17824074074074073,0.008751857467696038,-0.0014989750352740992,0.00032814094326455933,0.1417568874902898,0.15229647679335367,1.1522964767933537,-0.028240343209245927,0.23996121219552474,0.007425229404137568,0.7015373804120337,0.8443003680189634,0.139847527048434,0.12894978554613368,718707,MLP,31
-0.3478543495009763,-0.29379827264195657,0.1597222222222222,0.006098955119228104,-0.001995997727445759,-0.000703053869990906,-0.30371927183607134,-0.2619319661456334,0.7380680338543666,-0.32210306615811435,0.02575128334286195,0.005989818544407462,-1.8632674941522622,-2.2424427763301287,-0.07819708170814703,-0.04176877343715815,664356,MLP,31
-0.19101744157825357,-0.17388182077933256,0.33564814814814814,0.007575661183693385,-0.0034221433115788455,0.000269249400954658,0.11631574121241216,0.12335050419448823,1.1233505041944882,-0.15557273307634906,0.16870057122739318,0.00936586377449476,0.45635958800878706,0.5492288491861982,0.1594051803163354,0.07469245986147124,879750,MLP,31
-0.37970355077661466,-0.3159358305514076,0.16203703703703703,0.007278716397615367,-0.002331357023214499,-0.0007741692003948447,-0.3344410945705729,-0.28426199555931664,0.7157380044406834,-0.34081948842676424,0.03888406234985045,0.006397763402704519,-1.9209142770718544,-2.3118206903131795,0.04644824046010178,-0.05081767688360035,153441,MLP,31
-0.12928346240453434,-0.12127515521835996,0.12731481481481483,0.009666946533388694,-0.0014084512305896284,1.61098473168593e-06,0.0006959454040884189,0.0006961876302800096,1.00069618763028,-0.11096575689171977,0.023949978934314956,0.007550824810626543,0.0033868604340797186,0.004076087163370948,-0.08904052739139601,0.03082847340513649,259180,MLP,31
-0.1245073990021943,-0.11706827147157683,0.2824074074074074,0.00806220517409096,-0.0026079510412363996,0.0004053801121662341,0.17512420845581328,0.1913941886549162,1.1913941886549162,-0.10935202281840009,0.20485955423403923,0.00893590339596218,0.7201521205307336,0.8667032112196563,0.17346578648275507,0.0956963216386697,868887,MLP,31
-0.23367301516173594,-0.20837937847858523,0.2569444444444444,0.006233028685471658,-0.0027388151935174316,-0.00043354975238829086,-0.1872934930317416,-0.17079966385156298,0.829200336148437,-0.18996357704472885,0.04370943811700709,0.006983095813633226,-0.9855784795794555,-1.1861438837824627,0.00629436282743729,0.01916228403699439,126853,MLP,31
-0.36081705904857353,-0.30289348386827764,0.22685185185185186,0.006451644638961611,-0.0028373710078068467,-0.0007301406064565946,-0.3154207419892487,-0.2705181139676853,0.7294818860323147,-0.32996013008215,0.030856928966423513,0.00784781381464117,-1.47692377450906,-1.7774780377655355,0.053691948691901824,-0.031582439507019104,980923,MLP,31
-0.2125687072892265,-0.19149523575761984,0.47453703703703703,0.006363762751636749,-0.00547796794373306,0.0001413718538382609,0.06107264085812897,0.06297612688079046,1.0629761268807905,-0.07436755198975988,0.24762680914730528,0.01003243869224014,0.22369522253618218,0.26921724199565233,0.10986803232117481,0.10042311164854843,544494,MLP,31
-0.12676913789258992,-0.1190629758989451,0.05555555555555555,0.0106205926095798,-0.0008537661754717499,-0.00021630179852444157,-0.09344237696255883,-0.0892095015708807,0.9107904984291193,-0.09344237696255871,0.03332676093003123,0.004925035462417537,-0.6971898229753131,-0.8390680818339407,-0.06624219082002925,-0.03789329145583377,284192,MLP,31
-0.2910494201052622,-0.2525212633725705,0.4652777777777778,0.006459350988412463,-0.005906402296879838,-0.000152892087750781,-0.06604938190833731,-0.06391536249552043,0.9360846375044796,-0.1717721261109818,0.11927729399428037,0.009862818800511472,-0.24608448140427383,-0.2961627192144132,0.08329030492338957,-0.0326300372647813,371972,MLP,31
-0.20740183767725118,-0.18730698630835907,0.19907407407407407,0.007465326542567058,-0.002276185808023505,-0.0003369032567485319,-0.14554220691536562,-0.1354466008282732,0.8645533991717268,-0.18930305219336557,0.018098785483885594,0.008261951654431558,-0.6473256711200303,-0.7790565657866532,0.1316405025292262,0.0039804484768056845,365641,MLP,31
-0.20879340456465761,-0.1884371164876001,0.15046296296296297,0.007318951243535073,-0.0015025697151730794,-0.00017525753388597303,-0.07571125463874043,-0.07291614092038134,0.9270838590796187,-0.20879340456465761,-0.0,0.007048520690317779,-0.39471078011280264,-0.4750344973985009,0.14955428843069732,-0.009406529617029468,94901,MLP,31
-0.5018080817820886,-0.3945650064979216,0.4027777777777778,0.005927848119683449,-0.005764012108976633,-0.0010547906279885443,-0.45566955129105147,-0.36597668532837746,0.6340233146716225,-0.4741900581265564,0.027618023655532224,0.009416189104580865,-1.7782440364595171,-2.1401170291574436,0.003067303718518681,-0.024655626608688967,133900,MLP,31
-0.16427664916133616,-0.15149274941219926,0.16666666666666666,0.008312192008259315,-0.0014703073208060223,0.00016010923403820035,0.0691671891045026,0.07161535658401785,1.0716153565840179,-0.10784314125328616,0.07828067061381314,0.0074922086393710745,0.3392397913032561,0.40827515203222997,0.06695229211315962,0.08786041478803781,850967,MLP,31
-0.3060220735540988,-0.2636296350343842,0.22453703703703703,0.0064697289867269156,-0.0026997387029980783,-0.0006408535967403831,-0.27684875379184515,-0.24183084135038602,0.758169158649614,-0.2993545501012345,0.006667523452864237,0.008569567167763038,-1.187135273404192,-1.428717522699606,-0.00012100894876497285,0.023891633966401576,842300,MLP,31
-0.35594318354663235,-0.2994875802641621,0.27546296296296297,0.006838966160145714,-0.00349824570659524,-0.0006507266970068751,-0.2811139331069701,-0.24505768234367165,0.7549423176563284,-0.2864977998471843,0.06944538369944803,0.007677420204736989,-1.3454996333443368,-1.6193090593900978,0.08377165497991203,-0.02900176263189837,151698,MLP,31
-0.2011851810977881,-0.18223901634503337,0.09953703703703703,0.007768508489668887,-0.0012045108567706325,-0.0003113630977500322,-0.13450885822801395,-0.12585486453465156,0.8741451354653484,-0.2011851810977881,-0.0,0.005416415035720965,-0.9125474897951141,-1.0982510739716813,-0.025676144772586135,-0.023165639235475946,504782,MLP,31
-0.2820166985736095,-0.24573891065639286,0.18055555555555555,0.007833562864702602,-0.002445126105189822,-0.0005892517078481341,-0.2545567377903941,-0.22473993470018927,0.7752600652998107,-0.2671266286486475,0.014890069924961984,0.0077826082001411,-1.2019210823625823,-1.4465122465355547,0.04912317704475159,-0.016855013715982817,831870,MLP,31
-0.4309765227933044,-0.35012583217418347,0.2361111111111111,0.0065931951810954195,-0.0030165456405165806,-0.0007475790576359695,-0.32295415289873897,-0.2759929527685807,0.7240070472314193,-0.419882827194738,0.011093695598566353,0.008617496356538133,-1.3771342789353078,-1.657381361252216,-0.09674023366829032,-0.04775750173814604,85194,MLP,31
-0.15767122742926332,-0.14586944949170932,0.1388888888888889,0.009990061579037118,-0.0017670060508501932,-0.0001340799911436223,-0.057922556174044654,-0.05627696987104425,0.9437230301289558,-0.06724002948466948,0.09043119794459384,0.008195679506336482,-0.2597043811302031,-0.3125542710718917,0.0009417140980192802,0.03182605089676236,520091,MLP,31
-0.6515601914648094,-0.4787680795531982,0.23148148148148148,0.005883813229360166,-0.003600150489433091,-0.0014047885174902075,-0.6068686395557696,-0.45494503683277054,0.5450549631672295,-0.6300653546648705,0.021494836799938858,0.009004543126313049,-2.4765638921027815,-2.9805451055177836,-0.10976963598689204,-0.09506647279476911,119595,MLP,34
-0.26928574371534614,-0.23607506229175157,0.25,0.007739716843544194,-0.003119063232105196,-0.00040436821319284814,-0.1746870680993104,-0.16028024524295703,0.839719754757043,-0.2433879424756356,0.02589780123971051,0.00905814707018345,-0.7086599865856384,-0.8528724258758043,0.015626264884493958,0.0710086037583005,841039,MLP,34
-0.16753829277547844,-0.15425576922517792,0.24074074074074073,0.00781424273388538,-0.0025285784443085744,-3.8640012521141184e-05,-0.016692485409132762,-0.01655393784677961,0.9834460621532204,-0.1246103808242088,0.08700549476067004,0.008150669838677786,-0.07525653656260406,-0.09057125577302917,0.026915185123417416,0.05198125059850815,244,MLP,34
-0.2575787433104903,-0.227079238422344,0.11805555555555555,0.008901526092815039,-0.0018229681008716109,-0.0005568819807836036,-0.2405730156985168,-0.21382275992794642,0.7861772400720536,-0.24648504771192395,0.011093695598566353,0.007810944250262881,-1.131774482233857,-1.3620908002126553,0.07248828014128743,-0.0321476198547271,361366,MLP,34
-0.1909244252892241,-0.1738049747580912,0.2037037037037037,0.008222757953316217,-0.0024773582437499077,-0.00029770494434754914,-0.12860853595814103,-0.12068188039560102,0.879318119604399,-0.15673644031824055,0.03418798497098355,0.008674675321817907,-0.5447949699075595,-0.6556608477764622,-0.04490329275009897,0.037431114511196344,442092,MLP,34
-0.2097597066911969,-0.189220952655489,0.23842592592592593,0.00846093449172612,-0.0029455093042390678,-0.00022591738066403454,-0.09759630844686294,-0.09298501585516339,0.9070149841448366,-0.19866601109263055,0.011093695598566353,0.009016707770389293,-0.39774242748360106,-0.4786830855740383,0.03249827250624626,0.008989764033588525,426588,MLP,34
-0.2076299254711374,-0.18749233052677827,0.18518518518518517,0.00765956219595129,-0.002262003616743648,-0.00042467661439273387,-0.18346029741766104,-0.16761507708719903,0.832384922912801,-0.2076299254711374,-0.0,0.006976871026618968,-0.9662687227737488,-1.1629045878694786,0.08910057789181218,-0.0030170591514479734,807238,MLP,34
-0.41341899703376495,-0.33861489363389796,0.33796296296296297,0.0062300554186112906,-0.00439977625617657,-0.0008072868475677091,-0.34874791814925055,-0.2944290305101831,0.7055709694898169,-0.3540699196606064,0.059349077373158546,0.00952416455110229,-1.3455543888793489,-1.6193749576866856,-0.017592235568696966,0.04038869084348904,247280,MLP,34
-0.3993038521713729,-0.329213149656277,0.1712962962962963,0.008187172649058883,-0.0027043388287231974,-0.0008386632515105261,-0.3623025246525472,-0.3039282428805611,0.6960717571194389,-0.37496445321699456,0.024339398954378307,0.008161277291631984,-1.6312846516077353,-1.963251382110489,0.04432665426086373,-0.07250717626062761,589528,MLP,34
-0.38559530812710585,-0.31995432104011035,0.1875,0.007221277885929125,-0.0027032541494305187,-0.0008424043928005856,-0.3639186976898529,-0.3050523067009555,0.6949476932990445,-0.3639186976898515,0.021676610437254346,0.00859242493815404,-1.5563423895402995,-1.8730583557509428,-0.1400653635759359,-0.03294149324710814,705597,MLP,34
-0.41489941752418336,-0.33959329729431376,0.18287037037037038,0.007552676727866229,-0.002700000341428251,-0.0008250894884785662,-0.3564386590227404,-0.2998345810165699,0.7001654189834301,-0.3984460986613379,0.016453318862845474,0.008458115278453275,-1.5485588862442021,-1.86369090808406,0.10182832529164106,-0.0656618809920859,649587,MLP,34
-0.08489458627155902,-0.0813908866905666,0.1875,0.00923563365435349,-0.001337721344687806,0.0006447827176324372,0.27854613401721284,0.32120755660217326,1.3212075566021733,-0.06126229110374989,0.28522897828377525,0.007463905425781526,1.3713475371501131,1.6504170164356917,0.18361817500269856,0.12964532623930522,625032,MLP,34
-0.4064593635726931,-0.33399584090422296,0.3263888888888889,0.006359519389114685,-0.004119092824668436,-0.0006989902271142233,-0.30196377811334446,-0.2606351544058607,0.7393648455941393,-0.36929705184519734,0.03716231172749573,0.00939506933860497,-1.1810584317092827,-1.421404042587696,0.04761324758551231,0.0030058470248374527,339493,MLP,34
-0.13694415443595742,-0.12798107683904003,0.09490740740740741,0.007860396465236235,-0.000820292216076032,3.5694411781415783e-06,0.0015419985889570664,0.001543188080100455,1.0015431880801005,-0.0,0.13848615302491454,0.0044042738423925275,0.012865485682478608,0.015483614415641857,0.13526955198604487,0.10015424108306872,552964,MLP,34
-0.17895841111441368,-0.16385932716728724,0.14583333333333334,0.00768495338539204,-0.0015328452649104659,-0.00018858296174135048,-0.08146783947226366,-0.07823764625905305,0.921762353740947,-0.17895841111441368,-0.0,0.00700173605534371,-0.4275599202779107,-0.5145684437068471,0.104588936023461,0.02188878838573585,164496,MLP,34
-0.2723818490723772,-0.23843659671762008,0.2824074074074074,0.00767517039992871,-0.0033526121717116554,-0.00023828468620210735,-0.10293898443931043,-0.09781798105608552,0.9021820189439145,-0.2825179207934467,0.01158940356611091,0.00926943460946146,-0.4080779772365002,-0.4911219216271162,0.09495791699865543,0.040464421589996226,160422,MLP,34
-0.18777372602037865,-0.1711977776058402,0.24768518518518517,0.007286841876231223,-0.0026917495487198627,-0.00022020028374355257,-0.09512652257721463,-0.09074211446078972,0.9092578855392103,-0.1766800304218123,0.011093695598566353,0.008432752146417633,-0.4145231682106023,-0.4988787101651566,0.16379407923421774,0.008484894662502082,220778,MLP,34
-0.18012464599323616,-0.16483389518548008,0.08564814814814815,0.010203069628944232,-0.0011900244320019176,-0.00021422702400421495,-0.09254607436982107,-0.08839279173080006,0.9116072082691999,-0.133521493679793,0.04660315231344317,0.007282625067277104,-0.4669674116587753,-0.5619953669251462,0.1118169535753806,0.053400976642066035,655322,MLP,34
-0.2603520638725021,-0.22921982582371292,0.1574074074074074,0.008768506251337668,-0.001915506072248367,-0.00023376339168389832,-0.10098578520744392,-0.09605411780226392,0.9039458821977361,-0.14998815795223927,0.11036390592026284,0.007828287839282482,-0.47403453684191627,-0.5705006533996281,0.008363543614236276,0.03416651035736001,960036,MLP,34
-0.18437692056712215,-0.16837771079954877,0.12037037037037036,0.008784806359918984,-0.0015542413461806428,-0.0003097263445205026,-0.13380178083285701,-0.12523655769964503,0.874763442300355,-0.13380178083285704,0.050575139734265105,0.007476233471160727,-0.6576511169005566,-0.791483241707098,0.07869379199569392,0.0027135752250893293,205327,MLP,34
-0.38531666650349944,-0.31976480560578047,0.2199074074074074,0.007331979296851331,-0.0030208447892484344,-0.0007441820851292729,-0.32148666077584576,-0.27492969816178214,0.7250703018382179,-0.359636183085313,0.02568048341818648,0.008279165345562048,-1.4268979868534493,-1.7172719930024414,0.028308343241701138,-0.04097035616602585,434988,MLP,34
-0.3023423341808045,-0.260914992483684,0.15046296296296297,0.007315674157474104,-0.002091674624513124,-0.0006762170531493046,-0.29212576696049963,-0.25332537692991497,0.746674623070085,-0.29499954334215883,0.007342790838645637,0.006824677702758846,-1.572911336936046,-1.8929990870284399,0.06071168107902881,-0.018071079223884057,648678,MLP,34
-0.27206040097250483,-0.2381917542587394,0.3726851851851852,0.006848865446495739,-0.0048731097028143384,-0.0005045032235575738,-0.21794539257687176,-0.195830645916238,0.804169354083762,-0.2187600868102493,0.05330031416225551,0.009603335067285983,-0.8339540727121526,-1.003663881870757,0.16801310392636704,0.00561023582969572,81203,MLP,34
-0.47787282345644305,-0.3798989457237725,0.33564814814814814,0.006509247425720511,-0.004729617502356995,-0.0009573133019606097,-0.41355934644698333,-0.3387077121318246,0.6612922878681754,-0.4667791278578767,0.011093695598566353,0.00963057203156887,-1.577982854264108,-1.8991026590775621,0.16079761230044448,0.008418693655322359,85916,MLP,34
-0.3464052592224933,-0.2927741807626051,0.1550925925925926,0.007117668148938416,-0.002216920325423406,-0.0007691947981496975,-0.33229215280066937,-0.28272226245941445,0.7172777375405855,-0.33325293910116643,0.013152320121326864,0.007692930715135886,-1.5872479976957738,-1.9102532609236242,0.0736932251676967,-0.031474001873513666,950737,MLP,34
-0.19825880515102712,-0.17984243533404842,0.4398148148148148,0.007022979112941418,-0.005353880941675798,8.964547123455199e-05,0.03872684357332627,0.03948650244769425,1.0394865024476942,-0.06626338398849849,0.2245399529554496,0.00999256126207815,0.1424137116576413,0.17139492851096913,0.06054469778207376,0.06808130895114278,108871,MLP,34
-0.1213953154546087,-0.1143162341016093,0.2037037037037037,0.0081348752855205,-0.002082900660763537,-1.5018568908630597e-06,-0.0006488021768527377,-0.0006485917502312422,0.9993514082497688,-0.041993722307057335,0.10761848292483223,0.008015635801696397,-0.0029743416015917687,-0.0035796206716214017,0.04009201575557447,0.0801194512359887,248045,MLP,34
-0.35706894533281985,-0.3002757466500118,0.2175925925925926,0.0062887226227323675,-0.0026111837063819933,-0.0006746300143987761,-0.29144016622027086,-0.25281328072892006,0.7471867192710799,-0.3248518661032047,0.032217079229615156,0.008119364591912892,-1.3189972379293553,-1.5874134215708975,-0.11467103811541121,0.017681597223222142,640617,MLP,34
-0.3263459627780565,-0.27844448710460523,0.3287037037037037,0.00732029630638322,-0.004128639470222785,-0.00036533187698655194,-0.15782337085819076,-0.1459993899573706,0.8540006100426294,-0.19681197052887706,0.12953399224917947,0.00949813648679931,-0.6105896417813483,-0.7348447476338018,0.02857504492439247,-0.017829834170868385,575132,MLP,34
-0.14026935235384805,-0.13087589675479716,0.0625,0.008645204936729158,-0.0008580302123653671,-0.0002640780155469593,-0.11408170271628648,-0.10781494103823674,0.8921850589617633,-0.1204660697900846,0.01980328256376344,0.00456329144334199,-0.9186589520282903,-1.1056062199078454,0.03381090750195387,0.021755622640397577,718707,MLP,34
-0.3640127329225864,-0.3051176531965478,0.23148148148148148,0.008142643595403754,-0.002893529817131444,-0.00033886004571125907,-0.14638753974726393,-0.13617712738897703,0.863822872611023,-0.31892199808553445,0.04509073483705196,0.008798237188352596,-0.6113993458108904,-0.7358192265841997,0.10604167719523966,0.013171660998471798,664356,MLP,34
-0.34017171042275707,-0.2883518851279332,0.2569444444444444,0.007053290779659678,-0.0032216952668995607,-0.0005815946854919787,-0.2512489041325347,-0.22217125732601373,0.7778287426739863,-0.34017171042275707,-0.0,0.008970385694627641,-1.0292232379061428,-1.2386703585594419,-0.04921421856005723,-0.02763636198969551,879750,MLP,34
-0.3122307670499111,-0.26818736950078115,0.22453703703703703,0.007106301703729353,-0.0029301830011302394,-0.0006766204632335255,-0.29230004011688304,-0.2534554909352503,0.7465445090647497,-0.2990784469285842,0.013152320121326864,0.008604734640632935,-1.248268228451646,-1.5022910454879959,0.05559730879648618,-0.014530204643550605,153441,MLP,34
-0.4569606603700924,-0.3667947503670339,0.22916666666666666,0.007692203562604106,-0.0034382013996143747,-0.0008874835957726397,-0.38339291337378006,-0.3184549414979958,0.6815450585020042,-0.42074816924508557,0.03621249112500685,0.009147544798096392,-1.540125315955213,-1.8535411046701276,0.04018244733760356,-0.05734054574226903,259180,MLP,34
-0.29265340415470686,-0.2537192463138114,0.39814814814814814,0.006947629940095914,-0.005212703590948595,-0.00037108931469939264,-0.16031058395013797,-0.14812083212219274,0.8518791678778073,-0.285016047536964,0.031238492950107555,0.009968760903156931,-0.590932042864258,-0.7111868236749663,0.22700821610412023,0.04505337920684655,868887,MLP,34
-0.06659912110958251,-0.06442982349379456,0.19907407407407407,0.008401816516164659,-0.0018217896981260555,0.00021346524268181814,0.09221698483854562,0.0966027424363447,1.0966027424363447,-0.06391793365881224,0.14620838892280763,0.008034465895384818,0.4217648961705557,0.5075941311140599,0.013220917875876795,0.10267534033113163,126853,MLP,34
-0.5271839560533035,-0.40973515681833483,0.2986111111111111,0.006054048875080293,-0.0041522826722506295,-0.0011045586685337568,-0.47716934480658285,-0.37946256439685644,0.6205374356031436,-0.4771693448065815,0.050014611246721935,0.009212905304456892,-1.903235156888366,-2.2905438658788153,0.008045918333118953,-0.04599374830968549,980923,MLP,34
-0.1780556089294037,-0.16310411668933789,0.24305555555555555,0.00815290624458775,-0.002716573637904236,-7.4686166465211e-05,-0.03226442391297125,-0.0317494803649655,0.9682505196350345,-0.09077130551131676,0.08728430341808693,0.00899438786103585,-0.1318162119957522,-0.15864083569362175,0.17397609902422387,0.058144273802090876,544494,MLP,34
-0.2695977716338082,-0.2363133910153845,0.1412037037037037,0.006160206577479099,-0.0016330038030175813,-0.0005325736335493002,-0.23007180969329769,-0.2055234506624668,0.7944765493375332,-0.25732420861088784,0.012273563022920386,0.005662505403593301,-1.4930395174270426,-1.7968733373696137,0.06624720835612884,0.016809116868550456,284192,MLP,34
-0.29448640946960714,-0.25508592994988055,0.2013888888888889,0.008158078475556926,-0.0027284531246505274,-0.0005360266218309708,-0.23156350063097933,-0.20670768065914713,0.7932923193408529,-0.282713726785297,0.01177268268431014,0.008640649712172264,-0.984782291644326,-1.1851856714542082,0.06310278001826244,-0.017358516351082015,371972,MLP,34
-0.3420245100636476,-0.2896692057571655,0.1527777777777778,0.008826107302687337,-0.0021291029865171925,-0.00045539030344427813,-0.19672861108792825,-0.1785864744108857,0.8214135255891143,-0.3169314893493284,0.025093020714319177,0.007899116798636436,-0.9151778785636778,-1.1014167473446768,-0.020721724004338832,-0.08621272943665317,365641,MLP,34
-0.10011789100798402,-0.09526924787171509,0.2916666666666667,0.008295840216675046,-0.0028692840331647593,0.00038721053970518443,0.1672749531526399,0.18207923704320783,1.1820792370432078,-0.04675605595244294,0.19940761553962857,0.009023949222312685,0.6811626048714403,0.8197793218601352,0.09902090520567969,0.10350192166127253,94901,MLP,34
-0.16567542000129787,-0.15267878692109682,0.19675925925925927,0.008498979268344843,-0.002053791351388255,2.2563978883304026e-05,0.009747638877587006,0.009795301850699989,1.0097953018507,-0.15458172440273152,0.07849178537984644,0.008338365928089059,0.04295710494947068,0.05169888380939251,0.26878810865018576,0.007596008662283979,133900,MLP,34
-0.6736916179124333,-0.49017697225863666,0.18981481481481483,0.005890875940966309,-0.00326110778688758,-0.0015239256903967955,-0.6583358982514157,-0.4822878562603762,0.5177121437396238,-0.6583358982514173,0.015355719661016055,0.008695986284432558,-2.7819237023523637,-3.3480456940402377,-0.0868919846285597,-0.08784571322624127,850967,MLP,34
-0.4001000747478623,-0.3297470327174541,0.3425925925925926,0.006143612293451336,-0.004402201004126185,-0.0007892834855116639,-0.34097046574103895,-0.28892009088553716,0.7110799091144628,-0.36045258998951313,0.03964748475834917,0.009230738506148733,-1.3573655987783217,-1.633589751000472,-0.08133499402291836,-1.0725539232392762e-05,842300,MLP,34
-0.5428585945310882,-0.4189152098784421,0.38425925925925924,0.0058515642107026785,-0.005534746280395411,-0.0011594510453901263,-0.5008828516085344,-0.3940045805522898,0.6059954194477102,-0.5297062744097614,0.013152320121326864,0.009564686372841311,-1.9243406446655054,-2.3159443243504545,0.010683347461183138,-0.07495158344837244,151698,MLP,34
-0.13603112648586194,-0.12718453561231458,0.21296296296296297,0.008735434181600008,-0.002346012853403591,1.3924941087916374e-05,0.006015574549979964,0.00603370445426199,1.006033704454262,-0.08502415528634955,0.06684279255011963,0.00817701332235209,0.02703329175639974,0.03253457166500089,0.1380675189683925,0.047895587966453296,504782,MLP,34
-0.38144399809645924,-0.3171253727336988,0.18287037037037038,0.007301561168640052,-0.002668974170341763,-0.0008456586801112922,-0.3653245498080784,-0.3060286139550258,0.6939713860449742,-0.38144399809645924,-0.0,0.008401362946731121,-1.5978854210707452,-1.9230554019371036,-0.06553039905444001,-0.0693796237074027,831870,MLP,34
-0.3100907190944967,-0.2666195784014146,0.1527777777777778,0.00870275476125724,-0.002270851054334193,-0.0005943279436188352,-0.2567496716433366,-0.22643816600719768,0.7735618339928023,-0.30304332164432385,0.007047397450172833,0.008498960130562047,-1.1100962319218697,-1.3360010219236238,-0.07105325120574575,-0.031234806571590792,85194,MLP,34
-0.1683067357337434,-0.1549054257798389,0.23148148148148148,0.007272790965954948,-0.002643592248539245,-0.0003481331711100333,-0.15039352991953453,-0.13963067127727558,0.8603693287227244,-0.15039352991953475,0.017913205814208657,0.00855601136371087,-0.6459134435908188,-0.777356949692156,0.05958076471959604,0.08614067914404784,520091,MLP,34
-0.1967925522946257,-0.17863899490377966,0.25,0.00709458975493812,-0.002773932494709821,-0.0003068019322978357,-0.13499285021104782,-0.12627784140526077,0.8737221585947392,-0.19114094188284028,0.00565161041178541,0.008495744565162635,-0.5732669632813587,-0.6899268971060267,0.0627145146624478,0.04766623982374063,119595,Linear,1
-0.1967925522946257,-0.17863899490377966,0.25,0.00709458975493812,-0.002773932494709821,-0.0003068019322978357,-0.13499285021104782,-0.12627784140526077,0.8737221585947392,-0.19114094188284028,0.00565161041178541,0.008495744565162635,-0.5732669632813587,-0.6899268971060267,0.06271450183679317,0.04766623982374063,841039,Linear,1
-0.22392132811711532,-0.20062197953034433,0.23863636363636365,0.007131220836940018,-0.002719923068398804,-0.00036908190917022137,-0.16239604003489727,-0.14989553753801754,0.8501044624619825,-0.2110043296710458,0.012916998446069524,0.008403659527475271,-0.6971955076604872,-0.8390749233536069,0.06271450318560863,0.04766623982374063,244,Linear,1
-0.1967925522946257,-0.17863899490377966,0.25,0.007085494297360087,-0.0027373845293874126,-0.0002816648227005375,-0.1239325219882366,-0.11656054839077046,0.8834394516092295,-0.19114094188284028,0.00565161041178541,0.008473986105814627,-0.5276490175711113,-0.6350256909453373,0.06271451681222408,0.04766623982374063,361366,Linear,1
-0.1944976831206153,-0.17675191437916826,0.2590909090909091,0.007052987073916827,-0.002970292462411212,-0.00037335185527167494,-0.16427481631953675,-0.15149119423121804,0.848508805768782,-0.1888460727088299,0.00565161041178541,0.008626427947197608,-0.6870487993081734,-0.8268633579613136,0.06271450992385218,0.04766623982374063,442092,Linear,1
-0.21504783404555655,-0.19349713903995847,0.26136363636363635,0.006964261338904405,-0.003026135630957354,-0.0004150091501980309,-0.18260402608713344,-0.16690202450207003,0.83309797549793,-0.20939622363377114,0.00565161041178541,0.00866406706720111,-0.7603895455035643,-0.915128959670499,0.06271450555086763,0.04766623982374063,426588,Linear,1
-0.22392132811711532,-0.20062197953034433,0.2409090909090909,0.007160936290461477,-0.0027310620606203076,-0.00034798973058696846,-0.1531154814582661,-0.1419693705384878,0.8580306294615122,-0.2110043296710458,0.012916998446069524,0.008420152445139842,-0.6560648101820878,-0.7895741212758995,0.06271449850440357,0.04766623982374063,807238,Linear,1
-0.22392132811711532,-0.20062197953034433,0.23863636363636365,0.007131220836940018,-0.002719923068398804,-0.00036908190917022137,-0.16239604003489727,-0.14989553753801754,0.8501044624619825,-0.2110043296710458,0.012916998446069524,0.008403659527475271,-0.6971955076604872,-0.8390749233536069,0.0627145061692522,0.04766623982374063,247280,Linear,1
-0.1967925522946257,-0.17863899490377966,0.25,0.007085494297360087,-0.0027373845293874126,-0.0002816648227005375,-0.1239325219882366,-0.11656054839077046,0.8834394516092295,-0.19114094188284028,0.00565161041178541,0.008473986105814627,-0.5276490175711113,-0.6350256909453373,0.0627145056521198,0.04766623982374063,589528,Linear,1
-0.1967925522946257,-0.17863899490377966,0.25,0.00709458975493812,-0.002773932494709821,-0.0003068019322978357,-0.13499285021104782,-0.12627784140526077,0.8737221585947392,-0.19114094188284028,0.00565161041178541,0.008495744565162635,-0.5732669632813587,-0.6899268971060267,0.06271450285843065,0.04766623982374063,705597,Linear,1
-0.20699841740494682,-0.1869790633305346,0.23636363636363636,0.0073002522776230575,-0.00267360999670256,-0.00031615164095286845,-0.139106722019262,-0.12986483907857016,0.8701351609214298,-0.1940814189588773,0.012916998446069524,0.008457566835239511,-0.5934037305346951,-0.714161500246801,0.06271451590310452,0.04766623982374063,649587,Linear,1
-0.1965796442938272,-0.1784641019568577,0.2545454545454545,0.007039995602718003,-0.002795345092203793,-0.0002918038244055176,-0.12839368273842783,-0.12049293576949816,0.8795070642305018,-0.1909280338820418,0.00565161041178541,0.008502342814072084,-0.5448194935518964,-0.6556903619869903,0.06271450729605012,0.04766623982374063,625032,Linear,1
-0.1897328620199751,-0.17281992435438687,0.24772727272727274,0.007122700284960472,-0.002698631911704766,-0.0002656200720763317,-0.116872831713586,-0.11030167261856494,0.8896983273814351,-0.1840812516081897,0.00565161041178541,0.008462024610940689,-0.498295398266091,-0.5996986046433056,0.0627145125529991,0.04766623982374063,339493,Linear,1
-0.1967925522946257,-0.17863899490377966,0.25,0.007085494297360087,-0.0027373845293874126,-0.0002816648227005375,-0.1239325219882366,-0.11656054839077046,0.8834394516092295,-0.19114094188284028,0.00565161041178541,0.008473986105814627,-0.5276490175711113,-0.6350256909453373,0.06271451496017888,0.04766623982374063,552964,Linear,1
-0.1967925522946257,-0.17863899490377966,0.25,0.00709458975493812,-0.002773932494709821,-0.0003068019322978357,-0.13499285021104782,-0.12627784140526077,0.8737221585947392,-0.19114094188284028,0.00565161041178541,0.008495744565162635,-0.5732669632813587,-0.6899268971060267,0.06271450977972493,0.04766623982374063,164496,Linear,1
-0.2059441291382041,-0.18612145289151405,0.2590909090909091,0.007016701990857809,-0.0029519755212109207,-0.00036918180217493184,-0.16243999295696976,-0.14993290129208048,0.8500670987079195,-0.20029251872641868,0.00565161041178541,0.008633658424772513,-0.6788060326706179,-0.8169431867774272,0.06271450470585967,0.04766623982374063,160422,Linear,1
-0.20061686405698165,-0.18177413675573173,0.2590909090909091,0.007052987073916827,-0.0029890629560810475,-0.00038725908467250754,-0.17039399725590307,-0.15666751955219282,0.8433324804478072,-0.19496525364519623,0.00565161041178541,0.008630756151481915,-0.7122837533659454,-0.8572336298709942,0.06271450101638469,0.04766623982374063,220778,Linear,1
-0.23420137095440113,-0.20879752534467244,0.2431818181818182,0.007242056379108436,-0.002854258309816648,-0.0003990181468280479,-0.17556798460434117,-0.1610196425130782,0.8389803574869218,-0.2212843725083316,0.012916998446069524,0.008546323810563212,-0.7411627327792293,-0.891989486974898,0.06271450549426123,0.04766623982374063,655322,Linear,1
-0.22392132811711532,-0.20062197953034433,0.2409090909090909,0.007160936290461477,-0.0027310620606203076,-0.00034798973058696846,-0.1531154814582661,-0.1419693705384878,0.8580306294615122,-0.2110043296710458,0.012916998446069524,0.008420152445139842,-0.6560648101820878,-0.7895741212758995,0.06271450987344317,0.04766623982374063,960036,Linear,1
-0.21947697482025338,-0.19706135471317698,0.23636363636363636,0.0073002522776230575,-0.0027312335880874546,-0.00036015511073769746,-0.15846824872458665,-0.1465499385113077,0.8534500614886923,-0.20655997637418386,0.012916998446069524,0.008487326965793117,-0.6736261206346715,-0.8107091616771728,0.0627145104806884,0.04766623982374063,205327,Linear,1
-0.1967925522946257,-0.17863899490377966,0.25,0.007085494297360087,-0.0027373845293874126,-0.0002816648227005375,-0.1239325219882366,-0.11656054839077046,0.8834394516092295,-0.19114094188284028,0.00565161041178541,0.008473986105814627,-0.5276490175711113,-0.6350256909453373,0.06271451448923371,0.04766623982374063,434988,Linear,1
-0.2059441291382041,-0.18612145289151405,0.2590909090909091,0.007016701990857809,-0.0029519755212109207,-0.00036918180217493184,-0.16243999295696976,-0.14993290129208048,0.8500670987079195,-0.20029251872641868,0.00565161041178541,0.008633658424772513,-0.6788060326706179,-0.8169431867774272,0.06271451399368626,0.04766623982374063,648678,Linear,1
-0.21639025153190838,-0.19457907621513393,0.2340909090909091,0.007325401270665876,-0.0026999936389164006,-0.00035313983053691304,-0.15538152543624165,-0.14391150436789923,0.8560884956321008,-0.20347325308583886,0.012916998446069524,0.008459975973043704,-0.6626403001208654,-0.797487724642201,0.06271450934376432,0.04766623982374063,81203,Linear,1
-0.22392132811711532,-0.20062197953034433,0.2409090909090909,0.007170374972853775,-0.0027400791841958962,-0.00035256068272483893,-0.15512670039892906,-0.14369332378730026,0.8563066762126997,-0.2110043296710458,0.012916998446069524,0.008425946098079283,-0.6642253897838497,-0.7993953803468972,0.06271450607317393,0.04766623982374063,85916,Linear,1
-0.2059441291382041,-0.18612145289151405,0.2590909090909091,0.007016701990857809,-0.0029519755212109207,-0.00036918180217493184,-0.16243999295696976,-0.14993290129208048,0.8500670987079195,-0.20029251872641868,0.00565161041178541,0.008633658424772513,-0.6788060326706179,-0.8169431867774272,0.06271450790578559,0.04766623982374063,950737,Linear,1
-0.20874726157688392,-0.18839966768739547,0.25227272727272726,0.0071294281056124495,-0.0028641125791807266,-0.000343014815516994,-0.15092651882747699,-0.1400891164022826,0.8599108835977174,-0.2030956511650985,0.00565161041178541,0.008596370226359545,-0.6334291385583987,-0.7623320862598717,0.062714507480955,0.04766623982374063,108871,Linear,1
-0.22392132811711532,-0.20062197953034433,0.2409090909090909,0.007160936290461477,-0.0027310620606203076,-0.00034798973058696846,-0.1531154814582661,-0.1419693705384878,0.8580306294615122,-0.2110043296710458,0.012916998446069524,0.008420152445139842,-0.6560648101820878,-0.7895741212758995,0.06271450218745664,0.04766623982374063,248045,Linear,1
-0.2059441291382041,-0.18612145289151405,0.2636363636363636,0.006994901686060618,-0.0029228246939206623,-0.0003081513755619613,-0.13558660524726274,-0.12679646435444858,0.8732035356455514,-0.20029251872641868,0.00565161041178541,0.008607935609283966,-0.5682839251400265,-0.6839298097746169,0.06271452307927365,0.04766623982374063,640617,Linear,1
-0.20061686405698165,-0.18177413675573173,0.2590909090909091,0.007052987073916827,-0.0029890629560810475,-0.00038725908467250754,-0.17039399725590307,-0.15666751955219282,0.8433324804478072,-0.19496525364519623,0.00565161041178541,0.008630756151481915,-0.7122837533659454,-0.8572336298709942,0.06271450102583234,0.04766623982374063,575132,Linear,1
-0.2203569757321707,-0.19776763064593217,0.23863636363636365,0.007131220836940018,-0.0027092832105332972,-0.00036098110829534667,-0.15883168764995265,-0.14686005912614364,0.8531399408738564,-0.20743997728610117,0.012916998446069524,0.008402985624330074,-0.6819477861130614,-0.8207242876307017,0.06271450020254779,0.04766623982374063,718707,Linear,1
-0.22000938497979683,-0.19748873362488506,0.26136363636363635,0.007017895169248686,-0.003036296729301238,-0.0004084965739984171,-0.17973849255930333,-0.1645113306505085,0.8354886693494915,-0.21435777456801142,0.00565161041178541,0.008697154799523973,-0.7456095961043678,-0.8973412878151317,0.06271451976384745,0.04766623982374063,664356,Linear,1
-0.21785096648423635,-0.1957547077610995,0.2545454545454545,0.0070745763101714145,-0.002975061823349216,-0.0004169721166348739,-0.1834677313193443,-0.16762126493187868,0.8323787350681213,-0.21219935607245094,0.00565161041178541,0.008662109625762736,-0.7641587825092573,-0.9196652371090415,0.0627145124503354,0.04766623982374063,879750,Linear,1
-0.19017928802682715,-0.17318911663785486,0.25,0.007085494297360087,-0.002717344334636508,-0.0002666346766373594,-0.11731925772043807,-0.11069876844661342,0.8893012315533866,-0.18452767761504174,0.00565161041178541,0.00846379066479885,-0.5000943949778152,-0.6018636975210102,0.06271451158815687,0.04766623982374063,153441,Linear,1
-0.2059441291382041,-0.18612145289151405,0.26136363636363635,0.006997232304566927,-0.0029138313871701375,-0.0003234397404661322,-0.14231348580509784,-0.1326506878346262,0.8673493121653738,-0.20029251872641868,0.00565161041178541,0.008601383620763155,-0.596932648363428,-0.7184085535111017,0.06271450439430129,0.04766623982374063,259180,Linear,1
-0.1967925522946257,-0.17863899490377966,0.25,0.007085494297360087,-0.0027373845293874126,-0.0002816648227005375,-0.1239325219882366,-0.11656054839077046,0.8834394516092295,-0.19114094188284028,0.00565161041178541,0.008473986105814627,-0.5276490175711113,-0.6350256909453373,0.06271450590417116,0.04766623982374063,868887,Linear,1
-0.2059441291382041,-0.18612145289151405,0.2590909090909091,0.007016701990857809,-0.0029519755212109207,-0.00036918180217493184,-0.16243999295696976,-0.14993290129208048,0.8500670987079195,-0.20029251872641868,0.00565161041178541,0.008633658424772513,-0.6788060326706179,-0.8169431867774272,0.06271450578738043,0.04766623982374063,126853,Linear,1
-0.1967925522946257,-0.17863899490377966,0.25,0.00709458975493812,-0.002773932494709821,-0.0003068019322978357,-0.13499285021104782,-0.12627784140526077,0.8737221585947392,-0.19114094188284028,0.00565161041178541,0.008495744565162635,-0.5732669632813587,-0.6899268971060267,0.0627145086060128,0.04766623982374063,980923,Linear,1
-0.2059441291382041,-0.18612145289151405,0.26136363636363635,0.006997232304566927,-0.0029138313871701375,-0.0003234397404661322,-0.14231348580509784,-0.1326506878346262,0.8673493121653738,-0.20029251872641868,0.00565161041178541,0.008601383620763155,-0.596932648363428,-0.7184085535111017,0.06271450723753534,0.04766623982374063,544494,Linear,1
-0.1944976831206153,-0.17675191437916826,0.2590909090909091,0.007052987073916827,-0.0029444738391796676,-0.00035422260260466686,-0.15585794514605328,-0.14431926466032863,0.8556807353396714,-0.1888460727088299,0.00565161041178541,0.008619839792126337,-0.6523450118685962,-0.7850973433126316,0.06271450340247285,0.04766623982374063,284192,Linear,1
-0.2059441291382041,-0.18612145289151405,0.26136363636363635,0.006997232304566927,-0.0029138313871701375,-0.0003234397404661322,-0.14231348580509784,-0.1326506878346262,0.8673493121653738,-0.20029251872641868,0.00565161041178541,0.008601383620763155,-0.596932648363428,-0.7184085535111017,0.06271450849864037,0.04766623982374063,371972,Linear,1
-0.2059441291382041,-0.18612145289151405,0.26136363636363635,0.006997232304566927,-0.0029138313871701375,-0.0003234397404661322,-0.14231348580509784,-0.1326506878346262,0.8673493121653738,-0.20029251872641868,0.00565161041178541,0.008601383620763155,-0.596932648363428,-0.7184085535111017,0.06271450862409086,0.04766623982374063,365641,Linear,1
-0.2059441291382041,-0.18612145289151405,0.26136363636363635,0.006997232304566927,-0.0029138313871701375,-0.0003234397404661322,-0.14231348580509784,-0.1326506878346262,0.8673493121653738,-0.20029251872641868,0.00565161041178541,0.008601383620763155,-0.596932648363428,-0.7184085535111017,0.06271450483231623,0.04766623982374063,94901,Linear,1
-0.1967925522946257,-0.17863899490377966,0.25,0.00709458975493812,-0.002773932494709821,-0.0003068019322978357,-0.13499285021104782,-0.12627784140526077,0.8737221585947392,-0.19114094188284028,0.00565161041178541,0.008495744565162635,-0.5732669632813587,-0.6899268971060267,0.0627145152161905,0.04766623982374063,133900,Linear,1
-0.21353201119370235,-0.19227369654644522,0.2590909090909091,0.007052987073916827,-0.003028679971837859,-0.0004166116918014179,-0.18330914439262372,-0.16748925007877846,0.8325107499212215,-0.20788040078191694,0.00565161041178541,0.008650863019568387,-0.7644908448753355,-0.9200648742284782,0.06271450544087837,0.04766623982374063,850967,Linear,1
-0.2059441291382041,-0.18612145289151405,0.2636363636363636,0.006994901686060618,-0.0029228246939206623,-0.0003081513755619613,-0.13558660524726274,-0.12679646435444858,0.8732035356455514,-0.20029251872641868,0.00565161041178541,0.008607935609283966,-0.5682839251400265,-0.6839298097746169,0.06271450336130449,0.04766623982374063,842300,Linear,1
-0.23874591126281702,-0.21238501895387785,0.23636363636363636,0.007249987581115835,-0.0028025919272404837,-0.00042652767981080845,-0.18767217911675577,-0.1711136110330852,0.8288863889669148,-0.2258289128167475,0.012916998446069524,0.008496562128536899,-0.7969007824526616,-0.9590702401406076,0.06271450892523842,0.04766623982374063,151698,Linear,1
-0.1967925522946257,-0.17863899490377966,0.25,0.007085494297360087,-0.0027373845293874126,-0.0002816648227005375,-0.1239325219882366,-0.11656054839077046,0.8834394516092295,-0.19114094188284028,0.00565161041178541,0.008473986105814627,-0.5276490175711113,-0.6350256909453373,0.06271451029099051,0.04766623982374063,504782,Linear,1
-0.1967925522946257,-0.17863899490377966,0.25,0.007085494297360087,-0.0027373845293874126,-0.0002816648227005375,-0.1239325219882366,-0.11656054839077046,0.8834394516092295,-0.19114094188284028,0.00565161041178541,0.008473986105814627,-0.5276490175711113,-0.6350256909453373,0.06271450449142955,0.04766623982374063,831870,Linear,1
-0.2096872927279321,-0.18916223880551308,0.23636363636363636,0.007366327080970948,-0.002679565355831033,-0.00030508168895056523,-0.13423594313824858,-0.1256162645792549,0.8743837354207451,-0.19677029428186257,0.012916998446069524,0.008471390270201998,-0.5716914835303728,-0.6880308069322106,0.06271451928632771,0.04766623982374063,85194,Linear,1
-0.19016481470945995,-0.17317714985493804,0.24772727272727274,0.007150631614926393,-0.002709134835136096,-0.00026660178273425197,-0.11730478440307086,-0.11068589721450961,0.8893141027854904,-0.18451320429767454,0.00565161041178541,0.008464395945661502,-0.4999969430041918,-0.6017464140525997,0.06271450585149277,0.04766623982374063,520091,Linear,1
-0.2876534171160762,-0.24997850819029543,0.30296127562642367,0.007108063283601878,-0.0036757942958807865,-0.00040870304742704087,-0.1794206378204708,-0.16424572440784957,0.8357542755921504,-0.2701373637264127,0.017516053389663503,0.009360855489484178,-0.6930947442448591,-0.8341396538189455,0.1324209114722608,0.09212420961258606,119595,Linear,4
-0.25766689252840286,-0.22714736778016653,0.3052391799544419,0.007244243647565354,-0.003650368331011801,-0.00032490590474907113,-0.14263369218484176,-0.13292837415700942,0.8670716258429906,-0.23924036598370543,0.01842652654469745,0.009386957437415982,-0.5494561337006229,-0.6612705592697666,0.13985303879944327,0.09524604487159484,841039,Linear,4
-0.23976543973443656,-0.2131876056522135,0.30751708428246016,0.00711810786199239,-0.0035908291716428512,-0.0002976480792948842,-0.13066750681045414,-0.12249050817888096,0.877509491821119,-0.22224938634477306,0.017516053389663503,0.009355557994866056,-0.5050491674333778,-0.6078267670943304,0.13566024504545415,0.08867813467151939,244,Linear,4
-0.24747104525943142,-0.2192271724416972,0.30296127562642367,0.007243477924561575,-0.0035641176793973096,-0.0002898347287673968,-0.12723744592888736,-0.11947542920166743,0.8805245707983326,-0.22904451871473397,0.01842652654469745,0.009333652187295793,-0.4929456968658876,-0.5932602380115368,0.14008044433062378,0.09477429457302768,361366,Linear,4
-0.2758946457228043,-0.24110712083953256,0.29157175398633256,0.007126493464554295,-0.0034747621820235114,-0.0003837354786933086,-0.16845987514636232,-0.15503483315760458,0.8449651668423954,-0.25746811917810686,0.01842652654469745,0.00924670233833002,-0.6587874955028648,-0.792850873566678,0.1371129875263385,0.09209385646649665,442092,Linear,4
-0.23966972897649294,-0.21311229563765932,0.30296127562642367,0.0071893600504509304,-0.0035403212164125957,-0.0002896432927386801,-0.12715340551228058,-0.11940142644033713,0.8805985735596629,-0.2212432024317955,0.01842652654469745,0.009306876902968404,-0.4940373421679259,-0.5945740333359083,0.14313542422862902,0.09316174822774503,426588,Linear,4
-0.23976543973443656,-0.2131876056522135,0.3052391799544419,0.007170556225301664,-0.003575775632281453,-0.0002955741085544886,-0.12975703365542018,-0.12169119552214869,0.8783088044778513,-0.2213389131897391,0.01842652654469745,0.009355500768808709,-0.5015331223094097,-0.6035952061326123,0.13588926426968417,0.0889049322444024,807238,Linear,4
-0.25458720398512524,-0.22476355356451572,0.2984054669703872,0.0071479858322003945,-0.0035290991141427763,-0.0003429985948467506,-0.1505763831377233,-0.13978797819538702,0.860212021804613,-0.23707115059546174,0.017516053389663503,0.00930872576939845,-0.5849279511438954,-0.7039608981709762,0.1339532394286559,0.09091859399688526,247280,Linear,4
-0.2623914955989909,-0.23079017750825837,0.30751708428246016,0.007282726457641837,-0.0037032333066830863,-0.00032486299191346237,-0.14261485345001007,-0.13291203947070818,0.8670879605292918,-0.24396496905429343,0.01842652654469745,0.009433676334164235,-0.5466628213596999,-0.657908807347085,0.13913665711287462,0.0949209541667494,589528,Linear,4
-0.24747104525943142,-0.2192271724416972,0.30296127562642367,0.007243477924561575,-0.0035641176793973096,-0.0002898347287673968,-0.12723744592888736,-0.11947542920166743,0.8805245707983326,-0.22904451871473397,0.01842652654469745,0.009333652187295793,-0.4929456968658876,-0.5932602380115368,0.14024961027562244,0.09488478569827838,705597,Linear,4
-0.23984827658760063,-0.21325278001553494,0.30296127562642367,0.007208771343275664,-0.003520739706992747,-0.00027011335235562015,-0.1185797616841173,-0.11181902997851145,0.8881809700214885,-0.22142175004290318,0.01842652654469745,0.009319894724988004,-0.4600820785334699,-0.5537088672261362,0.1392128846535114,0.09175146163163762,649587,Linear,4
-0.24192892582399397,-0.21488802324431489,0.30296127562642367,0.007197674478995157,-0.003548350225500877,-0.0002927208731136957,-0.12850446329691242,-0.12059036265666256,0.8794096373433374,-0.22350239927929652,0.01842652654469745,0.009322356993701689,-0.49845761174332126,-0.5998938285933718,0.1421339352483043,0.09304572545437524,625032,Linear,4
-0.24747104525943142,-0.2192271724416972,0.2984054669703872,0.007209929769486039,-0.003540974058102522,-0.0003328455810772341,-0.14611921009290563,-0.13594530699539042,0.8640546930046096,-0.22904451871473397,0.01842652654469745,0.009302322002660238,-0.5680043964928174,-0.683593396995626,0.14098471899114806,0.09515938238439564,339493,Linear,4
-0.28039256741669827,-0.24451289638625517,0.2984054669703872,0.007183404701167488,-0.0036283513144160467,-0.0004020642118159486,-0.17650618898720155,-0.16180640843027927,0.8381935915697207,-0.2619660408720008,0.01842652654469745,0.009353654355309661,-0.6823612730186119,-0.8212219191985625,0.13474636196392797,0.09300416717491637,552964,Linear,4
-0.2501986285429899,-0.22135389363130342,0.3052391799544419,0.007244243647565354,-0.003625882219584218,-0.00030789391389391676,-0.13516542819942878,-0.12642861360743907,0.8735713863925609,-0.23177210199829246,0.01842652654469745,0.009373379729787279,-0.5214409848978511,-0.6275543224665416,0.14133874669023294,0.09401348020095485,164496,Linear,4
-0.2683536230869212,-0.23536266012794993,0.30296127562642367,0.007281200366054761,-0.0037051547924762803,-0.00037671461916277595,-0.16537771781245852,-0.1524264999899907,0.8475735000100093,-0.2508375696972577,0.017516053389663503,0.009426220228256945,-0.6344175120538744,-0.763521593945806,0.13153247396123552,0.09053605925387995,160422,Linear,4
-0.2352232645196989,-0.2096056370899504,0.3052391799544419,0.007179069898085699,-0.003525152764107207,-0.0002578046166496913,-0.1131762267092144,-0.10700672301768621,0.8929932769823138,-0.21679673797500146,0.01842652654469745,0.009310010854983638,-0.43958288327943545,-0.5290380819190031,0.14293723076801784,0.09347662665913983,220778,Linear,4
-0.23976543973443656,-0.2131876056522135,0.30296127562642367,0.007186221218901071,-0.0035640900909994877,-0.00030716206317084457,-0.1348441457320007,-0.12614790534603748,0.8738520946539625,-0.2213389131897391,0.01842652654469745,0.009349693416797889,-0.5215194093210559,-0.6276487062744788,0.13587044618237387,0.08967099459033182,655322,Linear,4
-0.23976543973443656,-0.2131876056522135,0.3052391799544419,0.007170556225301664,-0.003575775632281453,-0.0002955741085544886,-0.12975703365542018,-0.12169119552214869,0.8783088044778513,-0.2213389131897391,0.01842652654469745,0.009355500768808709,-0.5015331223094097,-0.6035952061326123,0.13597572225398746,0.08941582959119701,960036,Linear,4
-0.2876534171160762,-0.24997850819029543,0.30296127562642367,0.007108063283601878,-0.0036757942958807865,-0.00040870304742704087,-0.1794206378204708,-0.16424572440784957,0.8357542755921504,-0.2701373637264127,0.017516053389663503,0.009360855489484178,-0.6930947442448591,-0.8341396538189455,0.13203730103786904,0.0920142858358604,205327,Linear,4
-0.24747104525943142,-0.2192271724416972,0.30296127562642367,0.007243477924561575,-0.0035641176793973096,-0.0002898347287673968,-0.12723744592888736,-0.11947542920166743,0.8805245707983326,-0.22904451871473397,0.01842652654469745,0.009333652187295793,-0.4929456968658876,-0.5932602380115368,0.14068759134208036,0.09481216508707381,434988,Linear,4
-0.27016129975584197,-0.2367436286590766,0.30296127562642367,0.007200057594422115,-0.0036757942958807865,-0.00038083233367056796,-0.16718539448137926,-0.15395725485938605,0.846042745140614,-0.25264524636617847,0.017516053389663503,0.009396536930875677,-0.6433780786582579,-0.7743056375234925,0.13357798595155768,0.0923698715239265,648678,Linear,4
-0.2745746984020126,-0.2401047608312441,0.296127562642369,0.007110768414699901,-0.003586276693896476,-0.00041858679841235563,-0.18375960450302414,-0.16786417851160595,0.832135821488394,-0.25614817185731514,0.01842652654469745,0.009296690078590863,-0.7147553987483365,-0.8602082555491577,0.13324053165845232,0.09187216503033896,81203,Linear,4
-0.2876534171160762,-0.24997850819029543,0.30296127562642367,0.007108063283601878,-0.003663636666100518,-0.00040022870867359667,-0.1757004031077088,-0.1611307316810785,0.8388692683189215,-0.2701373637264127,0.017516053389663503,0.009359534593141608,-0.6788194136115218,-0.8169592907422979,0.1326629597301694,0.09175273816581894,85916,Linear,4
-0.2677226657773311,-0.23488005437336867,0.3052391799544419,0.007286372215096241,-0.003721185857338556,-0.00036124785800766175,-0.1585878096653632,-0.14665197170385136,0.8533480282961486,-0.2502066123876676,0.017516053389663503,0.009437729139693781,-0.607628368940915,-0.7312808552186691,0.1360382754473124,0.09168238694871453,950737,Linear,4
-0.25731478726868373,-0.2268751943893449,0.30068337129840544,0.007152333479150954,-0.0035682570847743052,-0.00034475377170338495,-0.15134690577778565,-0.1404505357428656,0.8595494642571344,-0.2388882607239863,0.01842652654469745,0.009314837360814487,-0.5875353748950073,-0.70709893314119,0.13735191282956136,0.09393532794163119,108871,Linear,4
-0.23976543973443656,-0.2131876056522135,0.30751708428246016,0.00711810786199239,-0.0035908291716428512,-0.0002976480792948842,-0.13066750681045414,-0.12249050817888096,0.877509491821119,-0.22224938634477306,0.017516053389663503,0.009355557994866056,-0.5050491674333778,-0.6078267670943304,0.13485767035609497,0.0888534453657554,248045,Linear,4
-0.27016129975584197,-0.2367436286590766,0.3052391799544419,0.007185556224472268,-0.003687846080457445,-0.0003688576775859611,-0.16192852046023654,-0.1494980041412287,0.8505019958587713,-0.25264524636617847,0.017516053389663503,0.009400372176019951,-0.6228938593891852,-0.7496528758170508,0.1319614065872529,0.09236476538720118,640617,Linear,4
-0.26684128836753995,-0.23420539766759707,0.3097949886104784,0.007200413638969521,-0.003752352102823191,-0.0003592401645912801,-0.15770643225557196,-0.14589951848009497,0.854100481519905,-0.24932523497787643,0.017516053389663503,0.009438600640219896,-0.6041955832335938,-0.7271494969803965,0.13711547309214817,0.09214123006833712,575132,Linear,4
-0.23976543973443656,-0.2131876056522135,0.3052391799544419,0.007170556225301664,-0.003575775632281453,-0.0002955741085544886,-0.12975703365542018,-0.12169119552214869,0.8783088044778513,-0.2213389131897391,0.01842652654469745,0.009355500768808709,-0.5015331223094097,-0.6035952061326123,0.1357665803533777,0.08887089133290024,718707,Linear,4
-0.27016129975584197,-0.2367436286590766,0.30296127562642367,0.007200057594422115,-0.0036757942958807865,-0.00038083233367056796,-0.16718539448137926,-0.15395725485938605,0.846042745140614,-0.25264524636617847,0.017516053389663503,0.009396536930875677,-0.6433780786582579,-0.7743056375234925,0.13347883673563524,0.09219328429550915,664356,Linear,4
-0.2352232645196989,-0.2096056370899504,0.3052391799544419,0.007179069898085699,-0.0035412260118798003,-0.0002689716794529737,-0.11807856727985533,-0.11137376707404734,0.8886262329259527,-0.21679673797500146,0.01842652654469745,0.009311683539627084,-0.45854146816105157,-0.5518547423559224,0.1423371426809089,0.09302941418428047,879750,Linear,4
-0.2729653583597844,-0.23888084641186857,0.296127562642369,0.007122721005040505,-0.0035860970715730148,-0.0004149208757649116,-0.18215026446079585,-0.16652391082955986,0.8334760891704401,-0.25453883181508696,0.01842652654469745,0.009301295435164815,-0.7081448763961108,-0.8522524906667451,0.1347642760567585,0.09311565116008588,153441,Linear,4
-0.245300049891831,-0.21753027694027027,0.30751708428246016,0.007155757117976268,-0.003639371854040151,-0.0003196852681125505,-0.14034183270140962,-0.13093888888900107,0.8690611111109989,-0.22687352334713354,0.01842652654469745,0.009362652873380421,-0.542030808153694,-0.6523341785907348,0.14148310691144578,0.09295707724733843,259180,Linear,4
-0.24747104525943142,-0.2192271724416972,0.30296127562642367,0.007243477924561575,-0.0035641176793973096,-0.0002898347287673968,-0.12723744592888736,-0.11947542920166743,0.8805245707983326,-0.22904451871473397,0.01842652654469745,0.009333652187295793,-0.4929456968658876,-0.5932602380115368,0.14006364047801556,0.09497002981416498,868887,Linear,4
-0.26120200951605815,-0.22987466874502738,0.3052391799544419,0.007197738716436461,-0.00367124956074638,-0.0003536084920846478,-0.15523412802516007,-0.1437853098398414,0.8562146901601586,-0.24277548297136073,0.01842652654469745,0.009381652618252682,-0.5983338989015625,-0.7200949587947929,0.13790394962039718,0.09421559811299879,126853,Linear,4
-0.24747104525943142,-0.2192271724416972,0.30296127562642367,0.007243477924561575,-0.0035641176793973096,-0.0002898347287673968,-0.12723744592888736,-0.11947542920166743,0.8805245707983326,-0.22904451871473397,0.01842652654469745,0.009333652187295793,-0.4929456968658876,-0.5932602380115368,0.14008012081531618,0.09522576216182481,980923,Linear,4
-0.25912451636289807,-0.22827307556887788,0.3052391799544419,0.007121056548244699,-0.0036268320623857437,-0.0003461553566352217,-0.1519622015628621,-0.14097925023070934,0.8590207497692907,-0.24069798981820065,0.01842652654469745,0.009326443621764808,-0.5891898514321587,-0.7090900959618729,0.1381739547877452,0.0949758451365466,544494,Linear,4
-0.274677647588852,-0.24018298740144972,0.3052391799544419,0.007185556224472268,-0.003690456287409077,-0.00037067114710816586,-0.1627246335804845,-0.15017483048801405,0.849825169511986,-0.2571615941991885,0.017516053389663503,0.009399258710620955,-0.6260304372686788,-0.7534277478793509,0.1324337994283005,0.09219796492084069,284192,Linear,4
-0.23978365267870574,-0.21320193569200563,0.30296127562642367,0.007216544072837716,-0.0035530723282984037,-0.00029029560540295074,-0.1274397707718955,-0.11965356317614706,0.8803464368238529,-0.2213571261340083,0.01842652654469745,0.009308784728679007,-0.49504849514345056,-0.5957909561303253,0.14303526056108234,0.09325068010904437,371972,Linear,4
-0.26120200951605815,-0.22987466874502738,0.30751708428246016,0.007191426462784965,-0.0036866171590829912,-0.0003414329017887448,-0.14988904388525903,-0.139196517463556,0.860803482536444,-0.24277548297136073,0.01842652654469745,0.009387124459417601,-0.5773950594477608,-0.6948950616113363,0.13869190451380053,0.09488875713795362,365641,Linear,4
-0.26480090785671667,-0.23264129014108226,0.3097949886104784,0.007190430452227423,-0.00374231619244561,-0.0003554060701778817,-0.15602326480809048,-0.1444607138178211,0.8555392861821789,-0.24728485446705314,0.017516053389663503,0.00943115429529186,-0.5982190811592559,-0.719956775620537,0.13753174401222623,0.09372654368441805,94901,Linear,4
-0.2687166328765904,-0.23564018059349967,0.28929384965831434,0.007181955327636107,-0.0033821637975798603,-0.000326029107597109,-0.14312677823513065,-0.13335580969040417,0.8666441903095958,-0.25029010633189297,0.01842652654469745,0.009203041271127017,-0.5623740544833842,-0.6768172793383671,0.13896663531744116,0.09420595318807319,133900,Linear,4
-0.24747104525943142,-0.2192271724416972,0.30296127562642367,0.007243477924561575,-0.0035574360458240544,-0.0002851773714247635,-0.1251928660554713,-0.11767328469976912,0.8823267153002309,-0.22904451871473397,0.01842652654469745,0.009333540223125865,-0.48503036551783263,-0.5837341352595641,0.14101616397982053,0.0921744199570517,850967,Linear,4
-0.2619389016054821,-0.23044195896798492,0.30751708428246016,0.007107901197071783,-0.0036949469806246116,-0.00037288660707332803,-0.1636972205051911,-0.15100095753086673,0.8489990424691333,-0.24351237506078466,0.01842652654469745,0.009364008116936941,-0.6321429139461701,-0.760784114699437,0.13642363967161686,0.09420155623700417,842300,Linear,4
-0.23976543973443656,-0.2131876056522135,0.30296127562642367,0.007186221218901071,-0.0035640900909994877,-0.00030716206317084457,-0.1348441457320007,-0.12614790534603748,0.8738520946539625,-0.2213389131897391,0.01842652654469745,0.009349693416797889,-0.5215194093210559,-0.6276487062744788,0.13627208433356944,0.0900462956396429,151698,Linear,4
-0.24747104525943142,-0.2192271724416972,0.30296127562642367,0.007243477924561575,-0.0035641176793973096,-0.0002898347287673968,-0.12723744592888736,-0.11947542920166743,0.8805245707983326,-0.22904451871473397,0.01842652654469745,0.009333652187295793,-0.4929456968658876,-0.5932602380115368,0.14085852409395436,0.09501031155944252,504782,Linear,4
-0.2477179101600662,-0.21941989405911044,0.3097949886104784,0.007229070576943242,-0.003682634680794673,-0.0003022430747528582,-0.1326847098165051,-0.12425883882304789,0.8757411611769521,-0.22929138361536874,0.01842652654469745,0.009405600822213698,-0.5101173394892343,-0.61392631310773,0.14039668088950072,0.09429757997486646,831870,Linear,4
-0.24382200456956332,-0.21637289610632482,0.30068337129840544,0.0072700997370229855,-0.0035251031105964633,-0.00027916512452410116,-0.12255348966607998,-0.11534141641433782,0.8846585835856622,-0.22539547802486587,0.01842652654469745,0.009333024697072194,-0.47483094807079157,-0.5714591344619472,0.13923574108613412,0.0925718475988392,85194,Linear,4
-0.24747104525943142,-0.2192271724416972,0.30296127562642367,0.007243477924561575,-0.0035641176793973096,-0.0002898347287673968,-0.12723744592888736,-0.11947542920166743,0.8805245707983326,-0.22904451871473397,0.01842652654469745,0.009333652187295793,-0.4929456968658876,-0.5932602380115368,0.14048371667485002,0.09496974613990247,520091,Linear,4
-0.35470787932211,-0.29862169960982643,0.3219178082191781,0.0064096058349551515,-0.0042034503445416375,-0.0007869185607310273,-0.34467032960019006,-0.2915461287552843,0.7084538712447157,-0.3446703296001897,0.010037549721920312,0.009263448832783813,-1.3485198772104656,-1.622943923445641,0.05149172190086993,0.025980219698770516,119595,Linear,7
-0.36277580441746476,-0.30425760161257676,0.3082191780821918,0.006455529268451209,-0.004040378567447058,-0.0008053384810400577,-0.3527382546955453,-0.297238886272281,0.702761113727719,-0.35273825469554443,0.010037549721920312,0.009159639322509431,-1.395726578551841,-1.6797571973043706,0.05613596828585516,0.026414793089583312,841039,Linear,7
-0.3924340960304666,-0.32458914285759877,0.2990867579908676,0.006504306157346969,-0.004021044472055375,-0.0008730514755902906,-0.38239654630854725,-0.31777553403482883,0.6822244659651712,-0.38239654630854625,0.010037549721920312,0.00915699593993949,-1.513516289394675,-1.8215171362473848,0.0531358974307312,0.02446856694104675,244,Linear,7
-0.3829601271671823,-0.31815991436026836,0.3059360730593607,0.006514651367131626,-0.004078141127664977,-0.0008374237890742351,-0.36679161961451534,-0.30704597197193806,0.6929540280280619,-0.37292257744526197,0.010037549721920312,0.009196560097990861,-1.4455068401133193,-1.7396677513674361,0.05467538157435281,0.026341102695347555,361366,Linear,7
-0.3758762626610355,-0.3133127033556049,0.3127853881278539,0.0064028605071987195,-0.00412966977549947,-0.000835248203057342,-0.3658387129391161,-0.3063853367410143,0.6936146632589857,-0.3658387129391152,0.010037549721920312,0.009208553628582772,-1.4398736983693352,-1.7328882642291235,0.05762648185880799,0.028524966084210266,442092,Linear,7
-0.3260984060889315,-0.27826583909897096,0.3150684931506849,0.006563348770984821,-0.0040675635665255415,-0.0007180980355291264,-0.31452693956175715,-0.26986580981504726,0.7301341901849527,-0.31606085636701114,0.010037549721920312,0.009264667495039944,-1.230422238029322,-1.4808133926901057,0.05974661291018157,0.02710571194096428,426588,Linear,7
-0.39057594088937303,-0.32333295796928496,0.3013698630136986,0.0064671882765946695,-0.004013321195579091,-0.0008548114916363144,-0.37440743333670584,-0.3123033358047925,0.6876966641952075,-0.3805383911674527,0.010037549721920312,0.009149087713246977,-1.4831764842096264,-1.7850031750550173,0.05540919380371307,0.025967509533873265,807238,Linear,7
-0.37124679794152965,-0.31012633885226093,0.3127853881278539,0.0064522736605096345,-0.004136779866144287,-0.0008246786489032195,-0.3612092482196102,-0.30316682789017724,0.6968331721098228,-0.3612092482196093,0.010037549721920312,0.009223549039075749,-1.419341691987994,-1.708177990724164,0.05753818804983201,0.025876824649493993,247280,Linear,7
-0.3248176903109318,-0.27734091061275556,0.3242009132420091,0.006465955234527725,-0.00416535737801334,-0.0007186761200662366,-0.3147801405890116,-0.2700506571392819,0.7299493428607181,-0.31478014058901144,0.010037549721920312,0.009247185421675626,-1.2337407763700994,-1.4848072542014592,0.05498282004356098,0.02599678575638941,589528,Linear,7
-0.3670362468044864,-0.30721546663624666,0.3150684931506849,0.006405600878840951,-0.004136572061208727,-0.0008150655184533491,-0.35699869708256693,-0.3002265905190086,0.6997734094809914,-0.35699869708256604,0.010037549721920312,0.009214890848647336,-1.404114730909507,-1.6898523402294945,0.05786171727937525,0.028942402174038,705597,Linear,7
-0.3696968243567033,-0.30905622378981334,0.3105022831050228,0.006472043527147339,-0.0041054873984331846,-0.0008211398964264468,-0.3596592746347838,-0.3020859174054267,0.6979140825945733,-0.359659274634783,0.010037549721920312,0.009211425657971459,-1.4151112139678164,-1.7030866096387622,0.057565632294018516,0.02750372575634228,649587,Linear,7
-0.3641229967331988,-0.3051942693479617,0.3036529680365297,0.006476203710098156,-0.0039849853785388,-0.0008084142625828295,-0.35408544701127925,-0.2981850032006693,0.7018149967993307,-0.3540854470112785,0.010037549721920312,0.009142714223878969,-1.403650847704862,-1.6892940567062849,0.056298003813170246,0.027605121453837214,625032,Linear,7
-0.37887762343861375,-0.3153706098694372,0.3082191780821918,0.006496635458697825,-0.004091600339307436,-0.0008281030043058141,-0.3627091158859468,-0.3042112020265706,0.6957887979734294,-0.3688400737166934,0.010037549721920312,0.009199307825786355,-1.4289909529044498,-1.7197908780347302,0.0545044435582508,0.026340388641139845,339493,Linear,7
-0.3629329485709554,-0.30436692487283834,0.3127853881278539,0.006413479338065951,-0.0040915018875882754,-0.0008056972576461997,-0.352895398849036,-0.29734931239596685,0.7026506876040332,-0.3528953988490351,0.010037549721920312,0.009177552999873443,-1.3936228376570359,-1.6772253447455556,0.05151048011669984,0.025538934198405243,552964,Linear,7
-0.35937022839578997,-0.30188415880733466,0.3150684931506849,0.006444114083006059,-0.004128734740429021,-0.0007975631933193387,-0.3493326786738705,-0.2948414999507819,0.7051585000492181,-0.34933267867386963,0.010037549721920312,0.0092221419531333,-1.3728831382808369,-1.652265112682593,0.05842807008864064,0.02657745463809983,164496,Linear,7
-0.3658671145029025,-0.3064050362023669,0.3127853881278539,0.00631846908660525,-0.004058006078557814,-0.0008123962666232482,-0.35582956478098304,-0.2994079843860027,0.7005920156139973,-0.35582956478098215,0.010037549721920312,0.00912785528514674,-1.4128610196220155,-1.7003785003243905,0.051704078008841026,0.026323822583520954,160422,Linear,7
-0.3367629363820537,-0.2859218982226852,0.3127853881278539,0.006630545692920348,-0.004103355968738277,-0.0007459483713701679,-0.3267253866601337,-0.2787182105665491,0.7212817894334509,-0.32672538666013334,0.010037549721920312,0.009273492162772387,-1.2769260038598635,-1.536780683530593,0.05936648250508119,0.027968860667245094,220778,Linear,7
-0.3700957312007924,-0.3093317910245422,0.3150684931506849,0.006405600878840951,-0.004146770342529747,-0.0008220506426458284,-0.360058181478873,-0.3023642645885707,0.6976357354114293,-0.3600581814788721,0.010037549721920312,0.009216000923564725,-1.41597743983326,-1.7041291126291978,0.05804134259800453,0.027981428021300804,655322,Linear,7
-0.38620959914078334,-0.32037193870706326,0.3036529680365297,0.0064457752117936295,-0.004044131647827596,-0.0008588402954768583,-0.376172049418864,-0.31351578632861365,0.6864842136713863,-0.376172049418863,0.010037549721920312,0.009164176840873934,-1.4877132189013744,-1.790463136101708,0.05337464467462646,0.02474490591943083,960036,Linear,7
-0.3775422180224784,-0.31445574134958076,0.3105022831050228,0.006428038200931523,-0.004111648555057106,-0.0008390517541108653,-0.36750466830055895,-0.30753990581074675,0.6924600941892533,-0.36750466830055806,0.010037549721920312,0.009220854066176018,-1.4445010814993782,-1.73845732068819,0.05058831329813496,0.02528444527877711,205327,Linear,7
-0.38194520009677063,-0.31746754510694464,0.3082191780821918,0.006481323782219504,-0.004094902320606391,-0.0008351066039819716,-0.3657766925441036,-0.30634231715158033,0.6936576828484197,-0.3719076503748503,0.010037549721920312,0.009199070338706223,-1.441113706719246,-1.7343806145092489,0.054962354140241775,0.02639894108617213,434988,Linear,7
-0.35267090344352775,-0.29719155283743703,0.319634703196347,0.006399907631479275,-0.004156444369559417,-0.0007822679308712513,-0.34263335372160825,-0.2901015545265355,0.7098984454734645,-0.3426333537216074,0.010037549721920312,0.009227599409670233,-1.3457582921539257,-1.6196203553156254,0.057554586030376276,0.02600206975752647,648678,Linear,7
-0.3428152013259138,-0.29023063612120004,0.3242009132420091,0.006414232842236869,-0.004201347010816317,-0.0007597663278630005,-0.3327776516039942,-0.28307041542188005,0.71692958457812,-0.3327776516039935,0.010037549721920312,0.00924461983350783,-1.3046417013885057,-1.570136530669617,0.05536884830331077,0.02688178454142617,81203,Linear,7
-0.35903133453035196,-0.30164753153788904,0.3082191780821918,0.006473119758469913,-0.004035857928058979,-0.0007967894630329505,-0.3489937848084324,-0.2946024855629863,0.7053975144370137,-0.34899378480843163,0.010037549721920312,0.009170303895346862,-1.3793044094415863,-1.6599931137208068,0.05730205914548749,0.027469165532689077,85916,Linear,7
-0.360050546596927,-0.3023589382017563,0.3127853881278539,0.0064043464703720685,-0.004077768981116215,-0.0007991164312214777,-0.3500129968750074,-0.2953210689647906,0.7046789310352094,-0.35001299687500664,0.010037549721920312,0.009163237432005549,-1.3843993640584304,-1.6661248925513448,0.05368650136836676,0.02442543806690102,950737,Linear,7
-0.3580421650880164,-0.3009564008497815,0.3127853881278539,0.00641347933806595,-0.004054884806811908,-0.0007805334646925777,-0.34187365753534915,-0.28956204247820305,0.710437957521797,-0.34800461536609606,0.010037549721920312,0.009165004971811337,-1.3519452158891978,-1.6270663191836197,0.05370175134534519,0.02631368301377146,108871,Linear,7
-0.37721879092786775,-0.31423398190220475,0.3105022831050228,0.006454782072695291,-0.004122621202293071,-0.0008383133360866392,-0.3671812412059483,-0.30731590923302077,0.6926840907669792,-0.3671812412059474,0.010037549721920312,0.009208470789271755,-1.4451706426336373,-1.7392631376380066,0.05882396957258874,0.027377195350735923,248045,Linear,7
-0.37542207215818774,-0.31300074566829617,0.3150684931506849,0.006398253923423382,-0.004161145212895649,-0.0008342112384389687,-0.36538452243626823,-0.3060702319949514,0.6939297680050486,-0.3653845224362674,0.010037549721920312,0.009231872654595418,-1.4344535894606811,-1.7263651621478178,0.05160225730519938,0.025913812657453413,640617,Linear,7
-0.3614718620775028,-0.30334980191100425,0.317351598173516,0.006385153275826388,-0.004143714440453013,-0.0008023614437342079,-0.35143431235558326,-0.29632192860116957,0.7036780713988304,-0.3514343123555825,0.010037549721920312,0.009218412839701595,-1.3817013049566413,-1.662877777919706,0.056924341813579554,0.027027880032323804,575132,Linear,7
-0.3876505588297769,-0.3213505501077758,0.2990867579908676,0.006504306157346969,-0.003985492370975775,-0.000848132537162351,-0.37148205127710976,-0.3102886148434423,0.6897113851565577,-0.37761300910785656,0.010037549721920312,0.009150087174784933,-1.4714271433418802,-1.7708628411318381,0.05377455793349676,0.025047950525183296,718707,Linear,7
-0.3536698159276454,-0.29789324644565107,0.3059360730593607,0.006468132501176433,-0.003981454017642657,-0.0007845485529811087,-0.34363226620572584,-0.29081032688645936,0.7091896731135406,-0.34363226620572507,0.010037549721920312,0.009157969777561552,-1.3599435768369317,-1.6366923480742739,0.05271937300532126,0.026144737788227086,664356,Linear,7
-0.3428152013259138,-0.29023063612120004,0.3242009132420091,0.006414232842236869,-0.004201347010816317,-0.0007597663278630005,-0.3327776516039942,-0.28307041542188005,0.71692958457812,-0.3327776516039935,0.010037549721920312,0.00924461983350783,-1.3046417013885057,-1.570136530669617,0.057198036929228806,0.026146451518325592,879750,Linear,7
-0.3643654501335621,-0.30536270693999157,0.319634703196347,0.006405316577412985,-0.004198228930367318,-0.0008089678091590022,-0.35432790041164264,-0.2983551400071123,0.7016448599928877,-0.35432790041164175,0.010037549721920312,0.009236724221410125,-1.3903160408732393,-1.673245614200216,0.05538656362842261,0.025660609035399164,153441,Linear,7
-0.37428641667703016,-0.3122201080157486,0.3082191780821918,0.006370106524659374,-0.004040307748462462,-0.0008316184177057317,-0.3642488669551107,-0.30528171919568314,0.6947182808043169,-0.36424886695510983,0.010037549721920312,0.009145596594265022,-1.4434851764597574,-1.7372346787837478,0.05614195241470503,0.02738062281093294,259180,Linear,7
-0.3817038669291199,-0.31730280751005735,0.3082191780821918,0.006473912668637404,-0.004090803860206278,-0.0008345556150147321,-0.3655353593764529,-0.30617489434418765,0.6938251056558123,-0.37166631720719956,0.010037549721920312,0.009197542816381118,-1.4404020660707189,-1.733524154856171,0.054601131503052576,0.02646577656001386,868887,Linear,7
-0.36141461243168543,-0.30330991779224015,0.3105022831050228,0.006416022856347684,-0.004052835003884273,-0.0008022307367802867,-0.3513770627097659,-0.2962816421276303,0.7037183578723697,-0.3513770627097651,0.010037549721920312,0.00916262400250301,-1.3898876717191095,-1.6727300718434177,0.05653447834519992,0.027888886595981485,126853,Linear,7
-0.3629400530663195,-0.30437186697724006,0.3150684931506849,0.006444114083006059,-0.0041406341559974535,-0.0008057134779552513,-0.3529025033444001,-0.2973543043567868,0.7026456956432132,-0.35290250334439915,0.010037549721920312,0.00922708188311959,-1.3861700921126783,-1.66825596409451,0.05821324950827561,0.025878966812117123,980923,Linear,7
-0.36836838021329843,-0.308137733630525,0.3127853881278539,0.006449860535378121,-0.0041261186838477786,-0.0008181069189300881,-0.358330830491379,-0.30115816143024754,0.6988418385697525,-0.3583308304913781,0.010037549721920312,0.009213640602393271,-1.4095453991040563,-1.6963881504133422,0.05813378016665129,0.02827061997542368,544494,Linear,7
-0.37143825946762465,-0.31025841047251657,0.3127853881278539,0.006457163457521066,-0.004139641539621566,-0.0008251157756751257,-0.3614007097457052,-0.3033002318614716,0.6966997681385284,-0.3614007097457043,0.010037549721920312,0.009215922550630785,-1.4212692000909586,-1.7104977470851677,0.05796392684173976,0.027864465942077775,284192,Linear,7
-0.36439920229388517,-0.3053861520536094,0.317351598173516,0.006407631772964621,-0.004163954745866382,-0.0008090448688857668,-0.3543616525719657,-0.29837882163726126,0.7016211783627387,-0.35436165257196484,0.010037549721920312,0.009226521921976602,-1.3919859773807575,-1.6752553830981152,0.05704486919447542,0.025650041033125046,371972,Linear,7
-0.3590729503288691,-0.3016765934287894,0.319634703196347,0.006399907631479275,-0.004177927748369288,-0.0007968844762715741,-0.34903540060694965,-0.2946318406330001,0.7053681593669999,-0.34903540060694876,0.010037549721920312,0.009231099486238209,-1.3703837669645047,-1.649257118837766,0.0571319590299213,0.025902387790130044,365641,Linear,7
-0.3599626058982612,-0.302297584461658,0.3150684931506849,0.006439821492408442,-0.004128734740429022,-0.000798915653370643,-0.34992505617634173,-0.2952590962823398,0.7047409037176602,-0.34992505617634084,0.010037549721920312,0.00922217166335325,-1.3752067611590095,-1.6550615932493533,0.05720226129551195,0.02583569512712985,94901,Linear,7
-0.3445839516639126,-0.2914849313289227,0.3242009132420091,0.006410344604550433,-0.004205457215500521,-0.000763804570643819,-0.33454640194199287,-0.2843373640786897,0.7156626359213103,-0.33454640194199226,0.010037549721920312,0.00924850403735086,-1.3110251794344412,-1.5778190476871117,0.056229353320420034,0.02870576460960264,133900,Linear,7
-0.31793054796373343,-0.2723466763352882,0.317351598173516,0.0065616466380899645,-0.004080140070021131,-0.0007029520507803948,-0.30789299824181293,-0.2650060405524747,0.7349939594475253,-0.3078929982418131,0.010037549721920312,0.009261804263949137,-1.204842765166422,-1.4500284923342712,0.059429818100509825,0.02770080471767046,850967,Linear,7
-0.376558604479266,-0.3137810989930142,0.3105022831050228,0.006444326170645754,-0.004115726536308506,-0.0008368060610898322,-0.36652105475734664,-0.3068584575980642,0.6931415424019358,-0.36652105475734564,0.010037549721920312,0.009203472192700504,-1.4433557380601516,-1.7370788996457087,0.05857243527432953,0.02706501085112476,842300,Linear,7
-0.3696968243567033,-0.30905622378981334,0.3105022831050228,0.006472043527147339,-0.0041054873984331846,-0.0008211398964264468,-0.3596592746347838,-0.3020859174054267,0.6979140825945733,-0.359659274634783,0.010037549721920312,0.009211425657971459,-1.4151112139678164,-1.7030866096387622,0.05638982177732885,0.026349528534998543,151698,Linear,7
-0.37646648450883474,-0.31371788161639735,0.3036529680365297,0.00652017106567966,-0.004024526979316599,-0.0008225981209044929,-0.3602979769561677,-0.3025315344266447,0.6974684655733553,-0.3664289347869144,0.010037549721920312,0.009175757885160986,-1.4231347976489117,-1.712742994093716,0.055470127055947234,0.02643007384962832,504782,Linear,7
-0.3546808842257241,-0.29860276557944254,0.3150684931506849,0.006412850881258223,-0.004098722520391464,-0.0007868569280908783,-0.3446433345038045,-0.29152700371660534,0.7084729962833947,-0.34464333450380374,0.010037549721920312,0.009200250127330164,-1.3576768372410501,-1.6339643265483477,0.056976897154437385,0.0269987466206492,831870,Linear,7
-0.3683787750713186,-0.3081449254031746,0.3127853881278539,0.006457163457521066,-0.004129477139633838,-0.0008181306514826459,-0.35834122534939916,-0.30116542575418215,0.6988345742458179,-0.3583412253493983,0.010037549721920312,0.009214814795058073,-1.4094066730086874,-1.6962211935317217,0.05687894572381145,0.027850042047082017,85194,Linear,7
-0.38271879399953157,-0.3179953438752102,0.3059360730593607,0.006507184946731749,-0.004074056149042496,-0.0008368728001069965,-0.3665502864468646,-0.30687871900028474,0.6931212809997153,-0.37268124427761123,0.010037549721920312,0.009195032297821855,-1.4447957786522687,-1.7388119887665943,0.054724395766261806,0.026565172905727207,520091,Linear,7
-0.5404107245540889,-0.4174910474955825,0.317351598173516,0.006166761207549658,-0.004656209584158117,-0.0012215225064243712,-0.5350268578138749,-0.4143464394407611,0.5856535605592389,-0.5404107245540889,0.0,0.009445045000702946,-2.053041423916978,-2.4708357361559456,0.0053624920489600105,-0.031885162374855745,119595,Linear,10
-0.4948889102245957,-0.39036137184702846,0.319634703196347,0.006322447964680433,-0.004612911941408196,-0.0011175914234803244,-0.4895050434843819,-0.38707030733655545,0.6129296926634445,-0.4948889102245957,0.0,0.00951940157777368,-1.8636900332966972,-2.2429513022691734,0.008903715708088122,-0.029776274677802674,841039,Linear,10
-0.521566707161217,-0.4064101623641537,0.3219178082191781,0.006251007971591002,-0.004705639610826043,-0.0011784996356643913,-0.5161828404210034,-0.4032057354164399,0.5967942645835601,-0.521566707161217,0.0,0.009510014163594984,-1.967200197083322,-2.3675258036698277,0.006000190083424771,-0.03253238110872481,244,Linear,10
-0.5070280368013749,-0.3977171158392474,0.3242009132420091,0.0062463499462474875,-0.004691303589284811,-0.0011453063243405497,-0.5016441700611609,-0.3944657604726556,0.6055342395273444,-0.5070280368013749,0.0,0.009527395229908269,-1.9083048216676648,-2.2966452083851556,0.005903394927046329,-0.033567902520747026,361366,Linear,10
-0.4857152591057157,-0.3847430288056224,0.3333333333333333,0.006249109561144221,-0.004763843404658777,-0.0010928590827244452,-0.4786722782333071,-0.38039449036459394,0.6196055096354061,-0.4857152591057157,0.0,0.00958332436916341,-1.8102903999978819,-2.178684833645951,0.007669842005002992,-0.031649524486311184,442092,Linear,10
-0.5204362678228773,-0.4057387656457182,0.3242009132420091,0.006145466678513294,-0.004688204964295781,-0.0011759187239330214,-0.5150524010826636,-0.4025307142394965,0.5974692857605035,-0.5204362678228773,0.0,0.009495403099774386,-1.9659124354342248,-2.365975982285235,0.01075689788994315,-0.02970272709440846,426588,Linear,10
-0.5182959865936353,-0.4044655174119578,0.319634703196347,0.006148108131090267,-0.004609554557738453,-0.0011710322371082682,-0.5129121198534217,-0.40125059252055706,0.5987494074794429,-0.5182959865936353,0.0,0.009441923722673832,-1.9688318827579219,-2.369489537683184,0.008742354616098744,-0.029446952877206452,807238,Linear,10
-0.5101156399246959,-0.39957385843631166,0.319634703196347,0.006295944525323286,-0.0046515570695628925,-0.0011523556465399135,-0.504731773184482,-0.3963325264825813,0.6036674735174187,-0.5101156399246959,0.0,0.009500174465600426,-1.9255518771904794,-2.3174020429199076,0.007666631996790637,-0.03342337794910635,247280,Linear,10
-0.5167794684919605,-0.40356169342944626,0.319634703196347,0.0063295943956346,-0.0046897275742972845,-0.0011675698670131208,-0.5113956017517465,-0.4003418893474967,0.5996581106525033,-0.5167794684919605,0.0,0.009530394517104508,-1.9447880153536357,-2.340552738782867,0.008196224825450113,-0.030848926908625837,589528,Linear,10
-0.5022848590405985,-0.39485359533256603,0.3242009132420091,0.0062319609512493535,-0.0046627713960999935,-0.0011306892195620775,-0.49524187816818976,-0.39057651676807925,0.6094234832319207,-0.5022848590405985,0.0,0.009533588074327873,-1.8827260807199524,-2.265861188889386,0.007985613762773026,-0.03220934298515646,705597,Linear,10
-0.5163530729635895,-0.40330732057470553,0.319634703196347,0.006140961700136099,-0.004599677329672583,-0.001166596361240584,-0.5109692062233757,-0.4000861432899504,0.5999138567100496,-0.5163530729635895,0.0,0.009440151416705483,-1.9617421687369216,-2.36095706553813,0.00917377967877696,-0.028748322240382203,649587,Linear,10
-0.4980434049078538,-0.3922814436379247,0.3219178082191781,0.0062481398584285025,-0.004625074943454744,-0.0011247934661361646,-0.49265953816764013,-0.3890007444157336,0.6109992555842664,-0.4980434049078538,0.0,0.009497100613690164,-1.8801046185086125,-2.2627062586296725,0.009259860902433158,-0.029769419757408648,625032,Linear,10
-0.49826936345588085,-0.39241874732747395,0.3264840182648402,0.006263918641347112,-0.0047072063133162855,-0.0011253093532321169,-0.4928854967156669,-0.38913878932357004,0.61086121067643,-0.49826936345588085,0.0,0.009538989303764187,-1.872707014458387,-2.2538032407770876,0.005742244136477712,-0.032697470441547555,339493,Linear,10
-0.533174663966576,-0.4132606903207242,0.3219178082191781,0.006120573843347145,-0.004682800367469055,-0.0012050018201515116,-0.5277907972263618,-0.4100932451658209,0.5899067548341791,-0.533174663966576,0.0,0.009450312084892764,-2.024145943665261,-2.436060020289913,0.003747228020464391,-0.03527563456390817,552964,Linear,10
-0.47647216768345807,-0.3790297890497052,0.3242009132420091,0.006379201718160055,-0.004651807246358013,-0.0010755440660804656,-0.4710883009432443,-0.3756775522836211,0.6243224477163789,-0.47647216768345807,0.0,0.009572492029839744,-1.7836246490901109,-2.146592597460746,0.008934576157109788,-0.03233130344383346,164496,Linear,10
-0.4929275760642428,-0.38916449342457593,0.3242009132420091,0.006247211614194461,-0.0046440802653366295,-0.0011131134916073718,-0.487543709324029,-0.3858669677026285,0.6141330322973715,-0.4929275760642428,0.0,0.009522149215296453,-1.8556870386275715,-2.2333196966939606,0.008384723571154001,-0.029585336582660805,160422,Linear,10
-0.5106310179401918,-0.3998832251423554,0.3264840182648402,0.006171059568052962,-0.004704097184513733,-0.0011535323086757478,-0.5052471511999779,-0.3966435632694565,0.6033564367305435,-0.5106310179401918,0.0,0.009511693612146047,-1.9251837217319503,-2.316958967756982,0.01079957868615127,-0.030627427293393947,220778,Linear,10
-0.5313992828609954,-0.41221807919422826,0.317351598173516,0.006165115085476922,-0.004619756852407619,-0.0011971605068232553,-0.5243563019885863,-0.40806373004056695,0.591936269959433,-0.5313992828609954,0.0,0.009451804306378927,-2.010656724036112,-2.4198257419532547,0.00870849863606706,-0.03134805079981569,655322,Linear,10
-0.5182959865936353,-0.4044655174119578,0.319634703196347,0.006148108131090267,-0.004609554557738453,-0.0011710322371082682,-0.5129121198534217,-0.40125059252055706,0.5987494074794429,-0.5182959865936353,0.0,0.009441923722673832,-1.9688318827579219,-2.369489537683184,0.008742825736627557,-0.02957762479721753,960036,Linear,10
-0.5182959865936353,-0.4044655174119578,0.319634703196347,0.006148108131090267,-0.004609554557738453,-0.0011710322371082682,-0.5129121198534217,-0.40125059252055706,0.5987494074794429,-0.5182959865936353,0.0,0.009441923722673832,-1.9688318827579219,-2.369489537683184,0.008491374078009347,-0.02984468107090137,205327,Linear,10
-0.5054783833718934,-0.39678306255977747,0.3219178082191781,0.006294545003283979,-0.004672139266312191,-0.0011417683028120541,-0.5000945166316795,-0.39352666481322973,0.6064733351867703,-0.5054783833718934,0.0,0.009527664424883614,-1.9023560335778005,-2.289485840810773,0.006707999848958053,-0.033227869907035135,434988,Linear,10
-0.50105181086801,-0.39410696044034677,0.319634703196347,0.006404218194228141,-0.0046720083601333425,-0.0011316619728945123,-0.4956679441277963,-0.39083611606213087,0.6091638839378691,-0.50105181086801,0.0,0.009571214740333015,-1.8769380249199732,-2.2588952626558236,0.009066655135438889,-0.030860923019315378,648678,Linear,10
-0.5077484298306993,-0.398150839985995,0.317351598173516,0.006316413975763178,-0.004616542159603904,-0.0011469510572842136,-0.5023645630904857,-0.39490182602967616,0.6050981739703238,-0.5077484298306993,0.0,0.009496328168743849,-1.9172972182182046,-2.3074675593089715,0.008691379931045908,-0.03036251318233324,81203,Linear,10
-0.50809088598895,-0.3983569116499106,0.3150684931506849,0.006320843345365002,-0.004583278003030355,-0.0011477329206592158,-0.5027070192487363,-0.3951090101479351,0.6048909898520649,-0.50809088598895,0.0,0.009498732954580641,-1.918118486395647,-2.3084559557135216,0.008194326034414884,-0.03217635368076021,85916,Linear,10
-0.5467366307955777,-0.42116431389508724,0.3150684931506849,0.0061641394698977985,-0.004640013369670866,-0.0012359652147382733,-0.5413527640553638,-0.4180395355494192,0.5819604644505808,-0.5467366307955777,0.0,0.009447583183996093,-2.076757530664596,-2.499378075044902,0.0058395817630072675,-0.03486619588120679,950737,Linear,10
-0.5355627943743563,-0.41466022850261486,0.319634703196347,0.006147234153601193,-0.004667086272276206,-0.0012104541726806902,-0.5301789276341422,-0.41150033859475266,0.5884996614052473,-0.5355627943743563,0.0,0.009447916955179034,-2.0338201930943116,-2.4477029812800426,0.0057309126340707,-0.03197927471943204,108871,Linear,10
-0.5163530729635895,-0.40330732057470553,0.319634703196347,0.006140961700136099,-0.004599677329672583,-0.001166596361240584,-0.5109692062233757,-0.4000861432899504,0.5999138567100496,-0.5163530729635895,0.0,0.009440151416705483,-1.9617421687369216,-2.36095706553813,0.010584879871781444,-0.028386439567914368,248045,Linear,10
-0.5161939976661175,-0.40321239395918695,0.319634703196347,0.006267374210965601,-0.004658531947855999,-0.0011662331756299169,-0.5108101309259038,-0.399990704223939,0.600009295776061,-0.5161939976661175,0.0,0.009499675370645253,-1.9488431970830329,-2.345433150749658,0.004456313916170788,-0.03355005116555425,640617,Linear,10
-0.5134481758612861,-0.401571469725881,0.319634703196347,0.006285746385143817,-0.004657949003493982,-0.0011599641760755073,-0.5080643091210723,-0.39834092164856083,0.6016590783514392,-0.5134481758612861,0.0,0.009501370390235936,-1.938021536005096,-2.332409279626337,0.008534206680982186,-0.03082493468724675,575132,Linear,10
-0.5207817187748094,-0.4059440183004186,0.3219178082191781,0.006240729622634289,-0.004698116932074176,-0.0011767074247365193,-0.5153978520345955,-0.40273707492721234,0.5972629250727877,-0.5207817187748094,0.0,0.009511249981140567,-1.9639533507641531,-2.363618223519836,0.005865373877743983,-0.03154227354431302,718707,Linear,10
-0.5181351915792545,-0.40436975073707015,0.3219178082191781,0.006230176173692574,-0.004684195842860922,-0.00117066512520329,-0.512751324839041,-0.4011543088602122,0.5988456911397878,-0.5181351915792545,0.0,0.009502063973872425,-1.955757484904794,-2.3537544974312463,0.005485771532960812,-0.03271917768946197,664356,Linear,10
-0.5091680814378705,-0.3990046499135673,0.3219178082191781,0.006254367826408029,-0.004665488478859221,-0.001150192270999216,-0.5037842146976568,-0.3957602451526334,0.6042397548473666,-0.5091680814378705,0.0,0.009499961283744994,-1.9219800700742862,-2.313103372390158,0.008851344120379308,-0.031094847177761436,879750,Linear,10
-0.5277467194926533,-0.4100672428399108,0.3219178082191781,0.0062042091307533635,-0.004704230101645332,-0.0011926092528594507,-0.5223628527524397,-0.4068825582234895,0.5931174417765105,-0.5277467194926533,0.0,0.009497180086209792,-1.993442768715517,-2.399108743518041,0.006384561297863596,-0.03331269954691118,153441,Linear,10
-0.48965350724581524,-0.38716129842961533,0.3219178082191781,0.006359287737840016,-0.004649593304851998,-0.0011056384486429253,-0.4842696405056014,-0.38385295868826186,0.6161470413117381,-0.48965350724581524,0.0,0.009541357166205314,-1.8395146460430658,-2.213856219205668,0.008205724715732384,-0.03117453562734196,259180,Linear,10
-0.5070280368013749,-0.3977171158392474,0.3242009132420091,0.0062463499462474875,-0.004691303589284811,-0.0011453063243405497,-0.5016441700611609,-0.3944657604726556,0.6055342395273444,-0.5070280368013749,0.0,0.009527395229908269,-1.9083048216676648,-2.2966452083851556,0.005546835887989192,-0.03399062261171181,868887,Linear,10
-0.5182959865936353,-0.4044655174119578,0.319634703196347,0.006148108131090267,-0.004609554557738453,-0.0011710322371082682,-0.5129121198534217,-0.40125059252055706,0.5987494074794429,-0.5182959865936353,0.0,0.009441923722673832,-1.9688318827579219,-2.369489537683184,0.008710985665929372,-0.02981326268576209,126853,Linear,10
-0.47047921029261325,-0.3752971674850857,0.3242009132420091,0.006379201718160055,-0.00463156076868624,-0.0010618615149598156,-0.46509534355239945,-0.371924780587768,0.628075219412232,-0.47047921029261325,0.0,0.009569729837282062,-1.761442512888251,-2.1198963924093808,0.00848847110592239,-0.03292453967959959,980923,Linear,10
-0.5337689927384688,-0.41360930276860153,0.319634703196347,0.006125176435481773,-0.004645136620246671,-0.0012025708033471688,-0.5267260118660597,-0.40946478656194685,0.5905352134380532,-0.5337689927384688,0.0,0.00945397765351587,-2.0192791200985223,-2.4302027972206774,0.008522095716257042,-0.03167637292452111,544494,Linear,10
-0.5333421964910412,-0.41335898000488835,0.317351598173516,0.006172312929603422,-0.004629601046265913,-0.001201596382690941,-0.5262992156186322,-0.40921269455674336,0.5907873054432566,-0.5333421964910412,0.0,0.009453560053362873,-2.0177320630088755,-2.4283409137250778,0.008428003119235587,-0.031504714292987436,284192,Linear,10
-0.5014568991212726,-0.3943523508876564,0.3219178082191781,0.006361999251273939,-0.004690622649194224,-0.0011325868319202264,-0.49607303238105893,-0.3910828312217457,0.6089171687782543,-0.5014568991212726,0.0,0.009571198992284353,-1.878475057009914,-2.2607450810624092,0.008211747015127554,-0.03257308219856433,371972,Linear,10
-0.5293051695660874,-0.4109859075561457,0.319634703196347,0.006240356678225906,-0.004689836368380874,-0.0011961673580499397,-0.5239213028258737,-0.40780618224627907,0.5921938177537209,-0.5293051695660874,0.0,0.009493983291866775,-2.0000633613023884,-2.407076627929725,0.009448426695134259,-0.03117924838511285,365641,Linear,10
-0.48819777956929145,-0.386268522508846,0.3219178082191781,0.006361999251273939,-0.004645979149019202,-0.0011023148694727799,-0.4828139128290777,-0.38295536321864354,0.6170446367813565,-0.48819777956929145,0.0,0.00956362264865431,-1.8297152354859831,-2.2020626267746355,0.00830990203753676,-0.03252124186308453,94901,Linear,10
-0.5196371687501012,-0.40526370225828245,0.317351598173516,0.006316413975763178,-0.004656303828230667,-0.0011740942968262273,-0.5142533020098876,-0.4020530862766182,0.5979469137233818,-0.5196371687501012,0.0,0.009503760605972354,-1.9611362200281117,-2.3602278061541924,0.008645885422642429,-0.029915943680830902,133900,Linear,10
-0.49531570647202317,-0.3906215078093359,0.3219178082191781,0.0062745809844527165,-0.004628443631446607,-0.0011185658441365508,-0.4899318397318094,-0.38733184761314676,0.6126681523868532,-0.49531570647202317,0.0,0.009519824907871045,-1.8652320251328125,-2.2448070897312036,0.008971319258441088,-0.02968173390070176,850967,Linear,10
-0.5009813565512765,-0.3940642711564265,0.3150684931506849,0.006314876678460693,-0.004556834904795461,-0.0011315011182900978,-0.4955974898110628,-0.39079319632498666,0.6092068036750133,-0.5009813565512765,0.0,0.009490951368578705,-1.8925419281557567,-2.277674563107022,0.009163950789207474,-0.03226732418682257,842300,Linear,10
-0.4996666883624234,-0.3932671428644322,0.3219178082191781,0.006335762698386602,-0.004672139266312191,-0.0011284995927447715,-0.49428282162220954,-0.38999176482694387,0.6100082351730561,-0.4996666883624234,0.0,0.009551717909931206,-1.8755134763366392,-2.2571808181703945,0.006196375161907342,-0.03225418558940069,151698,Linear,10
-0.5094161672091553,-0.39915372981546626,0.3219178082191781,0.006273713205385552,-0.004675507954304054,-0.001150758676869729,-0.5040323004689413,-0.395910129845357,0.604089870154643,-0.5094161672091553,0.0,0.00952505373257066,-1.9178608521457723,-2.308145892845801,0.006673766463928075,-0.03405231689525803,504782,Linear,10
-0.5045984310051653,-0.39625202677919624,0.3242009132420091,0.006275143748560193,-0.004691303589284811,-0.0011359713473350604,-0.4975554501327566,-0.39198483210581114,0.6080151678941889,-0.5045984310051653,0.0,0.009529983399576801,-1.892236883651032,-2.2773074419887576,0.006831027323462505,-0.033691862331205615,831870,Linear,10
-0.510361916369429,-0.3997217110447261,0.319634703196347,0.006299516269071938,-0.004648494003916414,-0.0011491299897192237,-0.50331893549702,-0.39547903954801866,0.6045209604519813,-0.510361916369429,0.0,0.009531534760693166,-1.913844256910945,-2.303311919732414,0.007029952359336497,-0.03281714592675989,85194,Linear,10
-0.5070280368013749,-0.3977171158392474,0.3242009132420091,0.0062463499462474875,-0.004691303589284811,-0.0011453063243405497,-0.5016441700611609,-0.3944657604726556,0.6055342395273444,-0.5070280368013749,0.0,0.009527395229908269,-1.9083048216676648,-2.2966452083851556,0.0057271210409524384,-0.03335797058368005,520091,Linear,10
-0.5521414059934476,-0.42428435150893073,0.3112128146453089,0.005930991350532554,-0.004496253697427446,-0.001251161417055455,-0.546757539253234,-0.42117641632999814,0.5788235836700019,-0.5521414059934476,0.0,0.009255091235739112,-2.146015771348716,-2.582730380610721,0.004299733832592158,-0.03310902508304792,119595,Linear,13
-0.5496190440127271,-0.4228303552639445,0.30892448512585813,0.006021062235217722,-0.004493637678897039,-0.0012453894216762319,-0.5442351772725136,-0.41971457085233665,0.5802854291476633,-0.5496190440127271,0.0,0.009303329310029177,-2.125039704850905,-2.5574856806728645,0.007221330254393995,-0.032936904281566044,841039,Linear,13
-0.5594435319632313,-0.42847298810908385,0.30892448512585813,0.006029961512445414,-0.0045301472496793,-0.0012678710874668598,-0.5540596652230177,-0.42538766480647505,0.574612335193525,-0.5594435319632313,0.0,0.00930520396436433,-2.1629648988497943,-2.6031286587158107,0.004471652051214969,-0.03566596083238022,244,Linear,13
-0.5376615849248411,-0.4158874457973427,0.3157894736842105,0.006039725569742618,-0.004567758684980296,-0.0012180268150677974,-0.5322777181846272,-0.4127341808818923,0.5872658191181077,-0.5376615849248411,0.0,0.009333775493497029,-2.071570745486227,-2.493135778116461,0.004602753479378127,-0.03552403666273726,361366,Linear,13
-0.5692918852065513,-0.43407396255303776,0.3135011441647597,0.005846947225088807,-0.004549799294345013,-0.0012904073649115271,-0.5639080184663374,-0.4310188754713068,0.5689811245286932,-0.5692918852065513,0.0,0.009256473068821868,-2.2130007523199833,-2.6633468176886255,0.006115511329342488,-0.03370030389315108,442092,Linear,13
-0.5353796966418576,-0.41455304430542006,0.30892448512585813,0.006027196119223623,-0.004449229490055736,-0.0012128051027497557,-0.5299958299016436,-0.4113925757759104,0.5886074242240896,-0.5353796966418576,0.0,0.009291517077836809,-2.072071114190777,-2.493737971945604,0.008612922846679668,-0.03245807197669165,426588,Linear,13
-0.5493026391180912,-0.4226477070694472,0.30663615560640733,0.006040376329101701,-0.004466433004876255,-0.0012446653830157379,-0.5439187723778773,-0.41953093665242047,0.5804690633475795,-0.5493026391180912,0.0,0.009295217093099842,-2.125657767409324,-2.558229519077064,0.007281642322938245,-0.03226725802216662,807238,Linear,13
-0.5315831059671584,-0.4123261171624155,0.3135011441647597,0.005976340435937319,-0.004483192929834523,-0.00120411725223557,-0.5261992392269443,-0.40915362682104983,0.5908463731789502,-0.5315831059671584,0.0,0.009301247319652086,-2.0550758555016575,-2.4732841749471124,0.006663063033851806,-0.03418762001363738,247280,Linear,13
-0.5350802445012827,-0.4143777047097459,0.3112128146453089,0.00605168580333039,-0.004494105139581401,-0.001212119857576816,-0.5296963777610686,-0.41121628962945345,0.5887837103705466,-0.5350802445012827,0.0,0.009314290335957105,-2.065837065420453,-2.486235293089145,0.006782077315873772,-0.0328394122987718,589528,Linear,13
-0.5439921515513989,-0.4195735294298132,0.30434782608695654,0.006117536456929239,-0.004448159978890704,-0.0012325132375541992,-0.5386082848111853,-0.41644016341588463,0.5835598365841154,-0.5439921515513989,0.0,0.009303996413324333,-2.102917952221148,-2.5308621472617743,0.006798788446982568,-0.033483463317850605,705597,Linear,13
-0.5149931971062514,-0.4024953406348766,0.3112128146453089,0.006056392990722072,-0.004429497598352954,-0.0011661540740641586,-0.5096093303660373,-0.39926977996914803,0.600730220030852,-0.5149931971062514,0.0,0.009299420718292376,-1.990674750926926,-2.395777433593803,0.007822716072198735,-0.03145281172342531,649587,Linear,13
-0.5448897397190283,-0.4200942796174101,0.30663615560640733,0.006040376329101701,-0.004451868980456905,-0.0012345672150544948,-0.5395058729788145,-0.416963724813897,0.583036275186103,-0.5448897397190283,0.0,0.009296382329700066,-2.1081476935769534,-2.537156141957762,0.007442595055288164,-0.03268095187835991,625032,Linear,13
-0.4985840818827216,-0.39260993425689017,0.32036613272311215,0.006187297017322649,-0.004577177769588143,-0.001128604611310086,-0.4932002151425078,-0.3893310083537903,0.6106689916462097,-0.4985840818827216,0.0,0.009419454117530254,-1.902025590521241,-2.2890881525306437,0.0044247977701346135,-0.03577164904381646,339493,Linear,13
-0.5643895641186283,-0.4312927998992072,0.3135011441647597,0.005890195997121724,-0.004553208496613637,-0.001279189238852208,-0.5590056973784149,-0.42822269902851173,0.5717773009714883,-0.5643895641186283,0.0,0.009267979613902078,-2.191038444268661,-2.6369151758573848,0.0026576228789356253,-0.03600545725034071,552964,Linear,13
-0.5342717454813373,-0.41390403820429467,0.30663615560640733,0.006037863658652299,-0.004415714881189871,-0.0012102697454030272,-0.5288878787411232,-0.41074006608946745,0.5892599339105326,-0.5342717454813373,0.0,0.009286049544149761,-2.068956934001617,-2.4899900555077927,0.0076226388600947066,-0.03405834967066978,164496,Linear,13
-0.53322376004887,-0.4132894962150232,0.30892448512585813,0.006034572608302004,-0.004445388064335849,-0.0012078716094019585,-0.5278398933086559,-0.4101222065654506,0.5898777934345494,-0.53322376004887,0.0,0.009292114071920961,-2.063509683224719,-2.4834342881829987,0.007212185255301597,-0.032224407563652344,160422,Linear,13
-0.52723361118494,-0.4097644657691476,0.3112128146453089,0.006041253122076515,-0.0044633228207545915,-0.0011941641749307233,-0.5218497444447261,-0.406578146645288,0.593421853354712,-0.52723361118494,0.0,0.009300117656320026,-2.0383364264014032,-2.4531382689064802,0.009691964542127325,-0.03196126548619884,220778,Linear,13
-0.5459936282176475,-0.4207340776745956,0.30434782608695654,0.006085015337854076,-0.004440515794118506,-0.0012370932756920678,-0.5406097614774336,-0.4176069767478262,0.5823930232521738,-0.5459936282176475,0.0,0.009293683210360055,-2.11307470804872,-2.543085804792413,0.00798196520256335,-0.03159157243639942,655322,Linear,13
-0.5347497940610173,-0.4141841535866724,0.30892448512585813,0.006034572608302004,-0.004450441157091304,-0.0012113636780796413,-0.5293659273208032,-0.41102169364274643,0.5889783063572536,-0.5347497940610173,0.0,0.009294157784767682,-2.069020419283971,-2.4900664600569327,0.007263478250038523,-0.03227588563126346,960036,Linear,13
-0.5636136419976965,-0.43085135616148296,0.30663615560640733,0.005917064650855859,-0.004459130159974152,-0.0012774136733580844,-0.5582297752574831,-0.42777887220718436,0.5722211277928156,-0.5636136419976965,0.0,0.00923743806498254,-2.1952313253633977,-2.6419613090360143,0.007088741127251109,-0.03208895410083202,205327,Linear,13
-0.5400757728476253,-0.417295902447652,0.3157894736842105,0.00602603966942218,-0.004569516322701246,-0.001223551272557006,-0.5346919061074116,-0.41415024092457586,0.5858497590754241,-0.5400757728476253,0.0,0.00933091312938232,-2.081604879588076,-2.505211860377348,0.0053439352114386645,-0.03452481573583872,434988,Linear,13
-0.5354232758481066,-0.4145785570631332,0.30892448512585813,0.006027196119223623,-0.004449373792063184,-0.0012129048263338498,-0.5300394091078926,-0.4114182262613323,0.5885817737386677,-0.5354232758481066,0.0,0.009291504265094515,-2.072244348974666,-2.4939464600402865,0.007517120444474199,-0.033369722671257325,648678,Linear,13
-0.5206034000229098,-0.40583807753387147,0.3157894736842105,0.006040200663791453,-0.0045109271735314935,-0.0011789920670084578,-0.515219533282696,-0.40263056225153604,0.597369437748464,-0.5206034000229098,0.0,0.009322488182636188,-2.0076098221281775,-2.4161587949394323,0.007252668939966899,-0.03189799635282205,81203,Linear,13
-0.5486882050974344,-0.4222928531727772,0.30205949656750575,0.006110700477687917,-0.004425956725941068,-0.0012432593555085137,-0.5433043383572207,-0.4191741671175153,0.5808258328824847,-0.5486882050974344,0.0,0.009291962408462175,-2.1240002435875276,-2.556234688848743,0.007190217562329539,-0.0331052864524393,85916,Linear,13
-0.5675679276740855,-0.4330974886400262,0.30434782608695654,0.005941799058826201,-0.004448826762361042,-0.0012864623819997068,-0.562184060933872,-0.430037130175394,0.569962869824606,-0.5675679276740855,0.0,0.009236019721927826,-2.211121004254779,-2.661084540541964,0.004358508676516683,-0.037468555959679156,950737,Linear,13
-0.5677094736352936,-0.4331777257221565,0.30892448512585813,0.005971581306924013,-0.004531420805727888,-0.0012867862858010988,-0.5623256068950802,-0.43011780040824876,0.5698821995917512,-0.5677094736352936,0.0,0.009268135176330202,-2.2040139281176776,-2.6525311730869476,0.004585880658856129,-0.03439022503392808,108871,Linear,13
-0.5436082065033675,-0.4193506347737799,0.30205949656750575,0.0061086024725075854,-0.004408393003718541,-0.001231634644766942,-0.5382243397631538,-0.4162160654885062,0.5837839345114938,-0.5436082065033675,0.0,0.009292233980639537,-2.104078943513927,-2.532259400498921,0.009125231281903111,-0.03217149156119175,248045,Linear,13
-0.5434603281516024,-0.41926476295356163,0.3135011441647597,0.005890195997121724,-0.004483444376723549,-0.0012312962503693101,-0.5380764614113884,-0.4161297300990734,0.5838702699009266,-0.5434603281516024,0.0,0.009250119601528072,-2.1130777605418385,-2.543089478468449,0.003916847673503614,-0.03461598080529528,640617,Linear,13
-0.5382756941967646,-0.4162460446120271,0.30663615560640733,0.00612652886461112,-0.004459897798041583,-0.0012137166245965898,-0.5303941649487097,-0.4116269920507336,0.5883730079492664,-0.5382756941967646,0.0,0.009313440909218939,-2.068747124991393,-2.4897375503249015,0.007453894766220005,-0.03166231883099348,575132,Linear,13
-0.5817870298734513,-0.44110129506311724,0.30205949656750575,0.005986635484030031,-0.004480783760738366,-0.0013190003733026024,-0.5764031631332376,-0.4380841442333875,0.5619158557666125,-0.5817870298734513,0.0,0.009239044072407413,-2.266303920369149,-2.727497190365923,0.004631598937950641,-0.03433759661843737,718707,Linear,13
-0.5300478501150094,-0.411423194463305,0.3135011441647597,0.006073011639221638,-0.004522221926493866,-0.0012006040809491884,-0.5246639833747951,-0.40824582979686597,0.591754170203134,-0.5300478501150094,0.0,0.009324389546693073,-2.0439942831650804,-2.4599475005755975,0.006679922485400661,-0.031003313289480153,664356,Linear,13
-0.5258602740440529,-0.4089533165249143,0.3135011441647597,0.006045918376511516,-0.004495890749619722,-0.0011910215270110732,-0.5204764073038387,-0.4057626185044968,0.5942373814955032,-0.5258602740440529,0.0,0.00931623496729165,-2.029455103478424,-2.4424495951141263,0.007679724076404129,-0.033057547015436804,879750,Linear,13
-0.5250499048467171,-0.4084741563763481,0.3180778032036613,0.0059999930851863765,-0.0045425002582127815,-0.0011891671352551548,-0.5196660381065028,-0.4052808716645908,0.5947191283354092,-0.5250499048467171,0.0,0.00932584565699622,-2.0242071054323847,-2.436133628488041,0.005307752934588611,-0.034030309941105064,153441,Linear,13
-0.5182404521661725,-0.4044324438270801,0.32265446224256294,0.005975522902528088,-0.004579072009062226,-0.0011735848636749621,-0.5128565854259584,-0.4012173403917083,0.5987826596082917,-0.5182404521661725,0.0,0.009337861296479821,-1.995112323772114,-2.4011180533396854,0.0070670790180908495,-0.03332529048440861,259180,Linear,13
-0.5410945585796055,-0.4178892507694817,0.3135011441647597,0.006058752955983333,-0.0045525328226970274,-0.0012258825900214915,-0.5357106918393918,-0.4147467923695577,0.5852532076304423,-0.5410945585796055,0.0,0.009331296351716836,-2.0854854550818405,-2.5098821337070265,0.0042975301183874265,-0.035908396648001314,868887,Linear,13
-0.5419640895430781,-0.4183951940915377,0.30663615560640733,0.006040376329101701,-0.004442213369315155,-0.0012278723633932817,-0.5365802228028641,-0.4152554669688566,0.5847445330311434,-0.5419640895430781,0.0,0.009289957108634518,-2.098165714187191,-2.525142827902588,0.007249011334116043,-0.03228911463187861,126853,Linear,13
-0.5442259372256647,-0.41970920896301367,0.30663615560640733,0.006045330079052176,-0.004451868980456905,-0.0012330482162138457,-0.5388420704854509,-0.4165765753995496,0.5834234246004504,-0.5442259372256647,0.0,0.009298380404956818,-2.1051013999693127,-2.5334899270334565,0.007341594611827526,-0.03428266750718752,980923,Linear,13
-0.5510120372681827,-0.42363378896753323,0.30205949656750575,0.006110700477687917,-0.004433575847812374,-0.0012485770492630865,-0.5456281705279691,-0.4205223418010182,0.5794776581989818,-0.5510120372681827,0.0,0.009293825720405081,-2.1326573992883002,-2.56665357734741,0.007275664256463792,-0.033664211728429316,544494,Linear,13
-0.5287757242958014,-0.4106739742622526,0.30434782608695654,0.006138479044642787,-0.004407268323990389,-0.0011976930378846395,-0.5233918575555873,-0.40749256501612285,0.5925074349838771,-0.5287757242958014,0.0,0.009300261210283137,-2.0443283389067823,-2.4603495367229686,0.006708115746436675,-0.03397466186243047,284192,Linear,13
-0.5415241617753486,-0.4181392736984575,0.3135011441647597,0.0059743190002891165,-0.004515406660249146,-0.0012268656636959608,-0.5361402950351346,-0.41499816501876174,0.5850018349812383,-0.5415241617753486,0.0,0.009309080900613938,-2.092138723174901,-2.5178893430964973,0.006960491799057307,-0.03456205824844005,371972,Linear,13
-0.5393497027436496,-0.416872664791444,0.3112128146453089,0.0059903965224313085,-0.004480597219448816,-0.0012218897849048873,-0.5339658360034358,-0.41372471846821657,0.5862752815317834,-0.5393497027436496,0.0,0.009295824302695458,-2.086624958768509,-2.511253526606216,0.008116444642620388,-0.032583459895565665,365641,Linear,13
-0.5415241617753486,-0.4181392736984575,0.3135011441647597,0.0059743190002891165,-0.004515406660249146,-0.0012268656636959608,-0.5361402950351346,-0.41499816501876174,0.5850018349812383,-0.5415241617753486,0.0,0.009309080900613938,-2.092138723174901,-2.5178893430964973,0.006991673966669256,-0.03437872155513229,94901,Linear,13
-0.5225608214838281,-0.40699996530915294,0.3157894736842105,0.006040200663791453,-0.004517473733601454,-0.0011834712923194837,-0.517176954743614,-0.40379872234527914,0.5962012776547209,-0.5225608214838281,0.0,0.009324615343622127,-2.0147774087452808,-2.4247849867684037,0.007317657721328943,-0.03159186002336931,133900,Linear,13
-0.5257389935919924,-0.4088816297689404,0.30892448512585813,0.006049256007566061,-0.004427167840639724,-0.0011907439973724906,-0.5203551268517783,-0.4056905447557577,0.5943094552442423,-0.5257389935919924,0.0,0.00929725458709369,-2.0331243783926802,-2.446865568157002,0.007756898251469642,-0.032706834705650424,850967,Linear,13
-0.5486882050974344,-0.4222928531727772,0.30205949656750575,0.006110700477687917,-0.004425956725941068,-0.0012432593555085137,-0.5433043383572207,-0.4191741671175153,0.5808258328824847,-0.5486882050974344,0.0,0.009291962408462175,-2.1240002435875276,-2.556234688848743,0.008151212926518289,-0.03268555326987822,842300,Linear,13
-0.5237793774853211,-0.4077221289725176,0.30892448512585813,0.006093979565330996,-0.0044406713644529515,-0.001186259749988803,-0.518395510745107,-0.4045247845267059,0.5954752154732941,-0.5237793774853211,0.0,0.009302447317089133,-2.024337154608982,-2.4362901426963037,0.004581782518913088,-0.03588337658162048,151698,Linear,13
-0.5265133087389916,-0.40933916451577734,0.32036613272311215,0.0059806561088236974,-0.00457380908159628,-0.001192515885580726,-0.5211294419987775,-0.40615054945167284,0.5938494505483272,-0.5265133087389916,0.0,0.00933368960083877,-2.0282014525897827,-2.440940826036097,0.005412522463315912,-0.03581219880657159,504782,Linear,13
-0.5365966670316291,-0.41526508256266614,0.3112128146453089,0.006029612742336582,-0.004489169877904288,-0.0012155899320169692,-0.5312128002914154,-0.4121084578903702,0.5878915421096298,-0.5365966670316291,0.0,0.009309700475036107,-2.0727725870289113,-2.4945821946369793,0.005507669241736603,-0.03597382268365232,831870,Linear,13
-0.5378484080123463,-0.41599656131520313,0.30663615560640733,0.006117732032168967,-0.00446284037486064,-0.0012184543278538496,-0.5324645412721325,-0.41284388544741435,0.5871561145525857,-0.5378484080123463,0.0,0.009314380753926071,-2.0766128552557777,-2.4992039581634367,0.006028203482694255,-0.034075748682348396,85194,Linear,13
-0.508868789240363,-0.3988247497745372,0.3180778032036613,0.006168797907048037,-0.004566939032147067,-0.0011521394107554895,-0.5034849225001491,-0.39557937384324793,0.6044206261567521,-0.508868789240363,0.0,0.00940971934000695,-1.9436973068316423,-2.3392400708734544,0.004382520761857957,-0.03593959983423487,520091,Linear,13
-0.4982222347164853,-0.3923901121141897,0.3119266055045872,0.006261762171375577,-0.004456950735406379,-0.0011134990030156771,-0.4854855653148352,-0.38460169186805593,0.6153983081319441,-0.48548556531483444,0.012736669401650847,0.009417195166224886,-1.8770184084092856,-2.258992004200186,0.001885970964616136,-0.03566159942722989,119595,Linear,16
-0.4792701427029401,-0.3807648197695662,0.3119266055045872,0.006426866810950136,-0.004482398963822982,-0.001079508722150633,-0.47066580285767623,-0.37541372151461094,0.6245862784853891,-0.4706658028576755,0.008604339845264614,0.009506049559718023,-1.8027120092273654,-2.1695642389418164,0.005151484678947987,-0.033756661022458355,841039,Linear,16
-0.500905808141553,-0.3940184919464662,0.3119266055045872,0.006255304951357092,-0.004487478049286346,-0.0011365182142232552,-0.4955219414013394,-0.39074716998118975,0.6092528300188103,-0.500905808141553,0.0,0.009419255195528504,-1.9154027529209001,-2.305187569970735,0.0026313435025235176,-0.035742823904320174,244,Linear,16
-0.47993261820672917,-0.3811749120545085,0.31422018348623854,0.006455881581763485,-0.004539616769350896,-0.001084609259941102,-0.4728896373343207,-0.3768011547316459,0.6231988452683541,-0.47993261820672917,0.0,0.00952477802659832,-1.8076681872071831,-2.175529000063839,0.0028631232218858196,-0.036228288559727866,361366,Linear,16
-0.5071443529175694,-0.39778716697106675,0.30963302752293576,0.006277656976326127,-0.004477026790196637,-0.0011470214955164235,-0.5001013720451608,-0.3935308224244567,0.6064691775755433,-0.5071443529175694,0.0,0.00942124742302401,-1.932695420883722,-2.325999299085533,0.004638765747992556,-0.03468386521369928,442092,Linear,16
-0.48911894982332105,-0.3868336133774638,0.3073394495412844,0.006323434567452574,-0.004425361529344261,-0.0011218324537232154,-0.48911894982332194,-0.38683361337746436,0.6131663866225356,-0.48911894982332105,0.0,0.00940479728551312,-1.8935589540914173,-2.278898554010057,0.00596406403454452,-0.03308630571242626,426588,Linear,16
-0.48323787683493974,-0.38321691248699363,0.30963302752293576,0.006341814678427755,-0.004449776938281354,-0.0011083437542085796,-0.4832378768349406,-0.3832169124869942,0.6167830875130058,-0.48323787683493974,0.0,0.009433368048256298,-1.86512511277431,-2.2446784206878285,0.0053653793016604735,-0.032905758612726474,807238,Linear,16
-0.49104176126050536,-0.38801148394415774,0.3073394495412844,0.006360226007051639,-0.004419561941589938,-0.0011065078472826642,-0.48243742141524154,-0.3827230074737149,0.6172769925262851,-0.48243742141524076,0.008604339845264614,0.009415413540615012,-1.8655864078765512,-2.245233589429313,0.004564749305403943,-0.0349263803636569,247280,Linear,16
-0.4911665576034878,-0.3880878531075135,0.31422018348623854,0.00640707598956447,-0.0045496041081222625,-0.0011067940774271193,-0.48256221775822405,-0.3828000365784142,0.6171999634215858,-0.4825622177582232,0.008604339845264614,0.009521852598308298,-1.8452093337077593,-2.22070977687102,0.0048646148074681485,-0.034423251918222444,589528,Linear,16
-0.4878690676139767,-0.3860667484738898,0.31422018348623854,0.00630640695307785,-0.0044976717033887404,-0.0011028121255540549,-0.4808260867415681,-0.3817275658729934,0.6182724341270066,-0.4878690676139767,0.0,0.009448191155187661,-1.8529049079032625,-2.2299714018489567,0.00536961046813274,-0.03485702827002723,705597,Linear,16
-0.48323787683493974,-0.38321691248699363,0.30963302752293576,0.006341814678427755,-0.004449776938281354,-0.0011083437542085796,-0.4832378768349406,-0.3832169124869942,0.6167830875130058,-0.48323787683493974,0.0,0.009433368048256298,-1.86512511277431,-2.2446784206878285,0.005834681617440281,-0.03281251696701142,649587,Linear,16
-0.45883630404033676,-0.36798130466108603,0.3119266055045872,0.006388491027766404,-0.004423374900059857,-0.0010508662620223076,-0.4581776902417262,-0.36756491132120794,0.6324350886787921,-0.45883630404033676,0.0,0.00947016383551153,-1.7615307435801422,-2.120002578063509,0.004856611033375395,-0.0341986901286199,625032,Linear,16
-0.48389676340891885,-0.3836231687293241,0.31422018348623854,0.006455881581763485,-0.004552874780060561,-0.001093701336092913,-0.4768537825365104,-0.3792667152953443,0.6207332847046557,-0.48389676340891885,0.0,0.009525632300614616,-1.8226580572677868,-2.1935693114743176,0.002633315058517425,-0.03662919867926973,339493,Linear,16
-0.513809079381421,-0.4017874057206319,0.30963302752293576,0.006329800564720529,-0.004545954005377718,-0.0011784611912417932,-0.5138090793814214,-0.4017874057206322,0.5982125942793678,-0.513809079381421,0.0,0.009460565024602859,-1.9774179873982314,-2.379822916217347,0.0009394376795050167,-0.03813206868318617,552964,Linear,16
-0.4946366869865141,-0.39020758742498884,0.3073394495412844,0.006360226007051639,-0.004431465669159502,-0.0011147530897735094,-0.4860323471412503,-0.3849380885027849,0.6150619114972151,-0.4860323471412495,0.008604339845264614,0.009417724705753456,-1.8790267549314217,-2.2614090496137225,0.005650070035599674,-0.033467814619971524,164496,Linear,16
-0.48216608975723657,-0.382555497959595,0.3073394495412844,0.006315968147052697,-0.004398327260157653,-0.0011054016074829123,-0.4819551008625498,-0.3824252102824359,0.6175747897175641,-0.4819551008625489,0.00021098889468769075,0.009404986921878106,-1.8657874443913403,-2.2454755369123136,0.005464472888807176,-0.03250238714539399,160422,Linear,16
-0.4935744990143722,-0.3895595291399211,0.31422018348623854,0.006365556681848222,-0.004567410583369831,-0.0011320516032439745,-0.493574499014373,-0.38955952913992165,0.6104404708600784,-0.4935744990143722,0.0,0.009484562331777729,-1.894738149449725,-2.280317715843459,0.00769895518109879,-0.03379140946185527,220778,Linear,16
-0.4878690676139767,-0.3860667484738898,0.31422018348623854,0.00630640695307785,-0.0044976717033887404,-0.0011028121255540549,-0.4808260867415681,-0.3817275658729934,0.6182724341270066,-0.4878690676139767,0.0,0.009448191155187661,-1.8529049079032625,-2.2299714018489567,0.0057480625584356935,-0.033166806263695774,655322,Linear,16
-0.48613023495942626,-0.38499829262467133,0.3073394495412844,0.006315968147052697,-0.004411453568774175,-0.0011144936836347237,-0.48591924606473946,-0.38486852040443453,0.6151314795955655,-0.4859192460647386,0.00021098889468769075,0.009405831930820941,-1.8809647969495977,-2.263741483543645,0.005328619543435874,-0.032650212797995015,960036,Linear,16
-0.49744971626147905,-0.3919205409094956,0.3073394495412844,0.006315968147052697,-0.004448935294939912,-0.0011404557967128258,-0.4972387273667922,-0.39179222936086044,0.6082077706391396,-0.49723872736679137,0.00021098889468769075,0.00943650004274609,-1.9185264064192789,-2.3089468875379557,0.005324466601718322,-0.032489935621276764,205327,Linear,16
-0.48360544430762825,-0.38344358022727154,0.30963302752293576,0.006487886770721344,-0.004516512154003358,-0.0011091867988707099,-0.48360544430762903,-0.3834435802272721,0.6165564197727279,-0.48360544430762825,0.0,0.009537438915293446,-1.8461763918332317,-2.221873631505184,0.0036062268969546435,-0.03586458822737352,434988,Linear,16
-0.49336902750862455,-0.38943408813036895,0.30963302752293576,0.006311660048156962,-0.004441324897556647,-0.001111845613906791,-0.4847646876633608,-0.3841579050421844,0.6158420949578156,-0.48476468766335995,0.008604339845264614,0.009404821518611155,-1.876697171684156,-2.2586053957416476,0.0054566153641384,-0.03381544379910479,648678,Linear,16
-0.5172862628292318,-0.40386388840392906,0.3073394495412844,0.006272848354399344,-0.0044676940479254305,-0.0011667016582201097,-0.5086819229839679,-0.3987123999092177,0.6012876000907823,-0.5086819229839672,0.008604339845264614,0.009415287683748838,-1.9671002388073802,-2.36740550386611,0.005312463564061492,-0.03278167772704666,81203,Linear,16
-0.4862409963032355,-0.38506640726792085,0.31422018348623854,0.006259500549753346,-0.004441957360875487,-0.0010793432926274361,-0.4705936755855625,-0.37536867018544884,0.6246313298145512,-0.4776366564579709,0.008604339845264614,0.009404792415368051,-1.8218417624347254,-2.192586900490656,0.004721444999399381,-0.034370260548142156,85916,Linear,16
-0.4930227218706392,-0.3892226090966495,0.30963302752293576,0.00636701377995436,-0.004493586651709231,-0.0011307860593363305,-0.49302272187063995,-0.38922260909664996,0.61077739090335,-0.4930227218706392,0.0,0.009458006039616992,-1.897934101431688,-2.284164044649142,0.0028941466627986287,-0.03768251074848862,950737,Linear,16
-0.4946550719862702,-0.3902187983552885,0.3119266055045872,0.006280119705807677,-0.004495837839920383,-0.001134529981619887,-0.4946550719862709,-0.39021879835528894,0.6097812016447111,-0.4946550719862702,0.0,0.009445056701871814,-1.9068286921250757,-2.2948686862056538,0.0029633661634473857,-0.03612216103440313,108871,Linear,16
-0.4839423016142356,-0.38365123678492974,0.3073394495412844,0.006331244840118184,-0.004383194603790756,-0.001090224682956357,-0.47533796176897186,-0.378325081397478,0.621674918602522,-0.47533796176897103,0.008604339845264614,0.00939878252735697,-1.8413853342542856,-2.2161075928163716,0.006721328479026388,-0.0314778873238417,248045,Linear,16
-0.46931540339646244,-0.37456971079311097,0.3165137614678899,0.0062827590943524735,-0.004441609023541792,-0.0010471989311807632,-0.4565787339948124,-0.3665528663932389,0.6334471336067611,-0.4565787339948116,0.012736669401650847,0.009424771971086593,-1.7638376526986763,-2.122778943617431,0.003725223857845713,-0.0361134739245539,640617,Linear,16
-0.5061994877403726,-0.39721788813235415,0.30963302752293576,0.0062603542434015585,-0.004458752016464146,-0.0011397626928818752,-0.4969365340964976,-0.39160840529183294,0.6083915947081671,-0.497595147895108,0.008604339845264614,0.009401971136594536,-1.9244019760437023,-2.3160181366755404,0.005948328170673789,-0.03277632067597298,575132,Linear,16
-0.5034120131706716,-0.39553530433415285,0.30504587155963303,0.0062974417887046805,-0.00442564940946665,-0.001154614709107047,-0.5034120131706724,-0.3955353043341534,0.6044646956658466,-0.5034120131706716,0.0,0.009404116399787632,-1.9490337532168884,-2.345662485092253,0.0029188653701745656,-0.03476827496440096,718707,Linear,16
-0.5031411371354894,-0.39537154715603695,0.30963302752293576,0.0063693665307629835,-0.004510371269263383,-0.001141645115585495,-0.4977572703952756,-0.392107529504784,0.607892470495216,-0.5031411371354894,0.0,0.009457588156447861,-1.9162448256566529,-2.306201004665088,0.004349585014100888,-0.03221165853577316,664356,Linear,16
-0.49570757884569694,-0.39086025962236126,0.3073394495412844,0.006272848354399344,-0.004396241451953461,-0.0011172092637624614,-0.48710323900043323,-0.385596400743178,0.614403599256822,-0.48710323900043234,0.008604339845264614,0.009375590667848968,-1.8916298582462736,-2.276576886801045,0.005533737956934011,-0.03366602550969808,879750,Linear,16
-0.5007631140781723,-0.3939320158130798,0.30963302752293576,0.006312001353368875,-0.004466043046304673,-0.0011288045280571295,-0.49215877423290844,-0.3886947014031329,0.6113052985968671,-0.49215877423290766,0.008604339845264614,0.009431012574692572,-1.90003101134036,-2.2866876761148727,0.0030766165855161346,-0.03636612403600228,153441,Linear,16
-0.484604727761037,-0.3840593871215797,0.31422018348623854,0.006433340113461147,-0.004539692252374416,-0.0010917440089811313,-0.47600038791577315,-0.3787367587503956,0.6212632412496044,-0.4760003879157724,0.008604339845264614,0.009530734657649028,-1.8184221344094686,-2.1884713775251994,0.004685815155414081,-0.035496978695587024,259180,Linear,16
-0.47993261820672917,-0.3811749120545085,0.31422018348623854,0.006455881581763485,-0.004539616769350896,-0.001084609259941102,-0.4728896373343207,-0.3768011547316459,0.6231988452683541,-0.47993261820672917,0.0,0.00952477802659832,-1.8076681872071831,-2.175529000063839,0.002627004133427695,-0.036774707769244304,868887,Linear,16
-0.48216608975723657,-0.382555497959595,0.3073394495412844,0.006315968147052697,-0.004398327260157653,-0.0011054016074829123,-0.4819551008625498,-0.3824252102824359,0.6175747897175641,-0.4819551008625489,0.00021098889468769075,0.009404986921878106,-1.8657874443913403,-2.2454755369123136,0.005385546371322382,-0.03285826907888403,126853,Linear,16
-0.49104176126050536,-0.38801148394415774,0.3073394495412844,0.006360226007051639,-0.004419561941589938,-0.0011065078472826642,-0.48243742141524154,-0.3827230074737149,0.6172769925262851,-0.48243742141524076,0.008604339845264614,0.009415413540615012,-1.8655864078765512,-2.245233589429313,0.005297824023742342,-0.03486354360241415,980923,Linear,16
-0.4878690676139767,-0.3860667484738898,0.31422018348623854,0.00630640695307785,-0.0044976717033887404,-0.0011028121255540549,-0.4808260867415681,-0.3817275658729934,0.6182724341270066,-0.4878690676139767,0.0,0.009448191155187661,-1.8529049079032625,-2.2299714018489567,0.005045578028539577,-0.0337928573134968,544494,Linear,16
-0.5015577938657454,-0.3944134544698872,0.3119266055045872,0.00625948181362853,-0.00448601446548939,-0.0011342082866819655,-0.4945148129933369,-0.39013326505976953,0.6098667349402305,-0.5015577938657454,0.0,0.009423774325639244,-1.9105931176714024,-2.2993991730519525,0.004724991644864563,-0.03403146326402227,284192,Linear,16
-0.5011522597653947,-0.3941678186714813,0.30963302752293576,0.006311660048156962,-0.004467182812030966,-0.0011296970640369977,-0.49254791992013086,-0.3889325419433465,0.6110674580566535,-0.4925479199201301,0.008604339845264614,0.009414376127518989,-1.904893610238228,-2.292539814794336,0.005087622734224336,-0.03597737587024933,371972,Linear,16
-0.49457155690379995,-0.3901678703013437,0.30963302752293576,0.006385403397214792,-0.0044783942713705425,-0.0011146037088498543,-0.4859672170585361,-0.38489802816506236,0.6151019718349376,-0.48596721705853535,0.008604339845264614,0.009439610488150398,-1.8744190097941926,-2.255863627482666,0.005951795562109821,-0.033429736121799065,365641,Linear,16
-0.5011522597653947,-0.3941678186714813,0.30963302752293576,0.006311660048156962,-0.004467182812030966,-0.0011296970640369977,-0.49254791992013086,-0.3889325419433465,0.6110674580566535,-0.4925479199201301,0.008604339845264614,0.009414376127518989,-1.904893610238228,-2.292539814794336,0.004979574879423804,-0.03590454893267996,94901,Linear,16
-0.5015027812383163,-0.3943801386464948,0.3119266055045872,0.006277857574376004,-0.004488956905027297,-0.0011305010123693862,-0.49289844139305233,-0.3891466966736904,0.6108533033263096,-0.4928984413930516,0.008604339845264614,0.009430365683745386,-1.9030171061923624,-2.2902814418255533,0.0053575875716147196,-0.0322093419731467,133900,Linear,16
-0.5018018000631195,-0.3945612033134931,0.30504587155963303,0.006297601942553139,-0.004420405473342204,-0.0011509215597777986,-0.5018018000631204,-0.39456120331349365,0.6054387966865064,-0.5018018000631195,0.0,0.00940516405677901,-1.9425831643116205,-2.337899200143049,0.005648987849777424,-0.032210789824788234,850967,Linear,16
-0.49276490046923105,-0.38906511731227456,0.3165137614678899,0.006298835513773987,-0.004546849733213533,-0.0011140410999927125,-0.48572191959682254,-0.3847471267055603,0.6152528732944397,-0.49276490046923105,0.0,0.009464017894965744,-1.8686412474685372,-2.2489100894473704,0.006565787263860218,-0.03402711970909765,842300,Linear,16
-0.4890836624095215,-0.38681197593968875,0.3119266055045872,0.006419456694200491,-0.004538237196740591,-0.0011202409371809875,-0.48842504861091096,-0.3864079888247589,0.6135920111752411,-0.4890836624095215,0.0,0.009529076128853094,-1.8662117217935703,-2.2459861548449385,0.002947257977956846,-0.036623407272703586,151698,Linear,16
-0.4805709823720489,-0.38156982175374277,0.30963302752293576,0.006517267237980116,-0.004517420085384565,-0.001100716441682199,-0.47991236857343844,-0.38116238094653176,0.6188376190534682,-0.4805709823720489,0.0,0.009520443145456024,-1.8353485804372407,-2.2088423584729395,0.0034802656527964013,-0.03710829278745466,504782,Linear,16
-0.4618202921833842,-0.36986442994509416,0.3165137614678899,0.006437744349320356,-0.004507335676232164,-0.0010430672277774678,-0.45477731131097565,-0.3654107319331501,0.6345892680668499,-0.4618202921833842,0.0,0.009526389082313489,-1.7381380048045758,-2.0918494125891587,0.0036610904310394716,-0.03509838513867162,831870,Linear,16
-0.5015577938657454,-0.3944134544698872,0.3119266055045872,0.00625948181362853,-0.00448601446548939,-0.0011342082866819655,-0.4945148129933369,-0.39013326505976953,0.6098667349402305,-0.5015577938657454,0.0,0.009423774325639244,-1.9105931176714024,-2.2993991730519525,0.004191778402817732,-0.03456572051974979,85194,Linear,16
-0.47993261820672917,-0.3811749120545085,0.31422018348623854,0.006455881581763485,-0.004539616769350896,-0.001084609259941102,-0.4728896373343207,-0.3768011547316459,0.6231988452683541,-0.47993261820672917,0.0,0.00952477802659832,-1.8076681872071831,-2.175529000063839,0.0025544874927572914,-0.03708874679029389,520091,Linear,16
-0.5052421204332689,-0.39664052791634585,0.3103448275862069,0.00625614644140959,-0.004456950735406379,-0.0011321964391531477,-0.4925054510316188,-0.3889065900365265,0.6110934099634735,-0.492505451031618,0.012736669401650847,0.009418003134384586,-1.9083728284198591,-2.2967270545240908,0.0032113975832032443,-0.03519390264703609,119595,Linear,19
-0.4773782122142467,-0.37959216090767456,0.31494252873563217,0.006458829463543706,-0.0045423943250821166,-0.0010776410859057082,-0.4687738723689829,-0.3742309291638771,0.6257690708361229,-0.4687738723689821,0.008604339845264614,0.009543002986313125,-1.7926245983458255,-2.1574240380666465,0.005776790750896566,-0.033422311378450205,841039,Linear,19
-0.5077027985639089,-0.3981233762198083,0.31264367816091954,0.006272143442280283,-0.004532877725664929,-0.001154756165111943,-0.5023189318236951,-0.3948742140034842,0.6051257859965158,-0.5077027985639089,0.0,0.009446480555449898,-1.940530731972275,-2.3354290974402883,0.003460385658008642,-0.0359468872505784,244,Linear,19
-0.4896440978905418,-0.38715553198541774,0.31264367816091954,0.006489440815608041,-0.004587121856236203,-0.001124104561130876,-0.4889854840919313,-0.3867517712157691,0.6132482287842309,-0.4896440978905418,0.0,0.009563707780025315,-1.8658669951819646,-2.24557127630365,0.0030135418001190416,-0.036137429530700343,361366,Linear,19
-0.4763112860107893,-0.37892987828680014,0.31264367816091954,0.00640782700190605,-0.004484056111697671,-0.0010787777129617955,-0.4692683051383809,-0.37454025342224784,0.6254597465777522,-0.4763112860107893,0.0,0.009507462173435007,-1.8012236050062949,-2.1677729441844753,0.00464496117603162,-0.03436627562006423,442092,Linear,19
-0.4722326717965334,-0.37639160005019034,0.31494252873563217,0.006458829463543706,-0.004554001034570544,-0.0010855923489575502,-0.4722326717965343,-0.3763916000501909,0.6236083999498091,-0.4722326717965334,0.0,0.009535120006803219,-1.8073442464196574,-2.1751391372657034,0.0062037681394236,-0.03324066204330718,426588,Linear,19
-0.4737270620230816,-0.3773228183731885,0.3103448275862069,0.00645457102738851,-0.004483647169068438,-0.0010890277287886958,-0.47372706202308246,-0.37732281837318904,0.622677181626811,-0.4737270620230816,0.0,0.00951116354419249,-1.8176303211531064,-2.187518430123656,0.005990940597755569,-0.03307767331402155,807238,Linear,19
-0.489149830771812,-0.3868525482447006,0.3103448275862069,0.006393155816008807,-0.004478738420292457,-0.0011047022779920655,-0.4805454909265482,-0.381554056873624,0.618445943126376,-0.4805454909265474,0.008604339845264614,0.00945251754832259,-1.8552311500456582,-2.232771034700698,0.004706278768751652,-0.036052290516475995,247280,Linear,19
-0.49328150973227114,-0.38938065042110426,0.31264367816091954,0.006458191712553878,-0.004556296418045899,-0.001112686335835394,-0.48401855608839606,-0.3836982343438583,0.6163017656561417,-0.48467716988700654,0.008604339845264614,0.009534560758106422,-1.8525602216151658,-2.229556571837019,0.0049579012022920345,-0.03478672239578854,589528,Linear,19
-0.46488878749236456,-0.37179503444557604,0.31724137931034485,0.006434482123383051,-0.004531327742918576,-0.0010525190956780597,-0.457845806619956,-0.36735498163925795,0.632645018360742,-0.46488878749236456,0.0,0.009536853406952156,-1.75196387643796,-2.1084888516756304,0.005401703024496019,-0.03552877305058627,705597,Linear,19
-0.4737270620230816,-0.3773228183731885,0.3103448275862069,0.00645457102738851,-0.004483647169068438,-0.0010890277287886958,-0.47372706202308246,-0.37732281837318904,0.622677181626811,-0.4737270620230816,0.0,0.00951116354419249,-1.8176303211531064,-2.187518430123656,0.006320968712124716,-0.03259497592344486,649587,Linear,19
-0.4912875347350024,-0.38816187600615426,0.31264367816091954,0.006432604373598998,-0.00456676627339751,-0.0011278825768652689,-0.490628920936392,-0.38775877824687377,0.6122412217531262,-0.4912875347350024,0.0,0.009544547480089845,-1.8758962513580189,-2.2576414879799342,0.00535764130954004,-0.03366854390417779,625032,Linear,19
-0.4896440978905418,-0.38715553198541774,0.31494252873563217,0.006481370931846044,-0.004599157498929669,-0.0011094278552140993,-0.48260111701813324,-0.3828240447332545,0.6171759552667455,-0.4896440978905418,0.0,0.009568795354977571,-1.8405264781448512,-2.215073959328666,0.0026819185761708412,-0.03670162128591984,339493,Linear,19
-0.48930777152850513,-0.38694938157002967,0.3103448275862069,0.006511291734001386,-0.004561107185395644,-0.0011248454517896692,-0.4893077715285059,-0.3869493815700301,0.6130506184299699,-0.48930777152850513,0.0,0.009552181163637614,-1.869349802627213,-2.249762835712837,0.0010917297602982556,-0.03881391439738634,552964,Linear,19
-0.49412208775974653,-0.3898937079668524,0.31264367816091954,0.006303571731240154,-0.004488778894864657,-0.0011146186991169457,-0.48485913411587145,-0.3842160663967499,0.6157839336032501,-0.48551774791448193,0.008604339845264614,0.009433607590065589,-1.875636985980629,-2.257329462049946,0.005807750112090374,-0.03489577031126765,164496,Linear,19
-0.4802520151818302,-0.38137253135453164,0.31264367816091954,0.006471512956198109,-0.004549758452256769,-0.001104027621107657,-0.480252015181831,-0.3813725313545321,0.6186274686454679,-0.4802520151818302,0.0,0.009554068946192033,-1.8343906930845342,-2.2076895408655073,0.005885331162525261,-0.03349914059162867,160422,Linear,19
-0.48340821651667343,-0.3833219661741595,0.31724137931034485,0.006412370741860025,-0.004604904932978944,-0.0011097692016507196,-0.4827496027180629,-0.3829156797335401,0.6170843202664599,-0.48340821651667343,0.0,0.009545158822117147,-1.8456518377314393,-2.221242330545955,0.007991623741027501,-0.03403519565207883,220778,Linear,19
-0.49350354529954726,-0.38951621458418795,0.31264367816091954,0.006266838433728409,-0.004448649670799123,-0.0010985200565100553,-0.47785622458187427,-0.3798886526587262,0.6201113473412738,-0.48489920545428267,0.008604339845264614,0.009411636368813293,-1.8528622011192477,-2.229920004226439,0.0060649496458271305,-0.033000552528876556,655322,Linear,19
-0.46916398932675346,-0.3744750046779646,0.31264367816091954,0.006471512956198109,-0.0045126747537448065,-0.0010785379064982858,-0.46916398932675435,-0.37447500467796513,0.6255249953220349,-0.46916398932675346,0.0,0.009542154513019409,-1.7942759633103593,-2.1594114561091042,0.006040222323219155,-0.03268857052469833,960036,Linear,19
-0.5032322953034425,-0.3954266614659927,0.3103448275862069,0.006341814678427755,-0.004531257589637301,-0.001156855851272284,-0.5032322953034432,-0.39542666146599303,0.604573338534007,-0.5032322953034425,0.0,0.00947599074030343,-1.9380049869814755,-2.3323893628733265,0.0059465338712932254,-0.032680843867585505,205327,Linear,19
-0.4779125122864031,-0.37992355632068764,0.31494252873563217,0.006438957333396102,-0.004561714943500197,-0.0010971353988225123,-0.47725389848779265,-0.3795150309032158,0.6204849690967842,-0.4779125122864031,0.0,0.009552261261184782,-1.8232839369533758,-2.194322557792522,0.003830050793210167,-0.03592983029053688,434988,Linear,19
-0.48254712923857856,-0.3827907238743836,0.31264367816091954,0.006441580051149894,-0.004515042395818396,-0.0010895236537777349,-0.47394278939331486,-0.3774571323959588,0.6225428676040412,-0.47394278939331397,0.008604339845264614,0.009505885537493838,-1.8194677123231837,-2.1897297307391415,0.00575667235458806,-0.03373035716108039,648678,Linear,19
-0.5091107526496279,-0.398970194590776,0.3103448275862069,0.0062526018246075446,-0.0044798301510925705,-0.0011490754000132249,-0.4998477990057527,-0.39337701869237585,0.6066229813076242,-0.5005064128043633,0.008604339845264614,0.009420197256592305,-1.936372029133169,-2.3304240977986774,0.005880157617178167,-0.033166894335777186,81203,Linear,19
-0.4862409963032355,-0.38506640726792085,0.31494252873563217,0.006259500549753346,-0.004456863258059634,-0.0010818245415760057,-0.4705936755855625,-0.37536867018544884,0.6246313298145512,-0.4776366564579709,0.008604339845264614,0.0094154783222029,-1.8239574886814043,-2.195133177422684,0.005079710315461206,-0.03440461733366184,85916,Linear,19
-0.45464521295397375,-0.36532689819643993,0.3195402298850575,0.006369690933621809,-0.004524910942327009,-0.001043647354380145,-0.45398659915536316,-0.3649087560520069,0.6350912439479931,-0.45464521295397375,0.0,0.00952065796302912,-1.7401515946877932,-2.094272768388733,0.0037539476384468346,-0.03600403535601666,950737,Linear,19
-0.49791515558173716,-0.3922034991445451,0.31494252873563217,0.00625422739989213,-0.004546121843513288,-0.0011446325415672138,-0.49791515558173793,-0.39220349914454555,0.6077965008554544,-0.49791515558173716,0.0,0.00946015316140528,-1.9207382771943122,-2.3116088744277694,0.0028985947934289883,-0.036401885304335524,108871,Linear,19
-0.4867726408781841,-0.3853932464876032,0.3103448275862069,0.0063105657437655055,-0.004431453542142174,-0.001097723418929446,-0.47750968723430903,-0.37967372367891505,0.620326276321085,-0.4781683010329195,0.008604339845264614,0.009412340238594333,-1.8513800614071025,-2.2281362488067566,0.007350337215437417,-0.03133319823832218,248045,Linear,19
-0.48899111054432187,-0.3867552216180252,0.31264367816091954,0.0062673640872974185,-0.004443531628813112,-0.0010948377957302798,-0.47625444114267185,-0.3788945726341766,0.6211054273658234,-0.476254441142671,0.012736669401650847,0.009420074707508419,-1.8449971725686756,-2.220454440900608,0.003804838991641938,-0.036580473133830074,640617,Linear,19
-0.5018243381455766,-0.39457484858924574,0.3103448275862069,0.0062603542434015585,-0.004459030691203039,-0.001132325021842992,-0.4925613845017015,-0.3889407696555891,0.6110592303444109,-0.49321999830031193,0.008604339845264614,0.009410203342536986,-1.910171524700331,-2.2988917858327276,0.006296328633374156,-0.03304632932762047,575132,Linear,19
-0.4747079203473534,-0.3779332770344488,0.3057471264367816,0.006483456432472564,-0.004427177569093395,-0.0010912825755111594,-0.4747079203473543,-0.37793327703444946,0.6220667229655505,-0.4747079203473534,0.0,0.009492791552071694,-1.8249188064835244,-2.1962901235766243,0.003922802229954214,-0.0336290359027141,718707,Linear,19
-0.4899231409498061,-0.3873265181232687,0.31264367816091954,0.006394291583324119,-0.0045001959521619,-0.0010941032973892594,-0.4759349343643279,-0.37869609353404654,0.6213039064659535,-0.4813188011045415,0.008604339845264614,0.009459615127849777,-1.8360526476296792,-2.2096897034702034,0.004436380872223538,-0.03353646180334346,664356,Linear,19
-0.4973652959445817,-0.39186920448197216,0.3103448275862069,0.0062600129381896455,-0.004444013629854362,-0.0011220743501165668,-0.4881023423007067,-0.3862099468578841,0.6137900531421159,-0.4887609560993171,0.008604339845264614,0.009396194304842615,-1.8957013360629398,-2.2814769111118998,0.005814256275066528,-0.03396740516986253,879750,Linear,19
-0.5043012838773686,-0.39607259814600937,0.3103448275862069,0.006319412466950976,-0.004496058756901622,-0.0011395332046715057,-0.49569694403210485,-0.3908537815003241,0.6091462184996759,-0.495696944032104,0.008604339845264614,0.009449263456702576,-1.9143850633920374,-2.3039627804331584,0.003567627979249529,-0.03650393549261813,153441,Linear,19
-0.4990388553637633,-0.3928860963510802,0.31494252873563217,0.006438699473436597,-0.0046036165422171215,-0.0011259216131491684,-0.4897759017198881,-0.3872363019100862,0.6127636980899138,-0.4904345155184987,0.008604339845264614,0.009553477728195219,-1.8708843013390017,-2.2516096051983445,0.00550782760497473,-0.034903788540347,259180,Linear,19
-0.4984763283064386,-0.39254448227882854,0.31724137931034485,0.0064289032644708356,-0.004641824908858604,-0.0011297318331816783,-0.4914333474340301,-0.38825108327044777,0.6117489167295522,-0.4984763283064386,0.0,0.009571163492328345,-1.873746790254467,-2.255054611141375,0.002725132588481343,-0.03652419974429139,868887,Linear,19
-0.4649683886775877,-0.3718450383151872,0.31264367816091954,0.006471512956198109,-0.004498642644550272,-0.0010688928475346862,-0.4649683886775886,-0.3718450383151878,0.6281549616848122,-0.4649683886775877,0.0,0.00952273819593201,-1.7818559711914932,-2.144463993280263,0.006032195529988074,-0.03361649830815366,126853,Linear,19
-0.475244950406279,-0.3782672558769733,0.31494252873563217,0.0064280367177086415,-0.004518869218417745,-0.001071222981062998,-0.4659819967624039,-0.3724814186882379,0.6275185813117621,-0.4666406105610144,0.008604339845264614,0.00951032641667058,-1.7880708710198945,-2.1519436263815503,0.005324143501451374,-0.035993684551205135,980923,Linear,19
-0.5015577938657454,-0.3944134544698872,0.31264367816091954,0.00625948181362853,-0.0045010178583505586,-0.0011368156620536482,-0.49451481299333694,-0.39013326505976953,0.6098667349402305,-0.5015577938657454,0.0,0.009434467511929664,-1.9128148087938153,-2.302072978731667,0.005205940348149623,-0.034421528507720095,544494,Linear,19
-0.5015577938657454,-0.3944134544698872,0.31264367816091954,0.00625948181362853,-0.0045010178583505586,-0.0011368156620536482,-0.49451481299333694,-0.39013326505976953,0.6098667349402305,-0.5015577938657454,0.0,0.009434467511929664,-1.9128148087938153,-2.302072978731667,0.004833660481551572,-0.034281573963789676,284192,Linear,19
-0.474434838364455,-0.37776337862320464,0.31494252873563217,0.006466132385686651,-0.0045358746152961826,-0.0010708747092395198,-0.4658304985191913,-0.37238634352390754,0.6276136564760925,-0.4658304985191904,0.008604339845264614,0.009522435262056159,-1.7852165468087986,-2.1485084466617494,0.005125423934697394,-0.03567018545434931,371972,Linear,19
-0.5082602831555686,-0.3984588196526856,0.3080459770114943,0.006338367408252328,-0.004481718192744575,-0.0011486343524374828,-0.49965594331030483,-0.39326062345323465,0.6067393765467654,-0.499655943310304,0.008604339845264614,0.009425811791884946,-1.9344758272247873,-2.3281420184486867,0.006711949077660063,-0.033144734866321544,365641,Linear,19
-0.4664862770607851,-0.37279778417051734,0.31724137931034485,0.006444925388924477,-0.004534084266291205,-0.0010510880998089891,-0.45722332341691,-0.36696104814606667,0.6330389518539333,-0.4578819372155205,0.008604339845264614,0.009521864349510998,-1.7523360653148803,-2.1089367810583415,0.005071575125676583,-0.03575022195915951,94901,Linear,19
-0.5162617898538835,-0.40325285012531054,0.3103448275862069,0.00632839475890468,-0.0045377737622071335,-0.0011655145660000193,-0.5069988362100083,-0.3976995285660818,0.6023004714339182,-0.5076574500086188,0.008604339845264614,0.009456272995987997,-1.9565816420704418,-2.3547463707336402,0.005709160585509103,-0.032967604896659605,133900,Linear,19
-0.48865309357849573,-0.38654789944149526,0.3080459770114943,0.006331244840118184,-0.00441340718375106,-0.0011035603534097294,-0.480048753733232,-0.3812467754588823,0.6187532245411177,-0.48004875373323114,0.008604339845264614,0.009409999807140244,-1.8616873400935956,-2.240541060626148,0.006218091649179819,-0.032509545337254,850967,Linear,19
-0.4847106519030331,-0.384124626647238,0.31724137931034485,0.0063060855161912585,-0.004509438156295466,-0.001078306508472092,-0.4690633311853599,-0.3744120373255051,0.6255879626744949,-0.4761063120577685,0.008604339845264614,0.009451947719375704,-1.8110114083711542,-2.1795525673575047,0.0065294193124052265,-0.03439412074286706,842300,Linear,19
-0.49265430046514525,-0.3889975441750273,0.31494252873563217,0.006369484044991528,-0.004579244969229444,-0.0011310245670495054,-0.4919956866665347,-0.3885949969796185,0.6114050030203815,-0.49265430046514525,0.0,0.009542644570370714,-1.881497131565851,-2.2643821483534774,0.0028846702440936942,-0.03567441324786387,151698,Linear,19
-0.49671666080692234,-0.3914746215233549,0.31264367816091954,0.006489440815608041,-0.0046107759128127266,-0.001140363326455889,-0.4960580470083118,-0.3910737063026294,0.6089262936973706,-0.49671666080692234,0.0,0.009566340181003122,-1.8923335626630031,-2.277423795197676,0.0035530965460978765,-0.03684317947566613,504782,Linear,19
-0.45738942832855645,-0.36706619029267795,0.31494252873563217,0.006484564447257581,-0.004492388512518243,-0.0010352791895543627,-0.45034644745614794,-0.36259271476781585,0.6374072852321842,-0.45738942832855645,0.0,0.009533628606839293,-1.7238502060692962,-2.0746540441495007,0.003825016514520265,-0.03593289179618536,831870,Linear,19
-0.4833838489271699,-0.38330693903388857,0.31264367816091954,0.00640782700190605,-0.004507710168274194,-0.0010950364782868075,-0.47634086805476145,-0.37894825053870473,0.6210517494612953,-0.4833838489271699,0.0,0.009510187813579327,-1.8278466765634545,-2.1998138157632687,0.004353906035258645,-0.035107305772979144,85194,Linear,19
-0.49671666080692234,-0.3914746215233549,0.31494252873563217,0.006481370931846044,-0.004622890931534972,-0.0011256866205391113,-0.48967367993451383,-0.38717366090927197,0.612826339090728,-0.49671666080692234,0.0,0.009571451345135066,-1.8669813457201632,-2.2469123973839706,0.0025346839385271143,-0.03652230452650899,520091,Linear,19
-0.5142995188515159,-0.40208072085583546,0.3310344827586207,0.0062106237429286676,-0.004724815190783788,-0.001104807819623803,-0.480591401536354,-0.3815824494522396,0.6184175505477604,-0.4913164071681793,0.022983111683336572,0.009590001526901606,-1.828808929202632,-2.2009718869937815,0.00020818140747968106,-0.03076098825402333,119595,Linear,22
-0.5169959237858789,-0.4036907816869768,0.32873563218390806,0.005969378872786321,-0.004578455429038221,-0.00111100645165682,-0.4832878064707169,-0.3832477074731091,0.6167522925268909,-0.49401281210254233,0.022983111683336572,0.009442135272289895,-1.8678699412613136,-2.2479818222832857,0.0025508515535327524,-0.030454546117209016,841039,Linear,22
-0.49620610434574847,-0.3911638556345697,0.3333333333333333,0.006150225336859694,-0.0046699333133629044,-0.0010632137632887052,-0.4624979870305865,-0.37029132490536343,0.6297086750946366,-0.4732229926624119,0.022983111683336572,0.009535769311457507,-1.7699668162796942,-2.13015539312902,0.0005816170460442635,-0.030975585221383307,244,Linear,22
-0.5538785536830976,-0.4252835864569805,0.3310344827586207,0.005945311474057798,-0.004729537074337659,-0.0011957941065929563,-0.5201704363679357,-0.4055807713181738,0.5944192286818262,-0.530895441999761,0.022983111683336572,0.009548552048622093,-1.9880127222460968,-2.392573681580502,-7.528102875921156e-05,-0.031265990900038926,361366,Linear,22
-0.5582243190707066,-0.42777575005331614,0.3264367816091954,0.006053970703484177,-0.004724163964676783,-0.001205784371851826,-0.5245162017555445,-0.40815837294529667,0.5918416270547033,-0.53524120738737,0.022983111683336572,0.009555189803741121,-2.003229018918562,-2.4108864974605373,0.0014564310861724617,-0.029801133340233866,442092,Linear,22
-0.5277778475836785,-0.41008560603466737,0.3310344827586207,0.005897525711193409,-0.004616197363162774,-0.0011357924833758997,-0.4940697302685164,-0.38986176349575896,0.610138236504241,-0.504794735900342,0.022983111683336572,0.009440882926069606,-1.9097945449727984,-2.2984380906604125,0.0030246355090312455,-0.029324267388987618,426588,Linear,22
-0.5541792114207458,-0.42545635342050203,0.3264367816091954,0.005969708779397157,-0.004692005718631942,-0.0012116299514592246,-0.527059028884763,-0.4096614120965234,0.5903385879034766,-0.5377840345165886,0.01639517690415712,0.009498226288733131,-2.0250127351046343,-2.4371032039486784,0.002669963458217345,-0.028388029804486417,807238,Linear,22
-0.49974369702393373,-0.39331386475063657,0.335632183908046,0.006082796797899636,-0.004685549869211483,-0.0010713461602500493,-0.4660355797087718,-0.3725150420818969,0.6274849579181031,-0.4767605853405972,0.022983111683336572,0.009547603180379794,-1.7812945015836918,-2.143788264502675,0.0018002996106046402,-0.031701745204005614,247280,Linear,22
-0.5583399112220889,-0.42784189086268776,0.3310344827586207,0.005955577930326187,-0.004749948508157725,-0.0012060501009354642,-0.5246317939069267,-0.40822678123843836,0.5917732187615616,-0.5353567995387524,0.022983111683336572,0.009511697722141131,-2.012832238138848,-2.422443973581186,0.0017574753864786842,-0.030211958241062955,589528,Linear,22
-0.5225838016368081,-0.4070135923840905,0.3310344827586207,0.006032382016554188,-0.004665081425104636,-0.001123852147865853,-0.488875684321646,-0.3866844330043283,0.6133155669956717,-0.49960068995347146,0.022983111683336572,0.009525771488402404,-1.8728771505461677,-2.2540079995904274,0.0019416804861796047,-0.03073051898352181,705597,Linear,22
-0.553204851597531,-0.4248962683567107,0.32873563218390806,0.005934776269214063,-0.004708074231366983,-0.0012093900438196507,-0.5260846690615484,-0.4090859295763829,0.5909140704236171,-0.5368096746933738,0.01639517690415712,0.009499132415355908,-2.021076338835993,-2.4323657503060363,0.003001744884746014,-0.02829968349863034,649587,Linear,22
-0.5536346560168744,-0.4251433973697766,0.3310344827586207,0.005897525711193409,-0.004705052374960699,-0.0011952334223027878,-0.5199265387017125,-0.4054357761742703,0.5945642238257297,-0.5306515443335379,0.022983111683336572,0.009497181303718193,-1.997828803909071,-2.4043873376905807,0.002334170253767389,-0.029116668148824163,625032,Linear,22
-0.5670481062494056,-0.43280272396305675,0.32873563218390806,0.005973822724447362,-0.004752043282637725,-0.0012260689400787192,-0.5333399889342432,-0.4133576849600872,0.5866423150399128,-0.544064994566069,0.022983111683336572,0.009564166477060402,-2.035016964697921,-2.4491432961279394,-0.0003573628190760979,-0.03187974988956712,339493,Linear,22
-0.5396759324822208,-0.4170628672430279,0.3333333333333333,0.005927703406506544,-0.004708568307277612,-0.001163144402682894,-0.5059678151670586,-0.3970782238717855,0.6029217761282145,-0.5166928207988842,0.022983111683336572,0.00953671112960507,-1.9361334027214978,-2.3301369108677763,-0.0016611164305569079,-0.03322987388054588,552964,Linear,22
-0.5421558692526737,-0.41850672339744344,0.3310344827586207,0.005886646950915098,-0.004660223068279332,-0.0011688454067528998,-0.5084477519375116,-0.3985715792752691,0.6014284207247309,-0.5191727575693371,0.022983111683336572,0.009454790025015524,-1.9624809810685766,-2.361846226316914,0.0025484274759128662,-0.030967129634354176,164496,Linear,22
-0.5501876684546406,-0.42315845473954095,0.32873563218390806,0.005934776269214063,-0.004697741412384482,-0.0012024539906176034,-0.5230674859186579,-0.4073003412352585,0.5926996587647415,-0.5337924915504835,0.01639517690415712,0.00949940031922354,-2.0094284577522132,-2.4183475232517626,0.0028080972237308098,-0.02840537833649446,160422,Linear,22
-0.5249870603965001,-0.4084369810917985,0.32873563218390806,0.005961063254870051,-0.004581537798917228,-0.001115809176637731,-0.4853769918374133,-0.38453487230639205,0.615465127693608,-0.5020039487131636,0.022983111683336572,0.009439491523526033,-1.8764698827025987,-2.258331853410001,0.004458050160700341,-0.029962226851737113,220778,Linear,22
-0.5470131787820554,-0.4213243676062952,0.3264367816091954,0.006085020657899702,-0.004700948788015872,-0.0011800116355560751,-0.5133050614668933,-0.4014858198604653,0.5985141801395347,-0.5240300670987188,0.022983111683336572,0.009570742861044168,-1.957225709961251,-2.3555215065602155,0.0029442049294732334,-0.028065259637546885,655322,Linear,22
-0.5352607632872887,-0.41448341099427755,0.32413793103448274,0.0061177263214991446,-0.0046399729840255295,-0.0011529945884416696,-0.5015526459721265,-0.39441033696674943,0.6055896630332506,-0.5122776516039521,0.022983111683336572,0.009523825227988525,-1.9218351057440892,-2.3129289077917603,0.0030634747318809006,-0.02809485419214884,960036,Linear,22
-0.5501876684546406,-0.42315845473954095,0.32873563218390806,0.005934776269214063,-0.004697741412384482,-0.0012024539906176034,-0.5230674859186579,-0.4073003412352585,0.5926996587647415,-0.5337924915504835,0.01639517690415712,0.00949940031922354,-2.0094284577522132,-2.4183475232517626,0.0026692701364059504,-0.028547665456157053,205327,Linear,22
-0.5320512213744057,-0.4126011519823679,0.3310344827586207,0.006014869477206112,-0.004688949514697333,-0.001145616331170675,-0.49834310405924365,-0.39246354908376346,0.6075364509162365,-0.5090681096910692,0.022983111683336572,0.00955719289278531,-1.9028699812849372,-2.2901043769720584,0.0006552098926250997,-0.031214091089998057,434988,Linear,22
-0.5297681518132834,-0.4112585475056971,0.3333333333333333,0.00590388191059883,-0.0046624927983963844,-0.00114036789539798,-0.49606003449812125,-0.39107491653623017,0.6089250834637698,-0.5067850401299469,0.022983111683336572,0.009470791563015812,-1.9114325350336945,-2.3004094120038507,0.002463331008028542,-0.031008241281633733,648678,Linear,22
-0.5035344010453906,-0.3956092789567073,0.335632183908046,0.0060185048087583164,-0.004666186802107068,-0.0010800604223683411,-0.46982628373022867,-0.3748891492236547,0.6251108507763453,-0.48055128936205405,0.022983111683336572,0.009491734956135202,-1.8063533959065874,-2.173946648488633,0.0028107935452703265,-0.029462180929152385,81203,Linear,22
-0.5216819868051803,-0.4064785872452229,0.32873563218390806,0.006106501653483343,-0.004661656184719645,-0.0011217790103218808,-0.48797386949001836,-0.3861310864589844,0.6138689135410156,-0.4986988751218437,0.022983111683336572,0.009506769814131972,-1.873158819647837,-2.25434698840676,0.0017464143374409692,-0.03049609512243836,85916,Linear,22
-0.5330611239651781,-0.4131940681566143,0.3333333333333333,0.006042703373149675,-0.004743258606057651,-0.0011479379463218762,-0.4993530066500161,-0.3930767920096019,0.6069232079903981,-0.5100780122818416,0.022983111683336572,0.009562613580629976,-1.905645334861568,-2.2934445155185683,0.0017573194337549517,-0.0292085133182785,950737,Linear,22
-0.5327170193834895,-0.4129921108016721,0.3333333333333333,0.006030859198361597,-0.0047361499511405485,-0.0011471469013065007,-0.49900890206832743,-0.392867911016607,0.607132088983393,-0.5097339077001529,0.022983111683336572,0.009559693360746913,-1.9049138734371849,-2.2925642015580556,-0.0003815362457965977,-0.03137285202576913,108871,Linear,22
-0.5506444565836378,-0.4234218889383403,0.3264367816091954,0.006063685779575156,-0.004725486876270741,-0.001203504078270471,-0.5235242740476549,-0.4075710175778662,0.5924289824221338,-0.5342492796794807,0.01639517690415712,0.009542074706874425,-2.002188784370991,-2.409634574988745,0.0037105412518805185,-0.02862289102351965,248045,Linear,22
-0.4950159596781703,-0.39043882118156126,0.335632183908046,0.006144462892157713,-0.004700344029820188,-0.0010604777985356506,-0.4613078423630084,-0.3695414343329537,0.6304585656670463,-0.47203284799483375,0.022983111683336572,0.009558690377985835,-1.7611788319615846,-2.1195790523650153,0.0007345087030661534,-0.032397435916126406,640617,Linear,22
-0.5229100304830753,-0.4072070101047639,0.3333333333333333,0.006154263435573913,-0.00476403486664183,-0.0011246020992365826,-0.48920191316791334,-0.3868844816015614,0.6131155183984386,-0.49992691879973866,0.022983111683336572,0.009603677562957822,-1.8589238084945356,-2.237215149831847,0.0031765942452845423,-0.028580758874357265,575132,Linear,22
-0.5110048875388826,-0.40010754862366116,0.32873563218390806,0.006188769323920032,-0.004645167233905343,-0.0010836662505282657,-0.4713948189797957,-0.37586888904888716,0.6241311109511128,-0.488021775855546,0.022983111683336572,0.009576008144134833,-1.7964341884030284,-2.1620088804101987,0.001116028627400934,-0.030281352369095123,718707,Linear,22
-0.49122344537528934,-0.3881226624359665,0.3310344827586207,0.0061949626229397415,-0.004637766136644158,-0.0010517593748508671,-0.4575153280601273,-0.3671458714733973,0.6328541285266027,-0.4682403336919528,0.022983111683336572,0.009552506638502333,-1.7478305016111042,-2.1035143343014817,0.0011725813117764525,-0.03056257353080531,664356,Linear,22
-0.509958648745709,-0.39947958942894535,0.33793103448275863,0.0059833637264970225,-0.004707656247311144,-0.001094828807886315,-0.47625053143054696,-0.37889214428600937,0.6211078557139906,-0.48697553706237234,0.022983111683336572,0.009495233177548095,-1.8303782748837054,-2.2028605948133153,0.0026344284365177606,-0.02964557969609454,879750,Linear,22
-0.5241438242120294,-0.40793794337510025,0.32873563218390806,0.0060222443136650145,-0.00462882412243481,-0.001127438406659465,-0.4904357068968675,-0.38764047321852724,0.6123595267814728,-0.5011607125286929,0.022983111683336572,0.00948393641105395,-1.887141486368756,-2.27117513041029,0.0005267879609740961,-0.031948998231616024,153441,Linear,22
-0.48695212595052356,-0.3855035493260651,0.3333333333333333,0.0061219493801398135,-0.004623885064674602,-0.001041940249736464,-0.4532440086353615,-0.36443696816398874,0.6355630318360113,-0.463969014267187,0.022983111683336572,0.00953154571698519,-1.7353207110230346,-2.0884587989982255,0.002269443623129563,-0.03070354857661855,259180,Linear,22
-0.5567472566850316,-0.4269299146154748,0.32873563218390806,0.005966826218618106,-0.00471334002956253,-0.001202388826137631,-0.5230391393698697,-0.40728354000733724,0.5927164599926628,-0.533764145001695,0.022983111683336572,0.009547304992195187,-1.9992375748530067,-2.4060827937840545,-0.00033370511850097293,-0.03233620580315685,868887,Linear,22
-0.5445534450876662,-0.41989922764132137,0.3264367816091954,0.005987528430488156,-0.004645304999664922,-0.0011743570753390896,-0.5108453277725042,-0.4000118222874346,0.5999881777125654,-0.5215703334043297,0.022983111683336572,0.009495574953553474,-1.9632661236002178,-2.3627911455000126,0.0026228772812746204,-0.02926318306200132,126853,Linear,22
-0.5289964829046944,-0.4108040586967212,0.335632183908046,0.005925425066408693,-0.00470726790756125,-0.0011385939438839816,-0.49528836558953226,-0.39060484663582395,0.609395153364176,-0.5060133712213578,0.022983111683336572,0.009488406187396816,-1.9049161852720315,-2.2925669838517244,0.002083388972082573,-0.03205469306948014,980923,Linear,22
-0.5568929179453861,-0.42701338264720645,0.3264367816091954,0.006085020657899702,-0.004734668034307102,-0.0012027236796097085,-0.5231848006302234,-0.4073698695463448,0.5926301304536552,-0.5339098062620495,0.022983111683336572,0.009574722889879865,-1.9940677900177275,-2.3998609567716898,0.0019977295667166785,-0.029911347543579072,544494,Linear,22
-0.5353347452531302,-0.4145267270602414,0.32873563218390806,0.005993713361384486,-0.0046531768445751695,-0.001153164661926363,-0.5016266279379682,-0.3944551380232585,0.6055448619767415,-0.5123516335697936,0.022983111683336572,0.009494579691414077,-1.928039164655617,-2.320395493847571,0.0017492870643527338,-0.02974675516847757,284192,Linear,22
-0.5500330312468976,-0.42306924667640666,0.3310344827586207,0.00585468757652696,-0.00467147740533202,-0.001186953825130427,-0.5163249139317356,-0.4032905180499683,0.5967094819500317,-0.5270499195635611,0.022983111683336572,0.009449614428908966,-1.9939763654724316,-2.399750927314394,0.0018359331014665239,-0.03247441091528813,371972,Linear,22
-0.5063561131015657,-0.39731229170515636,0.3310344827586207,0.006025443999258424,-0.004605882926734079,-0.0010865471167503535,-0.4726479957864036,-0.3766505458020605,0.6233494541979395,-0.4833730014182291,0.022983111683336572,0.009470800823290878,-1.8212188255122426,-2.191837195788398,0.003225807078401137,-0.02947282330593043,365641,Linear,22
-0.5379891417106649,-0.4160787444958529,0.32873563218390806,0.005926266600572609,-0.004629236809169129,-0.0011592667227482815,-0.5042810243955027,-0.39606036276582235,0.6039396372341777,-0.5150060300273284,0.022983111683336572,0.009451567493041503,-1.947062084998867,-2.3432895820245516,0.002195963530988963,-0.03183441044877299,94901,Linear,22
-0.4844444151211463,-0.3839606361406095,0.33793103448275863,0.006122451361481756,-0.004690057805360425,-0.0010361753972551362,-0.45073629780598434,-0.36284115978961595,0.637158840210384,-0.4614613034378097,0.022983111683336572,0.009557248401106251,-1.7210784740909268,-2.071318264197173,0.002473599836859546,-0.029481716250909337,133900,Linear,22
-0.5536798182525506,-0.4251693585929067,0.32873563218390806,0.005934776269214063,-0.00468713940902397,-0.0011953372435342254,-0.5199717009373885,-0.4054626274175356,0.5945373725824644,-0.5306967065692141,0.022983111683336572,0.00949490828069566,-1.998480650313328,-2.40517183495954,0.0028502557788823092,-0.028164539892147532,850967,Linear,22
-0.49803182560716025,-0.3922744066412819,0.33793103448275863,0.006046256486915218,-0.00469834518009908,-0.0010674108236597654,-0.46432370829199815,-0.3714399485696016,0.6285600514303984,-0.4750487139238237,0.022983111683336572,0.009555517849884494,-1.773281342052956,-2.134144425514621,0.0031208036639157597,-0.030018791813242324,842300,Linear,22
-0.5679564238057836,-0.4333176852971953,0.3310344827586207,0.005945311474057798,-0.004777914634896715,-0.0012281570264152213,-0.5342483064906214,-0.4138903005454897,0.5861096994545103,-0.544973312122447,0.022983111683336572,0.00955074799185448,-2.0413467503922615,-2.456761194390287,0.00047266516985876154,-0.030314154215328813,151698,Linear,22
-0.5543535203381172,-0.42555649277367524,0.3310344827586207,0.005945311474057798,-0.004731169262155596,-0.0011968859839608177,-0.5206454030229554,-0.40586303359300957,0.5941369664069904,-0.5313704086547807,0.022983111683336572,0.00954632724662798,-1.9902917087057015,-2.3953164422092006,0.0003737338674639069,-0.03187639681195212,504782,Linear,22
-0.5488195641371886,-0.4223687352448364,0.3310344827586207,0.0060013960066189085,-0.004739905401289173,-0.0011841642455678774,-0.5151114468220264,-0.40256599121373293,0.5974340087862671,-0.525836452453852,0.022983111683336572,0.009573678137740122,-1.9635112399756776,-2.3630861431035424,0.0005770542084361758,-0.030101160893784704,831870,Linear,22
-0.5738572861358269,-0.4366517530094457,0.32413793103448274,0.006001034022688041,-0.004715289000066929,-0.001241722227173939,-0.5401491688206637,-0.4173386690124192,0.5826613309875808,-0.5508741744524903,0.022983111683336572,0.009544233977822331,-2.0653023918886046,-2.4855918133939583,0.0012251356360761002,-0.03036692874126924,85194,Linear,22
-0.5670481062494056,-0.43280272396305675,0.32873563218390806,0.005973822724447362,-0.004752043282637725,-0.0012260689400787192,-0.5333399889342432,-0.4133576849600872,0.5866423150399128,-0.544064994566069,0.022983111683336572,0.009564166477060402,-2.035016964697921,-2.4491432961279394,-0.0005970129262712744,-0.032117672614248825,520091,Linear,22
-0.5075405614184307,-0.39802572155304317,0.35944700460829493,0.00612972581328584,-0.005048265785699873,-0.0010303701879077736,-0.44718066155197406,-0.36057162228394435,0.6394283777160557,-0.47444029361826806,0.03310026780016273,0.009755963594542342,-1.6765765364667151,-2.017760173975934,-0.001274367042621599,-0.002785234813123126,119595,Linear,25
-0.5026422859018562,-0.39506985226226754,0.35023041474654376,0.006133698538826724,-0.004935848474675964,-0.0010589564330805525,-0.4595870919569597,-0.36845563857625907,0.6315443614237409,-0.486846724023254,0.015795561878602208,0.009651827792353596,-1.7416817403659575,-2.0961142989974624,0.0009727700591014387,-0.002018372259363661,841039,Linear,25
-0.4915952705684843,-0.38835013155322295,0.347926267281106,0.006203510177443166,-0.004917618317752021,-0.0010482855924652166,-0.4549559471299041,-0.36552408218222576,0.6344759178177742,-0.4757997086898821,0.015795561878602208,0.009652750094306986,-1.7239665091531142,-2.074794014932542,-0.0009104574314900721,-0.004792964359020562,244,Linear,25
-0.5108608437435795,-0.40002113161442365,0.35253456221198154,0.006185634391592336,-0.004971447964869738,-0.0010381908207713572,-0.4505748162147689,-0.36273826205842064,0.6372617379415794,-0.47783444828106314,0.03302639546251637,0.009677720967693561,-1.7029596540510736,-2.0495122609037595,-0.0012064708333218467,-0.003397374332490846,361366,Linear,25
-0.5132927660272452,-0.40147846082024363,0.3456221198156682,0.006177338160785531,-0.004924302431471433,-0.0010873298765439114,-0.4719011664200574,-0.3761848362430281,0.6238151637569719,-0.49274492798003533,0.0205478380472098,0.009650608097096919,-1.7885739950155983,-2.15254913620411,-9.374282568064557e-05,-0.00290942426957039,442092,Linear,25
-0.5047927351402214,-0.3963693261106832,0.35023041474654376,0.006144233582225796,-0.004932300601152618,-0.0010529614401537262,-0.4569852650267172,-0.36681032997310803,0.633189670026892,-0.48424489709301155,0.0205478380472098,0.009653681893869944,-1.7314890679521155,-2.0838474158485574,0.0010232662555742372,-0.0019195785191875277,426588,Linear,25
-0.4996840324101863,-0.3932776659768288,0.35023041474654376,0.006128501781511761,-0.004922557125018004,-0.0010521401807955977,-0.45662883846528984,-0.36658460413133587,0.6334153958686641,-0.48388847053158407,0.015795561878602208,0.009648459038602767,-1.7310751395386392,-2.0833492529258257,0.0010547713861289334,-0.0006917763753046476,807238,Linear,25
-0.5436124947236742,-0.4193531247208402,0.3456221198156682,0.0061764878516710475,-0.0050473462994216605,-0.001168140947661508,-0.5069731712850943,-0.397684070371341,0.602315929628659,-0.527816932845072,0.015795561878602208,0.009743935728027247,-1.90309780157554,-2.2903785587342402,0.0002005457852863031,-0.00413590524902298,247280,Linear,25
-0.5152885884476517,-0.4026718122723193,0.35714285714285715,0.006139627814369148,-0.005041473117592876,-0.0010482227847492956,-0.45492868858119473,-0.365506787053796,0.634493212946204,-0.482188320647489,0.03310026780016273,0.00968575738113095,-1.7179886081646196,-2.0675996099792346,-0.00010642578500598965,-0.002776720642350146,589528,Linear,25
-0.5054476204177258,-0.39676450553934495,0.347926267281106,0.006155740684674121,-0.004918407313988063,-0.0010654203374949986,-0.4623924264728293,-0.3702248489978407,0.6297751510021593,-0.48965205853912364,0.015795561878602208,0.00965024429077241,-1.7526005579719788,-2.109255098020433,0.0004105362982399002,-0.0031630878401860785,705597,Linear,25
-0.5000440742030935,-0.39349607205375026,0.35023041474654376,0.006144233582225796,-0.004915461377971313,-0.0010420198250912197,-0.45223660408958943,-0.363796376463273,0.636203623536727,-0.47949623615588366,0.0205478380472098,0.009651021566147756,-1.7139690132248835,-2.062762026720431,0.0013451214689068486,-0.0004524988173743398,649587,Linear,25
-0.5047927351402214,-0.3963693261106832,0.35023041474654376,0.006144233582225796,-0.004932300601152618,-0.0010529614401537262,-0.4569852650267172,-0.36681032997310803,0.633189670026892,-0.48424489709301155,0.0205478380472098,0.009653681893869944,-1.7314890679521155,-2.0838474158485574,0.0005920852072037157,-0.002165608695317096,625032,Linear,25
-0.5184539647564286,-0.4045595914243816,0.35253456221198154,0.006185634391592336,-0.004998469747833613,-0.0010556864913078752,-0.4581679372276179,-0.36755874314278636,0.6324412568572136,-0.48542756929391223,0.03302639546251637,0.009681128660745414,-1.731048527291815,-2.083317225081815,-0.0018213876877760495,-0.0045933217339989545,339493,Linear,25
-0.5108608437435795,-0.40002113161442365,0.35253456221198154,0.006185634391592336,-0.004971447964869738,-0.0010381908207713572,-0.4505748162147689,-0.36273826205842064,0.6372617379415794,-0.47783444828106314,0.03302639546251637,0.009677720967693561,-1.7029596540510736,-2.0495122609037595,-0.002726829788575045,-0.005439160561480203,552964,Linear,25
-0.5189318532438841,-0.4048440775588673,0.3433179723502304,0.0061923982745047245,-0.004929683763882485,-0.0011112731101504706,-0.4822925298053041,-0.382633562736751,0.617366437263249,-0.5031362913652819,0.015795561878602208,0.009649564936546486,-1.8281563826754414,-2.2001865471267417,0.0007826866687126271,-0.0027002399014411337,164496,Linear,25
-0.500698959480598,-0.3938931325181938,0.35023041474654376,0.006146993367710831,-0.004919009251494659,-0.0010433585645839801,-0.45281761702944756,-0.3641659116381778,0.6358340883618222,-0.4800772490957418,0.020621710384856166,0.009653228973540172,-1.7157786048948405,-2.064939870632342,0.0010445360984844285,-0.0010006352598968976,160422,Linear,25
-0.5102354069147051,-0.3996457653618857,0.35253456221198154,0.006175168204686068,-0.004980435554702743,-0.001047699667176273,-0.4547016555545021,-0.3653627197858498,0.6346372802141502,-0.4819612876207964,0.028274119293908776,0.009676448829893596,-1.7187830887733062,-2.068555767539797,0.0026299254536541173,-0.0021400661829981548,220778,Linear,25
-0.4990291471326818,-0.39288020232040055,0.35253456221198154,0.00611724792093017,-0.004936514622496419,-0.001039681283454327,-0.4512216770191778,-0.36315034840322324,0.6368496515967768,-0.47848130908547204,0.0205478380472098,0.009651880095587225,-1.7099703424908195,-2.0579496257470513,0.0012037987718910464,-0.0007449165446118695,655322,Linear,25
-0.5054476204177258,-0.39676450553934495,0.35023041474654376,0.006146993367710831,-0.004935848474675964,-0.0010543001796464871,-0.45756627796657534,-0.3671781145106441,0.6328218854893559,-0.4848259100328697,0.020621710384856166,0.009655887172589387,-1.7332945379522067,-2.0860202993300176,0.0014080136228253675,-0.0009567432416017062,960036,Linear,25
-0.500698959480598,-0.3938931325181938,0.35023041474654376,0.006146993367710831,-0.004919009251494659,-0.0010433585645839801,-0.45281761702944756,-0.3641659116381778,0.6358340883618222,-0.4800772490957418,0.020621710384856166,0.009653228973540172,-1.7157786048948405,-2.064939870632342,0.0011103714495674355,-0.0010891532767263307,205327,Linear,25
-0.5108608437435797,-0.40002113161442365,0.35023041474654376,0.006144233582225796,-0.004953818716767363,-0.001066943257212155,-0.4630533736300755,-0.3706409595649034,0.6293590404350966,-0.4903130056963698,0.0205478380472098,0.00965651022340462,-1.7539668822130565,-2.1108994694991097,-0.0009525750916917422,-0.003759520182438128,434988,Linear,25
-0.5087103945052145,-0.3987295192381911,0.35023041474654376,0.006123239841457892,-0.004957366590290709,-0.001076601204056176,-0.4672449225603804,-0.3732734278636063,0.6267265721363937,-0.48808868412035833,0.020621710384856166,0.009654183268113977,-1.770270338579437,-2.130520682273305,0.000853803931672203,-0.00259234480630078,648678,Linear,25
-0.4858237878095552,-0.38480979822396955,0.35253456221198154,0.006290968150327514,-0.004939437775598605,-0.000980331539039397,-0.4254638879430984,-0.3465334204588908,0.6534665795411092,-0.4527235200093925,0.03310026780016273,0.009689554803301378,-1.606088313040596,-1.932927583950979,0.0010694797836024719,-0.001042178541427129,81203,Linear,25
-0.5065606612154278,-0.3974355577317894,0.3456221198156682,0.006158879278826079,-0.004907581794368871,-0.001082768059393658,-0.4699213377768476,-0.3749485657156726,0.6250514342843274,-0.49076509933682555,0.015795561878602208,0.009646874943257128,-1.7817593964283711,-2.1443477655348544,0.00026777537081723623,-0.0028871112703032693,85916,Linear,25
-0.5108608437435797,-0.40002113161442365,0.35023041474654376,0.006144233582225796,-0.004953818716767363,-0.001066943257212155,-0.4630533736300755,-0.3706409595649034,0.6293590404350966,-0.4903130056963698,0.0205478380472098,0.00965651022340462,-1.7539668822130565,-2.1108994694991097,0.0002879483058037295,-0.002726956782142554,950737,Linear,25
-0.505083995664119,-0.39654511429567874,0.35714285714285715,0.00614308974189089,-0.005007085584689594,-0.0010248801109108497,-0.4447979681353084,-0.35904624396515206,0.6409537560348479,-0.47205760020160265,0.03302639546251637,0.009678510503986033,-1.6809887612415098,-2.023070287314376,-0.0017337476401116975,-0.004432726857694809,108871,Linear,25
-0.4784126901675211,-0.3802336272906335,0.3548387096774194,0.006131988260008471,-0.004910469328911864,-0.000992177926391745,-0.430605220054017,-0.3498844873122462,0.6501155126877538,-0.4578648521203113,0.0205478380472098,0.009643690448466535,-1.6332270702308092,-1.9655890832852219,0.0022777106077170395,0.00019208262855939127,248045,Linear,25
-0.4916650575319398,-0.3883928152508397,0.35944700460829493,0.006166712342679728,-0.005017898839788595,-0.0009976238525419168,-0.43296875200319174,-0.3514192416622034,0.6485807583377966,-0.4538125135631695,0.03785254396877032,0.009695854835313473,-1.633356518209515,-1.96574487395171,-0.0008475241279424926,-0.005323778867901538,640617,Linear,25
-0.4676482892853403,-0.3735261775296248,0.35714285714285715,0.006260108455540341,-0.004937917822097786,-0.0009386227229413115,-0.4073622617565296,-0.33459690345991977,0.6654030965400802,-0.4346218938228239,0.03302639546251637,0.009695760804072778,-1.5367720078906044,-1.8495053977896656,0.0016677023438323184,-0.00107799677709277,575132,Linear,25
-0.5047927351402214,-0.3963693261106832,0.35023041474654376,0.006144233582225796,-0.004932300601152618,-0.0010529614401537262,-0.4569852650267172,-0.36681032997310803,0.633189670026892,-0.48424489709301155,0.0205478380472098,0.009653681893869944,-1.7314890679521155,-2.0838474158485574,-0.00020453443344019956,-0.0024562648699809056,718707,Linear,25
-0.4863591592550272,-0.3851390653435631,0.35253456221198154,0.006200541124951746,-0.004936514622496419,-0.0010103175502393473,-0.43847781680387676,-0.35498249099065204,0.645017509009348,-0.46573744887017104,0.020621710384856166,0.009677062956896498,-1.6573514061303063,-1.994622726034516,-0.00044595673658488506,-0.0022648428236366584,664356,Linear,25
-0.4822852634092886,-0.3826290766914324,0.35253456221198154,0.006257561748932415,-0.004931488190874761,-0.0009869613687768395,-0.42834123404914815,-0.3484109675052559,0.6515890324947441,-0.4491849956091259,0.03310026780016273,0.009687369332021127,-1.6173148225783356,-1.9464386902710937,0.0008853234186745449,-0.0027347369726764843,879750,Linear,25
-0.5091440244834864,-0.3989901916219347,0.347926267281106,0.00616091937697568,-0.004939849393858587,-0.0010776003514715495,-0.46767855253865237,-0.3735451363787279,0.6264548636212721,-0.48852231409863023,0.020621710384856166,0.009652849214218604,-1.7721581345184052,-2.132792645037541,-0.001110350491920301,-0.005120319545636872,153441,Linear,25
-0.5023830168673031,-0.39491299227330123,0.35023041474654376,0.006226945081401554,-0.004924087381955776,-0.0010186566574619644,-0.44209698933849256,-0.3573127013833747,0.6426872986166253,-0.4693566214047868,0.03302639546251637,0.0096632938265601,-1.6734121317497355,-2.0139518123095357,0.0005677897653837068,-0.001964204517721769,259180,Linear,25
-0.5184539647564286,-0.4045595914243816,0.35253456221198154,0.006185634391592336,-0.004998469747833613,-0.0010556864913078752,-0.4581679372276179,-0.36755874314278636,0.6324412568572136,-0.48542756929391223,0.03302639546251637,0.009681128660745414,-1.731048527291815,-2.083317225081815,-0.0017348005226768377,-0.004583633194843495,868887,Linear,25
-0.5054476204177258,-0.39676450553934495,0.347926267281106,0.006155740684674121,-0.004918407313988063,-0.0010654203374949986,-0.4623924264728293,-0.3702248489978407,0.6297751510021593,-0.48965205853912364,0.015795561878602208,0.00965024429077241,-1.7526005579719788,-2.109255098020433,0.0010073804133697139,-0.0018452997189956652,126853,Linear,25
-0.5165997986239174,-0.40345452181014174,0.3456221198156682,0.0061666626501411395,-0.004947041805304606,-0.0011058997124086113,-0.4799604751853373,-0.38119215041164023,0.6188078495883598,-0.5008042367453152,0.015795561878602208,0.009652178297782357,-1.8188240148961738,-2.1889550407658174,0.000531690687759324,-0.005785746030359624,980923,Linear,25
-0.47969290230210976,-0.3810265520573355,0.35253456221198154,0.006125273198698329,-0.004934363444664922,-0.0010354592823732692,-0.4493893285499986,-0.36198234815408514,0.6380176518459149,-0.4702330901099766,0.00945981219213313,0.009641029622725703,-1.7049430575975446,-2.0518992874414357,0.00031962049647554086,-0.001558607037622726,544494,Linear,25
-0.493029187685739,-0.3892265582575589,0.3548387096774194,0.006104434536810436,-0.004990171908724954,-0.0010533760732123957,-0.45716521577418,-0.36692426267607003,0.63307573732393,-0.4844248478404744,0.008604339845264614,0.009672001712480002,-1.728889971028236,-2.080719402216469,0.00016440336305047185,-0.001502237355263684,284192,Linear,25
-0.5263086128886582,-0.4092182463184948,0.347926267281106,0.006093488289819099,-0.004964522518397556,-0.001117150094340609,-0.48484314094382414,-0.3842062179796023,0.6157937820203977,-0.505686902503802,0.020621710384856166,0.009641662544430735,-1.8393309119483034,-2.2136350951883927,0.0001931808241727155,-0.004241451607398374,371972,Linear,25
-0.48590895709003196,-0.38486219129963917,0.35253456221198154,0.006154504156036513,-0.004949853272331097,-0.0010351834876761563,-0.4492696336514518,-0.36190597612539643,0.6380940238746036,-0.47011339521142975,0.015795561878602208,0.009675117798564118,-1.6984835492864447,-2.044125267985651,0.0015879146015846614,-0.001042912521666179,365641,Linear,25
-0.5014969544799893,-0.39437660983564393,0.347926267281106,0.006219216830010037,-0.0049609871815297696,-0.0010711005323534779,-0.4648576310414091,-0.37177546150346663,0.6282245384965334,-0.48570139260138706,0.015795561878602208,0.009679627081950576,-1.7565959600078722,-2.114063565114955,0.0005121994173664502,-0.0042766826588727744,94901,Linear,25
-0.5229148218722907,-0.4072098503998982,0.35253456221198154,0.006267952088802105,-0.005076077366899679,-0.0010769149090140277,-0.46738107051208766,-0.3733587495943619,0.6266412504056381,-0.49464070257838183,0.028274119293908776,0.00979680888596405,-1.74500639887607,-2.100115526133751,0.0009647743076151937,-0.0013589644126011193,133900,Linear,25
-0.500698959480598,-0.3938931325181938,0.347926267281106,0.006155740684674121,-0.004901627593362169,-0.001054478722432492,-0.4576437655357015,-0.367227148440456,0.632772851559544,-0.48490339760199574,0.015795561878602208,0.009647597177762738,-1.735077705439056,-2.0881663417326366,0.0011243134330509888,-0.0016104260424996577,850967,Linear,25
-0.4943403306208545,-0.3900268447809977,0.3548387096774194,0.006210523310633913,-0.004988895583699938,-0.0010149082340976038,-0.44047017359836027,-0.3562663166632096,0.6437336833367904,-0.4613139351583381,0.03302639546251637,0.009702642702124405,-1.6604928410191118,-1.9984034435084277,0.0016777596880670576,-0.003469891580108988,842300,Linear,25
-0.4941330693977979,-0.38990040789653624,0.35714285714285715,0.006168136950467531,-0.0049817500687865755,-0.0009996475619101085,-0.43384704186898726,-0.3519886334872646,0.6480113665127354,-0.46110667393528154,0.03302639546251637,0.009686898675831397,-1.6381830363054941,-1.971553589379378,-0.0007389624511351424,-0.002754260847035215,151698,Linear,25
-0.519108850033933,-0.40494940892478615,0.35023041474654376,0.006197338163165125,-0.004984292551329181,-0.001068145388649147,-0.4635750986737299,-0.3709692262978149,0.6290307737021851,-0.49083473074002426,0.028274119293908776,0.009677697290697621,-1.752098858357055,-2.108651302440408,-0.0013067438271529908,-0.004518896137759282,504782,Linear,25
-0.49322615952362325,-0.38934685157732274,0.35944700460829493,0.006127997672199093,-0.005035956096089741,-0.0010231063544928324,-0.4440281578498892,-0.35855264120541375,0.6414473587945863,-0.47128778991618353,0.0219383696074397,0.00969645489962412,-1.6749740024240343,-2.0158315239570235,-0.0009988135549690257,-0.0032806714744818923,831870,Linear,25
-0.4969775294735192,-0.39163334602340405,0.35714285714285715,0.006161682109605703,-0.005028101271643974,-0.0010317500640548032,-0.4477795277997851,-0.3609544397175899,0.6390455602824101,-0.4750391598660795,0.0219383696074397,0.00969690108582855,-1.6890472907803582,-2.032768729115646,-0.0004333059083701276,-0.0024627238960845455,85194,Linear,25
-0.5184539647564286,-0.4045595914243816,0.35253456221198154,0.006185634391592336,-0.004998469747833613,-0.0010556864913078752,-0.4581679372276179,-0.36755874314278636,0.6324412568572136,-0.48542756929391223,0.03302639546251637,0.009681128660745414,-1.731048527291815,-2.083317225081815,-0.002021831468003273,-0.004078067606185839,520091,Linear,25
-0.5064334242671492,-0.3973588843932767,0.371824480369515,0.006169877944957701,-0.0051112222754258274,-0.0009166330479853011,-0.39690210977763557,-0.32760015621864635,0.6723998437813536,-0.4375876783656909,0.06884574590145831,0.00972389871121206,-1.4964263782442975,-1.800949424994136,0.004055429678573422,0.018997686983606668,119595,Linear,28
-0.4544185688151832,-0.36518303695583043,0.3741339491916859,0.006335169460380601,-0.005090293657563042,-0.0008156400199028336,-0.35317212861792735,-0.29754372985656863,0.7024562701434314,-0.3855669872783047,0.06885158153687854,0.009776078098445766,-1.324445629597264,-1.593970561958235,0.006201782509647304,0.019377277097235374,841039,Linear,28
-0.47183050504046076,-0.3761407550455429,0.3695150115473441,0.0062403642875234495,-0.005008491279938912,-0.0008518702850336514,-0.36885983341957096,-0.30847766802186605,0.691522331978134,-0.40333188414804827,0.06849862089241249,0.009681596196649466,-1.3967760342647264,-1.6810202174503368,0.0041345633100503265,0.016753848227810827,244,Linear,28
-0.4951171741560275,-0.39050051447581746,0.3695150115473441,0.006176513344098858,-0.00503360849718453,-0.0008913001955555642,-0.3859329846755594,-0.3201839177508783,0.6798160822491217,-0.42661855326361503,0.06849862089241249,0.009644318070559172,-1.4670764549804207,-1.765626786878309,0.0036492563160969577,0.016833077316948285,361366,Linear,28
-0.4704719579903072,-0.37529263693486437,0.3741339491916859,0.0061290371234166445,-0.005027610673177172,-0.0008535299732968064,-0.36957847843751745,-0.308974448574726,0.691025551425274,-0.40197333709789473,0.06849862089241249,0.009632276509827406,-1.4066631352903805,-1.6929193453766316,0.0056209898325621545,0.018725410897429073,442092,Linear,28
-0.48547577509829976,-0.3845956669558712,0.371824480369515,0.006153910193201777,-0.005056477340628661,-0.0008881808211212696,-0.38458229554551004,-0.31926507716384644,0.6807349228361536,-0.41697715420588727,0.06849862089241249,0.00964325687126474,-1.4621028579750943,-1.7596410619558414,0.0060519983330620305,0.0183072409474853,426588,Linear,28
-0.48547577509829976,-0.3845956669558712,0.371824480369515,0.006153910193201777,-0.005056477340628661,-0.0008881808211212696,-0.38458229554551004,-0.31926507716384644,0.6807349228361536,-0.41697715420588727,0.06849862089241249,0.00964325687126474,-1.4621028579750943,-1.7596410619558414,0.006216121077139873,0.01987260671980928,807238,Linear,28
-0.4324321896937223,-0.35107114429301955,0.3787528868360277,0.006288494156891039,-0.005066363389855252,-0.000765678314413239,-0.3315387101409325,-0.28218163117130923,0.7178183688286908,-0.36393356880130984,0.06849862089241249,0.00976300946775791,-1.2449815259747647,-1.498335498444772,0.005731359818742479,0.01666057666951655,247280,Linear,28
-0.45865000939886363,-0.36786355199682885,0.3741339491916859,0.006158494449195201,-0.00496972249328034,-0.0008062787411301374,-0.34911869490935,-0.2946905913349367,0.7053094086650633,-0.3898042634974053,0.06884574590145831,0.009540069242165336,-1.341633681441323,-1.6146563855546123,0.005026564414434709,0.018929248423400248,589528,Linear,28
-0.43600162004655446,-0.3533833216145308,0.37644341801385683,0.00638716171624807,-0.0050894011413855555,-0.0007691245922070771,-0.33303094842566455,-0.2832519884101139,0.7167480115898861,-0.367502999154142,0.06849862089241249,0.0098264957830614,-1.2425054321266449,-1.4953555190372754,0.005766049493974054,0.017384724631614296,705597,Linear,28
-0.48335130221028944,-0.3832868673727996,0.3741339491916859,0.006135213051401728,-0.005103137534183613,-0.0008984890471978729,-0.389045757436679,-0.3222967406594843,0.6777032593405157,-0.4214406160970564,0.061910686113233034,0.009647458200447061,-1.4784279082903655,-1.7792882630515496,0.006519772085681844,0.02033364315454757,649587,Linear,28
-0.48547577509829976,-0.3845956669558712,0.371824480369515,0.006153910193201777,-0.005056477340628661,-0.0008881808211212696,-0.38458229554551004,-0.31926507716384644,0.6807349228361536,-0.41697715420588727,0.06849862089241249,0.00964325687126474,-1.4621028579750943,-1.7596410619558414,0.006072197852449419,0.019439063961525407,625032,Linear,28
-0.46936826237435747,-0.3746027695252099,0.3741339491916859,0.00625327115029358,-0.005059545413923798,-0.0008270366762720303,-0.3581068808257895,-0.30100163850822603,0.698998361491774,-0.400869641481945,0.06849862089241249,0.00970437089183502,-1.352874943631591,-1.6281852466947937,0.0032322323943714286,0.015545456802999826,339493,Linear,28
-0.46936826237435747,-0.3746027695252099,0.3741339491916859,0.006259447078278663,-0.005070902212453995,-0.0008318338865909679,-0.3601840728938895,-0.3024520854104079,0.6975479145895921,-0.400869641481945,0.06849862089241249,0.009708262546184225,-1.3601768095369622,-1.6369730436722107,0.0020620460608340766,0.014972819692330979,552964,Linear,28
-0.47095046672567065,-0.37559149335673025,0.371824480369515,0.006146882861115036,-0.004998915911075006,-0.0008546350743022656,-0.37005698717288094,-0.3093050312377885,0.6906949687622115,-0.40245184583325816,0.06849862089241249,0.009622973667444723,-1.4098460287592751,-1.6967499582594041,0.0060967675667727645,0.01745331100728553,164496,Linear,28
-0.48547577509829976,-0.3845956669558712,0.371824480369515,0.006153910193201777,-0.005056477340628661,-0.0008881808211212696,-0.38458229554551004,-0.31926507716384644,0.6807349228361536,-0.41697715420588727,0.06849862089241249,0.00964325687126474,-1.4621028579750943,-1.7596410619558414,0.006170091729460093,0.019731738581846604,160422,Linear,28
-0.4842543496976053,-0.3838435372301251,0.3741339491916859,0.006136710433526285,-0.005075390288959312,-0.0008805627669208204,-0.3812836780767156,-0.3170158854837085,0.6829841145162915,-0.4157557288051928,0.06849862089241249,0.009643104837464314,-1.449585046096858,-1.7445758730283754,0.007656704485907564,0.01884942807240356,220778,Linear,28
-0.4688229521860963,-0.3742616410417562,0.3741339491916859,0.0061413889793868115,-0.005028909547210221,-0.0008497216458044029,-0.36792947263330655,-0.307834003387628,0.692165996612372,-0.40032433129368383,0.06849862089241249,0.009628551070785977,-1.4009286393555647,-1.6860178784507713,0.0062970476201932345,0.019233157019046907,655322,Linear,28
-0.48547577509829976,-0.3845956669558712,0.3695150115473441,0.006194578135937201,-0.0050379554456080455,-0.000887365669517423,-0.384229334901044,-0.3190247621183899,0.6809752378816101,-0.4166241935614212,0.06885158153687854,0.009642979290782849,-1.4608030232504,-1.7580767106225188,0.006797199515084317,0.020415532922051585,960036,Linear,28
-0.48335130221028944,-0.3832868673727996,0.3741339491916859,0.006135213051401728,-0.005103137534183613,-0.0008984890471978729,-0.389045757436679,-0.3222967406594843,0.6777032593405157,-0.4214406160970564,0.061910686113233034,0.009647458200447061,-1.4784279082903655,-1.7792882630515496,0.006216788573875502,0.020108076755249518,205327,Linear,28
-0.49284483634699855,-0.3891139509765741,0.3695150115473441,0.006159083057127938,-0.005045438263496991,-0.0009051994383238067,-0.39195135679420867,-0.32426301682567904,0.675736983174321,-0.42434621545458606,0.06849862089241249,0.009640008861385883,-1.4906205804311916,-1.7939621462444708,0.004039622607162999,0.017075199048304908,434988,Linear,28
-0.47897615261549326,-0.3805827440018561,0.3741339491916859,0.006135213051401728,-0.005062683348301784,-0.0008731701456413474,-0.3780826730627035,-0.31482614709662327,0.6851738529033767,-0.41047753172308077,0.06849862089241249,0.009643625650133715,-1.437337662053082,-1.7298361440500614,0.0061800426342915864,0.017892914199626554,648678,Linear,28
-0.4607017143447228,-0.3691591798960757,0.371824480369515,0.006343808504132539,-0.005079080741582382,-0.0008317708834759108,-0.3601567925450692,-0.302433055800413,0.697566944199587,-0.39185013280784425,0.06885158153687854,0.009767011428655381,-1.3518929028823963,-1.6270033604701883,0.006556024962369669,0.019826340479324165,81203,Linear,28
-0.4651027174733343,-0.37192941194770146,0.3741339491916859,0.0061413889793868115,-0.005015181743842095,-0.0008411298797241207,-0.3642092379205446,-0.30525418763539847,0.6947458123646015,-0.3966040965809218,0.06849862089241249,0.009627643500671593,-1.3868941960099306,-1.6691274232697506,0.005588205563586594,0.018442935544179674,85916,Linear,28
-0.5063669302297829,-0.3973188110201117,0.3695150115473441,0.006160311999310339,-0.005094397105942056,-0.0009356131409527179,-0.40512049003252687,-0.3331035483578211,0.6668964516421789,-0.43751534869290426,0.06885158153687854,0.00964577870930556,-1.5397821797032254,-1.8531281401269357,0.006040953078173051,0.01708761554734884,950737,Linear,28
-0.4658673990291937,-0.372409502360627,0.37644341801385683,0.006248661290551477,-0.00509341050201495,-0.000823762229062692,-0.356689045184146,-0.3000098708021941,0.6999901291978059,-0.39737461377220146,0.06849278525699226,0.009712398429144734,-1.3464048124352097,-1.620398442594594,0.0030341688725678854,0.01745065032891897,108871,Linear,28
-0.47285144284762487,-0.3767773515170685,0.37644341801385683,0.006128767931802368,-0.005077581985846744,-0.000859025319387609,-0.3719579632948351,-0.3106167786856483,0.6893832213143517,-0.4043528219552124,0.06849862089241249,0.009634352673815265,-1.4154146782592805,-1.7034518289700735,0.007388944529587564,0.02090953220544221,248045,Linear,28
-0.46378520990185496,-0.37110137884235295,0.3741339491916859,0.006236056052050695,-0.0050592458255098805,-0.0008332899267458776,-0.3608145382809652,-0.3028917266225374,0.6971082733774626,-0.39528658900944247,0.06849862089241249,0.009698005634662183,-1.363998743187956,-1.6415727415331902,0.004786539069194516,0.015792456444695138,640617,Linear,28
-0.4913456456860191,-0.388197429468375,0.3695150115473441,0.006162611510726076,-0.005040743160587383,-0.0009009354298479986,-0.3901050411241835,-0.32301424058199935,0.6769857594180007,-0.42249989978456076,0.06884574590145831,0.009631048516555017,-1.4849791841091282,-1.787172724719902,0.006714852478198963,0.0200260391722807,575132,Linear,28
-0.48547577509829976,-0.3845956669558712,0.371824480369515,0.006153910193201777,-0.005056477340628661,-0.0008881808211212696,-0.38458229554551004,-0.31926507716384644,0.6807349228361536,-0.41697715420588727,0.06849862089241249,0.00964325687126474,-1.4621028579750943,-1.7596410619558414,0.005158992924934319,0.018952455451375215,718707,Linear,28
-0.5188145782129912,-0.4047742765367983,0.3695150115473441,0.006160311999310339,-0.005132384123946116,-0.0009595633855603585,-0.4154909459476352,-0.3399838311126878,0.6600161688873122,-0.44996299667611256,0.06885158153687854,0.009721626294711948,-1.5668773979371233,-1.8857372403191421,0.003762092953527108,0.017298548215630836,664356,Linear,28
-0.47775472721479884,-0.37982570979546404,0.37644341801385683,0.006124371556971999,-0.005093088190549795,-0.0008703493017598353,-0.376861247662009,-0.31398874704205515,0.6860112529579449,-0.40925610632238635,0.06849862089241249,0.00964735876487533,-1.4321398399316145,-1.7235805641585455,0.006265661772991569,0.019001973632086125,879750,Linear,28
-0.49381300714971715,-0.38970510679694714,0.3695150115473441,0.006132586146987087,-0.00503345535206909,-0.000907435398607223,-0.3929195275969273,-0.32491692904266856,0.6750830709573314,-0.42531438625730467,0.06849862089241249,0.009628298338833354,-1.496120068831843,-1.8005807815591832,0.0038327538820764387,0.01609178276093273,153441,Linear,28
-0.4946342450829293,-0.39020609836889253,0.371824480369515,0.006122142118457801,-0.0050713442889773735,-0.0009093320220095605,-0.3937407655301396,-0.32547110528218726,0.6745288947178127,-0.4261356241905168,0.06849862089241249,0.00963412755885355,-1.4983399636725,-1.8032524254134699,0.005638379018323436,0.018459786507167866,259180,Linear,28
-0.46837778016048115,-0.3739830178159621,0.3741339491916859,0.006247323883037439,-0.00509059324597696,-0.0008486935348907413,-0.3674843006076913,-0.30752580185259315,0.6924741981474068,-0.39987915926806866,0.06849862089241249,0.00970492391753303,-1.3882223405621532,-1.6707258454857774,0.0029903984343214738,0.015641241224195853,868887,Linear,28
-0.48862239915696104,-0.3865290695951452,0.3695150115473441,0.006194578135937201,-0.005049481541061016,-0.0008946326996759936,-0.3873759589597052,-0.32116416746785803,0.678835832532142,-0.4197708176200825,0.06885158153687854,0.009643494663969462,-1.4726874772478287,-1.7723796532224416,0.00622506622766132,0.019516814896014777,126853,Linear,28
-0.4783037527996811,-0.38016610789568905,0.3695150115473441,0.006165769796362042,-0.004996093189248418,-0.0008716172592306962,-0.37741027324689136,-0.3143652813984905,0.6856347186015095,-0.40980513190726864,0.06849862089241249,0.009623090342367316,-1.4378432027411487,-1.7304445623623295,0.005794994718475119,0.015322994528462752,980923,Linear,28
-0.44027274577547315,-0.35613921317711983,0.371824480369515,0.006267562643934247,-0.004960293869559002,-0.0007855019557659005,-0.34012234684663484,-0.28831675476496943,0.7116832452350306,-0.37177412488306066,0.06849862089241249,0.009675911285712198,-1.2887113789769282,-1.5509643846795398,0.005516128970116531,0.018483732612466875,544494,Linear,28
-0.4354052324030111,-0.35299757240083396,0.3787528868360277,0.0062159080165620295,-0.005033162332960573,-0.0007725444638573241,-0.33451175285022133,-0.2843125665887374,0.7156874334112626,-0.3669066115105986,0.06849862089241249,0.009681570482452564,-1.266712171425575,-1.5244883342931381,0.0055853612316561765,0.019122591051370014,284192,Linear,28
-0.4949650546065381,-0.39040779063628994,0.3672055427251732,0.006144120201273281,-0.005003601047650365,-0.0009100960162904117,-0.39407157505374835,-0.32569420896006385,0.6743057910399362,-0.4264664337141256,0.06849862089241249,0.00962336083647552,-1.501276592997559,-1.8067866593532582,0.005626786192909669,0.01622999022052885,371972,Linear,28
-0.4833513022102893,-0.3832868673727995,0.3741339491916859,0.006135213051401728,-0.005078827811751217,-0.0008832744172228629,-0.3824578226574996,-0.31781733697849024,0.6821826630215098,-0.41485268131787684,0.06849862089241249,0.009645000624001986,-1.4537631702677145,-1.7496042462463657,0.006742285545688047,0.019118008771960942,365641,Linear,28
-0.4469361750053821,-0.36041527153603525,0.37644341801385683,0.00628799994848839,-0.005070035166622593,-0.0007943776059688044,-0.34396550338449233,-0.2910466158800127,0.7089533841199873,-0.3784375541129696,0.06849862089241249,0.009770469264341759,-1.2906599686932698,-1.55330951276617,0.006097618726000254,0.017575258765752694,94901,Linear,28
-0.4727318367157609,-0.37670280580882043,0.371824480369515,0.006343808504132539,-0.00511567239710789,-0.0008547568656997865,-0.3701097228480073,-0.30934145454286033,0.6906585454571397,-0.4038802551788824,0.06885158153687854,0.009845130292112267,-1.3782290519071267,-1.6586989207277507,0.006252054233131924,0.018977731895857497,133900,Linear,28
-0.4833513022102893,-0.3832868673727995,0.3741339491916859,0.006135213051401728,-0.005078827811751217,-0.0008832744172228629,-0.3824578226574996,-0.31781733697849024,0.6821826630215098,-0.41485268131787684,0.06849862089241249,0.009645000624001986,-1.4537631702677145,-1.7496042462463657,0.0062948315992876255,0.019348157450668067,850967,Linear,28
-0.4526768486183615,-0.3640763999837858,0.3741339491916859,0.0062411628568240195,-0.005028973254136763,-0.0008124327230151765,-0.3517833690655717,-0.2965675092903759,0.7034324907096241,-0.384178227725949,0.06849862089241249,0.009684300380670804,-1.3317399445969824,-1.6027492714192924,0.006866971788294913,0.018314631720725737,842300,Linear,28
-0.4842472495621649,-0.3838391624202562,0.371824480369515,0.006153910193201777,-0.005051960702628165,-0.0008853435796983256,-0.3833537700093752,-0.31842826300927307,0.6815717369907269,-0.41574862866975243,0.06849862089241249,0.00964240925088721,-1.4575603725887922,-1.7541741799471835,0.005721559821184429,0.018623122595781465,151698,Linear,28
-0.46932888253070126,-0.3745781409951201,0.371824480369515,0.006253044826627634,-0.00505579272082706,-0.0008508900761614582,-0.36843540297791133,-0.30818410259844287,0.6918158974015571,-0.4008302616382888,0.06849862089241249,0.00969906322675802,-1.3926562691324087,-1.6760620793460999,0.0035155899032846476,0.015939828463109398,504782,Linear,28
-0.4710798664608635,-0.3756722864247285,0.3672055427251732,0.006264872913666458,-0.004986500657595039,-0.0008549339189562904,-0.3701863869080736,-0.30939440120149575,0.6906055987985042,-0.402581245568451,0.06849862089241249,0.00967993037425285,-1.402040582627713,-1.6873561023859514,0.004303451665710312,0.016232207452500976,831870,Linear,28
-0.45134930821380953,-0.36323162509822615,0.3695150115473441,0.006273879447826694,-0.0049634418349349535,-0.0008110829313740676,-0.3511989092849712,-0.2961562611238885,0.7038437388761115,-0.38285068732139704,0.06849862089241249,0.00967325856327637,-1.3310449927670813,-1.6019128967625402,0.004615496790393113,0.017967708824819753,85194,Linear,28
-0.47369693199005697,-0.3773040568065005,0.371824480369515,0.0062711948895763205,-0.00505211441077712,-0.0008418308141099054,-0.364512742509589,-0.3054650141826398,0.6945349858173602,-0.4051983110976445,0.06849862089241249,0.009705123466877545,-1.3769685595823384,-1.6571819179800444,0.0027187945720454094,0.01535019257398755,520091,Linear,28
-0.49657758524748025,-0.3913899846305834,0.3726851851851852,0.005943414235572635,-0.005050179859407296,-0.0009530302082689426,-0.4117090499721829,-0.33748299264510706,0.6625170073548929,-0.4280494989970676,0.06852808625041261,0.009563321787598309,-1.5819697249641216,-1.9039008587077637,0.00013491018940112572,0.012039423507999194,119595,Linear,31
-0.5081881671121736,-0.39841543731855755,0.3726851851851852,0.006003161037501563,-0.005127732736158914,-0.0009794135288456341,-0.4231066444613141,-0.34499122367115453,0.6550087763288455,-0.4394470934861989,0.06874107362597469,0.009706827756437742,-1.601729026024479,-1.9276811812149675,0.0019756561308577124,0.011939846642696775,841039,Linear,31
-0.4951384724026937,-0.3905134956079649,0.3773148148148148,0.00599695375385511,-0.005159008918237097,-0.0009496989285356391,-0.41026993712739634,-0.3365288695291867,0.6634711304708133,-0.4266103861522811,0.06852808625041261,0.009663141359583753,-1.5601554971341363,-1.8776474314504892,-0.00026854634581283647,0.011371856630747551,244,Linear,31
-0.5258525873966807,-0.4089487733400171,0.375,0.005911007828023546,-0.005179090121798649,-0.0010203033906153259,-0.4407710647458211,-0.35645998129240064,0.6435400187075994,-0.457111513770706,0.06874107362597469,0.009638895176954269,-1.6803600312149882,-2.022313610610328,-0.0004742639583420742,0.010613792393101482,361366,Linear,31
-0.5186097628877815,-0.4046523527011653,0.3726851851851852,0.005943414235572635,-0.005130693476620356,-0.0010035375931410238,-0.43352824023692216,-0.3517820134723746,0.6482179865276254,-0.44986868926180684,0.06874107362597469,0.009631762924351682,-1.653971919954114,-1.9905555137918864,0.0012535699017704894,0.0129183493519615,442092,Linear,31
-0.5385551482813826,-0.4164091542473838,0.3726851851851852,0.005814677179961764,-0.005127810522525339,-0.001049707466737322,-0.45347362563052296,-0.36458288748417567,0.6354171125158243,-0.4698140746554079,0.06874107362597469,0.009571352087990299,-1.7409859427317567,-2.0952769064150782,0.0015938994313951147,0.011577261823748056,426588,Linear,31
-0.5392056914429599,-0.4167886818183295,0.37037037037037035,0.00584668406100765,-0.005108800068210751,-0.0010512133536854178,-0.45412416879210044,-0.36499611931432796,0.635003880685672,-0.47046461781698523,0.06874107362597469,0.0095736789880449,-1.7430597655477327,-2.0977727525604486,0.0018899832033993892,0.013095176431153242,807238,Linear,31
-0.4792619060110792,-0.3807597192991917,0.375,0.006131975483148131,-0.00513911263566747,-0.0009124545911116198,-0.3941803833602199,-0.3257675750397391,0.6742324249602609,-0.4105208323851045,0.06874107362597469,0.009760528322659104,-1.4840147075539338,-1.7860119770060483,0.0013706095923109965,0.010503052202092515,247280,Linear,31
-0.5232591177662423,-0.40741391048384024,0.37037037037037035,0.00584668406100765,-0.0050501729591051715,-0.0010142999886930157,-0.43817759511538273,-0.3547888136733782,0.6452111863266218,-0.45451804414026764,0.06874107362597469,0.009510672333002823,-1.6929942054160028,-2.0375188416149355,0.000820182802940823,0.01330445157706535,589528,Linear,31
-0.4814256688896492,-0.3820981598752702,0.375,0.006104504132946331,-0.005130643762133687,-0.00091746330147868,-0.39634414623878983,-0.3272248769359486,0.6727751230640514,-0.4126845952636745,0.06874107362597469,0.00976160271586466,-1.4919966341976991,-1.7956182272088148,0.0017186243505991567,0.010953008650237826,705597,Linear,31
-0.5365111145631729,-0.4152150549071226,0.3726851851851852,0.005820891467747997,-0.005148269568261698,-0.0010602257562303068,-0.45801752669149276,-0.36746361015995266,0.6325363898400473,-0.4743579757163777,0.06215313884679523,0.009577396379669565,-1.757321242665887,-2.1149364429289927,0.0022708222659401324,0.013162602918420798,649587,Linear,31
-0.5392056914429599,-0.4167886818183295,0.37037037037037035,0.00584668406100765,-0.005108800068210751,-0.0010512133536854178,-0.45412416879210044,-0.36499611931432796,0.635003880685672,-0.47046461781698523,0.06874107362597469,0.0095736789880449,-1.7430597655477327,-2.0977727525604486,0.0017508162873476406,0.012949904352625346,625032,Linear,31
-0.5281203680290402,-0.4102876291751105,0.37037037037037035,0.00597697492400649,-0.005144686886835365,-0.001025552882819863,-0.44303884537818067,-0.3579177353250448,0.6420822646749552,-0.4593792944030655,0.06874107362597469,0.009637510311397384,-1.6892482373240452,-2.0330105683184088,-0.0010248783432833335,0.009992664950789085,339493,Linear,31
-0.523808553678471,-0.4077394091339952,0.375,0.005917183756008629,-0.005175225183337072,-0.0010155718310824345,-0.43872703102761146,-0.35514321849983255,0.6448567815001675,-0.4550674800524963,0.06874107362597469,0.009642675099918969,-1.6719118765637127,-2.0121462549136666,-0.0023140977846367234,0.009329563403820062,552964,Linear,31
-0.5006821481770497,-0.39388294298601245,0.3726851851851852,0.006037017304993955,-0.0051201491204067055,-0.00096203848501433,-0.4156006255261903,-0.34005621743820746,0.6599437825617925,-0.431941074551075,0.06874107362597469,0.009699567377786102,-1.5744916142448924,-1.8949009510640347,0.0016855077209301105,0.011480215312272455,164496,Linear,31
-0.5365111145631729,-0.4152150549071226,0.3726851851851852,0.005820891467747997,-0.005123959845829302,-0.0010449759072044293,-0.4514295919123133,-0.36328274516637205,0.636717254833628,-0.4677700409371982,0.06874107362597469,0.009575173238246722,-1.7324468024078938,-2.085000049444508,0.0018612308812636401,0.01235750386846447,160422,Linear,31
-0.5420740387719618,-0.4184591375761295,0.3726851851851852,0.005858685446624282,-0.005144543383194965,-0.001043803009118811,-0.4509228999393263,-0.3629600438961179,0.6370399561038821,-0.47804375711024716,0.0640302816617146,0.009578118121316405,-1.7299702164184851,-2.082019477744878,0.0036282908968011413,0.012922665837901366,220778,Linear,31
-0.5341279504680594,-0.41381975446804087,0.37037037037037035,0.005852937188092546,-0.005093810212911792,-0.0010394593236509268,-0.44904642781719994,-0.3617635339200922,0.6382364660799078,-0.46538687684208474,0.06874107362597469,0.009567422585677166,-1.7246970186922719,-2.075673183299009,0.0019877110439081884,0.012573179321115001,655322,Linear,31
-0.5365111145631729,-0.4152150549071226,0.3726851851851852,0.005820891467747997,-0.005123959845829302,-0.0010449759072044293,-0.4514295919123133,-0.36328274516637205,0.636717254833628,-0.4677700409371982,0.06874107362597469,0.009575173238246722,-1.7324468024078938,-2.085000049444508,0.0025630863364173215,0.013671501726296689,960036,Linear,31
-0.5365111145631729,-0.4152150549071226,0.3726851851851852,0.005820891467747997,-0.005148269568261698,-0.0010602257562303068,-0.45801752669149276,-0.36746361015995266,0.6325363898400473,-0.4743579757163777,0.06215313884679523,0.009577396379669565,-1.757321242665887,-2.1149364429289927,0.001851651984244848,0.01324506268430651,205327,Linear,31
-0.5393794618921748,-0.4168900179062133,0.375,0.005839153912261089,-0.005146149869931761,-0.0010266609516094423,-0.44351753109527914,-0.3582250173827133,0.6417749826172867,-0.4706383882662001,0.06874107362597469,0.009580548788495595,-1.7011277445825939,-2.047307557517168,-0.00013634055386979713,0.011102150681677322,434988,Linear,31
-0.5100340611618506,-0.3995248744165022,0.3726851851851852,0.006003161037501563,-0.005134544153316394,-0.0009836864317384056,-0.424952538510991,-0.3461991852463311,0.6538008147536689,-0.44129298753587587,0.06874107362597469,0.009699175690208681,-1.609986095463133,-1.9376185658226406,0.0017105588804209907,0.011825236498776204,648678,Linear,31
-0.47007365494191133,-0.3750437645277712,0.3726851851851852,0.006091953900410689,-0.005058009186704778,-0.0009025831287751713,-0.3899159116308741,-0.322886190499701,0.677113809500299,-0.4062563606557588,0.06381729428615251,0.009662303162140154,-1.4828827803656432,-1.7846497024240677,0.0022739110586633303,0.0137465192750447,81203,Linear,31
-0.5127077083020889,-0.40112818871536493,0.3726851851851852,0.005949628523358869,-0.005112606560560913,-0.000989875429748217,-0.4276261856512295,-0.34794488319490835,0.6520551168050917,-0.4439666346761142,0.06874107362597469,0.009629619733978185,-1.631817842280481,-1.9638930771844694,0.0014176771916269942,0.012489826489172766,85916,Linear,31
-0.5253226770928521,-0.40863548620521006,0.3726851851851852,0.005901855469986741,-0.005130774483800214,-0.001019076746393502,-0.44024115444199263,-0.3561188724349944,0.6438811275650056,-0.4565816034668774,0.06874107362597469,0.009603194105087821,-1.6845792816481169,-2.027391479292625,0.001429990831471703,0.012039125819313684,950737,Linear,31
-0.523808553678471,-0.4077394091339952,0.375,0.005917183756008629,-0.005175225183337072,-0.0010155718310824345,-0.43872703102761146,-0.35514321849983255,0.6448567815001675,-0.4550674800524963,0.06874107362597469,0.009642675099918969,-1.6719118765637127,-2.0121462549136666,-0.0012012910047295323,0.010780646901328704,108871,Linear,31
-0.5392056914429599,-0.4167886818183295,0.37037037037037035,0.00584668406100765,-0.005133020416663617,-0.0010664632027112962,-0.4607121035712799,-0.3691657338102321,0.6308342661897679,-0.47705255259616475,0.06215313884679523,0.009575892520040988,-1.7679373975033776,-2.127712987253652,0.003090644550626012,0.014007741096577951,248045,Linear,31
-0.5289807942547397,-0.41079481493533243,0.37037037037037035,0.005971597260095868,-0.0051446868868353654,-0.0010275446101941682,-0.44389927160388015,-0.3584699621353432,0.6415300378646568,-0.46023972062876495,0.06874107362597469,0.009636089463157612,-1.6927784927648761,-2.0372592313991187,0.0002760691469203332,0.009400710999656467,640617,Linear,31
-0.540463635032024,-0.417521867507303,0.3680555555555556,0.005880728426307874,-0.005093105978623138,-0.0010541252601415844,-0.45538211238116455,-0.3657944161635952,0.6342055838364048,-0.4717225614060493,0.06874107362597469,0.009568159115104297,-1.7488964734981827,-2.1047972316661663,0.0024898209603745254,0.014217462775518322,575132,Linear,31
-0.5041320065761579,-0.39597035829209715,0.375,0.0060326502171838756,-0.00513170152208537,-0.0009450696198594032,-0.4082700757792623,-0.3352006916165844,0.6647993083834156,-0.43539093295018316,0.06874107362597469,0.009709998100767855,-1.545058501458986,-1.8594781943429473,0.001079795899363612,0.012090923650592073,718707,Linear,31
-0.49902196078007377,-0.39287583932778214,0.375,0.00600382390844086,-0.00513540707887642,-0.00095819545863244,-0.41394043812921427,-0.33895967710832675,0.6610403228916732,-0.43028088715409907,0.06874107362597469,0.00965931058059062,-1.574737784719561,-1.8951972172761586,-0.0003999118030282508,0.011586490172998804,664356,Linear,31
-0.5183610588105989,-0.40450426890018176,0.37037037037037035,0.006037970606621748,-0.005145469928657284,-0.0010034549155909758,-0.43349252353530143,-0.35175886085049946,0.6482411391495005,-0.44983297256018634,0.06852808625041261,0.009707224346380546,-1.640979170019249,-1.9749187368247887,0.0018195504790623352,0.012309724834440438,879750,Linear,31
-0.5289807942547397,-0.41079481493533243,0.37037037037037035,0.005971597260095868,-0.0051446868868353654,-0.0010275446101941682,-0.44389927160388015,-0.3584699621353432,0.6415300378646568,-0.46023972062876495,0.06874107362597469,0.009636089463157612,-1.6927784927648761,-2.0372592313991187,-0.00044452736380184467,0.00947572854840448,153441,Linear,31
-0.5100340611618506,-0.3995248744165022,0.3726851851851852,0.00599694674971533,-0.00514823526634472,-0.0009945910427667849,-0.4296633304752511,-0.34927186181835856,0.6507281381816414,-0.4460037795001359,0.0640302816617146,0.00969829369841225,-1.6279815628624184,-1.9592761141901505,0.0013740893289457897,0.01291001406876728,259180,Linear,31
-0.5285471642764678,-0.41053926250014106,0.3726851851851852,0.005937199947786403,-0.005163670971288631,-0.0010265408370963153,-0.4434656416256082,-0.3581917151552072,0.6418082848447928,-0.45980609065049305,0.06874107362597469,0.009637426812024823,-1.6908902045638214,-2.03498667619737,-0.0011950472483128942,0.00997986433731224,868887,Linear,31
-0.5065151706712714,-0.3974081461239416,0.375,0.005976561750518242,-0.005146802413349506,-0.0009755408518991007,-0.4214336480204117,-0.3438944791505649,0.6561055208494351,-0.4377740970452967,0.06874107362597469,0.009704706077829075,-1.5957444566851757,-1.9204787509002192,0.0021400328961794037,0.011913650038372072,126853,Linear,31
-0.5285471642764678,-0.41053926250014106,0.3726851851851852,0.005937199947786403,-0.005163670971288631,-0.0010265408370963153,-0.4434656416256082,-0.3581917151552072,0.6418082848447928,-0.45980609065049305,0.06874107362597469,0.009637426812024823,-1.6908902045638214,-2.03498667619737,0.001168760623821022,0.008280657320432696,980923,Linear,31
-0.5127077083020889,-0.40112818871536493,0.3726851851851852,0.005949628523358869,-0.005112606560560913,-0.000989875429748217,-0.4276261856512295,-0.34794488319490835,0.6520551168050917,-0.4439666346761142,0.06874107362597469,0.009629619733978185,-1.631817842280481,-1.9638930771844694,0.0015114802686050372,0.011627868900284414,544494,Linear,31
-0.4765197272329442,-0.3790593214109038,0.3773148148148148,0.006103154347127933,-0.005153354509903113,-0.0009061069550511209,-0.39143820458208484,-0.32391617191344335,0.6760838280865566,-0.4077786536069695,0.06874107362597469,0.009765564887873158,-1.4729308699396881,-1.7726725763724374,0.0013384432276003974,0.01219526353486262,284192,Linear,31
-0.5258407482263194,-0.4089417757424296,0.3726851851851852,0.006003161037501563,-0.00521025440803495,-0.0010311805961567585,-0.44547001753971993,-0.3594768518440593,0.6405231481559407,-0.46181046656460484,0.0640302816617146,0.009717675787398215,-1.6845061353646358,-2.0273034477268284,0.0011994485956243832,0.009371537508476685,371972,Linear,31
-0.5100340611618506,-0.3995248744165022,0.3726851851851852,0.006003161037501563,-0.005134544153316394,-0.0009836864317384056,-0.424952538510991,-0.3461991852463311,0.6538008147536689,-0.44129298753587587,0.06874107362597469,0.009699175690208681,-1.609986095463133,-1.9376185658226406,0.002365864765403832,0.012679900714869609,365641,Linear,31
-0.5065842027627423,-0.3974497428641466,0.3726851851851852,0.0060245887294214885,-0.005151927149494475,-0.0009866052594355167,-0.4262134720761431,-0.34702306510053604,0.652976934899464,-0.44255392110102776,0.0640302816617146,0.009700861646040284,-1.614482663848868,-1.9430301867125621,0.0017023192051324374,0.011008378745742307,94901,Linear,31
-0.4696258454435065,-0.374763840517802,0.3726851851851852,0.0062183361522471494,-0.005131439935956679,-0.0009015465327140491,-0.3894681021324693,-0.32258290460222117,0.6774170953977788,-0.405808551157354,0.06381729428615251,0.009793289370938511,-1.4613687989199158,-1.7587576217461822,0.0020778253819492857,0.012960323456618128,133900,Linear,31
-0.5392056914429599,-0.4167886818183295,0.37037037037037035,0.00584668406100765,-0.005133020416663617,-0.0010664632027112962,-0.4607121035712799,-0.3691657338102321,0.6308342661897679,-0.47705255259616475,0.06215313884679523,0.009575892520040988,-1.7679373975033776,-2.127712987253652,0.002005260927275472,0.01232922344334121,850967,Linear,31
-0.5113018836211904,-0.40028568787688634,0.3726851851851852,0.0059710562152787946,-0.005120149120406705,-0.0009866212059498405,-0.4262203609703311,-0.3470275633740537,0.6529724366259463,-0.44256080999521574,0.06874107362597469,0.009628434627356202,-1.6266534178355898,-1.9576776914029352,0.0024545205981160445,0.01080208048668528,842300,Linear,31
-0.5162073321491971,-0.4032203517603651,0.375,0.005934751599341261,-0.005150834417491204,-0.0009937396611790295,-0.4292955336293408,-0.34903248204272563,0.6509675179572744,-0.4521770504874826,0.0640302816617146,0.009631066707973465,-1.637941937985719,-1.9712634275066132,0.001342887641524675,0.012633758968615873,151698,Linear,31
-0.5285471642764678,-0.41053926250014106,0.3726851851851852,0.005937199947786403,-0.005163670971288631,-0.0010265408370963153,-0.4434656416256082,-0.3581917151552072,0.6418082848447928,-0.45980609065049305,0.06874107362597469,0.009637426812024823,-1.6908902045638214,-2.03498667619737,-0.0008304874297283656,0.0098645099716779,504782,Linear,31
-0.5206010759725653,-0.4058366966700463,0.3726851851851852,0.005949628523358869,-0.005141733378533151,-0.0010081471141706161,-0.4355195533217059,-0.35307153408499037,0.6469284659150096,-0.4518600023465907,0.06874107362597469,0.009639095246963329,-1.6603051307558299,-1.9981775341715984,9.8535107306779e-05,0.010065896367424047,831870,Linear,31
-0.5127077083020889,-0.40112818871536493,0.3726851851851852,0.005949628523358869,-0.005112606560560913,-0.000989875429748217,-0.4276261856512295,-0.34794488319490835,0.6520551168050917,-0.4439666346761142,0.06874107362597469,0.009629619733978185,-1.631817842280481,-1.9638930771844694,0.0005580607405121132,0.010872186172122409,85194,Linear,31
-0.5281203680290402,-0.4102876291751105,0.37037037037037035,0.00597697492400649,-0.005144686886835365,-0.001025552882819863,-0.44303884537818067,-0.3579177353250448,0.6420822646749552,-0.4593792944030655,0.06874107362597469,0.009637510311397384,-1.6892482373240452,-2.0330105683184088,-0.0013701646265362757,0.009928066506033853,520091,Linear,31
-0.5660020390909504,-0.4322090870823394,0.36342592592592593,0.006083332748417499,-0.005116295332579351,-0.00104606012721707,-0.4518979749577745,-0.36358090290182377,0.6364190970981762,-0.49433016114023653,0.0716718779507138,0.009654461652608717,-1.720001623677767,-2.070022274524323,-0.004398380681502902,0.0035271643902412887,119595,Linear,34
-0.527017545830769,-0.40963692254105943,0.3611111111111111,0.006265180668141684,-0.005095162747992489,-0.000992816514388482,-0.4288967342158245,-0.34877282480621064,0.6512271751937894,-0.47132892039828655,0.05568862543248239,0.00976594922323935,-1.6138189137862111,-1.9422313633885009,-0.002620721018434582,0.0033924602600489285,841039,Linear,34
-0.5260395225513105,-0.40905925126604104,0.37037037037037035,0.006095904415680064,-0.005134836333330872,-0.0009753027225860812,-0.4213307761571868,-0.3438269808813862,0.6561730191186138,-0.46376296233964864,0.06227656021166186,0.009658927017220204,-1.6029162156624013,-1.9291099641653748,-0.0046064324183421775,0.0013811266564142683,244,Linear,34
-0.5563657305346182,-0.42671123167790403,0.3611111111111111,0.0061013410004171825,-0.005085022392049184,-0.0010455022781029957,-0.4516569841404942,-0.36342751326147626,0.6365724867385237,-0.49408917032295635,0.06227656021166186,0.009641639603131334,-1.7213705159319497,-2.07166973660725,-0.005126454490425669,0.002421995145292917,361366,Linear,34
-0.5660445523588825,-0.4322332252164506,0.3587962962962963,0.006082115469645121,-0.005083223837990742,-0.0010771414475195416,-0.46532510532844207,-0.3720690716887439,0.6279309283112561,-0.5077572915109039,0.05828726084797863,0.009624937756439118,-1.7765403594866551,-2.1380666536032176,-0.003423302575017974,0.004153501384550077,442092,Linear,34
-0.5642887217454772,-0.4312354472237796,0.3611111111111111,0.0060350193200400335,-0.005131888352300949,-0.0010993939150667049,-0.4749381713088168,-0.37807649200718074,0.6219235079928193,-0.5086000963129947,0.05568862543248239,0.009638576104544145,-1.8106758886052714,-2.179148769256759,-0.0028096608429481035,0.003384571509882967,426588,Linear,34
-0.5701220912768815,-0.43454360280861404,0.3611111111111111,0.0060666724758993065,-0.0051391383547182215,-0.0010925955547730027,-0.4720012796619372,-0.3762472852753659,0.6237527147246341,-0.5144334658443991,0.05568862543248239,0.009650190734799367,-1.7973133594633242,-2.1630669629450496,-0.0027379752125967455,0.004319313982378021,807238,Linear,34
-0.5218656014969053,-0.40658755649197453,0.36342592592592593,0.006262109587353402,-0.005092029310244601,-0.0009656408682934751,-0.41715685510278144,-0.3410824427433179,0.6589175572566821,-0.4595890412852434,0.06227656021166186,0.00976889645882924,-1.5691714641908687,-1.8884981494828985,-0.00297091405091203,0.0015978440194640772,247280,Linear,34
-0.5757495936802903,-0.43771677315675184,0.36342592592592593,0.0061135363514535366,-0.005179198507095395,-0.0010751258848912693,-0.4644543822730283,-0.37152207964752415,0.6284779203524758,-0.5134730334686285,0.06227656021166186,0.009669088512136492,-1.7651192556196964,-2.124321352971635,-0.003756108819920373,0.003624657434745152,589528,Linear,34
-0.5343930649538735,-0.4139751387442081,0.3611111111111111,0.006265180668141684,-0.005138190321177278,-0.0010203063528120971,-0.4407723444148263,-0.35646080481008924,0.6435391951899108,-0.4832045305972883,0.05118853435658517,0.009776142340119176,-1.6567742837962172,-1.9939281591979243,-0.0028593363331724008,0.0032320060585601276,705597,Linear,34
-0.5680780575586719,-0.4333866088020307,0.3611111111111111,0.006073085939576124,-0.005101316430357069,-0.0010661155745478605,-0.4605619282046756,-0.36907099092919515,0.6309290090708048,-0.5029941143871376,0.06508394317153432,0.009647842829104475,-1.7541807401322687,-2.111156847544722,-0.0023764932816239606,0.004517723491269088,649587,Linear,34
-0.5701220912768815,-0.43454360280861404,0.3611111111111111,0.0060666724758993065,-0.0051391383547182215,-0.0010925955547730027,-0.4720012796619372,-0.3762472852753659,0.6237527147246341,-0.5144334658443991,0.05568862543248239,0.009650190734799367,-1.7973133594633242,-2.1630669629450496,-0.0029014993866580603,0.003981288479983711,625032,Linear,34
-0.5501895247170081,-0.42315952550779967,0.36342592592592593,0.006101817846386564,-0.005103513382565726,-0.0010312055053770465,-0.4454807783228842,-0.35948374433768393,0.6405162556623161,-0.48791296450534627,0.06227656021166186,0.009649231510734331,-1.6964957145819666,-2.0417329085484877,-0.0054503898859080595,0.00252916307207579,339493,Linear,34
-0.5583757105483884,-0.4278623733708995,0.3611111111111111,0.006088456513149425,-0.005085022392049183,-0.0010501550096163525,-0.45366696415426444,-0.3647057262155574,0.6352942737844426,-0.4960991503367266,0.06227656021166186,0.009635261511863046,-1.7301755578253817,-2.0822666061663324,-0.006682658087388579,0.00017265943759462783,552964,Linear,34
-0.5147378870196021,-0.40234277219321846,0.36574074074074076,0.006229265220473319,-0.0051530255696880245,-0.0009900581047679038,-0.42770510125973427,-0.34799633849088996,0.65200366150911,-0.47013728744219635,0.04460059957740571,0.009777200003435413,-1.6074832433412904,-1.9346063828277333,-0.0027853328931966713,0.0025870635214070912,164496,Linear,34
-0.5701220912768815,-0.43454360280861404,0.3611111111111111,0.0060666724758993065,-0.0051391383547182215,-0.0010925955547730027,-0.4720012796619372,-0.3762472852753659,0.6237527147246341,-0.5144334658443991,0.05568862543248239,0.009650190734799367,-1.7973133594633242,-2.1630669629450496,-0.00277621962046558,0.004135491219076845,160422,Linear,34
-0.5430240960178377,-0.41901137231740193,0.36574074074074076,0.006065570462292932,-0.005097355776153274,-0.001014618864869708,-0.4383153496237139,-0.35487768830153943,0.6451223116984606,-0.4807475358061759,0.06227656021166186,0.009644676414396583,-1.6699964270151293,-2.0098410110251077,-0.0010594333795936818,0.004159306313917481,220778,Linear,34
-0.5582128030281651,-0.4277691602565664,0.3611111111111111,0.006105800722892211,-0.005118104725305817,-0.0010650277579009734,-0.46009199141322066,-0.36877442449675546,0.6312255755032445,-0.5025241775956827,0.05568862543248239,0.009645150357904265,-1.7528800374651352,-2.1095914516425127,-0.0025925077276941367,0.004180144521903041,655322,Linear,34
-0.564411269579217,-0.43130514381695984,0.3611111111111111,0.006096866843617775,-0.005101472347208673,-0.0010576276394102337,-0.4568951402252207,-0.36675326130817476,0.6332467386918252,-0.4993273264076826,0.06508394317153432,0.009649200390844442,-1.7399699043930148,-2.094054104085119,-0.002043032707208933,0.005975504984201662,960036,Linear,34
-0.5720727433970255,-0.43564553643465365,0.3587962962962963,0.006036645115753959,-0.005086667394090892,-0.0010956640630123003,-0.47332687522131334,-0.377073581315975,0.622926418684025,-0.5069888002254912,0.06508394317153432,0.009626779178310093,-1.8067442355377814,-2.1744170240575866,-0.0028008788111091596,0.00482553359208434,205327,Linear,34
-0.5626945813677383,-0.43032803360459393,0.36342592592592593,0.00605338789480299,-0.005145293342679502,-0.0010754022447981336,-0.46457376975279385,-0.3715971075637373,0.6284028924362627,-0.5070059559352559,0.05568862543248239,0.009645797554362909,-1.7698361694163032,-2.12999815960459,-0.004725724824208922,0.0018522190012306451,434988,Linear,34
-0.5539437436408674,-0.42532105097454054,0.36342592592592593,0.006064865778501104,-0.00508586015095107,-0.001033397255293683,-0.44642761428687106,-0.36008992114377647,0.6399100788562235,-0.4888598004693331,0.06508394317153432,0.009633706035230854,-1.7028413362697923,-2.049369865431945,-0.002580026693251987,0.0029206236935187813,648678,Linear,34
-0.5211841762993644,-0.4061830524964787,0.3611111111111111,0.00623352751228241,-0.005064043416665147,-0.0009843650256563066,-0.4252456910835246,-0.3463908205465377,0.6536091794534623,-0.45890761608770253,0.06227656021166186,0.009752264371818512,-1.602326367231569,-1.9284000814689821,-0.0022212027291323663,0.005044632464618211,81203,Linear,34
-0.5586490209124362,-0.42801872314693856,0.3611111111111111,0.006096866843617775,-0.0050907663120387135,-0.0010507876724960927,-0.4539402745183123,-0.36487933499918235,0.6351206650008177,-0.4963724607007743,0.06227656021166186,0.00963712040377931,-1.7308839647163416,-2.0831191739915758,-0.0030164042072361565,0.0029197306274622577,85916,Linear,34
-0.5690262732879671,-0.4339236258877335,0.3611111111111111,0.006090453379940957,-0.005124740051321132,-0.0010748090900320442,-0.46431752689384315,-0.37143606317765077,0.6285639368223492,-0.5067497130763052,0.06227656021166186,0.009650321458817746,-1.768030777771499,-2.127825370423732,-0.002933435634727688,0.0031334711036569863,950737,Linear,34
-0.573330098259397,-0.4363546843448053,0.3611111111111111,0.006088456513149425,-0.005139204956219505,-0.0010847716478362803,-0.4686213518652732,-0.37413547927113944,0.6258645207288606,-0.5110535380477351,0.06227656021166186,0.009651775832339036,-1.7841500212959276,-2.1472248830083207,-0.005700178746779488,0.0008787769996195539,108871,Linear,34
-0.5675593810733367,-0.4330926435298935,0.35648148148148145,0.0060688785280621,-0.005082072388338991,-0.001106964885733047,-0.47820883063667613,-0.3801072691294394,0.6198927308705606,-0.5118707556408543,0.05568862543248239,0.009620538972196202,-1.8265632348841827,-2.1982691934631657,-0.0015724587964634279,0.004840715715045245,248045,Linear,34
-0.5566124848989049,-0.4268526757317975,0.3680555555555556,0.006038985807556518,-0.0051381214804659915,-0.0010243250480688176,-0.4425084207657291,-0.35757706874766115,0.6424229312523388,-0.48494060694819113,0.0716718779507138,0.009647283682107911,-1.6855165214498309,-2.028519447568591,-0.0039035506709494874,0.0022899702132701282,640617,Linear,34
-0.5650604201106391,-0.43167419258800543,0.3611111111111111,0.006065020475095295,-0.005110449881141538,-0.0010748633636115702,-0.4643409730801984,-0.3714508004320828,0.6285491995679172,-0.5067731592626604,0.05828726084797863,0.009639416444805132,-1.770120319901646,-2.130340134766636,-0.0020652338933686734,0.005473304171749701,575132,Linear,34
-0.557038524033636,-0.42709680691349083,0.3611111111111111,0.006096866843617775,-0.005084931178419873,-0.0010470596704618331,-0.45232977763951215,-0.36385565105189677,0.6361443489481032,-0.4947619638219741,0.06227656021166186,0.00963370682301406,-1.7253542463650766,-2.076464156925668,-0.0035957154187734957,0.003012014119969731,718707,Linear,34
-0.5456771915222829,-0.42055074767575795,0.36574074074074076,0.00607176971638675,-0.005110613358822137,-0.0010207602896485164,-0.4409684451281591,-0.35658699093232493,0.6434130090676751,-0.483400631310621,0.06227656021166186,0.009641650734215308,-1.6806320509223651,-2.0226409863788324,-0.004673309850835704,0.0024138087064414474,664356,Linear,34
-0.5599914662915594,-0.42878606159877664,0.36342592592592593,0.006075918524992931,-0.005124370648441184,-0.0010538951849477672,-0.45528271989743546,-0.36573137776270315,0.6342686222372969,-0.4977149060798975,0.06227656021166186,0.00964740878549563,-1.7341513950309704,-2.087051526983938,-0.0025436070478400694,0.003723638922676555,879750,Linear,34
-0.5570936695059243,-0.4271283990595591,0.36342592592592593,0.006064865778501104,-0.005107523092132631,-0.001047187322018056,-0.45238492311180034,-0.3638907305652159,0.6361092694347841,-0.4948171092942624,0.06227656021166186,0.009646499623530378,-1.7232762172516545,-2.0739632485005375,-0.004645562308683015,0.0015467904098994587,153441,Linear,34
-0.5451871196150335,-0.42026670628084795,0.36574074074074076,0.006014810783686053,-0.0051397402538304136,-0.0010600664947387432,-0.45794872572713696,-0.36742008954922867,0.6325799104507713,-0.49161065073131494,0.05357646888371853,0.009630917913637734,-1.7472928396362857,-2.1028672580146237,-0.0029568455982053564,0.004261562377389473,259180,Linear,34
-0.5536322687429688,-0.4251420250279715,0.3611111111111111,0.006088456513149425,-0.005067836008696213,-0.0010391748202519548,-0.4489235223488448,-0.3616850863475882,0.6383149136524118,-0.49135570853130695,0.06227656021166186,0.009634647448743235,-1.7121943430107913,-2.060626210787158,-0.005831270374757936,0.0012569904745574415,868887,Linear,34
-0.535134483696549,-0.4144094675303698,0.36342592592592593,0.00623002223590706,-0.005121809694958125,-0.0009962596645279528,-0.4303841750760758,-0.34974076665930587,0.6502592333406941,-0.47285792348488714,0.06227656021166186,0.009768468622310596,-1.6189980735970009,-1.9484644831856393,-0.002588509532785494,0.003196878793670186,126853,Linear,34
-0.5715717850830364,-0.43536274754728566,0.3587962962962963,0.006036645115753959,-0.005094993836855814,-0.001101003008951845,-0.4756332998671965,-0.3785086585756503,0.6214913414243497,-0.5092952248713746,0.06227656021166186,0.009624215382237587,-1.8160317732268882,-2.1855945773966505,-0.003300786472507031,0.0014461716341977618,980923,Linear,34
-0.5582128030281651,-0.4277691602565664,0.3611111111111111,0.006105800722892211,-0.005134409403117039,-0.0010754446353914765,-0.4645920824891179,-0.3716086152348429,0.6283913847651571,-0.5070242686715799,0.05118853435658517,0.00965489890809469,-1.7682375016969822,-2.128074162706563,-0.0030232803148365003,0.0036955073418960508,544494,Linear,34
-0.5218656014969053,-0.40658755649197453,0.36342592592592593,0.006262109587353402,-0.005132349404263062,-0.0009913075948098562,-0.4282448809578581,-0.34834818186297756,0.6516518181370224,-0.47067706714032015,0.05118853435658517,0.00978091236335023,-1.6089010541373046,-1.9363127183848678,-0.0032124496909703283,0.004735482764718175,284192,Linear,34
-0.5696211329628923,-0.4342602617601412,0.3611111111111111,0.0060666724758993065,-0.005113453959453117,-0.001076186080020297,-0.46491238656876843,-0.371809859327628,0.628190140672372,-0.5073445727512305,0.06227656021166186,0.00964149464433168,-1.7719165983277054,-2.1325019561870366,-0.0032211317589111573,0.001696676663052726,371972,Linear,34
-0.5259276181047841,-0.40899311866842725,0.3611111111111111,0.00623352751228241,-0.005105099128928187,-0.0010105950640465818,-0.4365770676681237,-0.3537553086043954,0.6462446913956046,-0.4702389926723017,0.05568862543248239,0.009755193276347279,-1.644529107674112,-1.9791910874537526,-0.0021007326695051264,0.00323021992644708,365641,Linear,34
-0.5192335241792204,-0.40502359172419655,0.36342592592592593,0.006262109587353402,-0.0050824581199984745,-0.0009595480967247599,-0.41452477778509655,-0.33934583634806303,0.660654163651937,-0.4569569639675585,0.06227656021166186,0.009769020166103237,-1.5592509331169115,-1.8765587884872432,-0.002665143490333157,0.0030108233652276994,94901,Linear,34
-0.5238162536170493,-0.40774396948660996,0.3611111111111111,0.00623352751228241,-0.005073579928685744,-0.000990457797225021,-0.4278777684012095,-0.3481089083805139,0.6518910916194861,-0.4615396934053874,0.06227656021166186,0.009752124911322418,-1.6122670942328388,-1.9403637482669205,-0.002435483682176245,0.005790789154843961,133900,Linear,34
-0.5557515073477602,-0.42635899625912854,0.36342592592592593,0.006064865778501104,-0.005126598628936323,-0.001059330314196332,-0.45763069573281573,-0.36721887816996934,0.6327811218300307,-0.5000628819152778,0.05568862543248239,0.009643903514480148,-1.7437282922379944,-2.098577324556722,-0.0025600720758804066,0.003935295578072728,850967,Linear,34
-0.5644367365249441,-0.43131962655358125,0.3587962962962963,0.006079578793301711,-0.005076000008867396,-0.0010734196516076475,-0.4637172894945035,-0.37105866234117657,0.6289413376588234,-0.5061494756769654,0.05828726084797863,0.009622910125774363,-1.770775002640831,-2.1311280455652093,-0.002209820367719135,0.0028482853429403427,842300,Linear,34
-0.554436325167742,-0.4256040575010984,0.36574074074074076,0.0060585603542261,-0.0051667160805448364,-0.001061175162272133,-0.4584276701015615,-0.36772298759726496,0.632277012402735,-0.5008598562840235,0.05357646888371853,0.00964756643071026,-1.7461018363637084,-2.101433885354199,-0.003109541249577021,0.004031002490463544,151698,Linear,34
-0.5613472241119793,-0.4295599646318111,0.3587962962962963,0.006108565822501415,-0.005066664910489439,-0.0010570335132357761,-0.4566384777178553,-0.36659070975288865,0.6334092902471113,-0.4990706639003175,0.06227656021166186,0.009636021717078998,-1.741370797365029,-2.095740079037918,-0.00519211042940862,0.001517616918719677,504782,Linear,34
-0.5582298918594817,-0.42777893892930763,0.36342592592592593,0.00606737014049619,-0.0051534046668303135,-0.0010754841928713758,-0.4646091713204344,-0.37161935361746445,0.6283806463825355,-0.5070413575028965,0.05118853435658517,0.009655319180872876,-1.7682255718416005,-2.1280598051233883,-0.004174442604775689,0.001898063058798874,831870,Linear,34
-0.5482924904707955,-0.422064200767297,0.36342592592592593,0.006073742754085894,-0.0051209068448117585,-0.001052480948916084,-0.4546717699317484,-0.36534375297209176,0.6346562470279082,-0.4971039561142104,0.05118853435658517,0.009649782738207517,-1.7313982662675889,-2.083738136004314,-0.004018814469655112,0.0028578113808765977,85194,Linear,34
-0.5625058368922523,-0.43022050102032616,0.3587962962962963,0.006102110981639586,-0.00506723571354608,-0.0010597154872641862,-0.45779709049812833,-0.3673241608767419,0.6326758391232581,-0.5002292766805905,0.06227656021166186,0.009637477637942425,-1.7455253823343329,-2.1007401228224545,-0.005562162283777945,0.0019328926350033076,520091,Linear,34
